inspection_id,inspection_date,inspection_time,inspection_result,image_path
1,20240808.0,185813,GOOD,/home/komputer/Desktop/thrust_bearing_app/python-backend/Downloads/Deteksi_oke/GOOD_20240808_185813.jpg
2,20240920.0,155649,GOOD,/home/kaizen-ai/Desktop/thrust_bearing_app/python-backend/Downloads/bearing_complete/GOOD_20240920_155649.jpg
3,20240920.0,155743,GOOD,/home/kaizen-ai/Desktop/thrust_bearing_app/python-backend/Downloads/bearing_complete/GOOD_20240920_155743.jpg
4,20240920.0,155833,GOOD,/home/kaizen-ai/Desktop/thrust_bearing_app/python-backend/Downloads/bearing_complete/GOOD_20240920_155833.jpg
5,20240920.0,155923,GOOD,/home/kaizen-ai/Desktop/thrust_bearing_app/python-backend/Downloads/bearing_complete/GOOD_20240920_155923.jpg
6,20240920.0,160129,GOOD,/home/kaizen-ai/Desktop/thrust_bearing_app/python-backend/Downloads/bearing_complete/GOOD_20240920_160129.jpg
7,20240920.0,160241,GOOD,/home/kaizen-ai/Desktop/thrust_bearing_app/python-backend/Downloads/bearing_complete/GOOD_20240920_160241.jpg
8,20240920.0,160349,GOOD,/home/kaizen-ai/Desktop/thrust_bearing_app/python-backend/Downloads/bearing_complete/GOOD_20240920_160349.jpg
9,20240920.0,160452,GOOD,/home/kaizen-ai/Desktop/thrust_bearing_app/python-backend/Downloads/bearing_complete/GOOD_20240920_160452.jpg
10,20240920.0,160545,NG,/home/kaizen-ai/Desktop/thrust_bearing_app/python-backend/Downloads/not_complete/NG_20240920_160545.jpg
11,20240920.0,160644,GOOD,/home/kaizen-ai/Desktop/thrust_bearing_app/python-backend/Downloads/bearing_complete/GOOD_20240920_160644.jpg
12,20240920.0,160741,GOOD,/home/kaizen-ai/Desktop/thrust_bearing_app/python-backend/Downloads/bearing_complete/GOOD_20240920_160741.jpg
13,20240920.0,160926,GOOD,/home/kaizen-ai/Desktop/thrust_bearing_app/python-backend/Downloads/bearing_complete/GOOD_20240920_160926.jpg
14,20240920.0,161040,GOOD,/home/kaizen-ai/Desktop/thrust_bearing_app/python-backend/Downloads/bearing_complete/GOOD_20240920_161040.jpg
15,20240920.0,161201,NG,/home/kaizen-ai/Desktop/thrust_bearing_app/python-backend/Downloads/not_complete/NG_20240920_161201.jpg
16,20240920.0,161309,NG,/home/kaizen-ai/Desktop/thrust_bearing_app/python-backend/Downloads/not_complete/NG_20240920_161309.jpg
17,20240920.0,161355,GOOD,/home/kaizen-ai/Desktop/thrust_bearing_app/python-backend/Downloads/bearing_complete/GOOD_20240920_161355.jpg
18,20240920.0,161502,GOOD,/home/kaizen-ai/Desktop/thrust_bearing_app/python-backend/Downloads/bearing_complete/GOOD_20240920_161502.jpg
19,20240920.0,161645,GOOD,/home/kaizen-ai/Desktop/thrust_bearing_app/python-backend/Downloads/bearing_complete/GOOD_20240920_161645.jpg
20,20240920.0,161742,NG,/home/kaizen-ai/Desktop/thrust_bearing_app/python-backend/Downloads/not_complete/NG_20240920_161742.jpg
21,20240920.0,161840,GOOD,/home/kaizen-ai/Desktop/thrust_bearing_app/python-backend/Downloads/bearing_complete/GOOD_20240920_161840.jpg
22,20240920.0,161943,GOOD,/home/kaizen-ai/Desktop/thrust_bearing_app/python-backend/Downloads/bearing_complete/GOOD_20240920_161943.jpg
23,20240920.0,162037,GOOD,/home/kaizen-ai/Desktop/thrust_bearing_app/python-backend/Downloads/bearing_complete/GOOD_20240920_162037.jpg
24,20240920.0,162138,NG,/home/kaizen-ai/Desktop/thrust_bearing_app/python-backend/Downloads/not_complete/NG_20240920_162138.jpg
25,20240920.0,162225,GOOD,/home/kaizen-ai/Desktop/thrust_bearing_app/python-backend/Downloads/bearing_complete/GOOD_20240920_162225.jpg
26,20240920.0,162333,GOOD,/home/kaizen-ai/Desktop/thrust_bearing_app/python-backend/Downloads/bearing_complete/GOOD_20240920_162333.jpg
27,20240920.0,162431,GOOD,/home/kaizen-ai/Desktop/thrust_bearing_app/python-backend/Downloads/bearing_complete/GOOD_20240920_162431.jpg
28,20240920.0,162528,GOOD,/home/kaizen-ai/Desktop/thrust_bearing_app/python-backend/Downloads/bearing_complete/GOOD_20240920_162528.jpg
29,20240920.0,162621,GOOD,/home/kaizen-ai/Desktop/thrust_bearing_app/python-backend/Downloads/bearing_complete/GOOD_20240920_162621.jpg
30,20240920.0,162719,NG,/home/kaizen-ai/Desktop/thrust_bearing_app/python-backend/Downloads/not_complete/NG_20240920_162719.jpg
31,20240920.0,162829,GOOD,/home/kaizen-ai/Desktop/thrust_bearing_app/python-backend/Downloads/bearing_complete/GOOD_20240920_162829.jpg
32,20240920.0,162932,NG,/home/kaizen-ai/Desktop/thrust_bearing_app/python-backend/Downloads/not_complete/NG_20240920_162932.jpg
33,20240920.0,194907,GOOD,/home/kaizen-ai/Desktop/thrust_bearing_app/python-backend/Downloads/bearing_complete/GOOD_20240920_194907.jpg
34,20240920.0,194924,GOOD,/home/kaizen-ai/Desktop/thrust_bearing_app/python-backend/Downloads/bearing_complete/GOOD_20240920_194924.jpg
35,20240920.0,194939,GOOD,/home/kaizen-ai/Desktop/thrust_bearing_app/python-backend/Downloads/bearing_complete/GOOD_20240920_194939.jpg
36,20240920.0,194948,GOOD,/home/kaizen-ai/Desktop/thrust_bearing_app/python-backend/Downloads/bearing_complete/GOOD_20240920_194948.jpg
37,20240920.0,194956,GOOD,/home/kaizen-ai/Desktop/thrust_bearing_app/python-backend/Downloads/bearing_complete/GOOD_20240920_194956.jpg
38,20240920.0,195004,GOOD,/home/kaizen-ai/Desktop/thrust_bearing_app/python-backend/Downloads/bearing_complete/GOOD_20240920_195004.jpg
39,20240920.0,195011,GOOD,/home/kaizen-ai/Desktop/thrust_bearing_app/python-backend/Downloads/bearing_complete/GOOD_20240920_195011.jpg
40,20240920.0,195035,GOOD,/home/kaizen-ai/Desktop/thrust_bearing_app/python-backend/Downloads/bearing_complete/GOOD_20240920_195035.jpg
41,20240920.0,195055,GOOD,/home/kaizen-ai/Desktop/thrust_bearing_app/python-backend/Downloads/bearing_complete/GOOD_20240920_195055.jpg
42,20240920.0,200310,GOOD,/home/kaizen-ai/Desktop/thrust_bearing_app/python-backend/Downloads/bearing_complete/GOOD_20240920_200310.jpg
43,20240920.0,200316,GOOD,/home/kaizen-ai/Desktop/thrust_bearing_app/python-backend/Downloads/bearing_complete/GOOD_20240920_200316.jpg
44,20240920.0,200700,GOOD,/home/kaizen-ai/Desktop/thrust_bearing_app/python-backend/Downloads/bearing_complete/GOOD_20240920_200700.jpg
45,20240920.0,200754,NG,/home/kaizen-ai/Desktop/thrust_bearing_app/python-backend/Downloads/not_complete/NG_20240920_200754.jpg
46,20240920.0,200915,GOOD,/home/kaizen-ai/Desktop/thrust_bearing_app/python-backend/Downloads/bearing_complete/GOOD_20240920_200915.jpg
47,20240920.0,201026,GOOD,/home/kaizen-ai/Desktop/thrust_bearing_app/python-backend/Downloads/bearing_complete/GOOD_20240920_201026.jpg
48,20240920.0,201124,GOOD,/home/kaizen-ai/Desktop/thrust_bearing_app/python-backend/Downloads/bearing_complete/GOOD_20240920_201124.jpg
49,20240920.0,201219,GOOD,/home/kaizen-ai/Desktop/thrust_bearing_app/python-backend/Downloads/bearing_complete/GOOD_20240920_201219.jpg
50,20240920.0,201322,GOOD,/home/kaizen-ai/Desktop/thrust_bearing_app/python-backend/Downloads/bearing_complete/GOOD_20240920_201322.jpg
51,20240920.0,201446,GOOD,/home/kaizen-ai/Desktop/thrust_bearing_app/python-backend/Downloads/bearing_complete/GOOD_20240920_201446.jpg
52,20240920.0,201530,GOOD,/home/kaizen-ai/Desktop/thrust_bearing_app/python-backend/Downloads/bearing_complete/GOOD_20240920_201530.jpg
53,20240920.0,201631,GOOD,/home/kaizen-ai/Desktop/thrust_bearing_app/python-backend/Downloads/bearing_complete/GOOD_20240920_201631.jpg
54,20240920.0,201800,GOOD,/home/kaizen-ai/Desktop/thrust_bearing_app/python-backend/Downloads/bearing_complete/GOOD_20240920_201800.jpg
55,20240920.0,201853,NG,/home/kaizen-ai/Desktop/thrust_bearing_app/python-backend/Downloads/not_complete/NG_20240920_201853.jpg
56,20240920.0,201946,GOOD,/home/kaizen-ai/Desktop/thrust_bearing_app/python-backend/Downloads/bearing_complete/GOOD_20240920_201946.jpg
57,20240920.0,202122,GOOD,/home/kaizen-ai/Desktop/thrust_bearing_app/python-backend/Downloads/bearing_complete/GOOD_20240920_202122.jpg
58,20240920.0,202219,GOOD,/home/kaizen-ai/Desktop/thrust_bearing_app/python-backend/Downloads/bearing_complete/GOOD_20240920_202219.jpg
59,20240920.0,202403,GOOD,/home/kaizen-ai/Desktop/thrust_bearing_app/python-backend/Downloads/bearing_complete/GOOD_20240920_202403.jpg
60,20240920.0,202502,GOOD,/home/kaizen-ai/Desktop/thrust_bearing_app/python-backend/Downloads/bearing_complete/GOOD_20240920_202502.jpg
61,20240920.0,202622,GOOD,/home/kaizen-ai/Desktop/thrust_bearing_app/python-backend/Downloads/bearing_complete/GOOD_20240920_202622.jpg
62,20240920.0,202719,GOOD,/home/kaizen-ai/Desktop/thrust_bearing_app/python-backend/Downloads/bearing_complete/GOOD_20240920_202719.jpg
63,20240920.0,202819,GOOD,/home/kaizen-ai/Desktop/thrust_bearing_app/python-backend/Downloads/bearing_complete/GOOD_20240920_202819.jpg
64,20240920.0,202912,GOOD,/home/kaizen-ai/Desktop/thrust_bearing_app/python-backend/Downloads/bearing_complete/GOOD_20240920_202912.jpg
65,20240920.0,203031,GOOD,/home/kaizen-ai/Desktop/thrust_bearing_app/python-backend/Downloads/bearing_complete/GOOD_20240920_203031.jpg
66,20240920.0,203134,GOOD,/home/kaizen-ai/Desktop/thrust_bearing_app/python-backend/Downloads/bearing_complete/GOOD_20240920_203134.jpg
67,20240920.0,203212,GOOD,/home/kaizen-ai/Desktop/thrust_bearing_app/python-backend/Downloads/bearing_complete/GOOD_20240920_203212.jpg
68,20240920.0,203314,GOOD,/home/kaizen-ai/Desktop/thrust_bearing_app/python-backend/Downloads/bearing_complete/GOOD_20240920_203314.jpg
69,20240920.0,203416,GOOD,/home/kaizen-ai/Desktop/thrust_bearing_app/python-backend/Downloads/bearing_complete/GOOD_20240920_203416.jpg
70,20240920.0,203522,GOOD,/home/kaizen-ai/Desktop/thrust_bearing_app/python-backend/Downloads/bearing_complete/GOOD_20240920_203522.jpg
71,20240920.0,203630,GOOD,/home/kaizen-ai/Desktop/thrust_bearing_app/python-backend/Downloads/bearing_complete/GOOD_20240920_203630.jpg
72,20240920.0,203738,GOOD,/home/kaizen-ai/Desktop/thrust_bearing_app/python-backend/Downloads/bearing_complete/GOOD_20240920_203738.jpg
73,20240920.0,203856,GOOD,/home/kaizen-ai/Desktop/thrust_bearing_app/python-backend/Downloads/bearing_complete/GOOD_20240920_203856.jpg
74,20240920.0,204056,GOOD,/home/kaizen-ai/Desktop/thrust_bearing_app/python-backend/Downloads/bearing_complete/GOOD_20240920_204056.jpg
75,20240920.0,204201,GOOD,/home/kaizen-ai/Desktop/thrust_bearing_app/python-backend/Downloads/bearing_complete/GOOD_20240920_204201.jpg
76,20240920.0,204256,GOOD,/home/kaizen-ai/Desktop/thrust_bearing_app/python-backend/Downloads/bearing_complete/GOOD_20240920_204256.jpg
77,20240920.0,204353,GOOD,/home/kaizen-ai/Desktop/thrust_bearing_app/python-backend/Downloads/bearing_complete/GOOD_20240920_204353.jpg
78,20240920.0,204516,GOOD,/home/kaizen-ai/Desktop/thrust_bearing_app/python-backend/Downloads/bearing_complete/GOOD_20240920_204516.jpg
79,20240920.0,204553,GOOD,/home/kaizen-ai/Desktop/thrust_bearing_app/python-backend/Downloads/bearing_complete/GOOD_20240920_204553.jpg
80,20240920.0,204655,GOOD,/home/kaizen-ai/Desktop/thrust_bearing_app/python-backend/Downloads/bearing_complete/GOOD_20240920_204655.jpg
81,20240920.0,204745,GOOD,/home/kaizen-ai/Desktop/thrust_bearing_app/python-backend/Downloads/bearing_complete/GOOD_20240920_204745.jpg
82,20240920.0,204846,GOOD,/home/kaizen-ai/Desktop/thrust_bearing_app/python-backend/Downloads/bearing_complete/GOOD_20240920_204846.jpg
83,20240920.0,204959,GOOD,/home/kaizen-ai/Desktop/thrust_bearing_app/python-backend/Downloads/bearing_complete/GOOD_20240920_204959.jpg
84,20240920.0,205053,GOOD,/home/kaizen-ai/Desktop/thrust_bearing_app/python-backend/Downloads/bearing_complete/GOOD_20240920_205053.jpg
85,20240920.0,205212,GOOD,/home/kaizen-ai/Desktop/thrust_bearing_app/python-backend/Downloads/bearing_complete/GOOD_20240920_205212.jpg
86,20240920.0,205322,GOOD,/home/kaizen-ai/Desktop/thrust_bearing_app/python-backend/Downloads/bearing_complete/GOOD_20240920_205322.jpg
87,20240920.0,205431,GOOD,/home/kaizen-ai/Desktop/thrust_bearing_app/python-backend/Downloads/bearing_complete/GOOD_20240920_205431.jpg
88,20240920.0,205519,GOOD,/home/kaizen-ai/Desktop/thrust_bearing_app/python-backend/Downloads/bearing_complete/GOOD_20240920_205519.jpg
89,20240920.0,205622,GOOD,/home/kaizen-ai/Desktop/thrust_bearing_app/python-backend/Downloads/bearing_complete/GOOD_20240920_205622.jpg
90,20240920.0,205855,GOOD,/home/kaizen-ai/Desktop/thrust_bearing_app/python-backend/Downloads/bearing_complete/GOOD_20240920_205855.jpg
91,20240920.0,205943,GOOD,/home/kaizen-ai/Desktop/thrust_bearing_app/python-backend/Downloads/bearing_complete/GOOD_20240920_205943.jpg
92,20240920.0,210045,GOOD,/home/kaizen-ai/Desktop/thrust_bearing_app/python-backend/Downloads/bearing_complete/GOOD_20240920_210045.jpg
93,20240920.0,210144,GOOD,/home/kaizen-ai/Desktop/thrust_bearing_app/python-backend/Downloads/bearing_complete/GOOD_20240920_210144.jpg
94,20240920.0,210237,GOOD,/home/kaizen-ai/Desktop/thrust_bearing_app/python-backend/Downloads/bearing_complete/GOOD_20240920_210237.jpg
95,20240920.0,210342,GOOD,/home/kaizen-ai/Desktop/thrust_bearing_app/python-backend/Downloads/bearing_complete/GOOD_20240920_210342.jpg
96,20240920.0,210428,NG,/home/kaizen-ai/Desktop/thrust_bearing_app/python-backend/Downloads/not_complete/NG_20240920_210428.jpg
97,20240920.0,210522,GOOD,/home/kaizen-ai/Desktop/thrust_bearing_app/python-backend/Downloads/bearing_complete/GOOD_20240920_210522.jpg
98,20240920.0,210636,GOOD,/home/kaizen-ai/Desktop/thrust_bearing_app/python-backend/Downloads/bearing_complete/GOOD_20240920_210636.jpg
99,20240920.0,210722,GOOD,/home/kaizen-ai/Desktop/thrust_bearing_app/python-backend/Downloads/bearing_complete/GOOD_20240920_210722.jpg
100,20240920.0,210841,GOOD,/home/kaizen-ai/Desktop/thrust_bearing_app/python-backend/Downloads/bearing_complete/GOOD_20240920_210841.jpg
101,20240920.0,210936,GOOD,/home/kaizen-ai/Desktop/thrust_bearing_app/python-backend/Downloads/bearing_complete/GOOD_20240920_210936.jpg
102,20240920.0,211021,GOOD,/home/kaizen-ai/Desktop/thrust_bearing_app/python-backend/Downloads/bearing_complete/GOOD_20240920_211021.jpg
103,20240920.0,211136,GOOD,/home/kaizen-ai/Desktop/thrust_bearing_app/python-backend/Downloads/bearing_complete/GOOD_20240920_211136.jpg
104,20240920.0,211232,GOOD,/home/kaizen-ai/Desktop/thrust_bearing_app/python-backend/Downloads/bearing_complete/GOOD_20240920_211232.jpg
105,20240920.0,211344,GOOD,/home/kaizen-ai/Desktop/thrust_bearing_app/python-backend/Downloads/bearing_complete/GOOD_20240920_211344.jpg
106,20240920.0,211527,GOOD,/home/kaizen-ai/Desktop/thrust_bearing_app/python-backend/Downloads/bearing_complete/GOOD_20240920_211527.jpg
107,20240920.0,211643,GOOD,/home/kaizen-ai/Desktop/thrust_bearing_app/python-backend/Downloads/bearing_complete/GOOD_20240920_211643.jpg
108,20240920.0,211736,GOOD,/home/kaizen-ai/Desktop/thrust_bearing_app/python-backend/Downloads/bearing_complete/GOOD_20240920_211736.jpg
109,20240920.0,211840,GOOD,/home/kaizen-ai/Desktop/thrust_bearing_app/python-backend/Downloads/bearing_complete/GOOD_20240920_211840.jpg
110,20240920.0,211941,GOOD,/home/kaizen-ai/Desktop/thrust_bearing_app/python-backend/Downloads/bearing_complete/GOOD_20240920_211941.jpg
111,20240920.0,212043,GOOD,/home/kaizen-ai/Desktop/thrust_bearing_app/python-backend/Downloads/bearing_complete/GOOD_20240920_212043.jpg
112,20240920.0,212146,NG,/home/kaizen-ai/Desktop/thrust_bearing_app/python-backend/Downloads/not_complete/NG_20240920_212146.jpg
113,20240920.0,212230,GOOD,/home/kaizen-ai/Desktop/thrust_bearing_app/python-backend/Downloads/bearing_complete/GOOD_20240920_212230.jpg
114,20240920.0,212420,GOOD,/home/kaizen-ai/Desktop/thrust_bearing_app/python-backend/Downloads/bearing_complete/GOOD_20240920_212420.jpg
115,20240920.0,212512,GOOD,/home/kaizen-ai/Desktop/thrust_bearing_app/python-backend/Downloads/bearing_complete/GOOD_20240920_212512.jpg
116,20240920.0,212610,GOOD,/home/kaizen-ai/Desktop/thrust_bearing_app/python-backend/Downloads/bearing_complete/GOOD_20240920_212610.jpg
117,20240920.0,212709,GOOD,/home/kaizen-ai/Desktop/thrust_bearing_app/python-backend/Downloads/bearing_complete/GOOD_20240920_212709.jpg
118,20240920.0,212801,GOOD,/home/kaizen-ai/Desktop/thrust_bearing_app/python-backend/Downloads/bearing_complete/GOOD_20240920_212801.jpg
119,20240920.0,212859,GOOD,/home/kaizen-ai/Desktop/thrust_bearing_app/python-backend/Downloads/bearing_complete/GOOD_20240920_212859.jpg
120,20240920.0,213001,GOOD,/home/kaizen-ai/Desktop/thrust_bearing_app/python-backend/Downloads/bearing_complete/GOOD_20240920_213001.jpg
121,20240920.0,213110,GOOD,/home/kaizen-ai/Desktop/thrust_bearing_app/python-backend/Downloads/bearing_complete/GOOD_20240920_213110.jpg
122,20240920.0,213221,GOOD,/home/kaizen-ai/Desktop/thrust_bearing_app/python-backend/Downloads/bearing_complete/GOOD_20240920_213221.jpg
123,20240920.0,213315,GOOD,/home/kaizen-ai/Desktop/thrust_bearing_app/python-backend/Downloads/bearing_complete/GOOD_20240920_213315.jpg
124,20240920.0,213450,NG,/home/kaizen-ai/Desktop/thrust_bearing_app/python-backend/Downloads/not_complete/NG_20240920_213450.jpg
125,20240920.0,213628,GOOD,/home/kaizen-ai/Desktop/thrust_bearing_app/python-backend/Downloads/bearing_complete/GOOD_20240920_213628.jpg
126,20240920.0,213703,GOOD,/home/kaizen-ai/Desktop/thrust_bearing_app/python-backend/Downloads/bearing_complete/GOOD_20240920_213703.jpg
127,20240920.0,213752,GOOD,/home/kaizen-ai/Desktop/thrust_bearing_app/python-backend/Downloads/bearing_complete/GOOD_20240920_213752.jpg
128,20240920.0,213911,GOOD,/home/kaizen-ai/Desktop/thrust_bearing_app/python-backend/Downloads/bearing_complete/GOOD_20240920_213911.jpg
129,20240920.0,214028,GOOD,/home/kaizen-ai/Desktop/thrust_bearing_app/python-backend/Downloads/bearing_complete/GOOD_20240920_214028.jpg
130,20240920.0,214123,GOOD,/home/kaizen-ai/Desktop/thrust_bearing_app/python-backend/Downloads/bearing_complete/GOOD_20240920_214123.jpg
131,20240920.0,214224,GOOD,/home/kaizen-ai/Desktop/thrust_bearing_app/python-backend/Downloads/bearing_complete/GOOD_20240920_214224.jpg
132,20240920.0,214357,GOOD,/home/kaizen-ai/Desktop/thrust_bearing_app/python-backend/Downloads/bearing_complete/GOOD_20240920_214357.jpg
133,20240920.0,214458,GOOD,/home/kaizen-ai/Desktop/thrust_bearing_app/python-backend/Downloads/bearing_complete/GOOD_20240920_214458.jpg
134,20240920.0,214631,GOOD,/home/kaizen-ai/Desktop/thrust_bearing_app/python-backend/Downloads/bearing_complete/GOOD_20240920_214631.jpg
135,20240920.0,214738,GOOD,/home/kaizen-ai/Desktop/thrust_bearing_app/python-backend/Downloads/bearing_complete/GOOD_20240920_214738.jpg
136,20240920.0,214843,NG,/home/kaizen-ai/Desktop/thrust_bearing_app/python-backend/Downloads/not_complete/NG_20240920_214843.jpg
137,20240920.0,214926,GOOD,/home/kaizen-ai/Desktop/thrust_bearing_app/python-backend/Downloads/bearing_complete/GOOD_20240920_214926.jpg
138,20240920.0,215103,GOOD,/home/kaizen-ai/Desktop/thrust_bearing_app/python-backend/Downloads/bearing_complete/GOOD_20240920_215103.jpg
139,20240920.0,215221,GOOD,/home/kaizen-ai/Desktop/thrust_bearing_app/python-backend/Downloads/bearing_complete/GOOD_20240920_215221.jpg
140,20240920.0,215320,GOOD,/home/kaizen-ai/Desktop/thrust_bearing_app/python-backend/Downloads/bearing_complete/GOOD_20240920_215320.jpg
141,20240920.0,215422,GOOD,/home/kaizen-ai/Desktop/thrust_bearing_app/python-backend/Downloads/bearing_complete/GOOD_20240920_215422.jpg
142,20240920.0,215513,GOOD,/home/kaizen-ai/Desktop/thrust_bearing_app/python-backend/Downloads/bearing_complete/GOOD_20240920_215513.jpg
143,20240920.0,215617,GOOD,/home/kaizen-ai/Desktop/thrust_bearing_app/python-backend/Downloads/bearing_complete/GOOD_20240920_215617.jpg
144,20240920.0,215711,GOOD,/home/kaizen-ai/Desktop/thrust_bearing_app/python-backend/Downloads/bearing_complete/GOOD_20240920_215711.jpg
145,20240920.0,215807,GOOD,/home/kaizen-ai/Desktop/thrust_bearing_app/python-backend/Downloads/bearing_complete/GOOD_20240920_215807.jpg
146,20240920.0,220002,GOOD,/home/kaizen-ai/Desktop/thrust_bearing_app/python-backend/Downloads/bearing_complete/GOOD_20240920_220002.jpg
147,20240920.0,220256,GOOD,/home/kaizen-ai/Desktop/thrust_bearing_app/python-backend/Downloads/bearing_complete/GOOD_20240920_220256.jpg
148,20240920.0,221145,GOOD,/home/kaizen-ai/Desktop/thrust_bearing_app/python-backend/Downloads/bearing_complete/GOOD_20240920_221145.jpg
149,20240920.0,221313,NG,/home/kaizen-ai/Desktop/thrust_bearing_app/python-backend/Downloads/not_complete/NG_20240920_221313.jpg
150,20240920.0,221419,GOOD,/home/kaizen-ai/Desktop/thrust_bearing_app/python-backend/Downloads/bearing_complete/GOOD_20240920_221419.jpg
151,20240920.0,221523,GOOD,/home/kaizen-ai/Desktop/thrust_bearing_app/python-backend/Downloads/bearing_complete/GOOD_20240920_221523.jpg
152,20240920.0,221559,GOOD,/home/kaizen-ai/Desktop/thrust_bearing_app/python-backend/Downloads/bearing_complete/GOOD_20240920_221559.jpg
153,20240920.0,221654,GOOD,/home/kaizen-ai/Desktop/thrust_bearing_app/python-backend/Downloads/bearing_complete/GOOD_20240920_221654.jpg
154,20240920.0,221728,GOOD,/home/kaizen-ai/Desktop/thrust_bearing_app/python-backend/Downloads/bearing_complete/GOOD_20240920_221728.jpg
155,20240920.0,221818,GOOD,/home/kaizen-ai/Desktop/thrust_bearing_app/python-backend/Downloads/bearing_complete/GOOD_20240920_221818.jpg
156,20240920.0,221922,GOOD,/home/kaizen-ai/Desktop/thrust_bearing_app/python-backend/Downloads/bearing_complete/GOOD_20240920_221922.jpg
157,20240920.0,222008,GOOD,/home/kaizen-ai/Desktop/thrust_bearing_app/python-backend/Downloads/bearing_complete/GOOD_20240920_222008.jpg
158,20240920.0,222119,GOOD,/home/kaizen-ai/Desktop/thrust_bearing_app/python-backend/Downloads/bearing_complete/GOOD_20240920_222119.jpg
159,20240920.0,222229,GOOD,/home/kaizen-ai/Desktop/thrust_bearing_app/python-backend/Downloads/bearing_complete/GOOD_20240920_222229.jpg
160,20240920.0,222330,GOOD,/home/kaizen-ai/Desktop/thrust_bearing_app/python-backend/Downloads/bearing_complete/GOOD_20240920_222330.jpg
161,20240920.0,222512,GOOD,/home/kaizen-ai/Desktop/thrust_bearing_app/python-backend/Downloads/bearing_complete/GOOD_20240920_222512.jpg
162,20240920.0,222600,GOOD,/home/kaizen-ai/Desktop/thrust_bearing_app/python-backend/Downloads/bearing_complete/GOOD_20240920_222600.jpg
163,20240920.0,222745,GOOD,/home/kaizen-ai/Desktop/thrust_bearing_app/python-backend/Downloads/bearing_complete/GOOD_20240920_222745.jpg
164,20240920.0,222828,GOOD,/home/kaizen-ai/Desktop/thrust_bearing_app/python-backend/Downloads/bearing_complete/GOOD_20240920_222828.jpg
165,20240920.0,222923,GOOD,/home/kaizen-ai/Desktop/thrust_bearing_app/python-backend/Downloads/bearing_complete/GOOD_20240920_222923.jpg
166,20240920.0,223020,GOOD,/home/kaizen-ai/Desktop/thrust_bearing_app/python-backend/Downloads/bearing_complete/GOOD_20240920_223020.jpg
167,20240920.0,223109,NG,/home/kaizen-ai/Desktop/thrust_bearing_app/python-backend/Downloads/not_complete/NG_20240920_223109.jpg
168,20240920.0,223201,GOOD,/home/kaizen-ai/Desktop/thrust_bearing_app/python-backend/Downloads/bearing_complete/GOOD_20240920_223201.jpg
169,20240920.0,223308,GOOD,/home/kaizen-ai/Desktop/thrust_bearing_app/python-backend/Downloads/bearing_complete/GOOD_20240920_223308.jpg
170,20240920.0,223410,GOOD,/home/kaizen-ai/Desktop/thrust_bearing_app/python-backend/Downloads/bearing_complete/GOOD_20240920_223410.jpg
171,20240920.0,223631,GOOD,/home/kaizen-ai/Desktop/thrust_bearing_app/python-backend/Downloads/bearing_complete/GOOD_20240920_223631.jpg
172,20240920.0,223715,GOOD,/home/kaizen-ai/Desktop/thrust_bearing_app/python-backend/Downloads/bearing_complete/GOOD_20240920_223715.jpg
173,20240920.0,223759,GOOD,/home/kaizen-ai/Desktop/thrust_bearing_app/python-backend/Downloads/bearing_complete/GOOD_20240920_223759.jpg
174,20240920.0,223851,GOOD,/home/kaizen-ai/Desktop/thrust_bearing_app/python-backend/Downloads/bearing_complete/GOOD_20240920_223851.jpg
175,20240920.0,224030,GOOD,/home/kaizen-ai/Desktop/thrust_bearing_app/python-backend/Downloads/bearing_complete/GOOD_20240920_224030.jpg
176,20240920.0,224158,GOOD,/home/kaizen-ai/Desktop/thrust_bearing_app/python-backend/Downloads/bearing_complete/GOOD_20240920_224158.jpg
177,20240920.0,224247,GOOD,/home/kaizen-ai/Desktop/thrust_bearing_app/python-backend/Downloads/bearing_complete/GOOD_20240920_224247.jpg
178,20240920.0,224401,GOOD,/home/kaizen-ai/Desktop/thrust_bearing_app/python-backend/Downloads/bearing_complete/GOOD_20240920_224401.jpg
179,20240920.0,224458,GOOD,/home/kaizen-ai/Desktop/thrust_bearing_app/python-backend/Downloads/bearing_complete/GOOD_20240920_224458.jpg
180,20240920.0,224553,NG,/home/kaizen-ai/Desktop/thrust_bearing_app/python-backend/Downloads/not_complete/NG_20240920_224553.jpg
181,20240920.0,224639,GOOD,/home/kaizen-ai/Desktop/thrust_bearing_app/python-backend/Downloads/bearing_complete/GOOD_20240920_224639.jpg
182,20240920.0,224801,GOOD,/home/kaizen-ai/Desktop/thrust_bearing_app/python-backend/Downloads/bearing_complete/GOOD_20240920_224801.jpg
183,20240920.0,224859,GOOD,/home/kaizen-ai/Desktop/thrust_bearing_app/python-backend/Downloads/bearing_complete/GOOD_20240920_224859.jpg
184,20240920.0,225002,GOOD,/home/kaizen-ai/Desktop/thrust_bearing_app/python-backend/Downloads/bearing_complete/GOOD_20240920_225002.jpg
185,20240920.0,225114,GOOD,/home/kaizen-ai/Desktop/thrust_bearing_app/python-backend/Downloads/bearing_complete/GOOD_20240920_225114.jpg
186,20240920.0,225256,GOOD,/home/kaizen-ai/Desktop/thrust_bearing_app/python-backend/Downloads/bearing_complete/GOOD_20240920_225256.jpg
187,20240920.0,225357,GOOD,/home/kaizen-ai/Desktop/thrust_bearing_app/python-backend/Downloads/bearing_complete/GOOD_20240920_225357.jpg
188,20240920.0,225459,GOOD,/home/kaizen-ai/Desktop/thrust_bearing_app/python-backend/Downloads/bearing_complete/GOOD_20240920_225459.jpg
189,20240920.0,225608,GOOD,/home/kaizen-ai/Desktop/thrust_bearing_app/python-backend/Downloads/bearing_complete/GOOD_20240920_225608.jpg
190,20240920.0,225703,GOOD,/home/kaizen-ai/Desktop/thrust_bearing_app/python-backend/Downloads/bearing_complete/GOOD_20240920_225703.jpg
191,20240920.0,225817,GOOD,/home/kaizen-ai/Desktop/thrust_bearing_app/python-backend/Downloads/bearing_complete/GOOD_20240920_225817.jpg
192,20240920.0,225850,GOOD,/home/kaizen-ai/Desktop/thrust_bearing_app/python-backend/Downloads/bearing_complete/GOOD_20240920_225850.jpg
193,20240920.0,225946,GOOD,/home/kaizen-ai/Desktop/thrust_bearing_app/python-backend/Downloads/bearing_complete/GOOD_20240920_225946.jpg
194,20240920.0,230040,GOOD,/home/kaizen-ai/Desktop/thrust_bearing_app/python-backend/Downloads/bearing_complete/GOOD_20240920_230040.jpg
195,20240920.0,230135,NG,/home/kaizen-ai/Desktop/thrust_bearing_app/python-backend/Downloads/not_complete/NG_20240920_230135.jpg
196,20240920.0,230250,GOOD,/home/kaizen-ai/Desktop/thrust_bearing_app/python-backend/Downloads/bearing_complete/GOOD_20240920_230250.jpg
197,20240920.0,230502,NG,/home/kaizen-ai/Desktop/thrust_bearing_app/python-backend/Downloads/not_complete/NG_20240920_230502.jpg
198,20240920.0,230548,GOOD,/home/kaizen-ai/Desktop/thrust_bearing_app/python-backend/Downloads/bearing_complete/GOOD_20240920_230548.jpg
199,20240920.0,230709,GOOD,/home/kaizen-ai/Desktop/thrust_bearing_app/python-backend/Downloads/bearing_complete/GOOD_20240920_230709.jpg
200,20240920.0,230749,NG,/home/kaizen-ai/Desktop/thrust_bearing_app/python-backend/Downloads/not_complete/NG_20240920_230749.jpg
201,20240920.0,230841,GOOD,/home/kaizen-ai/Desktop/thrust_bearing_app/python-backend/Downloads/bearing_complete/GOOD_20240920_230841.jpg
202,20240920.0,230939,GOOD,/home/kaizen-ai/Desktop/thrust_bearing_app/python-backend/Downloads/bearing_complete/GOOD_20240920_230939.jpg
203,20240920.0,231040,GOOD,/home/kaizen-ai/Desktop/thrust_bearing_app/python-backend/Downloads/bearing_complete/GOOD_20240920_231040.jpg
204,20240920.0,231114,GOOD,/home/kaizen-ai/Desktop/thrust_bearing_app/python-backend/Downloads/bearing_complete/GOOD_20240920_231114.jpg
205,20240920.0,231222,GOOD,/home/kaizen-ai/Desktop/thrust_bearing_app/python-backend/Downloads/bearing_complete/GOOD_20240920_231222.jpg
206,20240920.0,231435,GOOD,/home/kaizen-ai/Desktop/thrust_bearing_app/python-backend/Downloads/bearing_complete/GOOD_20240920_231435.jpg
207,20240920.0,231454,GOOD,/home/kaizen-ai/Desktop/thrust_bearing_app/python-backend/Downloads/bearing_complete/GOOD_20240920_231454.jpg
208,20240920.0,231642,GOOD,/home/kaizen-ai/Desktop/thrust_bearing_app/python-backend/Downloads/bearing_complete/GOOD_20240920_231642.jpg
209,20240920.0,231726,GOOD,/home/kaizen-ai/Desktop/thrust_bearing_app/python-backend/Downloads/bearing_complete/GOOD_20240920_231726.jpg
210,20240920.0,231838,GOOD,/home/kaizen-ai/Desktop/thrust_bearing_app/python-backend/Downloads/bearing_complete/GOOD_20240920_231838.jpg
211,20240920.0,231947,GOOD,/home/kaizen-ai/Desktop/thrust_bearing_app/python-backend/Downloads/bearing_complete/GOOD_20240920_231947.jpg
212,20240920.0,232050,GOOD,/home/kaizen-ai/Desktop/thrust_bearing_app/python-backend/Downloads/bearing_complete/GOOD_20240920_232050.jpg
213,20240920.0,232130,GOOD,/home/kaizen-ai/Desktop/thrust_bearing_app/python-backend/Downloads/bearing_complete/GOOD_20240920_232130.jpg
214,20240920.0,232215,GOOD,/home/kaizen-ai/Desktop/thrust_bearing_app/python-backend/Downloads/bearing_complete/GOOD_20240920_232215.jpg
215,20240920.0,232311,GOOD,/home/kaizen-ai/Desktop/thrust_bearing_app/python-backend/Downloads/bearing_complete/GOOD_20240920_232311.jpg
216,20240920.0,232410,GOOD,/home/kaizen-ai/Desktop/thrust_bearing_app/python-backend/Downloads/bearing_complete/GOOD_20240920_232410.jpg
217,20240920.0,232519,GOOD,/home/kaizen-ai/Desktop/thrust_bearing_app/python-backend/Downloads/bearing_complete/GOOD_20240920_232519.jpg
218,20240920.0,232625,NG,/home/kaizen-ai/Desktop/thrust_bearing_app/python-backend/Downloads/not_complete/NG_20240920_232625.jpg
219,20240920.0,232834,GOOD,/home/kaizen-ai/Desktop/thrust_bearing_app/python-backend/Downloads/bearing_complete/GOOD_20240920_232834.jpg
220,20240920.0,233045,GOOD,/home/kaizen-ai/Desktop/thrust_bearing_app/python-backend/Downloads/bearing_complete/GOOD_20240920_233045.jpg
221,20240920.0,233219,GOOD,/home/kaizen-ai/Desktop/thrust_bearing_app/python-backend/Downloads/bearing_complete/GOOD_20240920_233219.jpg
222,20240920.0,233335,GOOD,/home/kaizen-ai/Desktop/thrust_bearing_app/python-backend/Downloads/bearing_complete/GOOD_20240920_233335.jpg
223,20240920.0,233504,GOOD,/home/kaizen-ai/Desktop/thrust_bearing_app/python-backend/Downloads/bearing_complete/GOOD_20240920_233504.jpg
224,20240920.0,233614,GOOD,/home/kaizen-ai/Desktop/thrust_bearing_app/python-backend/Downloads/bearing_complete/GOOD_20240920_233614.jpg
225,20240920.0,233908,GOOD,/home/kaizen-ai/Desktop/thrust_bearing_app/python-backend/Downloads/bearing_complete/GOOD_20240920_233908.jpg
226,20240920.0,234223,GOOD,/home/kaizen-ai/Desktop/thrust_bearing_app/python-backend/Downloads/bearing_complete/GOOD_20240920_234223.jpg
227,20240920.0,234419,GOOD,/home/kaizen-ai/Desktop/thrust_bearing_app/python-backend/Downloads/bearing_complete/GOOD_20240920_234419.jpg
228,20240920.0,234511,GOOD,/home/kaizen-ai/Desktop/thrust_bearing_app/python-backend/Downloads/bearing_complete/GOOD_20240920_234511.jpg
229,20240920.0,234613,GOOD,/home/kaizen-ai/Desktop/thrust_bearing_app/python-backend/Downloads/bearing_complete/GOOD_20240920_234613.jpg
230,20240920.0,234741,GOOD,/home/kaizen-ai/Desktop/thrust_bearing_app/python-backend/Downloads/bearing_complete/GOOD_20240920_234741.jpg
231,20240920.0,234904,GOOD,/home/kaizen-ai/Desktop/thrust_bearing_app/python-backend/Downloads/bearing_complete/GOOD_20240920_234904.jpg
232,20240920.0,235049,GOOD,/home/kaizen-ai/Desktop/thrust_bearing_app/python-backend/Downloads/bearing_complete/GOOD_20240920_235049.jpg
233,20240920.0,235159,GOOD,/home/kaizen-ai/Desktop/thrust_bearing_app/python-backend/Downloads/bearing_complete/GOOD_20240920_235159.jpg
234,20240920.0,235327,GOOD,/home/kaizen-ai/Desktop/thrust_bearing_app/python-backend/Downloads/bearing_complete/GOOD_20240920_235327.jpg
235,20240920.0,235445,GOOD,/home/kaizen-ai/Desktop/thrust_bearing_app/python-backend/Downloads/bearing_complete/GOOD_20240920_235445.jpg
236,20240920.0,235601,GOOD,/home/kaizen-ai/Desktop/thrust_bearing_app/python-backend/Downloads/bearing_complete/GOOD_20240920_235601.jpg
237,20240920.0,235709,GOOD,/home/kaizen-ai/Desktop/thrust_bearing_app/python-backend/Downloads/bearing_complete/GOOD_20240920_235709.jpg
238,20240920.0,235836,GOOD,/home/kaizen-ai/Desktop/thrust_bearing_app/python-backend/Downloads/bearing_complete/GOOD_20240920_235836.jpg
239,20240921.0,2935,GOOD,/home/kaizen-ai/Desktop/thrust_bearing_app/python-backend/Downloads/bearing_complete/GOOD_20240921_002935.jpg
240,20240921.0,3119,GOOD,/home/kaizen-ai/Desktop/thrust_bearing_app/python-backend/Downloads/bearing_complete/GOOD_20240921_003119.jpg
241,20240921.0,3208,GOOD,/home/kaizen-ai/Desktop/thrust_bearing_app/python-backend/Downloads/bearing_complete/GOOD_20240921_003208.jpg
242,20240921.0,3304,GOOD,/home/kaizen-ai/Desktop/thrust_bearing_app/python-backend/Downloads/bearing_complete/GOOD_20240921_003304.jpg
243,20240921.0,3459,GOOD,/home/kaizen-ai/Desktop/thrust_bearing_app/python-backend/Downloads/bearing_complete/GOOD_20240921_003459.jpg
244,20240921.0,3604,GOOD,/home/kaizen-ai/Desktop/thrust_bearing_app/python-backend/Downloads/bearing_complete/GOOD_20240921_003604.jpg
245,20240921.0,3653,GOOD,/home/kaizen-ai/Desktop/thrust_bearing_app/python-backend/Downloads/bearing_complete/GOOD_20240921_003653.jpg
246,20240921.0,3749,GOOD,/home/kaizen-ai/Desktop/thrust_bearing_app/python-backend/Downloads/bearing_complete/GOOD_20240921_003749.jpg
247,20240921.0,3849,GOOD,/home/kaizen-ai/Desktop/thrust_bearing_app/python-backend/Downloads/bearing_complete/GOOD_20240921_003849.jpg
248,20240921.0,3949,GOOD,/home/kaizen-ai/Desktop/thrust_bearing_app/python-backend/Downloads/bearing_complete/GOOD_20240921_003949.jpg
249,20240921.0,4048,GOOD,/home/kaizen-ai/Desktop/thrust_bearing_app/python-backend/Downloads/bearing_complete/GOOD_20240921_004048.jpg
250,20240921.0,4143,GOOD,/home/kaizen-ai/Desktop/thrust_bearing_app/python-backend/Downloads/bearing_complete/GOOD_20240921_004143.jpg
251,20240921.0,4247,GOOD,/home/kaizen-ai/Desktop/thrust_bearing_app/python-backend/Downloads/bearing_complete/GOOD_20240921_004247.jpg
252,20240921.0,4336,GOOD,/home/kaizen-ai/Desktop/thrust_bearing_app/python-backend/Downloads/bearing_complete/GOOD_20240921_004336.jpg
253,20240921.0,4415,GOOD,/home/kaizen-ai/Desktop/thrust_bearing_app/python-backend/Downloads/bearing_complete/GOOD_20240921_004415.jpg
254,20240921.0,4510,GOOD,/home/kaizen-ai/Desktop/thrust_bearing_app/python-backend/Downloads/bearing_complete/GOOD_20240921_004510.jpg
255,20240921.0,4611,GOOD,/home/kaizen-ai/Desktop/thrust_bearing_app/python-backend/Downloads/bearing_complete/GOOD_20240921_004611.jpg
256,20240921.0,4700,GOOD,/home/kaizen-ai/Desktop/thrust_bearing_app/python-backend/Downloads/bearing_complete/GOOD_20240921_004700.jpg
257,20240921.0,4815,GOOD,/home/kaizen-ai/Desktop/thrust_bearing_app/python-backend/Downloads/bearing_complete/GOOD_20240921_004815.jpg
258,20240921.0,4917,NG,/home/kaizen-ai/Desktop/thrust_bearing_app/python-backend/Downloads/not_complete/NG_20240921_004917.jpg
259,20240921.0,5108,GOOD,/home/kaizen-ai/Desktop/thrust_bearing_app/python-backend/Downloads/bearing_complete/GOOD_20240921_005108.jpg
260,20240921.0,5222,GOOD,/home/kaizen-ai/Desktop/thrust_bearing_app/python-backend/Downloads/bearing_complete/GOOD_20240921_005222.jpg
261,20240921.0,5315,GOOD,/home/kaizen-ai/Desktop/thrust_bearing_app/python-backend/Downloads/bearing_complete/GOOD_20240921_005315.jpg
262,20240921.0,5416,GOOD,/home/kaizen-ai/Desktop/thrust_bearing_app/python-backend/Downloads/bearing_complete/GOOD_20240921_005416.jpg
263,20240921.0,5522,GOOD,/home/kaizen-ai/Desktop/thrust_bearing_app/python-backend/Downloads/bearing_complete/GOOD_20240921_005522.jpg
264,20240921.0,5628,GOOD,/home/kaizen-ai/Desktop/thrust_bearing_app/python-backend/Downloads/bearing_complete/GOOD_20240921_005628.jpg
265,20240921.0,5731,GOOD,/home/kaizen-ai/Desktop/thrust_bearing_app/python-backend/Downloads/bearing_complete/GOOD_20240921_005731.jpg
266,20240921.0,5816,GOOD,/home/kaizen-ai/Desktop/thrust_bearing_app/python-backend/Downloads/bearing_complete/GOOD_20240921_005816.jpg
267,20240921.0,11623,GOOD,/home/kaizen-ai/Desktop/thrust_bearing_app/python-backend/Downloads/bearing_complete/GOOD_20240921_011623.jpg
268,20240921.0,11727,GOOD,/home/kaizen-ai/Desktop/thrust_bearing_app/python-backend/Downloads/bearing_complete/GOOD_20240921_011727.jpg
269,20240921.0,11853,GOOD,/home/kaizen-ai/Desktop/thrust_bearing_app/python-backend/Downloads/bearing_complete/GOOD_20240921_011853.jpg
270,20240921.0,11954,NG,/home/kaizen-ai/Desktop/thrust_bearing_app/python-backend/Downloads/not_complete/NG_20240921_011954.jpg
271,20240921.0,12106,GOOD,/home/kaizen-ai/Desktop/thrust_bearing_app/python-backend/Downloads/bearing_complete/GOOD_20240921_012106.jpg
272,20240921.0,12208,GOOD,/home/kaizen-ai/Desktop/thrust_bearing_app/python-backend/Downloads/bearing_complete/GOOD_20240921_012208.jpg
273,20240921.0,12303,GOOD,/home/kaizen-ai/Desktop/thrust_bearing_app/python-backend/Downloads/bearing_complete/GOOD_20240921_012303.jpg
274,20240921.0,12352,GOOD,/home/kaizen-ai/Desktop/thrust_bearing_app/python-backend/Downloads/bearing_complete/GOOD_20240921_012352.jpg
275,20240921.0,12458,GOOD,/home/kaizen-ai/Desktop/thrust_bearing_app/python-backend/Downloads/bearing_complete/GOOD_20240921_012458.jpg
276,20240921.0,12550,GOOD,/home/kaizen-ai/Desktop/thrust_bearing_app/python-backend/Downloads/bearing_complete/GOOD_20240921_012550.jpg
277,20240921.0,12651,GOOD,/home/kaizen-ai/Desktop/thrust_bearing_app/python-backend/Downloads/bearing_complete/GOOD_20240921_012651.jpg
278,20240921.0,12802,GOOD,/home/kaizen-ai/Desktop/thrust_bearing_app/python-backend/Downloads/bearing_complete/GOOD_20240921_012802.jpg
279,20240921.0,12901,GOOD,/home/kaizen-ai/Desktop/thrust_bearing_app/python-backend/Downloads/bearing_complete/GOOD_20240921_012901.jpg
280,20240921.0,13043,GOOD,/home/kaizen-ai/Desktop/thrust_bearing_app/python-backend/Downloads/bearing_complete/GOOD_20240921_013043.jpg
281,20240921.0,13157,NG,/home/kaizen-ai/Desktop/thrust_bearing_app/python-backend/Downloads/not_complete/NG_20240921_013157.jpg
282,20240921.0,13303,NG,/home/kaizen-ai/Desktop/thrust_bearing_app/python-backend/Downloads/not_complete/NG_20240921_013303.jpg
283,20240921.0,13513,GOOD,/home/kaizen-ai/Desktop/thrust_bearing_app/python-backend/Downloads/bearing_complete/GOOD_20240921_013513.jpg
284,20240921.0,13624,GOOD,/home/kaizen-ai/Desktop/thrust_bearing_app/python-backend/Downloads/bearing_complete/GOOD_20240921_013624.jpg
285,20240921.0,13709,GOOD,/home/kaizen-ai/Desktop/thrust_bearing_app/python-backend/Downloads/bearing_complete/GOOD_20240921_013709.jpg
286,20240921.0,13817,GOOD,/home/kaizen-ai/Desktop/thrust_bearing_app/python-backend/Downloads/bearing_complete/GOOD_20240921_013817.jpg
287,20240921.0,13908,NG,/home/kaizen-ai/Desktop/thrust_bearing_app/python-backend/Downloads/not_complete/NG_20240921_013908.jpg
288,20240921.0,14024,GOOD,/home/kaizen-ai/Desktop/thrust_bearing_app/python-backend/Downloads/bearing_complete/GOOD_20240921_014024.jpg
289,20240921.0,14131,GOOD,/home/kaizen-ai/Desktop/thrust_bearing_app/python-backend/Downloads/bearing_complete/GOOD_20240921_014131.jpg
290,20240921.0,14226,GOOD,/home/kaizen-ai/Desktop/thrust_bearing_app/python-backend/Downloads/bearing_complete/GOOD_20240921_014226.jpg
291,20240921.0,14550,GOOD,/home/kaizen-ai/Desktop/thrust_bearing_app/python-backend/Downloads/bearing_complete/GOOD_20240921_014550.jpg
292,20240921.0,14635,GOOD,/home/kaizen-ai/Desktop/thrust_bearing_app/python-backend/Downloads/bearing_complete/GOOD_20240921_014635.jpg
293,20240921.0,14801,GOOD,/home/kaizen-ai/Desktop/thrust_bearing_app/python-backend/Downloads/bearing_complete/GOOD_20240921_014801.jpg
294,20240921.0,14857,GOOD,/home/kaizen-ai/Desktop/thrust_bearing_app/python-backend/Downloads/bearing_complete/GOOD_20240921_014857.jpg
295,20240921.0,14955,GOOD,/home/kaizen-ai/Desktop/thrust_bearing_app/python-backend/Downloads/bearing_complete/GOOD_20240921_014955.jpg
296,20240921.0,15101,GOOD,/home/kaizen-ai/Desktop/thrust_bearing_app/python-backend/Downloads/bearing_complete/GOOD_20240921_015101.jpg
297,20240921.0,15232,GOOD,/home/kaizen-ai/Desktop/thrust_bearing_app/python-backend/Downloads/bearing_complete/GOOD_20240921_015232.jpg
298,20240921.0,15410,GOOD,/home/kaizen-ai/Desktop/thrust_bearing_app/python-backend/Downloads/bearing_complete/GOOD_20240921_015410.jpg
299,20240921.0,15511,GOOD,/home/kaizen-ai/Desktop/thrust_bearing_app/python-backend/Downloads/bearing_complete/GOOD_20240921_015511.jpg
300,20240921.0,15604,GOOD,/home/kaizen-ai/Desktop/thrust_bearing_app/python-backend/Downloads/bearing_complete/GOOD_20240921_015604.jpg
301,20240921.0,15654,GOOD,/home/kaizen-ai/Desktop/thrust_bearing_app/python-backend/Downloads/bearing_complete/GOOD_20240921_015654.jpg
302,20240921.0,15756,GOOD,/home/kaizen-ai/Desktop/thrust_bearing_app/python-backend/Downloads/bearing_complete/GOOD_20240921_015756.jpg
303,20240921.0,15855,NG,/home/kaizen-ai/Desktop/thrust_bearing_app/python-backend/Downloads/not_complete/NG_20240921_015855.jpg
304,20240921.0,15952,GOOD,/home/kaizen-ai/Desktop/thrust_bearing_app/python-backend/Downloads/bearing_complete/GOOD_20240921_015952.jpg
305,20240921.0,20058,GOOD,/home/kaizen-ai/Desktop/thrust_bearing_app/python-backend/Downloads/bearing_complete/GOOD_20240921_020058.jpg
306,20240921.0,20309,GOOD,/home/kaizen-ai/Desktop/thrust_bearing_app/python-backend/Downloads/bearing_complete/GOOD_20240921_020309.jpg
307,20240921.0,20410,GOOD,/home/kaizen-ai/Desktop/thrust_bearing_app/python-backend/Downloads/bearing_complete/GOOD_20240921_020410.jpg
308,20240921.0,20524,GOOD,/home/kaizen-ai/Desktop/thrust_bearing_app/python-backend/Downloads/bearing_complete/GOOD_20240921_020524.jpg
309,20240921.0,20638,GOOD,/home/kaizen-ai/Desktop/thrust_bearing_app/python-backend/Downloads/bearing_complete/GOOD_20240921_020638.jpg
310,20240921.0,20724,GOOD,/home/kaizen-ai/Desktop/thrust_bearing_app/python-backend/Downloads/bearing_complete/GOOD_20240921_020724.jpg
311,20240921.0,20840,GOOD,/home/kaizen-ai/Desktop/thrust_bearing_app/python-backend/Downloads/bearing_complete/GOOD_20240921_020840.jpg
312,20240921.0,20942,GOOD,/home/kaizen-ai/Desktop/thrust_bearing_app/python-backend/Downloads/bearing_complete/GOOD_20240921_020942.jpg
313,20240921.0,21029,GOOD,/home/kaizen-ai/Desktop/thrust_bearing_app/python-backend/Downloads/bearing_complete/GOOD_20240921_021029.jpg
314,20240921.0,21134,GOOD,/home/kaizen-ai/Desktop/thrust_bearing_app/python-backend/Downloads/bearing_complete/GOOD_20240921_021134.jpg
315,20240921.0,21223,GOOD,/home/kaizen-ai/Desktop/thrust_bearing_app/python-backend/Downloads/bearing_complete/GOOD_20240921_021223.jpg
316,20240921.0,21403,GOOD,/home/kaizen-ai/Desktop/thrust_bearing_app/python-backend/Downloads/bearing_complete/GOOD_20240921_021403.jpg
317,20240921.0,21456,GOOD,/home/kaizen-ai/Desktop/thrust_bearing_app/python-backend/Downloads/bearing_complete/GOOD_20240921_021456.jpg
318,20240921.0,21703,GOOD,/home/kaizen-ai/Desktop/thrust_bearing_app/python-backend/Downloads/bearing_complete/GOOD_20240921_021703.jpg
319,20240921.0,21824,GOOD,/home/kaizen-ai/Desktop/thrust_bearing_app/python-backend/Downloads/bearing_complete/GOOD_20240921_021824.jpg
320,20240921.0,21919,GOOD,/home/kaizen-ai/Desktop/thrust_bearing_app/python-backend/Downloads/bearing_complete/GOOD_20240921_021919.jpg
321,20240921.0,22012,GOOD,/home/kaizen-ai/Desktop/thrust_bearing_app/python-backend/Downloads/bearing_complete/GOOD_20240921_022012.jpg
322,20240921.0,22115,NG,/home/kaizen-ai/Desktop/thrust_bearing_app/python-backend/Downloads/not_complete/NG_20240921_022115.jpg
323,20240921.0,22210,GOOD,/home/kaizen-ai/Desktop/thrust_bearing_app/python-backend/Downloads/bearing_complete/GOOD_20240921_022210.jpg
324,20240921.0,22308,GOOD,/home/kaizen-ai/Desktop/thrust_bearing_app/python-backend/Downloads/bearing_complete/GOOD_20240921_022308.jpg
325,20240921.0,22401,GOOD,/home/kaizen-ai/Desktop/thrust_bearing_app/python-backend/Downloads/bearing_complete/GOOD_20240921_022401.jpg
326,20240921.0,22534,GOOD,/home/kaizen-ai/Desktop/thrust_bearing_app/python-backend/Downloads/bearing_complete/GOOD_20240921_022534.jpg
327,20240921.0,22636,GOOD,/home/kaizen-ai/Desktop/thrust_bearing_app/python-backend/Downloads/bearing_complete/GOOD_20240921_022636.jpg
328,20240921.0,22741,GOOD,/home/kaizen-ai/Desktop/thrust_bearing_app/python-backend/Downloads/bearing_complete/GOOD_20240921_022741.jpg
329,20240921.0,22839,GOOD,/home/kaizen-ai/Desktop/thrust_bearing_app/python-backend/Downloads/bearing_complete/GOOD_20240921_022839.jpg
330,20240921.0,22928,GOOD,/home/kaizen-ai/Desktop/thrust_bearing_app/python-backend/Downloads/bearing_complete/GOOD_20240921_022928.jpg
331,20240921.0,24025,GOOD,/home/kaizen-ai/Desktop/thrust_bearing_app/python-backend/Downloads/bearing_complete/GOOD_20240921_024025.jpg
332,20240921.0,24101,GOOD,/home/kaizen-ai/Desktop/thrust_bearing_app/python-backend/Downloads/bearing_complete/GOOD_20240921_024101.jpg
333,20240921.0,24241,GOOD,/home/kaizen-ai/Desktop/thrust_bearing_app/python-backend/Downloads/bearing_complete/GOOD_20240921_024241.jpg
334,20240921.0,24343,GOOD,/home/kaizen-ai/Desktop/thrust_bearing_app/python-backend/Downloads/bearing_complete/GOOD_20240921_024343.jpg
335,20240921.0,24447,GOOD,/home/kaizen-ai/Desktop/thrust_bearing_app/python-backend/Downloads/bearing_complete/GOOD_20240921_024447.jpg
336,20240921.0,24530,GOOD,/home/kaizen-ai/Desktop/thrust_bearing_app/python-backend/Downloads/bearing_complete/GOOD_20240921_024530.jpg
337,20240921.0,24638,GOOD,/home/kaizen-ai/Desktop/thrust_bearing_app/python-backend/Downloads/bearing_complete/GOOD_20240921_024638.jpg
338,20240921.0,24744,GOOD,/home/kaizen-ai/Desktop/thrust_bearing_app/python-backend/Downloads/bearing_complete/GOOD_20240921_024744.jpg
339,20240921.0,24900,NG,/home/kaizen-ai/Desktop/thrust_bearing_app/python-backend/Downloads/not_complete/NG_20240921_024900.jpg
340,20240921.0,25157,GOOD,/home/kaizen-ai/Desktop/thrust_bearing_app/python-backend/Downloads/bearing_complete/GOOD_20240921_025157.jpg
341,20240921.0,25354,GOOD,/home/kaizen-ai/Desktop/thrust_bearing_app/python-backend/Downloads/bearing_complete/GOOD_20240921_025354.jpg
342,20240921.0,25538,GOOD,/home/kaizen-ai/Desktop/thrust_bearing_app/python-backend/Downloads/bearing_complete/GOOD_20240921_025538.jpg
343,20240921.0,25731,GOOD,/home/kaizen-ai/Desktop/thrust_bearing_app/python-backend/Downloads/bearing_complete/GOOD_20240921_025731.jpg
344,20240921.0,25820,GOOD,/home/kaizen-ai/Desktop/thrust_bearing_app/python-backend/Downloads/bearing_complete/GOOD_20240921_025820.jpg
345,20240921.0,25922,GOOD,/home/kaizen-ai/Desktop/thrust_bearing_app/python-backend/Downloads/bearing_complete/GOOD_20240921_025922.jpg
346,20240921.0,30022,GOOD,/home/kaizen-ai/Desktop/thrust_bearing_app/python-backend/Downloads/bearing_complete/GOOD_20240921_030022.jpg
347,20240921.0,30126,GOOD,/home/kaizen-ai/Desktop/thrust_bearing_app/python-backend/Downloads/bearing_complete/GOOD_20240921_030126.jpg
348,20240921.0,30228,NG,/home/kaizen-ai/Desktop/thrust_bearing_app/python-backend/Downloads/not_complete/NG_20240921_030228.jpg
349,20240921.0,30340,GOOD,/home/kaizen-ai/Desktop/thrust_bearing_app/python-backend/Downloads/bearing_complete/GOOD_20240921_030340.jpg
350,20240921.0,30600,NG,/home/kaizen-ai/Desktop/thrust_bearing_app/python-backend/Downloads/not_complete/NG_20240921_030600.jpg
351,20240921.0,30643,GOOD,/home/kaizen-ai/Desktop/thrust_bearing_app/python-backend/Downloads/bearing_complete/GOOD_20240921_030643.jpg
352,20240921.0,30748,GOOD,/home/kaizen-ai/Desktop/thrust_bearing_app/python-backend/Downloads/bearing_complete/GOOD_20240921_030748.jpg
353,20240921.0,30844,GOOD,/home/kaizen-ai/Desktop/thrust_bearing_app/python-backend/Downloads/bearing_complete/GOOD_20240921_030844.jpg
354,20240921.0,30957,GOOD,/home/kaizen-ai/Desktop/thrust_bearing_app/python-backend/Downloads/bearing_complete/GOOD_20240921_030957.jpg
355,20240921.0,31059,GOOD,/home/kaizen-ai/Desktop/thrust_bearing_app/python-backend/Downloads/bearing_complete/GOOD_20240921_031059.jpg
356,20240921.0,31221,GOOD,/home/kaizen-ai/Desktop/thrust_bearing_app/python-backend/Downloads/bearing_complete/GOOD_20240921_031221.jpg
357,20240921.0,31327,GOOD,/home/kaizen-ai/Desktop/thrust_bearing_app/python-backend/Downloads/bearing_complete/GOOD_20240921_031327.jpg
358,20240921.0,31441,GOOD,/home/kaizen-ai/Desktop/thrust_bearing_app/python-backend/Downloads/bearing_complete/GOOD_20240921_031441.jpg
359,20240921.0,31550,GOOD,/home/kaizen-ai/Desktop/thrust_bearing_app/python-backend/Downloads/bearing_complete/GOOD_20240921_031550.jpg
360,20240921.0,31700,GOOD,/home/kaizen-ai/Desktop/thrust_bearing_app/python-backend/Downloads/bearing_complete/GOOD_20240921_031700.jpg
361,20240921.0,31825,GOOD,/home/kaizen-ai/Desktop/thrust_bearing_app/python-backend/Downloads/bearing_complete/GOOD_20240921_031825.jpg
362,20240921.0,31933,NG,/home/kaizen-ai/Desktop/thrust_bearing_app/python-backend/Downloads/not_complete/NG_20240921_031933.jpg
363,20240921.0,32019,GOOD,/home/kaizen-ai/Desktop/thrust_bearing_app/python-backend/Downloads/bearing_complete/GOOD_20240921_032019.jpg
364,20240921.0,32119,GOOD,/home/kaizen-ai/Desktop/thrust_bearing_app/python-backend/Downloads/bearing_complete/GOOD_20240921_032119.jpg
365,20240921.0,32236,GOOD,/home/kaizen-ai/Desktop/thrust_bearing_app/python-backend/Downloads/bearing_complete/GOOD_20240921_032236.jpg
366,20240921.0,32419,GOOD,/home/kaizen-ai/Desktop/thrust_bearing_app/python-backend/Downloads/bearing_complete/GOOD_20240921_032419.jpg
367,20240921.0,32526,GOOD,/home/kaizen-ai/Desktop/thrust_bearing_app/python-backend/Downloads/bearing_complete/GOOD_20240921_032526.jpg
368,20240921.0,33603,GOOD,/home/kaizen-ai/Desktop/thrust_bearing_app/python-backend/Downloads/bearing_complete/GOOD_20240921_033603.jpg
369,20240921.0,33700,GOOD,/home/kaizen-ai/Desktop/thrust_bearing_app/python-backend/Downloads/bearing_complete/GOOD_20240921_033700.jpg
370,20240921.0,33759,GOOD,/home/kaizen-ai/Desktop/thrust_bearing_app/python-backend/Downloads/bearing_complete/GOOD_20240921_033759.jpg
371,20240921.0,33851,GOOD,/home/kaizen-ai/Desktop/thrust_bearing_app/python-backend/Downloads/bearing_complete/GOOD_20240921_033851.jpg
372,20240921.0,34100,GOOD,/home/kaizen-ai/Desktop/thrust_bearing_app/python-backend/Downloads/bearing_complete/GOOD_20240921_034100.jpg
373,20240921.0,34227,NG,/home/kaizen-ai/Desktop/thrust_bearing_app/python-backend/Downloads/not_complete/NG_20240921_034227.jpg
374,20240921.0,34520,GOOD,/home/kaizen-ai/Desktop/thrust_bearing_app/python-backend/Downloads/bearing_complete/GOOD_20240921_034520.jpg
375,20240921.0,34614,GOOD,/home/kaizen-ai/Desktop/thrust_bearing_app/python-backend/Downloads/bearing_complete/GOOD_20240921_034614.jpg
376,20240921.0,34704,GOOD,/home/kaizen-ai/Desktop/thrust_bearing_app/python-backend/Downloads/bearing_complete/GOOD_20240921_034704.jpg
377,20240921.0,34807,GOOD,/home/kaizen-ai/Desktop/thrust_bearing_app/python-backend/Downloads/bearing_complete/GOOD_20240921_034807.jpg
378,20240921.0,34855,GOOD,/home/kaizen-ai/Desktop/thrust_bearing_app/python-backend/Downloads/bearing_complete/GOOD_20240921_034855.jpg
379,20240921.0,34958,GOOD,/home/kaizen-ai/Desktop/thrust_bearing_app/python-backend/Downloads/bearing_complete/GOOD_20240921_034958.jpg
380,20240921.0,35103,GOOD,/home/kaizen-ai/Desktop/thrust_bearing_app/python-backend/Downloads/bearing_complete/GOOD_20240921_035103.jpg
381,20240921.0,35158,GOOD,/home/kaizen-ai/Desktop/thrust_bearing_app/python-backend/Downloads/bearing_complete/GOOD_20240921_035158.jpg
382,20240921.0,35251,GOOD,/home/kaizen-ai/Desktop/thrust_bearing_app/python-backend/Downloads/bearing_complete/GOOD_20240921_035251.jpg
383,20240921.0,35346,GOOD,/home/kaizen-ai/Desktop/thrust_bearing_app/python-backend/Downloads/bearing_complete/GOOD_20240921_035346.jpg
384,20240921.0,35450,GOOD,/home/kaizen-ai/Desktop/thrust_bearing_app/python-backend/Downloads/bearing_complete/GOOD_20240921_035450.jpg
385,20240921.0,35548,GOOD,/home/kaizen-ai/Desktop/thrust_bearing_app/python-backend/Downloads/bearing_complete/GOOD_20240921_035548.jpg
386,20240921.0,35627,GOOD,/home/kaizen-ai/Desktop/thrust_bearing_app/python-backend/Downloads/bearing_complete/GOOD_20240921_035627.jpg
387,20240921.0,35717,GOOD,/home/kaizen-ai/Desktop/thrust_bearing_app/python-backend/Downloads/bearing_complete/GOOD_20240921_035717.jpg
388,20240921.0,35814,GOOD,/home/kaizen-ai/Desktop/thrust_bearing_app/python-backend/Downloads/bearing_complete/GOOD_20240921_035814.jpg
389,20240921.0,35903,GOOD,/home/kaizen-ai/Desktop/thrust_bearing_app/python-backend/Downloads/bearing_complete/GOOD_20240921_035903.jpg
390,20240921.0,40018,GOOD,/home/kaizen-ai/Desktop/thrust_bearing_app/python-backend/Downloads/bearing_complete/GOOD_20240921_040018.jpg
391,20240921.0,40113,GOOD,/home/kaizen-ai/Desktop/thrust_bearing_app/python-backend/Downloads/bearing_complete/GOOD_20240921_040113.jpg
392,20240921.0,40210,GOOD,/home/kaizen-ai/Desktop/thrust_bearing_app/python-backend/Downloads/bearing_complete/GOOD_20240921_040210.jpg
393,20240921.0,40310,GOOD,/home/kaizen-ai/Desktop/thrust_bearing_app/python-backend/Downloads/bearing_complete/GOOD_20240921_040310.jpg
394,20240921.0,40421,GOOD,/home/kaizen-ai/Desktop/thrust_bearing_app/python-backend/Downloads/bearing_complete/GOOD_20240921_040421.jpg
395,20240921.0,40537,NG,/home/kaizen-ai/Desktop/thrust_bearing_app/python-backend/Downloads/not_complete/NG_20240921_040537.jpg
396,20240921.0,40630,GOOD,/home/kaizen-ai/Desktop/thrust_bearing_app/python-backend/Downloads/bearing_complete/GOOD_20240921_040630.jpg
397,20240921.0,40742,GOOD,/home/kaizen-ai/Desktop/thrust_bearing_app/python-backend/Downloads/bearing_complete/GOOD_20240921_040742.jpg
398,20240921.0,40904,NG,/home/kaizen-ai/Desktop/thrust_bearing_app/python-backend/Downloads/not_complete/NG_20240921_040904.jpg
399,20240921.0,40950,GOOD,/home/kaizen-ai/Desktop/thrust_bearing_app/python-backend/Downloads/bearing_complete/GOOD_20240921_040950.jpg
400,20240921.0,41039,GOOD,/home/kaizen-ai/Desktop/thrust_bearing_app/python-backend/Downloads/bearing_complete/GOOD_20240921_041039.jpg
401,20240921.0,41123,GOOD,/home/kaizen-ai/Desktop/thrust_bearing_app/python-backend/Downloads/bearing_complete/GOOD_20240921_041123.jpg
402,20240921.0,41236,GOOD,/home/kaizen-ai/Desktop/thrust_bearing_app/python-backend/Downloads/bearing_complete/GOOD_20240921_041236.jpg
403,20240921.0,41327,GOOD,/home/kaizen-ai/Desktop/thrust_bearing_app/python-backend/Downloads/bearing_complete/GOOD_20240921_041327.jpg
404,20240921.0,41423,GOOD,/home/kaizen-ai/Desktop/thrust_bearing_app/python-backend/Downloads/bearing_complete/GOOD_20240921_041423.jpg
405,20240921.0,41519,GOOD,/home/kaizen-ai/Desktop/thrust_bearing_app/python-backend/Downloads/bearing_complete/GOOD_20240921_041519.jpg
406,20240921.0,41626,GOOD,/home/kaizen-ai/Desktop/thrust_bearing_app/python-backend/Downloads/bearing_complete/GOOD_20240921_041626.jpg
407,20240921.0,41741,NG,/home/kaizen-ai/Desktop/thrust_bearing_app/python-backend/Downloads/not_complete/NG_20240921_041741.jpg
408,20240921.0,41829,GOOD,/home/kaizen-ai/Desktop/thrust_bearing_app/python-backend/Downloads/bearing_complete/GOOD_20240921_041829.jpg
409,20240921.0,41921,GOOD,/home/kaizen-ai/Desktop/thrust_bearing_app/python-backend/Downloads/bearing_complete/GOOD_20240921_041921.jpg
410,20240921.0,42059,GOOD,/home/kaizen-ai/Desktop/thrust_bearing_app/python-backend/Downloads/bearing_complete/GOOD_20240921_042059.jpg
411,20240921.0,42156,GOOD,/home/kaizen-ai/Desktop/thrust_bearing_app/python-backend/Downloads/bearing_complete/GOOD_20240921_042156.jpg
412,20240921.0,42249,GOOD,/home/kaizen-ai/Desktop/thrust_bearing_app/python-backend/Downloads/bearing_complete/GOOD_20240921_042249.jpg
413,20240921.0,42348,GOOD,/home/kaizen-ai/Desktop/thrust_bearing_app/python-backend/Downloads/bearing_complete/GOOD_20240921_042348.jpg
414,20240921.0,42450,GOOD,/home/kaizen-ai/Desktop/thrust_bearing_app/python-backend/Downloads/bearing_complete/GOOD_20240921_042450.jpg
415,20240921.0,42536,GOOD,/home/kaizen-ai/Desktop/thrust_bearing_app/python-backend/Downloads/bearing_complete/GOOD_20240921_042536.jpg
416,20240921.0,42724,NG,/home/kaizen-ai/Desktop/thrust_bearing_app/python-backend/Downloads/not_complete/NG_20240921_042724.jpg
417,20240921.0,42805,GOOD,/home/kaizen-ai/Desktop/thrust_bearing_app/python-backend/Downloads/bearing_complete/GOOD_20240921_042805.jpg
418,20240921.0,42901,GOOD,/home/kaizen-ai/Desktop/thrust_bearing_app/python-backend/Downloads/bearing_complete/GOOD_20240921_042901.jpg
419,20240921.0,50022,GOOD,/home/kaizen-ai/Desktop/thrust_bearing_app/python-backend/Downloads/bearing_complete/GOOD_20240921_050022.jpg
420,20240921.0,50117,GOOD,/home/kaizen-ai/Desktop/thrust_bearing_app/python-backend/Downloads/bearing_complete/GOOD_20240921_050117.jpg
421,20240921.0,50237,GOOD,/home/kaizen-ai/Desktop/thrust_bearing_app/python-backend/Downloads/bearing_complete/GOOD_20240921_050237.jpg
422,20240921.0,50344,GOOD,/home/kaizen-ai/Desktop/thrust_bearing_app/python-backend/Downloads/bearing_complete/GOOD_20240921_050344.jpg
423,20240921.0,50442,GOOD,/home/kaizen-ai/Desktop/thrust_bearing_app/python-backend/Downloads/bearing_complete/GOOD_20240921_050442.jpg
424,20240921.0,50531,GOOD,/home/kaizen-ai/Desktop/thrust_bearing_app/python-backend/Downloads/bearing_complete/GOOD_20240921_050531.jpg
425,20240921.0,50630,GOOD,/home/kaizen-ai/Desktop/thrust_bearing_app/python-backend/Downloads/bearing_complete/GOOD_20240921_050630.jpg
426,20240921.0,50740,GOOD,/home/kaizen-ai/Desktop/thrust_bearing_app/python-backend/Downloads/bearing_complete/GOOD_20240921_050740.jpg
427,20240921.0,50833,GOOD,/home/kaizen-ai/Desktop/thrust_bearing_app/python-backend/Downloads/bearing_complete/GOOD_20240921_050833.jpg
428,20240921.0,50933,GOOD,/home/kaizen-ai/Desktop/thrust_bearing_app/python-backend/Downloads/bearing_complete/GOOD_20240921_050933.jpg
429,20240921.0,51059,GOOD,/home/kaizen-ai/Desktop/thrust_bearing_app/python-backend/Downloads/bearing_complete/GOOD_20240921_051059.jpg
430,20240921.0,51143,GOOD,/home/kaizen-ai/Desktop/thrust_bearing_app/python-backend/Downloads/bearing_complete/GOOD_20240921_051143.jpg
431,20240921.0,51245,GOOD,/home/kaizen-ai/Desktop/thrust_bearing_app/python-backend/Downloads/bearing_complete/GOOD_20240921_051245.jpg
432,20240921.0,51411,NG,/home/kaizen-ai/Desktop/thrust_bearing_app/python-backend/Downloads/not_complete/NG_20240921_051411.jpg
433,20240921.0,51522,GOOD,/home/kaizen-ai/Desktop/thrust_bearing_app/python-backend/Downloads/bearing_complete/GOOD_20240921_051522.jpg
434,20240921.0,51625,GOOD,/home/kaizen-ai/Desktop/thrust_bearing_app/python-backend/Downloads/bearing_complete/GOOD_20240921_051625.jpg
435,20240921.0,51721,GOOD,/home/kaizen-ai/Desktop/thrust_bearing_app/python-backend/Downloads/bearing_complete/GOOD_20240921_051721.jpg
436,20240921.0,51829,GOOD,/home/kaizen-ai/Desktop/thrust_bearing_app/python-backend/Downloads/bearing_complete/GOOD_20240921_051829.jpg
437,20240921.0,51927,GOOD,/home/kaizen-ai/Desktop/thrust_bearing_app/python-backend/Downloads/bearing_complete/GOOD_20240921_051927.jpg
438,20240921.0,52103,GOOD,/home/kaizen-ai/Desktop/thrust_bearing_app/python-backend/Downloads/bearing_complete/GOOD_20240921_052103.jpg
439,20240921.0,52202,GOOD,/home/kaizen-ai/Desktop/thrust_bearing_app/python-backend/Downloads/bearing_complete/GOOD_20240921_052202.jpg
440,20240921.0,52303,GOOD,/home/kaizen-ai/Desktop/thrust_bearing_app/python-backend/Downloads/bearing_complete/GOOD_20240921_052303.jpg
441,20240921.0,52402,GOOD,/home/kaizen-ai/Desktop/thrust_bearing_app/python-backend/Downloads/bearing_complete/GOOD_20240921_052402.jpg
442,20240921.0,52514,GOOD,/home/kaizen-ai/Desktop/thrust_bearing_app/python-backend/Downloads/bearing_complete/GOOD_20240921_052514.jpg
443,20240921.0,52616,GOOD,/home/kaizen-ai/Desktop/thrust_bearing_app/python-backend/Downloads/bearing_complete/GOOD_20240921_052616.jpg
444,20240921.0,52710,GOOD,/home/kaizen-ai/Desktop/thrust_bearing_app/python-backend/Downloads/bearing_complete/GOOD_20240921_052710.jpg
445,20240921.0,52803,GOOD,/home/kaizen-ai/Desktop/thrust_bearing_app/python-backend/Downloads/bearing_complete/GOOD_20240921_052803.jpg
446,20240921.0,52956,GOOD,/home/kaizen-ai/Desktop/thrust_bearing_app/python-backend/Downloads/bearing_complete/GOOD_20240921_052956.jpg
447,20240921.0,53055,GOOD,/home/kaizen-ai/Desktop/thrust_bearing_app/python-backend/Downloads/bearing_complete/GOOD_20240921_053055.jpg
448,20240921.0,53156,GOOD,/home/kaizen-ai/Desktop/thrust_bearing_app/python-backend/Downloads/bearing_complete/GOOD_20240921_053156.jpg
449,20240921.0,53252,GOOD,/home/kaizen-ai/Desktop/thrust_bearing_app/python-backend/Downloads/bearing_complete/GOOD_20240921_053252.jpg
450,20240921.0,53345,NG,/home/kaizen-ai/Desktop/thrust_bearing_app/python-backend/Downloads/not_complete/NG_20240921_053345.jpg
451,20240921.0,53445,GOOD,/home/kaizen-ai/Desktop/thrust_bearing_app/python-backend/Downloads/bearing_complete/GOOD_20240921_053445.jpg
452,20240921.0,53554,GOOD,/home/kaizen-ai/Desktop/thrust_bearing_app/python-backend/Downloads/bearing_complete/GOOD_20240921_053554.jpg
453,20240921.0,53652,GOOD,/home/kaizen-ai/Desktop/thrust_bearing_app/python-backend/Downloads/bearing_complete/GOOD_20240921_053652.jpg
454,20240921.0,53757,GOOD,/home/kaizen-ai/Desktop/thrust_bearing_app/python-backend/Downloads/bearing_complete/GOOD_20240921_053757.jpg
455,20240921.0,53851,GOOD,/home/kaizen-ai/Desktop/thrust_bearing_app/python-backend/Downloads/bearing_complete/GOOD_20240921_053851.jpg
456,20240921.0,54002,GOOD,/home/kaizen-ai/Desktop/thrust_bearing_app/python-backend/Downloads/bearing_complete/GOOD_20240921_054002.jpg
457,20240921.0,54106,GOOD,/home/kaizen-ai/Desktop/thrust_bearing_app/python-backend/Downloads/bearing_complete/GOOD_20240921_054106.jpg
458,20240921.0,54214,GOOD,/home/kaizen-ai/Desktop/thrust_bearing_app/python-backend/Downloads/bearing_complete/GOOD_20240921_054214.jpg
459,20240921.0,54327,GOOD,/home/kaizen-ai/Desktop/thrust_bearing_app/python-backend/Downloads/bearing_complete/GOOD_20240921_054327.jpg
460,20240921.0,54440,NG,/home/kaizen-ai/Desktop/thrust_bearing_app/python-backend/Downloads/not_complete/NG_20240921_054440.jpg
461,20240921.0,54519,GOOD,/home/kaizen-ai/Desktop/thrust_bearing_app/python-backend/Downloads/bearing_complete/GOOD_20240921_054519.jpg
462,20240921.0,54647,NG,/home/kaizen-ai/Desktop/thrust_bearing_app/python-backend/Downloads/not_complete/NG_20240921_054647.jpg
463,20240921.0,54726,GOOD,/home/kaizen-ai/Desktop/thrust_bearing_app/python-backend/Downloads/bearing_complete/GOOD_20240921_054726.jpg
464,20240921.0,54837,GOOD,/home/kaizen-ai/Desktop/thrust_bearing_app/python-backend/Downloads/bearing_complete/GOOD_20240921_054837.jpg
465,20240921.0,55008,GOOD,/home/kaizen-ai/Desktop/thrust_bearing_app/python-backend/Downloads/bearing_complete/GOOD_20240921_055008.jpg
466,20240921.0,55113,NG,/home/kaizen-ai/Desktop/thrust_bearing_app/python-backend/Downloads/not_complete/NG_20240921_055113.jpg
467,20240921.0,55155,GOOD,/home/kaizen-ai/Desktop/thrust_bearing_app/python-backend/Downloads/bearing_complete/GOOD_20240921_055155.jpg
468,20240921.0,55311,GOOD,/home/kaizen-ai/Desktop/thrust_bearing_app/python-backend/Downloads/bearing_complete/GOOD_20240921_055311.jpg
469,20240921.0,55515,NG,/home/kaizen-ai/Desktop/thrust_bearing_app/python-backend/Downloads/not_complete/NG_20240921_055515.jpg
470,20240921.0,55650,GOOD,/home/kaizen-ai/Desktop/thrust_bearing_app/python-backend/Downloads/bearing_complete/GOOD_20240921_055650.jpg
471,20240921.0,55738,GOOD,/home/kaizen-ai/Desktop/thrust_bearing_app/python-backend/Downloads/bearing_complete/GOOD_20240921_055738.jpg
472,20240921.0,55920,GOOD,/home/kaizen-ai/Desktop/thrust_bearing_app/python-backend/Downloads/bearing_complete/GOOD_20240921_055920.jpg
473,20240921.0,60024,GOOD,/home/kaizen-ai/Desktop/thrust_bearing_app/python-backend/Downloads/bearing_complete/GOOD_20240921_060024.jpg
474,20240921.0,60146,GOOD,/home/kaizen-ai/Desktop/thrust_bearing_app/python-backend/Downloads/bearing_complete/GOOD_20240921_060146.jpg
475,20240921.0,60247,GOOD,/home/kaizen-ai/Desktop/thrust_bearing_app/python-backend/Downloads/bearing_complete/GOOD_20240921_060247.jpg
476,20240923.0,72305,GOOD,/home/kaizen-ai/Desktop/thrust_bearing_app/python-backend/Downloads/bearing_complete/GOOD_20240923_072305.jpg
477,20240923.0,72423,GOOD,/home/kaizen-ai/Desktop/thrust_bearing_app/python-backend/Downloads/bearing_complete/GOOD_20240923_072423.jpg
478,20240923.0,72853,NG,/home/kaizen-ai/Desktop/thrust_bearing_app/python-backend/Downloads/not_complete/NG_20240923_072853.jpg
479,20240923.0,72937,GOOD,/home/kaizen-ai/Desktop/thrust_bearing_app/python-backend/Downloads/bearing_complete/GOOD_20240923_072937.jpg
480,20240923.0,73045,GOOD,/home/kaizen-ai/Desktop/thrust_bearing_app/python-backend/Downloads/bearing_complete/GOOD_20240923_073045.jpg
481,20240923.0,73255,GOOD,/home/kaizen-ai/Desktop/thrust_bearing_app/python-backend/Downloads/bearing_complete/GOOD_20240923_073255.jpg
482,20240923.0,73348,GOOD,/home/kaizen-ai/Desktop/thrust_bearing_app/python-backend/Downloads/bearing_complete/GOOD_20240923_073348.jpg
483,20240923.0,73450,NG,/home/kaizen-ai/Desktop/thrust_bearing_app/python-backend/Downloads/not_complete/NG_20240923_073450.jpg
484,20240923.0,73550,GOOD,/home/kaizen-ai/Desktop/thrust_bearing_app/python-backend/Downloads/bearing_complete/GOOD_20240923_073550.jpg
485,20240923.0,73654,GOOD,/home/kaizen-ai/Desktop/thrust_bearing_app/python-backend/Downloads/bearing_complete/GOOD_20240923_073654.jpg
486,20240923.0,73803,GOOD,/home/kaizen-ai/Desktop/thrust_bearing_app/python-backend/Downloads/bearing_complete/GOOD_20240923_073803.jpg
487,20240923.0,73914,NG,/home/kaizen-ai/Desktop/thrust_bearing_app/python-backend/Downloads/not_complete/NG_20240923_073914.jpg
488,20240923.0,74013,GOOD,/home/kaizen-ai/Desktop/thrust_bearing_app/python-backend/Downloads/bearing_complete/GOOD_20240923_074013.jpg
489,20240923.0,74116,GOOD,/home/kaizen-ai/Desktop/thrust_bearing_app/python-backend/Downloads/bearing_complete/GOOD_20240923_074116.jpg
490,20240923.0,74302,GOOD,/home/kaizen-ai/Desktop/thrust_bearing_app/python-backend/Downloads/bearing_complete/GOOD_20240923_074302.jpg
491,20240923.0,74359,GOOD,/home/kaizen-ai/Desktop/thrust_bearing_app/python-backend/Downloads/bearing_complete/GOOD_20240923_074359.jpg
492,20240923.0,74516,GOOD,/home/kaizen-ai/Desktop/thrust_bearing_app/python-backend/Downloads/bearing_complete/GOOD_20240923_074516.jpg
493,20240923.0,74625,GOOD,/home/kaizen-ai/Desktop/thrust_bearing_app/python-backend/Downloads/bearing_complete/GOOD_20240923_074625.jpg
494,20240923.0,74715,GOOD,/home/kaizen-ai/Desktop/thrust_bearing_app/python-backend/Downloads/bearing_complete/GOOD_20240923_074715.jpg
495,20240923.0,74938,GOOD,/home/kaizen-ai/Desktop/thrust_bearing_app/python-backend/Downloads/bearing_complete/GOOD_20240923_074938.jpg
496,20240923.0,75222,GOOD,/home/kaizen-ai/Desktop/thrust_bearing_app/python-backend/Downloads/bearing_complete/GOOD_20240923_075222.jpg
497,20240923.0,75414,GOOD,/home/kaizen-ai/Desktop/thrust_bearing_app/python-backend/Downloads/bearing_complete/GOOD_20240923_075414.jpg
498,20240923.0,75517,GOOD,/home/kaizen-ai/Desktop/thrust_bearing_app/python-backend/Downloads/bearing_complete/GOOD_20240923_075517.jpg
499,20240923.0,75620,NG,/home/kaizen-ai/Desktop/thrust_bearing_app/python-backend/Downloads/not_complete/NG_20240923_075620.jpg
500,20240923.0,75719,GOOD,/home/kaizen-ai/Desktop/thrust_bearing_app/python-backend/Downloads/bearing_complete/GOOD_20240923_075719.jpg
501,20240923.0,75813,GOOD,/home/kaizen-ai/Desktop/thrust_bearing_app/python-backend/Downloads/bearing_complete/GOOD_20240923_075813.jpg
502,20240923.0,75934,GOOD,/home/kaizen-ai/Desktop/thrust_bearing_app/python-backend/Downloads/bearing_complete/GOOD_20240923_075934.jpg
503,20240923.0,80023,GOOD,/home/kaizen-ai/Desktop/thrust_bearing_app/python-backend/Downloads/bearing_complete/GOOD_20240923_080023.jpg
504,20240923.0,80456,GOOD,/home/kaizen-ai/Desktop/thrust_bearing_app/python-backend/Downloads/bearing_complete/GOOD_20240923_080456.jpg
505,20240923.0,80646,GOOD,/home/kaizen-ai/Desktop/thrust_bearing_app/python-backend/Downloads/bearing_complete/GOOD_20240923_080646.jpg
506,20240923.0,80805,GOOD,/home/kaizen-ai/Desktop/thrust_bearing_app/python-backend/Downloads/bearing_complete/GOOD_20240923_080805.jpg
507,20240923.0,80851,GOOD,/home/kaizen-ai/Desktop/thrust_bearing_app/python-backend/Downloads/bearing_complete/GOOD_20240923_080851.jpg
508,20240923.0,80954,GOOD,/home/kaizen-ai/Desktop/thrust_bearing_app/python-backend/Downloads/bearing_complete/GOOD_20240923_080954.jpg
509,20240923.0,81046,GOOD,/home/kaizen-ai/Desktop/thrust_bearing_app/python-backend/Downloads/bearing_complete/GOOD_20240923_081046.jpg
510,20240923.0,81149,GOOD,/home/kaizen-ai/Desktop/thrust_bearing_app/python-backend/Downloads/bearing_complete/GOOD_20240923_081149.jpg
511,20240923.0,81247,GOOD,/home/kaizen-ai/Desktop/thrust_bearing_app/python-backend/Downloads/bearing_complete/GOOD_20240923_081247.jpg
512,20240923.0,81333,GOOD,/home/kaizen-ai/Desktop/thrust_bearing_app/python-backend/Downloads/bearing_complete/GOOD_20240923_081333.jpg
513,20240923.0,81434,GOOD,/home/kaizen-ai/Desktop/thrust_bearing_app/python-backend/Downloads/bearing_complete/GOOD_20240923_081434.jpg
514,20240923.0,81533,GOOD,/home/kaizen-ai/Desktop/thrust_bearing_app/python-backend/Downloads/bearing_complete/GOOD_20240923_081533.jpg
515,20240923.0,81634,GOOD,/home/kaizen-ai/Desktop/thrust_bearing_app/python-backend/Downloads/bearing_complete/GOOD_20240923_081634.jpg
516,20240923.0,81737,GOOD,/home/kaizen-ai/Desktop/thrust_bearing_app/python-backend/Downloads/bearing_complete/GOOD_20240923_081737.jpg
517,20240923.0,81913,GOOD,/home/kaizen-ai/Desktop/thrust_bearing_app/python-backend/Downloads/bearing_complete/GOOD_20240923_081913.jpg
518,20240923.0,82030,GOOD,/home/kaizen-ai/Desktop/thrust_bearing_app/python-backend/Downloads/bearing_complete/GOOD_20240923_082030.jpg
519,20240923.0,82136,GOOD,/home/kaizen-ai/Desktop/thrust_bearing_app/python-backend/Downloads/bearing_complete/GOOD_20240923_082136.jpg
520,20240923.0,82310,GOOD,/home/kaizen-ai/Desktop/thrust_bearing_app/python-backend/Downloads/bearing_complete/GOOD_20240923_082310.jpg
521,20240923.0,82332,GOOD,/home/kaizen-ai/Desktop/thrust_bearing_app/python-backend/Downloads/bearing_complete/GOOD_20240923_082332.jpg
522,20240923.0,82457,GOOD,/home/kaizen-ai/Desktop/thrust_bearing_app/python-backend/Downloads/bearing_complete/GOOD_20240923_082457.jpg
523,20240923.0,82558,GOOD,/home/kaizen-ai/Desktop/thrust_bearing_app/python-backend/Downloads/bearing_complete/GOOD_20240923_082558.jpg
524,20240923.0,82705,GOOD,/home/kaizen-ai/Desktop/thrust_bearing_app/python-backend/Downloads/bearing_complete/GOOD_20240923_082705.jpg
525,20240923.0,82742,NG,/home/kaizen-ai/Desktop/thrust_bearing_app/python-backend/Downloads/not_complete/NG_20240923_082742.jpg
526,20240923.0,82846,GOOD,/home/kaizen-ai/Desktop/thrust_bearing_app/python-backend/Downloads/bearing_complete/GOOD_20240923_082846.jpg
527,20240923.0,82949,GOOD,/home/kaizen-ai/Desktop/thrust_bearing_app/python-backend/Downloads/bearing_complete/GOOD_20240923_082949.jpg
528,20240923.0,83053,GOOD,/home/kaizen-ai/Desktop/thrust_bearing_app/python-backend/Downloads/bearing_complete/GOOD_20240923_083053.jpg
529,20240923.0,83151,GOOD,/home/kaizen-ai/Desktop/thrust_bearing_app/python-backend/Downloads/bearing_complete/GOOD_20240923_083151.jpg
530,20240923.0,83300,GOOD,/home/kaizen-ai/Desktop/thrust_bearing_app/python-backend/Downloads/bearing_complete/GOOD_20240923_083300.jpg
531,20240923.0,83358,GOOD,/home/kaizen-ai/Desktop/thrust_bearing_app/python-backend/Downloads/bearing_complete/GOOD_20240923_083358.jpg
532,20240923.0,83509,GOOD,/home/kaizen-ai/Desktop/thrust_bearing_app/python-backend/Downloads/bearing_complete/GOOD_20240923_083509.jpg
533,20240923.0,83606,GOOD,/home/kaizen-ai/Desktop/thrust_bearing_app/python-backend/Downloads/bearing_complete/GOOD_20240923_083606.jpg
534,20240923.0,83713,GOOD,/home/kaizen-ai/Desktop/thrust_bearing_app/python-backend/Downloads/bearing_complete/GOOD_20240923_083713.jpg
535,20240923.0,83810,GOOD,/home/kaizen-ai/Desktop/thrust_bearing_app/python-backend/Downloads/bearing_complete/GOOD_20240923_083810.jpg
536,20240923.0,83908,GOOD,/home/kaizen-ai/Desktop/thrust_bearing_app/python-backend/Downloads/bearing_complete/GOOD_20240923_083908.jpg
537,20240923.0,84523,NG,/home/kaizen-ai/Desktop/thrust_bearing_app/python-backend/Downloads/not_complete/NG_20240923_084523.jpg
538,20240923.0,84624,GOOD,/home/kaizen-ai/Desktop/thrust_bearing_app/python-backend/Downloads/bearing_complete/GOOD_20240923_084624.jpg
539,20240923.0,84722,GOOD,/home/kaizen-ai/Desktop/thrust_bearing_app/python-backend/Downloads/bearing_complete/GOOD_20240923_084722.jpg
540,20240923.0,84838,GOOD,/home/kaizen-ai/Desktop/thrust_bearing_app/python-backend/Downloads/bearing_complete/GOOD_20240923_084838.jpg
541,20240923.0,84930,GOOD,/home/kaizen-ai/Desktop/thrust_bearing_app/python-backend/Downloads/bearing_complete/GOOD_20240923_084930.jpg
542,20240923.0,85031,GOOD,/home/kaizen-ai/Desktop/thrust_bearing_app/python-backend/Downloads/bearing_complete/GOOD_20240923_085031.jpg
543,20240923.0,85239,GOOD,/home/kaizen-ai/Desktop/thrust_bearing_app/python-backend/Downloads/bearing_complete/GOOD_20240923_085239.jpg
544,20240923.0,85327,GOOD,/home/kaizen-ai/Desktop/thrust_bearing_app/python-backend/Downloads/bearing_complete/GOOD_20240923_085327.jpg
545,20240923.0,85416,GOOD,/home/kaizen-ai/Desktop/thrust_bearing_app/python-backend/Downloads/bearing_complete/GOOD_20240923_085416.jpg
546,20240923.0,85517,GOOD,/home/kaizen-ai/Desktop/thrust_bearing_app/python-backend/Downloads/bearing_complete/GOOD_20240923_085517.jpg
547,20240923.0,85725,GOOD,/home/kaizen-ai/Desktop/thrust_bearing_app/python-backend/Downloads/bearing_complete/GOOD_20240923_085725.jpg
548,20240923.0,85822,GOOD,/home/kaizen-ai/Desktop/thrust_bearing_app/python-backend/Downloads/bearing_complete/GOOD_20240923_085822.jpg
549,20240923.0,85943,NG,/home/kaizen-ai/Desktop/thrust_bearing_app/python-backend/Downloads/not_complete/NG_20240923_085943.jpg
550,20240923.0,90034,GOOD,/home/kaizen-ai/Desktop/thrust_bearing_app/python-backend/Downloads/bearing_complete/GOOD_20240923_090034.jpg
551,20240923.0,90130,GOOD,/home/kaizen-ai/Desktop/thrust_bearing_app/python-backend/Downloads/bearing_complete/GOOD_20240923_090130.jpg
552,20240923.0,90334,GOOD,/home/kaizen-ai/Desktop/thrust_bearing_app/python-backend/Downloads/bearing_complete/GOOD_20240923_090334.jpg
553,20240923.0,90522,GOOD,/home/kaizen-ai/Desktop/thrust_bearing_app/python-backend/Downloads/bearing_complete/GOOD_20240923_090522.jpg
554,20240923.0,90557,GOOD,/home/kaizen-ai/Desktop/thrust_bearing_app/python-backend/Downloads/bearing_complete/GOOD_20240923_090557.jpg
555,20240923.0,90653,GOOD,/home/kaizen-ai/Desktop/thrust_bearing_app/python-backend/Downloads/bearing_complete/GOOD_20240923_090653.jpg
556,20240923.0,90800,GOOD,/home/kaizen-ai/Desktop/thrust_bearing_app/python-backend/Downloads/bearing_complete/GOOD_20240923_090800.jpg
557,20240923.0,90932,GOOD,/home/kaizen-ai/Desktop/thrust_bearing_app/python-backend/Downloads/bearing_complete/GOOD_20240923_090932.jpg
558,20240923.0,91038,GOOD,/home/kaizen-ai/Desktop/thrust_bearing_app/python-backend/Downloads/bearing_complete/GOOD_20240923_091038.jpg
559,20240923.0,91136,NG,/home/kaizen-ai/Desktop/thrust_bearing_app/python-backend/Downloads/not_complete/NG_20240923_091136.jpg
560,20240923.0,91233,GOOD,/home/kaizen-ai/Desktop/thrust_bearing_app/python-backend/Downloads/bearing_complete/GOOD_20240923_091233.jpg
561,20240923.0,91346,GOOD,/home/kaizen-ai/Desktop/thrust_bearing_app/python-backend/Downloads/bearing_complete/GOOD_20240923_091346.jpg
562,20240923.0,91453,GOOD,/home/kaizen-ai/Desktop/thrust_bearing_app/python-backend/Downloads/bearing_complete/GOOD_20240923_091453.jpg
563,20240923.0,91601,GOOD,/home/kaizen-ai/Desktop/thrust_bearing_app/python-backend/Downloads/bearing_complete/GOOD_20240923_091601.jpg
564,20240923.0,91751,GOOD,/home/kaizen-ai/Desktop/thrust_bearing_app/python-backend/Downloads/bearing_complete/GOOD_20240923_091751.jpg
565,20240923.0,92021,GOOD,/home/kaizen-ai/Desktop/thrust_bearing_app/python-backend/Downloads/bearing_complete/GOOD_20240923_092021.jpg
566,20240923.0,92056,GOOD,/home/kaizen-ai/Desktop/thrust_bearing_app/python-backend/Downloads/bearing_complete/GOOD_20240923_092056.jpg
567,20240923.0,92158,NG,/home/kaizen-ai/Desktop/thrust_bearing_app/python-backend/Downloads/not_complete/NG_20240923_092158.jpg
568,20240923.0,92313,GOOD,/home/kaizen-ai/Desktop/thrust_bearing_app/python-backend/Downloads/bearing_complete/GOOD_20240923_092313.jpg
569,20240923.0,92413,GOOD,/home/kaizen-ai/Desktop/thrust_bearing_app/python-backend/Downloads/bearing_complete/GOOD_20240923_092413.jpg
570,20240923.0,92516,GOOD,/home/kaizen-ai/Desktop/thrust_bearing_app/python-backend/Downloads/bearing_complete/GOOD_20240923_092516.jpg
571,20240923.0,92620,GOOD,/home/kaizen-ai/Desktop/thrust_bearing_app/python-backend/Downloads/bearing_complete/GOOD_20240923_092620.jpg
572,20240923.0,92743,GOOD,/home/kaizen-ai/Desktop/thrust_bearing_app/python-backend/Downloads/bearing_complete/GOOD_20240923_092743.jpg
573,20240923.0,92902,GOOD,/home/kaizen-ai/Desktop/thrust_bearing_app/python-backend/Downloads/bearing_complete/GOOD_20240923_092902.jpg
574,20240923.0,94115,GOOD,/home/kaizen-ai/Desktop/thrust_bearing_app/python-backend/Downloads/bearing_complete/GOOD_20240923_094115.jpg
575,20240923.0,94159,GOOD,/home/kaizen-ai/Desktop/thrust_bearing_app/python-backend/Downloads/bearing_complete/GOOD_20240923_094159.jpg
576,20240923.0,94254,GOOD,/home/kaizen-ai/Desktop/thrust_bearing_app/python-backend/Downloads/bearing_complete/GOOD_20240923_094254.jpg
577,20240923.0,94339,GOOD,/home/kaizen-ai/Desktop/thrust_bearing_app/python-backend/Downloads/bearing_complete/GOOD_20240923_094339.jpg
578,20240923.0,94450,GOOD,/home/kaizen-ai/Desktop/thrust_bearing_app/python-backend/Downloads/bearing_complete/GOOD_20240923_094450.jpg
579,20240923.0,94538,GOOD,/home/kaizen-ai/Desktop/thrust_bearing_app/python-backend/Downloads/bearing_complete/GOOD_20240923_094538.jpg
580,20240923.0,94648,GOOD,/home/kaizen-ai/Desktop/thrust_bearing_app/python-backend/Downloads/bearing_complete/GOOD_20240923_094648.jpg
581,20240923.0,94801,GOOD,/home/kaizen-ai/Desktop/thrust_bearing_app/python-backend/Downloads/bearing_complete/GOOD_20240923_094801.jpg
582,20240923.0,94854,GOOD,/home/kaizen-ai/Desktop/thrust_bearing_app/python-backend/Downloads/bearing_complete/GOOD_20240923_094854.jpg
583,20240923.0,95027,GOOD,/home/kaizen-ai/Desktop/thrust_bearing_app/python-backend/Downloads/bearing_complete/GOOD_20240923_095027.jpg
584,20240923.0,95154,NG,/home/kaizen-ai/Desktop/thrust_bearing_app/python-backend/Downloads/not_complete/NG_20240923_095154.jpg
585,20240923.0,95355,GOOD,/home/kaizen-ai/Desktop/thrust_bearing_app/python-backend/Downloads/bearing_complete/GOOD_20240923_095355.jpg
586,20240923.0,95453,GOOD,/home/kaizen-ai/Desktop/thrust_bearing_app/python-backend/Downloads/bearing_complete/GOOD_20240923_095453.jpg
587,20240923.0,95552,GOOD,/home/kaizen-ai/Desktop/thrust_bearing_app/python-backend/Downloads/bearing_complete/GOOD_20240923_095552.jpg
588,20240923.0,95648,GOOD,/home/kaizen-ai/Desktop/thrust_bearing_app/python-backend/Downloads/bearing_complete/GOOD_20240923_095648.jpg
589,20240923.0,95745,GOOD,/home/kaizen-ai/Desktop/thrust_bearing_app/python-backend/Downloads/bearing_complete/GOOD_20240923_095745.jpg
590,20240923.0,100030,GOOD,/home/kaizen-ai/Desktop/thrust_bearing_app/python-backend/Downloads/bearing_complete/GOOD_20240923_100030.jpg
591,20240923.0,100103,GOOD,/home/kaizen-ai/Desktop/thrust_bearing_app/python-backend/Downloads/bearing_complete/GOOD_20240923_100103.jpg
592,20240923.0,100215,GOOD,/home/kaizen-ai/Desktop/thrust_bearing_app/python-backend/Downloads/bearing_complete/GOOD_20240923_100215.jpg
593,20240923.0,100303,GOOD,/home/kaizen-ai/Desktop/thrust_bearing_app/python-backend/Downloads/bearing_complete/GOOD_20240923_100303.jpg
594,20240923.0,100355,GOOD,/home/kaizen-ai/Desktop/thrust_bearing_app/python-backend/Downloads/bearing_complete/GOOD_20240923_100355.jpg
595,20240923.0,100453,GOOD,/home/kaizen-ai/Desktop/thrust_bearing_app/python-backend/Downloads/bearing_complete/GOOD_20240923_100453.jpg
596,20240923.0,100551,GOOD,/home/kaizen-ai/Desktop/thrust_bearing_app/python-backend/Downloads/bearing_complete/GOOD_20240923_100551.jpg
597,20240923.0,100652,GOOD,/home/kaizen-ai/Desktop/thrust_bearing_app/python-backend/Downloads/bearing_complete/GOOD_20240923_100652.jpg
598,20240923.0,100808,GOOD,/home/kaizen-ai/Desktop/thrust_bearing_app/python-backend/Downloads/bearing_complete/GOOD_20240923_100808.jpg
599,20240923.0,100901,GOOD,/home/kaizen-ai/Desktop/thrust_bearing_app/python-backend/Downloads/bearing_complete/GOOD_20240923_100901.jpg
600,20240923.0,101029,NG,/home/kaizen-ai/Desktop/thrust_bearing_app/python-backend/Downloads/not_complete/NG_20240923_101029.jpg
601,20240923.0,101117,GOOD,/home/kaizen-ai/Desktop/thrust_bearing_app/python-backend/Downloads/bearing_complete/GOOD_20240923_101117.jpg
602,20240923.0,101202,GOOD,/home/kaizen-ai/Desktop/thrust_bearing_app/python-backend/Downloads/bearing_complete/GOOD_20240923_101202.jpg
603,20240923.0,101310,GOOD,/home/kaizen-ai/Desktop/thrust_bearing_app/python-backend/Downloads/bearing_complete/GOOD_20240923_101310.jpg
604,20240923.0,101446,GOOD,/home/kaizen-ai/Desktop/thrust_bearing_app/python-backend/Downloads/bearing_complete/GOOD_20240923_101446.jpg
605,20240923.0,101542,GOOD,/home/kaizen-ai/Desktop/thrust_bearing_app/python-backend/Downloads/bearing_complete/GOOD_20240923_101542.jpg
606,20240923.0,101712,GOOD,/home/kaizen-ai/Desktop/thrust_bearing_app/python-backend/Downloads/bearing_complete/GOOD_20240923_101712.jpg
607,20240923.0,101815,GOOD,/home/kaizen-ai/Desktop/thrust_bearing_app/python-backend/Downloads/bearing_complete/GOOD_20240923_101815.jpg
608,20240923.0,101915,GOOD,/home/kaizen-ai/Desktop/thrust_bearing_app/python-backend/Downloads/bearing_complete/GOOD_20240923_101915.jpg
609,20240923.0,102023,GOOD,/home/kaizen-ai/Desktop/thrust_bearing_app/python-backend/Downloads/bearing_complete/GOOD_20240923_102023.jpg
610,20240923.0,102253,GOOD,/home/kaizen-ai/Desktop/thrust_bearing_app/python-backend/Downloads/bearing_complete/GOOD_20240923_102253.jpg
611,20240923.0,102317,GOOD,/home/kaizen-ai/Desktop/thrust_bearing_app/python-backend/Downloads/bearing_complete/GOOD_20240923_102317.jpg
612,20240923.0,102450,NG,/home/kaizen-ai/Desktop/thrust_bearing_app/python-backend/Downloads/not_complete/NG_20240923_102450.jpg
613,20240923.0,102532,GOOD,/home/kaizen-ai/Desktop/thrust_bearing_app/python-backend/Downloads/bearing_complete/GOOD_20240923_102532.jpg
614,20240923.0,102727,GOOD,/home/kaizen-ai/Desktop/thrust_bearing_app/python-backend/Downloads/bearing_complete/GOOD_20240923_102727.jpg
615,20240923.0,102818,GOOD,/home/kaizen-ai/Desktop/thrust_bearing_app/python-backend/Downloads/bearing_complete/GOOD_20240923_102818.jpg
616,20240923.0,102901,GOOD,/home/kaizen-ai/Desktop/thrust_bearing_app/python-backend/Downloads/bearing_complete/GOOD_20240923_102901.jpg
617,20240923.0,103043,GOOD,/home/kaizen-ai/Desktop/thrust_bearing_app/python-backend/Downloads/bearing_complete/GOOD_20240923_103043.jpg
618,20240923.0,103106,GOOD,/home/kaizen-ai/Desktop/thrust_bearing_app/python-backend/Downloads/bearing_complete/GOOD_20240923_103106.jpg
619,20240923.0,103259,GOOD,/home/kaizen-ai/Desktop/thrust_bearing_app/python-backend/Downloads/bearing_complete/GOOD_20240923_103259.jpg
620,20240923.0,103355,GOOD,/home/kaizen-ai/Desktop/thrust_bearing_app/python-backend/Downloads/bearing_complete/GOOD_20240923_103355.jpg
621,20240923.0,103501,NG,/home/kaizen-ai/Desktop/thrust_bearing_app/python-backend/Downloads/not_complete/NG_20240923_103501.jpg
622,20240923.0,103555,GOOD,/home/kaizen-ai/Desktop/thrust_bearing_app/python-backend/Downloads/bearing_complete/GOOD_20240923_103555.jpg
623,20240923.0,103705,GOOD,/home/kaizen-ai/Desktop/thrust_bearing_app/python-backend/Downloads/bearing_complete/GOOD_20240923_103705.jpg
624,20240923.0,103852,GOOD,/home/kaizen-ai/Desktop/thrust_bearing_app/python-backend/Downloads/bearing_complete/GOOD_20240923_103852.jpg
625,20240923.0,103959,GOOD,/home/kaizen-ai/Desktop/thrust_bearing_app/python-backend/Downloads/bearing_complete/GOOD_20240923_103959.jpg
626,20240923.0,104106,GOOD,/home/kaizen-ai/Desktop/thrust_bearing_app/python-backend/Downloads/bearing_complete/GOOD_20240923_104106.jpg
627,20240923.0,104229,GOOD,/home/kaizen-ai/Desktop/thrust_bearing_app/python-backend/Downloads/bearing_complete/GOOD_20240923_104229.jpg
628,20240923.0,104305,GOOD,/home/kaizen-ai/Desktop/thrust_bearing_app/python-backend/Downloads/bearing_complete/GOOD_20240923_104305.jpg
629,20240923.0,104454,GOOD,/home/kaizen-ai/Desktop/thrust_bearing_app/python-backend/Downloads/bearing_complete/GOOD_20240923_104454.jpg
630,20240923.0,104600,GOOD,/home/kaizen-ai/Desktop/thrust_bearing_app/python-backend/Downloads/bearing_complete/GOOD_20240923_104600.jpg
631,20240923.0,104705,GOOD,/home/kaizen-ai/Desktop/thrust_bearing_app/python-backend/Downloads/bearing_complete/GOOD_20240923_104705.jpg
632,20240923.0,104811,NG,/home/kaizen-ai/Desktop/thrust_bearing_app/python-backend/Downloads/not_complete/NG_20240923_104811.jpg
633,20240923.0,104953,GOOD,/home/kaizen-ai/Desktop/thrust_bearing_app/python-backend/Downloads/bearing_complete/GOOD_20240923_104953.jpg
634,20240923.0,105010,GOOD,/home/kaizen-ai/Desktop/thrust_bearing_app/python-backend/Downloads/bearing_complete/GOOD_20240923_105010.jpg
635,20240923.0,105113,GOOD,/home/kaizen-ai/Desktop/thrust_bearing_app/python-backend/Downloads/bearing_complete/GOOD_20240923_105113.jpg
636,20240923.0,105227,GOOD,/home/kaizen-ai/Desktop/thrust_bearing_app/python-backend/Downloads/bearing_complete/GOOD_20240923_105227.jpg
637,20240923.0,105330,GOOD,/home/kaizen-ai/Desktop/thrust_bearing_app/python-backend/Downloads/bearing_complete/GOOD_20240923_105330.jpg
638,20240923.0,105417,GOOD,/home/kaizen-ai/Desktop/thrust_bearing_app/python-backend/Downloads/bearing_complete/GOOD_20240923_105417.jpg
639,20240923.0,105526,GOOD,/home/kaizen-ai/Desktop/thrust_bearing_app/python-backend/Downloads/bearing_complete/GOOD_20240923_105526.jpg
640,20240923.0,105651,NG,/home/kaizen-ai/Desktop/thrust_bearing_app/python-backend/Downloads/not_complete/NG_20240923_105651.jpg
641,20240923.0,105734,GOOD,/home/kaizen-ai/Desktop/thrust_bearing_app/python-backend/Downloads/bearing_complete/GOOD_20240923_105734.jpg
642,20240923.0,105816,GOOD,/home/kaizen-ai/Desktop/thrust_bearing_app/python-backend/Downloads/bearing_complete/GOOD_20240923_105816.jpg
643,20240923.0,105917,GOOD,/home/kaizen-ai/Desktop/thrust_bearing_app/python-backend/Downloads/bearing_complete/GOOD_20240923_105917.jpg
644,20240923.0,110043,GOOD,/home/kaizen-ai/Desktop/thrust_bearing_app/python-backend/Downloads/bearing_complete/GOOD_20240923_110043.jpg
645,20240923.0,110152,GOOD,/home/kaizen-ai/Desktop/thrust_bearing_app/python-backend/Downloads/bearing_complete/GOOD_20240923_110152.jpg
646,20240923.0,110212,GOOD,/home/kaizen-ai/Desktop/thrust_bearing_app/python-backend/Downloads/bearing_complete/GOOD_20240923_110212.jpg
647,20240923.0,110326,GOOD,/home/kaizen-ai/Desktop/thrust_bearing_app/python-backend/Downloads/bearing_complete/GOOD_20240923_110326.jpg
648,20240923.0,110606,NG,/home/kaizen-ai/Desktop/thrust_bearing_app/python-backend/Downloads/not_complete/NG_20240923_110606.jpg
649,20240923.0,110633,GOOD,/home/kaizen-ai/Desktop/thrust_bearing_app/python-backend/Downloads/bearing_complete/GOOD_20240923_110633.jpg
650,20240923.0,110814,GOOD,/home/kaizen-ai/Desktop/thrust_bearing_app/python-backend/Downloads/bearing_complete/GOOD_20240923_110814.jpg
651,20240923.0,110916,GOOD,/home/kaizen-ai/Desktop/thrust_bearing_app/python-backend/Downloads/bearing_complete/GOOD_20240923_110916.jpg
652,20240923.0,111011,GOOD,/home/kaizen-ai/Desktop/thrust_bearing_app/python-backend/Downloads/bearing_complete/GOOD_20240923_111011.jpg
653,20240923.0,111107,GOOD,/home/kaizen-ai/Desktop/thrust_bearing_app/python-backend/Downloads/bearing_complete/GOOD_20240923_111107.jpg
654,20240923.0,111242,GOOD,/home/kaizen-ai/Desktop/thrust_bearing_app/python-backend/Downloads/bearing_complete/GOOD_20240923_111242.jpg
655,20240923.0,111348,GOOD,/home/kaizen-ai/Desktop/thrust_bearing_app/python-backend/Downloads/bearing_complete/GOOD_20240923_111348.jpg
656,20240923.0,111442,GOOD,/home/kaizen-ai/Desktop/thrust_bearing_app/python-backend/Downloads/bearing_complete/GOOD_20240923_111442.jpg
657,20240923.0,111552,GOOD,/home/kaizen-ai/Desktop/thrust_bearing_app/python-backend/Downloads/bearing_complete/GOOD_20240923_111552.jpg
658,20240923.0,111718,GOOD,/home/kaizen-ai/Desktop/thrust_bearing_app/python-backend/Downloads/bearing_complete/GOOD_20240923_111718.jpg
659,20240923.0,112033,NG,/home/kaizen-ai/Desktop/thrust_bearing_app/python-backend/Downloads/not_complete/NG_20240923_112033.jpg
660,20240923.0,112128,GOOD,/home/kaizen-ai/Desktop/thrust_bearing_app/python-backend/Downloads/bearing_complete/GOOD_20240923_112128.jpg
661,20240923.0,112257,GOOD,/home/kaizen-ai/Desktop/thrust_bearing_app/python-backend/Downloads/bearing_complete/GOOD_20240923_112257.jpg
662,20240923.0,112356,GOOD,/home/kaizen-ai/Desktop/thrust_bearing_app/python-backend/Downloads/bearing_complete/GOOD_20240923_112356.jpg
663,20240923.0,112524,GOOD,/home/kaizen-ai/Desktop/thrust_bearing_app/python-backend/Downloads/bearing_complete/GOOD_20240923_112524.jpg
664,20240923.0,112628,GOOD,/home/kaizen-ai/Desktop/thrust_bearing_app/python-backend/Downloads/bearing_complete/GOOD_20240923_112628.jpg
665,20240923.0,112727,GOOD,/home/kaizen-ai/Desktop/thrust_bearing_app/python-backend/Downloads/bearing_complete/GOOD_20240923_112727.jpg
666,20240923.0,112901,NG,/home/kaizen-ai/Desktop/thrust_bearing_app/python-backend/Downloads/not_complete/NG_20240923_112901.jpg
667,20240923.0,112929,GOOD,/home/kaizen-ai/Desktop/thrust_bearing_app/python-backend/Downloads/bearing_complete/GOOD_20240923_112929.jpg
668,20240923.0,113040,GOOD,/home/kaizen-ai/Desktop/thrust_bearing_app/python-backend/Downloads/bearing_complete/GOOD_20240923_113040.jpg
669,20240923.0,113236,GOOD,/home/kaizen-ai/Desktop/thrust_bearing_app/python-backend/Downloads/bearing_complete/GOOD_20240923_113236.jpg
670,20240923.0,113339,GOOD,/home/kaizen-ai/Desktop/thrust_bearing_app/python-backend/Downloads/bearing_complete/GOOD_20240923_113339.jpg
671,20240923.0,113442,GOOD,/home/kaizen-ai/Desktop/thrust_bearing_app/python-backend/Downloads/bearing_complete/GOOD_20240923_113442.jpg
672,20240923.0,113540,GOOD,/home/kaizen-ai/Desktop/thrust_bearing_app/python-backend/Downloads/bearing_complete/GOOD_20240923_113540.jpg
673,20240923.0,113709,GOOD,/home/kaizen-ai/Desktop/thrust_bearing_app/python-backend/Downloads/bearing_complete/GOOD_20240923_113709.jpg
674,20240923.0,113822,GOOD,/home/kaizen-ai/Desktop/thrust_bearing_app/python-backend/Downloads/bearing_complete/GOOD_20240923_113822.jpg
675,20240923.0,130203,GOOD,/home/kaizen-ai/Desktop/thrust_bearing_app/python-backend/Downloads/bearing_complete/GOOD_20240923_130203.jpg
676,20240923.0,130502,NG,/home/kaizen-ai/Desktop/thrust_bearing_app/python-backend/Downloads/not_complete/NG_20240923_130502.jpg
677,20240923.0,130543,GOOD,/home/kaizen-ai/Desktop/thrust_bearing_app/python-backend/Downloads/bearing_complete/GOOD_20240923_130543.jpg
678,20240923.0,130649,GOOD,/home/kaizen-ai/Desktop/thrust_bearing_app/python-backend/Downloads/bearing_complete/GOOD_20240923_130649.jpg
679,20240923.0,130745,GOOD,/home/kaizen-ai/Desktop/thrust_bearing_app/python-backend/Downloads/bearing_complete/GOOD_20240923_130745.jpg
680,20240923.0,130841,GOOD,/home/kaizen-ai/Desktop/thrust_bearing_app/python-backend/Downloads/bearing_complete/GOOD_20240923_130841.jpg
681,20240923.0,130944,GOOD,/home/kaizen-ai/Desktop/thrust_bearing_app/python-backend/Downloads/bearing_complete/GOOD_20240923_130944.jpg
682,20240923.0,131050,GOOD,/home/kaizen-ai/Desktop/thrust_bearing_app/python-backend/Downloads/bearing_complete/GOOD_20240923_131050.jpg
683,20240923.0,132420,GOOD,/home/kaizen-ai/Desktop/thrust_bearing_app/python-backend/Downloads/bearing_complete/GOOD_20240923_132420.jpg
684,20240923.0,132511,GOOD,/home/kaizen-ai/Desktop/thrust_bearing_app/python-backend/Downloads/bearing_complete/GOOD_20240923_132511.jpg
685,20240923.0,132734,NG,/home/kaizen-ai/Desktop/thrust_bearing_app/python-backend/Downloads/not_complete/NG_20240923_132734.jpg
686,20240923.0,132903,GOOD,/home/kaizen-ai/Desktop/thrust_bearing_app/python-backend/Downloads/bearing_complete/GOOD_20240923_132903.jpg
687,20240923.0,133037,GOOD,/home/kaizen-ai/Desktop/thrust_bearing_app/python-backend/Downloads/bearing_complete/GOOD_20240923_133037.jpg
688,20240923.0,133127,GOOD,/home/kaizen-ai/Desktop/thrust_bearing_app/python-backend/Downloads/bearing_complete/GOOD_20240923_133127.jpg
689,20240923.0,133231,GOOD,/home/kaizen-ai/Desktop/thrust_bearing_app/python-backend/Downloads/bearing_complete/GOOD_20240923_133231.jpg
690,20240923.0,133401,GOOD,/home/kaizen-ai/Desktop/thrust_bearing_app/python-backend/Downloads/bearing_complete/GOOD_20240923_133401.jpg
691,20240923.0,133507,GOOD,/home/kaizen-ai/Desktop/thrust_bearing_app/python-backend/Downloads/bearing_complete/GOOD_20240923_133507.jpg
692,20240923.0,133616,NG,/home/kaizen-ai/Desktop/thrust_bearing_app/python-backend/Downloads/not_complete/NG_20240923_133616.jpg
693,20240923.0,133718,GOOD,/home/kaizen-ai/Desktop/thrust_bearing_app/python-backend/Downloads/bearing_complete/GOOD_20240923_133718.jpg
694,20240923.0,133811,GOOD,/home/kaizen-ai/Desktop/thrust_bearing_app/python-backend/Downloads/bearing_complete/GOOD_20240923_133811.jpg
695,20240923.0,133923,GOOD,/home/kaizen-ai/Desktop/thrust_bearing_app/python-backend/Downloads/bearing_complete/GOOD_20240923_133923.jpg
696,20240923.0,134038,NG,/home/kaizen-ai/Desktop/thrust_bearing_app/python-backend/Downloads/not_complete/NG_20240923_134038.jpg
697,20240923.0,134114,GOOD,/home/kaizen-ai/Desktop/thrust_bearing_app/python-backend/Downloads/bearing_complete/GOOD_20240923_134114.jpg
698,20240923.0,134237,GOOD,/home/kaizen-ai/Desktop/thrust_bearing_app/python-backend/Downloads/bearing_complete/GOOD_20240923_134237.jpg
699,20240923.0,134325,GOOD,/home/kaizen-ai/Desktop/thrust_bearing_app/python-backend/Downloads/bearing_complete/GOOD_20240923_134325.jpg
700,20240923.0,134420,GOOD,/home/kaizen-ai/Desktop/thrust_bearing_app/python-backend/Downloads/bearing_complete/GOOD_20240923_134420.jpg
701,20240923.0,134535,NG,/home/kaizen-ai/Desktop/thrust_bearing_app/python-backend/Downloads/not_complete/NG_20240923_134535.jpg
702,20240923.0,134624,GOOD,/home/kaizen-ai/Desktop/thrust_bearing_app/python-backend/Downloads/bearing_complete/GOOD_20240923_134624.jpg
703,20240923.0,134724,GOOD,/home/kaizen-ai/Desktop/thrust_bearing_app/python-backend/Downloads/bearing_complete/GOOD_20240923_134724.jpg
704,20240923.0,134851,NG,/home/kaizen-ai/Desktop/thrust_bearing_app/python-backend/Downloads/not_complete/NG_20240923_134851.jpg
705,20240923.0,134954,NG,/home/kaizen-ai/Desktop/thrust_bearing_app/python-backend/Downloads/not_complete/NG_20240923_134954.jpg
706,20240923.0,135103,NG,/home/kaizen-ai/Desktop/thrust_bearing_app/python-backend/Downloads/not_complete/NG_20240923_135103.jpg
707,20240923.0,135143,GOOD,/home/kaizen-ai/Desktop/thrust_bearing_app/python-backend/Downloads/bearing_complete/GOOD_20240923_135143.jpg
708,20240923.0,135228,GOOD,/home/kaizen-ai/Desktop/thrust_bearing_app/python-backend/Downloads/bearing_complete/GOOD_20240923_135228.jpg
709,20240923.0,135418,GOOD,/home/kaizen-ai/Desktop/thrust_bearing_app/python-backend/Downloads/bearing_complete/GOOD_20240923_135418.jpg
710,20240923.0,135507,GOOD,/home/kaizen-ai/Desktop/thrust_bearing_app/python-backend/Downloads/bearing_complete/GOOD_20240923_135507.jpg
711,20240923.0,135710,GOOD,/home/kaizen-ai/Desktop/thrust_bearing_app/python-backend/Downloads/bearing_complete/GOOD_20240923_135710.jpg
712,20240923.0,135941,NG,/home/kaizen-ai/Desktop/thrust_bearing_app/python-backend/Downloads/not_complete/NG_20240923_135941.jpg
713,20240923.0,140126,NG,/home/kaizen-ai/Desktop/thrust_bearing_app/python-backend/Downloads/not_complete/NG_20240923_140126.jpg
714,20240923.0,140941,GOOD,/home/kaizen-ai/Desktop/thrust_bearing_app/python-backend/Downloads/bearing_complete/GOOD_20240923_140941.jpg
715,20240923.0,141032,GOOD,/home/kaizen-ai/Desktop/thrust_bearing_app/python-backend/Downloads/bearing_complete/GOOD_20240923_141032.jpg
716,20240923.0,141305,GOOD,/home/kaizen-ai/Desktop/thrust_bearing_app/python-backend/Downloads/bearing_complete/GOOD_20240923_141305.jpg
717,20240923.0,141405,GOOD,/home/kaizen-ai/Desktop/thrust_bearing_app/python-backend/Downloads/bearing_complete/GOOD_20240923_141405.jpg
718,20240923.0,141441,GOOD,/home/kaizen-ai/Desktop/thrust_bearing_app/python-backend/Downloads/bearing_complete/GOOD_20240923_141441.jpg
719,20240923.0,141536,GOOD,/home/kaizen-ai/Desktop/thrust_bearing_app/python-backend/Downloads/bearing_complete/GOOD_20240923_141536.jpg
720,20240923.0,141635,GOOD,/home/kaizen-ai/Desktop/thrust_bearing_app/python-backend/Downloads/bearing_complete/GOOD_20240923_141635.jpg
721,20240923.0,141852,GOOD,/home/kaizen-ai/Desktop/thrust_bearing_app/python-backend/Downloads/bearing_complete/GOOD_20240923_141852.jpg
722,20240923.0,141940,GOOD,/home/kaizen-ai/Desktop/thrust_bearing_app/python-backend/Downloads/bearing_complete/GOOD_20240923_141940.jpg
723,20240923.0,142106,NG,/home/kaizen-ai/Desktop/thrust_bearing_app/python-backend/Downloads/not_complete/NG_20240923_142106.jpg
724,20240923.0,142156,GOOD,/home/kaizen-ai/Desktop/thrust_bearing_app/python-backend/Downloads/bearing_complete/GOOD_20240923_142156.jpg
725,20240923.0,142247,GOOD,/home/kaizen-ai/Desktop/thrust_bearing_app/python-backend/Downloads/bearing_complete/GOOD_20240923_142247.jpg
726,20240923.0,142344,GOOD,/home/kaizen-ai/Desktop/thrust_bearing_app/python-backend/Downloads/bearing_complete/GOOD_20240923_142344.jpg
727,20240923.0,142431,GOOD,/home/kaizen-ai/Desktop/thrust_bearing_app/python-backend/Downloads/bearing_complete/GOOD_20240923_142431.jpg
728,20240923.0,142534,GOOD,/home/kaizen-ai/Desktop/thrust_bearing_app/python-backend/Downloads/bearing_complete/GOOD_20240923_142534.jpg
729,20240923.0,142623,GOOD,/home/kaizen-ai/Desktop/thrust_bearing_app/python-backend/Downloads/bearing_complete/GOOD_20240923_142623.jpg
730,20240923.0,142711,GOOD,/home/kaizen-ai/Desktop/thrust_bearing_app/python-backend/Downloads/bearing_complete/GOOD_20240923_142711.jpg
731,20240923.0,142821,GOOD,/home/kaizen-ai/Desktop/thrust_bearing_app/python-backend/Downloads/bearing_complete/GOOD_20240923_142821.jpg
732,20240923.0,142939,GOOD,/home/kaizen-ai/Desktop/thrust_bearing_app/python-backend/Downloads/bearing_complete/GOOD_20240923_142939.jpg
733,20240923.0,143045,NG,/home/kaizen-ai/Desktop/thrust_bearing_app/python-backend/Downloads/not_complete/NG_20240923_143045.jpg
734,20240923.0,143228,GOOD,/home/kaizen-ai/Desktop/thrust_bearing_app/python-backend/Downloads/bearing_complete/GOOD_20240923_143228.jpg
735,20240923.0,143341,GOOD,/home/kaizen-ai/Desktop/thrust_bearing_app/python-backend/Downloads/bearing_complete/GOOD_20240923_143341.jpg
736,20240923.0,143426,GOOD,/home/kaizen-ai/Desktop/thrust_bearing_app/python-backend/Downloads/bearing_complete/GOOD_20240923_143426.jpg
737,20240923.0,143520,GOOD,/home/kaizen-ai/Desktop/thrust_bearing_app/python-backend/Downloads/bearing_complete/GOOD_20240923_143520.jpg
738,20240923.0,143619,GOOD,/home/kaizen-ai/Desktop/thrust_bearing_app/python-backend/Downloads/bearing_complete/GOOD_20240923_143619.jpg
739,20240923.0,143713,GOOD,/home/kaizen-ai/Desktop/thrust_bearing_app/python-backend/Downloads/bearing_complete/GOOD_20240923_143713.jpg
740,20240923.0,143829,NG,/home/kaizen-ai/Desktop/thrust_bearing_app/python-backend/Downloads/not_complete/NG_20240923_143829.jpg
741,20240923.0,143921,GOOD,/home/kaizen-ai/Desktop/thrust_bearing_app/python-backend/Downloads/bearing_complete/GOOD_20240923_143921.jpg
742,20240923.0,144117,GOOD,/home/kaizen-ai/Desktop/thrust_bearing_app/python-backend/Downloads/bearing_complete/GOOD_20240923_144117.jpg
743,20240923.0,144209,GOOD,/home/kaizen-ai/Desktop/thrust_bearing_app/python-backend/Downloads/bearing_complete/GOOD_20240923_144209.jpg
744,20240923.0,144424,GOOD,/home/kaizen-ai/Desktop/thrust_bearing_app/python-backend/Downloads/bearing_complete/GOOD_20240923_144424.jpg
745,20240923.0,144719,GOOD,/home/kaizen-ai/Desktop/thrust_bearing_app/python-backend/Downloads/bearing_complete/GOOD_20240923_144719.jpg
746,20240923.0,144820,GOOD,/home/kaizen-ai/Desktop/thrust_bearing_app/python-backend/Downloads/bearing_complete/GOOD_20240923_144820.jpg
747,20240923.0,145012,GOOD,/home/kaizen-ai/Desktop/thrust_bearing_app/python-backend/Downloads/bearing_complete/GOOD_20240923_145012.jpg
748,20240923.0,145121,NG,/home/kaizen-ai/Desktop/thrust_bearing_app/python-backend/Downloads/not_complete/NG_20240923_145121.jpg
749,20240923.0,145216,GOOD,/home/kaizen-ai/Desktop/thrust_bearing_app/python-backend/Downloads/bearing_complete/GOOD_20240923_145216.jpg
750,20240923.0,145304,GOOD,/home/kaizen-ai/Desktop/thrust_bearing_app/python-backend/Downloads/bearing_complete/GOOD_20240923_145304.jpg
751,20240923.0,145406,GOOD,/home/kaizen-ai/Desktop/thrust_bearing_app/python-backend/Downloads/bearing_complete/GOOD_20240923_145406.jpg
752,20240923.0,145508,GOOD,/home/kaizen-ai/Desktop/thrust_bearing_app/python-backend/Downloads/bearing_complete/GOOD_20240923_145508.jpg
753,20240923.0,145613,GOOD,/home/kaizen-ai/Desktop/thrust_bearing_app/python-backend/Downloads/bearing_complete/GOOD_20240923_145613.jpg
754,20240923.0,152654,GOOD,/home/kaizen-ai/Desktop/thrust_bearing_app/python-backend/Downloads/bearing_complete/GOOD_20240923_152654.jpg
755,20240923.0,152817,GOOD,/home/kaizen-ai/Desktop/thrust_bearing_app/python-backend/Downloads/bearing_complete/GOOD_20240923_152817.jpg
756,20240923.0,152925,GOOD,/home/kaizen-ai/Desktop/thrust_bearing_app/python-backend/Downloads/bearing_complete/GOOD_20240923_152925.jpg
757,20240923.0,153027,GOOD,/home/kaizen-ai/Desktop/thrust_bearing_app/python-backend/Downloads/bearing_complete/GOOD_20240923_153027.jpg
758,20240923.0,153147,NG,/home/kaizen-ai/Desktop/thrust_bearing_app/python-backend/Downloads/not_complete/NG_20240923_153147.jpg
759,20240923.0,153301,NG,/home/kaizen-ai/Desktop/thrust_bearing_app/python-backend/Downloads/not_complete/NG_20240923_153301.jpg
760,20240923.0,153316,GOOD,/home/kaizen-ai/Desktop/thrust_bearing_app/python-backend/Downloads/bearing_complete/GOOD_20240923_153316.jpg
761,20240923.0,153456,GOOD,/home/kaizen-ai/Desktop/thrust_bearing_app/python-backend/Downloads/bearing_complete/GOOD_20240923_153456.jpg
762,20240923.0,153603,GOOD,/home/kaizen-ai/Desktop/thrust_bearing_app/python-backend/Downloads/bearing_complete/GOOD_20240923_153603.jpg
763,20240923.0,153708,NG,/home/kaizen-ai/Desktop/thrust_bearing_app/python-backend/Downloads/not_complete/NG_20240923_153708.jpg
764,20240923.0,153748,GOOD,/home/kaizen-ai/Desktop/thrust_bearing_app/python-backend/Downloads/bearing_complete/GOOD_20240923_153748.jpg
765,20240923.0,153851,GOOD,/home/kaizen-ai/Desktop/thrust_bearing_app/python-backend/Downloads/bearing_complete/GOOD_20240923_153851.jpg
766,20240923.0,154027,GOOD,/home/kaizen-ai/Desktop/thrust_bearing_app/python-backend/Downloads/bearing_complete/GOOD_20240923_154027.jpg
767,20240923.0,154214,GOOD,/home/kaizen-ai/Desktop/thrust_bearing_app/python-backend/Downloads/bearing_complete/GOOD_20240923_154214.jpg
768,20240923.0,154318,GOOD,/home/kaizen-ai/Desktop/thrust_bearing_app/python-backend/Downloads/bearing_complete/GOOD_20240923_154318.jpg
769,20240923.0,154431,GOOD,/home/kaizen-ai/Desktop/thrust_bearing_app/python-backend/Downloads/bearing_complete/GOOD_20240923_154431.jpg
770,20240923.0,154525,GOOD,/home/kaizen-ai/Desktop/thrust_bearing_app/python-backend/Downloads/bearing_complete/GOOD_20240923_154525.jpg
771,20240923.0,154629,GOOD,/home/kaizen-ai/Desktop/thrust_bearing_app/python-backend/Downloads/bearing_complete/GOOD_20240923_154629.jpg
772,20240923.0,154732,GOOD,/home/kaizen-ai/Desktop/thrust_bearing_app/python-backend/Downloads/bearing_complete/GOOD_20240923_154732.jpg
773,20240923.0,154838,GOOD,/home/kaizen-ai/Desktop/thrust_bearing_app/python-backend/Downloads/bearing_complete/GOOD_20240923_154838.jpg
774,20240923.0,154949,GOOD,/home/kaizen-ai/Desktop/thrust_bearing_app/python-backend/Downloads/bearing_complete/GOOD_20240923_154949.jpg
775,20240923.0,155039,GOOD,/home/kaizen-ai/Desktop/thrust_bearing_app/python-backend/Downloads/bearing_complete/GOOD_20240923_155039.jpg
776,20240923.0,155135,NG,/home/kaizen-ai/Desktop/thrust_bearing_app/python-backend/Downloads/not_complete/NG_20240923_155135.jpg
777,20240923.0,155246,NG,/home/kaizen-ai/Desktop/thrust_bearing_app/python-backend/Downloads/not_complete/NG_20240923_155246.jpg
778,20240923.0,155323,GOOD,/home/kaizen-ai/Desktop/thrust_bearing_app/python-backend/Downloads/bearing_complete/GOOD_20240923_155323.jpg
779,20240923.0,155413,GOOD,/home/kaizen-ai/Desktop/thrust_bearing_app/python-backend/Downloads/bearing_complete/GOOD_20240923_155413.jpg
780,20240923.0,155505,GOOD,/home/kaizen-ai/Desktop/thrust_bearing_app/python-backend/Downloads/bearing_complete/GOOD_20240923_155505.jpg
781,20240923.0,155621,NG,/home/kaizen-ai/Desktop/thrust_bearing_app/python-backend/Downloads/not_complete/NG_20240923_155621.jpg
782,20240923.0,155700,GOOD,/home/kaizen-ai/Desktop/thrust_bearing_app/python-backend/Downloads/bearing_complete/GOOD_20240923_155700.jpg
783,20240923.0,155811,GOOD,/home/kaizen-ai/Desktop/thrust_bearing_app/python-backend/Downloads/bearing_complete/GOOD_20240923_155811.jpg
784,20240923.0,155902,GOOD,/home/kaizen-ai/Desktop/thrust_bearing_app/python-backend/Downloads/bearing_complete/GOOD_20240923_155902.jpg
785,20240923.0,163023,GOOD,/home/kaizen-ai/Desktop/thrust_bearing_app/python-backend/Downloads/bearing_complete/GOOD_20240923_163023.jpg
786,20240923.0,163051,GOOD,/home/kaizen-ai/Desktop/thrust_bearing_app/python-backend/Downloads/bearing_complete/GOOD_20240923_163051.jpg
787,20240923.0,163150,GOOD,/home/kaizen-ai/Desktop/thrust_bearing_app/python-backend/Downloads/bearing_complete/GOOD_20240923_163150.jpg
788,20240923.0,163312,NG,/home/kaizen-ai/Desktop/thrust_bearing_app/python-backend/Downloads/not_complete/NG_20240923_163312.jpg
789,20240923.0,163425,GOOD,/home/kaizen-ai/Desktop/thrust_bearing_app/python-backend/Downloads/bearing_complete/GOOD_20240923_163425.jpg
790,20240923.0,163521,GOOD,/home/kaizen-ai/Desktop/thrust_bearing_app/python-backend/Downloads/bearing_complete/GOOD_20240923_163521.jpg
791,20240923.0,163652,NG,/home/kaizen-ai/Desktop/thrust_bearing_app/python-backend/Downloads/not_complete/NG_20240923_163652.jpg
792,20240923.0,163735,GOOD,/home/kaizen-ai/Desktop/thrust_bearing_app/python-backend/Downloads/bearing_complete/GOOD_20240923_163735.jpg
793,20240923.0,163839,GOOD,/home/kaizen-ai/Desktop/thrust_bearing_app/python-backend/Downloads/bearing_complete/GOOD_20240923_163839.jpg
794,20240923.0,163942,GOOD,/home/kaizen-ai/Desktop/thrust_bearing_app/python-backend/Downloads/bearing_complete/GOOD_20240923_163942.jpg
795,20240923.0,164056,GOOD,/home/kaizen-ai/Desktop/thrust_bearing_app/python-backend/Downloads/bearing_complete/GOOD_20240923_164056.jpg
796,20240923.0,164151,GOOD,/home/kaizen-ai/Desktop/thrust_bearing_app/python-backend/Downloads/bearing_complete/GOOD_20240923_164151.jpg
797,20240923.0,164249,GOOD,/home/kaizen-ai/Desktop/thrust_bearing_app/python-backend/Downloads/bearing_complete/GOOD_20240923_164249.jpg
798,20240923.0,164421,NG,/home/kaizen-ai/Desktop/thrust_bearing_app/python-backend/Downloads/not_complete/NG_20240923_164421.jpg
799,20240923.0,164528,GOOD,/home/kaizen-ai/Desktop/thrust_bearing_app/python-backend/Downloads/bearing_complete/GOOD_20240923_164528.jpg
800,20240923.0,164741,GOOD,/home/kaizen-ai/Desktop/thrust_bearing_app/python-backend/Downloads/bearing_complete/GOOD_20240923_164741.jpg
801,20240923.0,164857,NG,/home/kaizen-ai/Desktop/thrust_bearing_app/python-backend/Downloads/not_complete/NG_20240923_164857.jpg
802,20240923.0,165020,GOOD,/home/kaizen-ai/Desktop/thrust_bearing_app/python-backend/Downloads/bearing_complete/GOOD_20240923_165020.jpg
803,20240923.0,165111,GOOD,/home/kaizen-ai/Desktop/thrust_bearing_app/python-backend/Downloads/bearing_complete/GOOD_20240923_165111.jpg
804,20240923.0,165206,GOOD,/home/kaizen-ai/Desktop/thrust_bearing_app/python-backend/Downloads/bearing_complete/GOOD_20240923_165206.jpg
805,20240923.0,165258,GOOD,/home/kaizen-ai/Desktop/thrust_bearing_app/python-backend/Downloads/bearing_complete/GOOD_20240923_165258.jpg
806,20240923.0,165420,GOOD,/home/kaizen-ai/Desktop/thrust_bearing_app/python-backend/Downloads/bearing_complete/GOOD_20240923_165420.jpg
807,20240923.0,165510,GOOD,/home/kaizen-ai/Desktop/thrust_bearing_app/python-backend/Downloads/bearing_complete/GOOD_20240923_165510.jpg
808,20240923.0,165748,NG,/home/kaizen-ai/Desktop/thrust_bearing_app/python-backend/Downloads/not_complete/NG_20240923_165748.jpg
809,20240923.0,165817,GOOD,/home/kaizen-ai/Desktop/thrust_bearing_app/python-backend/Downloads/bearing_complete/GOOD_20240923_165817.jpg
810,20240923.0,165903,GOOD,/home/kaizen-ai/Desktop/thrust_bearing_app/python-backend/Downloads/bearing_complete/GOOD_20240923_165903.jpg
811,20240923.0,170003,GOOD,/home/kaizen-ai/Desktop/thrust_bearing_app/python-backend/Downloads/bearing_complete/GOOD_20240923_170003.jpg
812,20240923.0,170122,NG,/home/kaizen-ai/Desktop/thrust_bearing_app/python-backend/Downloads/not_complete/NG_20240923_170122.jpg
813,20240923.0,170155,GOOD,/home/kaizen-ai/Desktop/thrust_bearing_app/python-backend/Downloads/bearing_complete/GOOD_20240923_170155.jpg
814,20240923.0,170254,GOOD,/home/kaizen-ai/Desktop/thrust_bearing_app/python-backend/Downloads/bearing_complete/GOOD_20240923_170254.jpg
815,20240923.0,170439,NG,/home/kaizen-ai/Desktop/thrust_bearing_app/python-backend/Downloads/not_complete/NG_20240923_170439.jpg
816,20240923.0,170515,GOOD,/home/kaizen-ai/Desktop/thrust_bearing_app/python-backend/Downloads/bearing_complete/GOOD_20240923_170515.jpg
817,20240923.0,170720,NG,/home/kaizen-ai/Desktop/thrust_bearing_app/python-backend/Downloads/not_complete/NG_20240923_170720.jpg
818,20240923.0,170804,NG,/home/kaizen-ai/Desktop/thrust_bearing_app/python-backend/Downloads/not_complete/NG_20240923_170804.jpg
819,20240923.0,170836,GOOD,/home/kaizen-ai/Desktop/thrust_bearing_app/python-backend/Downloads/bearing_complete/GOOD_20240923_170836.jpg
820,20240923.0,171004,GOOD,/home/kaizen-ai/Desktop/thrust_bearing_app/python-backend/Downloads/bearing_complete/GOOD_20240923_171004.jpg
821,20240923.0,171120,NG,/home/kaizen-ai/Desktop/thrust_bearing_app/python-backend/Downloads/not_complete/NG_20240923_171120.jpg
822,20240923.0,171150,GOOD,/home/kaizen-ai/Desktop/thrust_bearing_app/python-backend/Downloads/bearing_complete/GOOD_20240923_171150.jpg
823,20240923.0,171251,GOOD,/home/kaizen-ai/Desktop/thrust_bearing_app/python-backend/Downloads/bearing_complete/GOOD_20240923_171251.jpg
824,20240923.0,171355,GOOD,/home/kaizen-ai/Desktop/thrust_bearing_app/python-backend/Downloads/bearing_complete/GOOD_20240923_171355.jpg
825,20240923.0,171451,GOOD,/home/kaizen-ai/Desktop/thrust_bearing_app/python-backend/Downloads/bearing_complete/GOOD_20240923_171451.jpg
826,20240923.0,171559,GOOD,/home/kaizen-ai/Desktop/thrust_bearing_app/python-backend/Downloads/bearing_complete/GOOD_20240923_171559.jpg
827,20240923.0,171649,GOOD,/home/kaizen-ai/Desktop/thrust_bearing_app/python-backend/Downloads/bearing_complete/GOOD_20240923_171649.jpg
828,20240923.0,171842,GOOD,/home/kaizen-ai/Desktop/thrust_bearing_app/python-backend/Downloads/bearing_complete/GOOD_20240923_171842.jpg
829,20240923.0,171920,NG,/home/kaizen-ai/Desktop/thrust_bearing_app/python-backend/Downloads/not_complete/NG_20240923_171920.jpg
830,20240923.0,172029,GOOD,/home/kaizen-ai/Desktop/thrust_bearing_app/python-backend/Downloads/bearing_complete/GOOD_20240923_172029.jpg
831,20240923.0,172151,NG,/home/kaizen-ai/Desktop/thrust_bearing_app/python-backend/Downloads/not_complete/NG_20240923_172151.jpg
832,20240923.0,172241,NG,/home/kaizen-ai/Desktop/thrust_bearing_app/python-backend/Downloads/not_complete/NG_20240923_172241.jpg
833,20240923.0,172342,NG,/home/kaizen-ai/Desktop/thrust_bearing_app/python-backend/Downloads/not_complete/NG_20240923_172342.jpg
834,20240923.0,172526,NG,/home/kaizen-ai/Desktop/thrust_bearing_app/python-backend/Downloads/not_complete/NG_20240923_172526.jpg
835,20240923.0,172634,NG,/home/kaizen-ai/Desktop/thrust_bearing_app/python-backend/Downloads/not_complete/NG_20240923_172634.jpg
836,20240923.0,172726,GOOD,/home/kaizen-ai/Desktop/thrust_bearing_app/python-backend/Downloads/bearing_complete/GOOD_20240923_172726.jpg
837,20240923.0,172834,NG,/home/kaizen-ai/Desktop/thrust_bearing_app/python-backend/Downloads/not_complete/NG_20240923_172834.jpg
838,20240923.0,172917,GOOD,/home/kaizen-ai/Desktop/thrust_bearing_app/python-backend/Downloads/bearing_complete/GOOD_20240923_172917.jpg
839,20240923.0,173032,GOOD,/home/kaizen-ai/Desktop/thrust_bearing_app/python-backend/Downloads/bearing_complete/GOOD_20240923_173032.jpg
840,20240923.0,173133,GOOD,/home/kaizen-ai/Desktop/thrust_bearing_app/python-backend/Downloads/bearing_complete/GOOD_20240923_173133.jpg
841,20240923.0,173300,GOOD,/home/kaizen-ai/Desktop/thrust_bearing_app/python-backend/Downloads/bearing_complete/GOOD_20240923_173300.jpg
842,20240923.0,195829,GOOD,/home/kaizen-ai/Desktop/thrust_bearing_app/python-backend/Downloads/bearing_complete/GOOD_20240923_195829.jpg
843,20240923.0,200011,GOOD,/home/kaizen-ai/Desktop/thrust_bearing_app/python-backend/Downloads/bearing_complete/GOOD_20240923_200011.jpg
844,20240923.0,200106,GOOD,/home/kaizen-ai/Desktop/thrust_bearing_app/python-backend/Downloads/bearing_complete/GOOD_20240923_200106.jpg
845,20240923.0,200332,GOOD,/home/kaizen-ai/Desktop/thrust_bearing_app/python-backend/Downloads/bearing_complete/GOOD_20240923_200332.jpg
846,20240923.0,200525,GOOD,/home/kaizen-ai/Desktop/thrust_bearing_app/python-backend/Downloads/bearing_complete/GOOD_20240923_200525.jpg
847,20240923.0,200640,GOOD,/home/kaizen-ai/Desktop/thrust_bearing_app/python-backend/Downloads/bearing_complete/GOOD_20240923_200640.jpg
848,20240923.0,200746,GOOD,/home/kaizen-ai/Desktop/thrust_bearing_app/python-backend/Downloads/bearing_complete/GOOD_20240923_200746.jpg
849,20240923.0,200856,GOOD,/home/kaizen-ai/Desktop/thrust_bearing_app/python-backend/Downloads/bearing_complete/GOOD_20240923_200856.jpg
850,20240923.0,201005,GOOD,/home/kaizen-ai/Desktop/thrust_bearing_app/python-backend/Downloads/bearing_complete/GOOD_20240923_201005.jpg
851,20240923.0,201110,GOOD,/home/kaizen-ai/Desktop/thrust_bearing_app/python-backend/Downloads/bearing_complete/GOOD_20240923_201110.jpg
852,20240923.0,201213,GOOD,/home/kaizen-ai/Desktop/thrust_bearing_app/python-backend/Downloads/bearing_complete/GOOD_20240923_201213.jpg
853,20240923.0,201327,GOOD,/home/kaizen-ai/Desktop/thrust_bearing_app/python-backend/Downloads/bearing_complete/GOOD_20240923_201327.jpg
854,20240923.0,201432,GOOD,/home/kaizen-ai/Desktop/thrust_bearing_app/python-backend/Downloads/bearing_complete/GOOD_20240923_201432.jpg
855,20240923.0,201651,GOOD,/home/kaizen-ai/Desktop/thrust_bearing_app/python-backend/Downloads/bearing_complete/GOOD_20240923_201651.jpg
856,20240923.0,201737,GOOD,/home/kaizen-ai/Desktop/thrust_bearing_app/python-backend/Downloads/bearing_complete/GOOD_20240923_201737.jpg
857,20240923.0,201840,GOOD,/home/kaizen-ai/Desktop/thrust_bearing_app/python-backend/Downloads/bearing_complete/GOOD_20240923_201840.jpg
858,20240923.0,201946,NG,/home/kaizen-ai/Desktop/thrust_bearing_app/python-backend/Downloads/not_complete/NG_20240923_201946.jpg
859,20240923.0,202046,GOOD,/home/kaizen-ai/Desktop/thrust_bearing_app/python-backend/Downloads/bearing_complete/GOOD_20240923_202046.jpg
860,20240923.0,202221,GOOD,/home/kaizen-ai/Desktop/thrust_bearing_app/python-backend/Downloads/bearing_complete/GOOD_20240923_202221.jpg
861,20240923.0,202501,GOOD,/home/kaizen-ai/Desktop/thrust_bearing_app/python-backend/Downloads/bearing_complete/GOOD_20240923_202501.jpg
862,20240923.0,202606,GOOD,/home/kaizen-ai/Desktop/thrust_bearing_app/python-backend/Downloads/bearing_complete/GOOD_20240923_202606.jpg
863,20240923.0,202716,NG,/home/kaizen-ai/Desktop/thrust_bearing_app/python-backend/Downloads/not_complete/NG_20240923_202716.jpg
864,20240923.0,202820,GOOD,/home/kaizen-ai/Desktop/thrust_bearing_app/python-backend/Downloads/bearing_complete/GOOD_20240923_202820.jpg
865,20240923.0,203020,GOOD,/home/kaizen-ai/Desktop/thrust_bearing_app/python-backend/Downloads/bearing_complete/GOOD_20240923_203020.jpg
866,20240923.0,203117,GOOD,/home/kaizen-ai/Desktop/thrust_bearing_app/python-backend/Downloads/bearing_complete/GOOD_20240923_203117.jpg
867,20240923.0,203224,GOOD,/home/kaizen-ai/Desktop/thrust_bearing_app/python-backend/Downloads/bearing_complete/GOOD_20240923_203224.jpg
868,20240923.0,203324,GOOD,/home/kaizen-ai/Desktop/thrust_bearing_app/python-backend/Downloads/bearing_complete/GOOD_20240923_203324.jpg
869,20240923.0,203438,GOOD,/home/kaizen-ai/Desktop/thrust_bearing_app/python-backend/Downloads/bearing_complete/GOOD_20240923_203438.jpg
870,20240923.0,203543,NG,/home/kaizen-ai/Desktop/thrust_bearing_app/python-backend/Downloads/not_complete/NG_20240923_203543.jpg
871,20240923.0,203755,NG,/home/kaizen-ai/Desktop/thrust_bearing_app/python-backend/Downloads/not_complete/NG_20240923_203755.jpg
872,20240923.0,203848,GOOD,/home/kaizen-ai/Desktop/thrust_bearing_app/python-backend/Downloads/bearing_complete/GOOD_20240923_203848.jpg
873,20240923.0,204049,GOOD,/home/kaizen-ai/Desktop/thrust_bearing_app/python-backend/Downloads/bearing_complete/GOOD_20240923_204049.jpg
874,20240923.0,204154,GOOD,/home/kaizen-ai/Desktop/thrust_bearing_app/python-backend/Downloads/bearing_complete/GOOD_20240923_204154.jpg
875,20240923.0,204251,GOOD,/home/kaizen-ai/Desktop/thrust_bearing_app/python-backend/Downloads/bearing_complete/GOOD_20240923_204251.jpg
876,20240923.0,204403,NG,/home/kaizen-ai/Desktop/thrust_bearing_app/python-backend/Downloads/not_complete/NG_20240923_204403.jpg
877,20240923.0,204443,GOOD,/home/kaizen-ai/Desktop/thrust_bearing_app/python-backend/Downloads/bearing_complete/GOOD_20240923_204443.jpg
878,20240923.0,204536,GOOD,/home/kaizen-ai/Desktop/thrust_bearing_app/python-backend/Downloads/bearing_complete/GOOD_20240923_204536.jpg
879,20240923.0,204644,GOOD,/home/kaizen-ai/Desktop/thrust_bearing_app/python-backend/Downloads/bearing_complete/GOOD_20240923_204644.jpg
880,20240923.0,204746,GOOD,/home/kaizen-ai/Desktop/thrust_bearing_app/python-backend/Downloads/bearing_complete/GOOD_20240923_204746.jpg
881,20240923.0,204846,GOOD,/home/kaizen-ai/Desktop/thrust_bearing_app/python-backend/Downloads/bearing_complete/GOOD_20240923_204846.jpg
882,20240923.0,204947,GOOD,/home/kaizen-ai/Desktop/thrust_bearing_app/python-backend/Downloads/bearing_complete/GOOD_20240923_204947.jpg
883,20240923.0,205055,GOOD,/home/kaizen-ai/Desktop/thrust_bearing_app/python-backend/Downloads/bearing_complete/GOOD_20240923_205055.jpg
884,20240923.0,205201,GOOD,/home/kaizen-ai/Desktop/thrust_bearing_app/python-backend/Downloads/bearing_complete/GOOD_20240923_205201.jpg
885,20240923.0,205325,GOOD,/home/kaizen-ai/Desktop/thrust_bearing_app/python-backend/Downloads/bearing_complete/GOOD_20240923_205325.jpg
886,20240923.0,205419,GOOD,/home/kaizen-ai/Desktop/thrust_bearing_app/python-backend/Downloads/bearing_complete/GOOD_20240923_205419.jpg
887,20240923.0,205612,GOOD,/home/kaizen-ai/Desktop/thrust_bearing_app/python-backend/Downloads/bearing_complete/GOOD_20240923_205612.jpg
888,20240923.0,205636,GOOD,/home/kaizen-ai/Desktop/thrust_bearing_app/python-backend/Downloads/bearing_complete/GOOD_20240923_205636.jpg
889,20240923.0,205746,NG,/home/kaizen-ai/Desktop/thrust_bearing_app/python-backend/Downloads/not_complete/NG_20240923_205746.jpg
890,20240923.0,205924,GOOD,/home/kaizen-ai/Desktop/thrust_bearing_app/python-backend/Downloads/bearing_complete/GOOD_20240923_205924.jpg
891,20240923.0,210026,GOOD,/home/kaizen-ai/Desktop/thrust_bearing_app/python-backend/Downloads/bearing_complete/GOOD_20240923_210026.jpg
892,20240923.0,210246,NG,/home/kaizen-ai/Desktop/thrust_bearing_app/python-backend/Downloads/not_complete/NG_20240923_210246.jpg
893,20240923.0,210351,GOOD,/home/kaizen-ai/Desktop/thrust_bearing_app/python-backend/Downloads/bearing_complete/GOOD_20240923_210351.jpg
894,20240923.0,210453,GOOD,/home/kaizen-ai/Desktop/thrust_bearing_app/python-backend/Downloads/bearing_complete/GOOD_20240923_210453.jpg
895,20240923.0,210611,GOOD,/home/kaizen-ai/Desktop/thrust_bearing_app/python-backend/Downloads/bearing_complete/GOOD_20240923_210611.jpg
896,20240923.0,210810,GOOD,/home/kaizen-ai/Desktop/thrust_bearing_app/python-backend/Downloads/bearing_complete/GOOD_20240923_210810.jpg
897,20240923.0,210923,GOOD,/home/kaizen-ai/Desktop/thrust_bearing_app/python-backend/Downloads/bearing_complete/GOOD_20240923_210923.jpg
898,20240923.0,211055,NG,/home/kaizen-ai/Desktop/thrust_bearing_app/python-backend/Downloads/not_complete/NG_20240923_211055.jpg
899,20240923.0,211123,GOOD,/home/kaizen-ai/Desktop/thrust_bearing_app/python-backend/Downloads/bearing_complete/GOOD_20240923_211123.jpg
900,20240923.0,211220,GOOD,/home/kaizen-ai/Desktop/thrust_bearing_app/python-backend/Downloads/bearing_complete/GOOD_20240923_211220.jpg
901,20240923.0,211430,GOOD,/home/kaizen-ai/Desktop/thrust_bearing_app/python-backend/Downloads/bearing_complete/GOOD_20240923_211430.jpg
902,20240923.0,211535,NG,/home/kaizen-ai/Desktop/thrust_bearing_app/python-backend/Downloads/not_complete/NG_20240923_211535.jpg
903,20240923.0,211617,GOOD,/home/kaizen-ai/Desktop/thrust_bearing_app/python-backend/Downloads/bearing_complete/GOOD_20240923_211617.jpg
904,20240923.0,211713,GOOD,/home/kaizen-ai/Desktop/thrust_bearing_app/python-backend/Downloads/bearing_complete/GOOD_20240923_211713.jpg
905,20240923.0,211814,GOOD,/home/kaizen-ai/Desktop/thrust_bearing_app/python-backend/Downloads/bearing_complete/GOOD_20240923_211814.jpg
906,20240923.0,211914,GOOD,/home/kaizen-ai/Desktop/thrust_bearing_app/python-backend/Downloads/bearing_complete/GOOD_20240923_211914.jpg
907,20240923.0,212009,GOOD,/home/kaizen-ai/Desktop/thrust_bearing_app/python-backend/Downloads/bearing_complete/GOOD_20240923_212009.jpg
908,20240923.0,212109,GOOD,/home/kaizen-ai/Desktop/thrust_bearing_app/python-backend/Downloads/bearing_complete/GOOD_20240923_212109.jpg
909,20240923.0,212317,NG,/home/kaizen-ai/Desktop/thrust_bearing_app/python-backend/Downloads/not_complete/NG_20240923_212317.jpg
910,20240923.0,212427,GOOD,/home/kaizen-ai/Desktop/thrust_bearing_app/python-backend/Downloads/bearing_complete/GOOD_20240923_212427.jpg
911,20240923.0,212514,GOOD,/home/kaizen-ai/Desktop/thrust_bearing_app/python-backend/Downloads/bearing_complete/GOOD_20240923_212514.jpg
912,20240923.0,212617,GOOD,/home/kaizen-ai/Desktop/thrust_bearing_app/python-backend/Downloads/bearing_complete/GOOD_20240923_212617.jpg
913,20240923.0,212834,NG,/home/kaizen-ai/Desktop/thrust_bearing_app/python-backend/Downloads/not_complete/NG_20240923_212834.jpg
914,20240923.0,213056,GOOD,/home/kaizen-ai/Desktop/thrust_bearing_app/python-backend/Downloads/bearing_complete/GOOD_20240923_213056.jpg
915,20240923.0,213239,NG,/home/kaizen-ai/Desktop/thrust_bearing_app/python-backend/Downloads/not_complete/NG_20240923_213239.jpg
916,20240923.0,213315,GOOD,/home/kaizen-ai/Desktop/thrust_bearing_app/python-backend/Downloads/bearing_complete/GOOD_20240923_213315.jpg
917,20240923.0,213511,GOOD,/home/kaizen-ai/Desktop/thrust_bearing_app/python-backend/Downloads/bearing_complete/GOOD_20240923_213511.jpg
918,20240923.0,213711,NG,/home/kaizen-ai/Desktop/thrust_bearing_app/python-backend/Downloads/not_complete/NG_20240923_213711.jpg
919,20240923.0,213905,GOOD,/home/kaizen-ai/Desktop/thrust_bearing_app/python-backend/Downloads/bearing_complete/GOOD_20240923_213905.jpg
920,20240923.0,214016,GOOD,/home/kaizen-ai/Desktop/thrust_bearing_app/python-backend/Downloads/bearing_complete/GOOD_20240923_214016.jpg
921,20240923.0,214124,GOOD,/home/kaizen-ai/Desktop/thrust_bearing_app/python-backend/Downloads/bearing_complete/GOOD_20240923_214124.jpg
922,20240923.0,214236,GOOD,/home/kaizen-ai/Desktop/thrust_bearing_app/python-backend/Downloads/bearing_complete/GOOD_20240923_214236.jpg
923,20240923.0,214346,GOOD,/home/kaizen-ai/Desktop/thrust_bearing_app/python-backend/Downloads/bearing_complete/GOOD_20240923_214346.jpg
924,20240923.0,214443,GOOD,/home/kaizen-ai/Desktop/thrust_bearing_app/python-backend/Downloads/bearing_complete/GOOD_20240923_214443.jpg
925,20240923.0,214539,GOOD,/home/kaizen-ai/Desktop/thrust_bearing_app/python-backend/Downloads/bearing_complete/GOOD_20240923_214539.jpg
926,20240923.0,214649,NG,/home/kaizen-ai/Desktop/thrust_bearing_app/python-backend/Downloads/not_complete/NG_20240923_214649.jpg
927,20240923.0,214747,GOOD,/home/kaizen-ai/Desktop/thrust_bearing_app/python-backend/Downloads/bearing_complete/GOOD_20240923_214747.jpg
928,20240923.0,215000,NG,/home/kaizen-ai/Desktop/thrust_bearing_app/python-backend/Downloads/not_complete/NG_20240923_215000.jpg
929,20240923.0,215158,GOOD,/home/kaizen-ai/Desktop/thrust_bearing_app/python-backend/Downloads/bearing_complete/GOOD_20240923_215158.jpg
930,20240923.0,215248,GOOD,/home/kaizen-ai/Desktop/thrust_bearing_app/python-backend/Downloads/bearing_complete/GOOD_20240923_215248.jpg
931,20240923.0,215502,GOOD,/home/kaizen-ai/Desktop/thrust_bearing_app/python-backend/Downloads/bearing_complete/GOOD_20240923_215502.jpg
932,20240923.0,215555,GOOD,/home/kaizen-ai/Desktop/thrust_bearing_app/python-backend/Downloads/bearing_complete/GOOD_20240923_215555.jpg
933,20240923.0,215648,GOOD,/home/kaizen-ai/Desktop/thrust_bearing_app/python-backend/Downloads/bearing_complete/GOOD_20240923_215648.jpg
934,20240923.0,215739,GOOD,/home/kaizen-ai/Desktop/thrust_bearing_app/python-backend/Downloads/bearing_complete/GOOD_20240923_215739.jpg
935,20240923.0,215835,GOOD,/home/kaizen-ai/Desktop/thrust_bearing_app/python-backend/Downloads/bearing_complete/GOOD_20240923_215835.jpg
936,20240923.0,215938,NG,/home/kaizen-ai/Desktop/thrust_bearing_app/python-backend/Downloads/not_complete/NG_20240923_215938.jpg
937,20240923.0,221227,GOOD,/home/kaizen-ai/Desktop/thrust_bearing_app/python-backend/Downloads/bearing_complete/GOOD_20240923_221227.jpg
938,20240923.0,221246,GOOD,/home/kaizen-ai/Desktop/thrust_bearing_app/python-backend/Downloads/bearing_complete/GOOD_20240923_221246.jpg
939,20240923.0,221356,GOOD,/home/kaizen-ai/Desktop/thrust_bearing_app/python-backend/Downloads/bearing_complete/GOOD_20240923_221356.jpg
940,20240923.0,221517,GOOD,/home/kaizen-ai/Desktop/thrust_bearing_app/python-backend/Downloads/bearing_complete/GOOD_20240923_221517.jpg
941,20240923.0,221622,GOOD,/home/kaizen-ai/Desktop/thrust_bearing_app/python-backend/Downloads/bearing_complete/GOOD_20240923_221622.jpg
942,20240923.0,221722,GOOD,/home/kaizen-ai/Desktop/thrust_bearing_app/python-backend/Downloads/bearing_complete/GOOD_20240923_221722.jpg
943,20240923.0,221819,GOOD,/home/kaizen-ai/Desktop/thrust_bearing_app/python-backend/Downloads/bearing_complete/GOOD_20240923_221819.jpg
944,20240923.0,221926,GOOD,/home/kaizen-ai/Desktop/thrust_bearing_app/python-backend/Downloads/bearing_complete/GOOD_20240923_221926.jpg
945,20240923.0,222024,GOOD,/home/kaizen-ai/Desktop/thrust_bearing_app/python-backend/Downloads/bearing_complete/GOOD_20240923_222024.jpg
946,20240923.0,222132,NG,/home/kaizen-ai/Desktop/thrust_bearing_app/python-backend/Downloads/not_complete/NG_20240923_222132.jpg
947,20240923.0,222222,GOOD,/home/kaizen-ai/Desktop/thrust_bearing_app/python-backend/Downloads/bearing_complete/GOOD_20240923_222222.jpg
948,20240923.0,222321,GOOD,/home/kaizen-ai/Desktop/thrust_bearing_app/python-backend/Downloads/bearing_complete/GOOD_20240923_222321.jpg
949,20240923.0,222419,GOOD,/home/kaizen-ai/Desktop/thrust_bearing_app/python-backend/Downloads/bearing_complete/GOOD_20240923_222419.jpg
950,20240923.0,222530,GOOD,/home/kaizen-ai/Desktop/thrust_bearing_app/python-backend/Downloads/bearing_complete/GOOD_20240923_222530.jpg
951,20240923.0,222726,GOOD,/home/kaizen-ai/Desktop/thrust_bearing_app/python-backend/Downloads/bearing_complete/GOOD_20240923_222726.jpg
952,20240923.0,222832,GOOD,/home/kaizen-ai/Desktop/thrust_bearing_app/python-backend/Downloads/bearing_complete/GOOD_20240923_222832.jpg
953,20240923.0,222932,GOOD,/home/kaizen-ai/Desktop/thrust_bearing_app/python-backend/Downloads/bearing_complete/GOOD_20240923_222932.jpg
954,20240923.0,223131,NG,/home/kaizen-ai/Desktop/thrust_bearing_app/python-backend/Downloads/not_complete/NG_20240923_223131.jpg
955,20240923.0,223221,GOOD,/home/kaizen-ai/Desktop/thrust_bearing_app/python-backend/Downloads/bearing_complete/GOOD_20240923_223221.jpg
956,20240923.0,223508,GOOD,/home/kaizen-ai/Desktop/thrust_bearing_app/python-backend/Downloads/bearing_complete/GOOD_20240923_223508.jpg
957,20240923.0,223556,GOOD,/home/kaizen-ai/Desktop/thrust_bearing_app/python-backend/Downloads/bearing_complete/GOOD_20240923_223556.jpg
958,20240923.0,223658,GOOD,/home/kaizen-ai/Desktop/thrust_bearing_app/python-backend/Downloads/bearing_complete/GOOD_20240923_223658.jpg
959,20240923.0,223801,GOOD,/home/kaizen-ai/Desktop/thrust_bearing_app/python-backend/Downloads/bearing_complete/GOOD_20240923_223801.jpg
960,20240923.0,223858,NG,/home/kaizen-ai/Desktop/thrust_bearing_app/python-backend/Downloads/not_complete/NG_20240923_223858.jpg
961,20240923.0,223959,GOOD,/home/kaizen-ai/Desktop/thrust_bearing_app/python-backend/Downloads/bearing_complete/GOOD_20240923_223959.jpg
962,20240923.0,224052,GOOD,/home/kaizen-ai/Desktop/thrust_bearing_app/python-backend/Downloads/bearing_complete/GOOD_20240923_224052.jpg
963,20240923.0,224142,GOOD,/home/kaizen-ai/Desktop/thrust_bearing_app/python-backend/Downloads/bearing_complete/GOOD_20240923_224142.jpg
964,20240923.0,224240,GOOD,/home/kaizen-ai/Desktop/thrust_bearing_app/python-backend/Downloads/bearing_complete/GOOD_20240923_224240.jpg
965,20240923.0,224447,GOOD,/home/kaizen-ai/Desktop/thrust_bearing_app/python-backend/Downloads/bearing_complete/GOOD_20240923_224447.jpg
966,20240923.0,224548,GOOD,/home/kaizen-ai/Desktop/thrust_bearing_app/python-backend/Downloads/bearing_complete/GOOD_20240923_224548.jpg
967,20240923.0,225901,NG,/home/kaizen-ai/Desktop/thrust_bearing_app/python-backend/Downloads/not_complete/NG_20240923_225901.jpg
968,20240923.0,225941,GOOD,/home/kaizen-ai/Desktop/thrust_bearing_app/python-backend/Downloads/bearing_complete/GOOD_20240923_225941.jpg
969,20240923.0,230041,GOOD,/home/kaizen-ai/Desktop/thrust_bearing_app/python-backend/Downloads/bearing_complete/GOOD_20240923_230041.jpg
970,20240923.0,230143,GOOD,/home/kaizen-ai/Desktop/thrust_bearing_app/python-backend/Downloads/bearing_complete/GOOD_20240923_230143.jpg
971,20240923.0,230448,NG,/home/kaizen-ai/Desktop/thrust_bearing_app/python-backend/Downloads/not_complete/NG_20240923_230448.jpg
972,20240923.0,230551,GOOD,/home/kaizen-ai/Desktop/thrust_bearing_app/python-backend/Downloads/bearing_complete/GOOD_20240923_230551.jpg
973,20240923.0,230840,NG,/home/kaizen-ai/Desktop/thrust_bearing_app/python-backend/Downloads/not_complete/NG_20240923_230840.jpg
974,20240923.0,231057,GOOD,/home/kaizen-ai/Desktop/thrust_bearing_app/python-backend/Downloads/bearing_complete/GOOD_20240923_231057.jpg
975,20240923.0,231210,NG,/home/kaizen-ai/Desktop/thrust_bearing_app/python-backend/Downloads/not_complete/NG_20240923_231210.jpg
976,20240923.0,231341,GOOD,/home/kaizen-ai/Desktop/thrust_bearing_app/python-backend/Downloads/bearing_complete/GOOD_20240923_231341.jpg
977,20240923.0,231444,GOOD,/home/kaizen-ai/Desktop/thrust_bearing_app/python-backend/Downloads/bearing_complete/GOOD_20240923_231444.jpg
978,20240923.0,231600,GOOD,/home/kaizen-ai/Desktop/thrust_bearing_app/python-backend/Downloads/bearing_complete/GOOD_20240923_231600.jpg
979,20240923.0,231652,GOOD,/home/kaizen-ai/Desktop/thrust_bearing_app/python-backend/Downloads/bearing_complete/GOOD_20240923_231652.jpg
980,20240923.0,231754,GOOD,/home/kaizen-ai/Desktop/thrust_bearing_app/python-backend/Downloads/bearing_complete/GOOD_20240923_231754.jpg
981,20240923.0,231855,GOOD,/home/kaizen-ai/Desktop/thrust_bearing_app/python-backend/Downloads/bearing_complete/GOOD_20240923_231855.jpg
982,20240923.0,231956,GOOD,/home/kaizen-ai/Desktop/thrust_bearing_app/python-backend/Downloads/bearing_complete/GOOD_20240923_231956.jpg
983,20240923.0,232111,GOOD,/home/kaizen-ai/Desktop/thrust_bearing_app/python-backend/Downloads/bearing_complete/GOOD_20240923_232111.jpg
984,20240923.0,232251,GOOD,/home/kaizen-ai/Desktop/thrust_bearing_app/python-backend/Downloads/bearing_complete/GOOD_20240923_232251.jpg
985,20240923.0,232356,GOOD,/home/kaizen-ai/Desktop/thrust_bearing_app/python-backend/Downloads/bearing_complete/GOOD_20240923_232356.jpg
986,20240923.0,232501,GOOD,/home/kaizen-ai/Desktop/thrust_bearing_app/python-backend/Downloads/bearing_complete/GOOD_20240923_232501.jpg
987,20240923.0,232601,GOOD,/home/kaizen-ai/Desktop/thrust_bearing_app/python-backend/Downloads/bearing_complete/GOOD_20240923_232601.jpg
988,20240923.0,232659,GOOD,/home/kaizen-ai/Desktop/thrust_bearing_app/python-backend/Downloads/bearing_complete/GOOD_20240923_232659.jpg
989,20240923.0,232849,NG,/home/kaizen-ai/Desktop/thrust_bearing_app/python-backend/Downloads/not_complete/NG_20240923_232849.jpg
990,20240923.0,232955,GOOD,/home/kaizen-ai/Desktop/thrust_bearing_app/python-backend/Downloads/bearing_complete/GOOD_20240923_232955.jpg
991,20240923.0,233047,GOOD,/home/kaizen-ai/Desktop/thrust_bearing_app/python-backend/Downloads/bearing_complete/GOOD_20240923_233047.jpg
992,20240923.0,233309,GOOD,/home/kaizen-ai/Desktop/thrust_bearing_app/python-backend/Downloads/bearing_complete/GOOD_20240923_233309.jpg
993,20240923.0,233434,NG,/home/kaizen-ai/Desktop/thrust_bearing_app/python-backend/Downloads/not_complete/NG_20240923_233434.jpg
994,20240923.0,233548,GOOD,/home/kaizen-ai/Desktop/thrust_bearing_app/python-backend/Downloads/bearing_complete/GOOD_20240923_233548.jpg
995,20240923.0,233755,NG,/home/kaizen-ai/Desktop/thrust_bearing_app/python-backend/Downloads/not_complete/NG_20240923_233755.jpg
996,20240923.0,233848,GOOD,/home/kaizen-ai/Desktop/thrust_bearing_app/python-backend/Downloads/bearing_complete/GOOD_20240923_233848.jpg
997,20240923.0,233946,GOOD,/home/kaizen-ai/Desktop/thrust_bearing_app/python-backend/Downloads/bearing_complete/GOOD_20240923_233946.jpg
998,20240923.0,234100,GOOD,/home/kaizen-ai/Desktop/thrust_bearing_app/python-backend/Downloads/bearing_complete/GOOD_20240923_234100.jpg
999,20240923.0,234157,GOOD,/home/kaizen-ai/Desktop/thrust_bearing_app/python-backend/Downloads/bearing_complete/GOOD_20240923_234157.jpg
1000,20240923.0,234448,GOOD,/home/kaizen-ai/Desktop/thrust_bearing_app/python-backend/Downloads/bearing_complete/GOOD_20240923_234448.jpg
1001,20240923.0,234556,GOOD,/home/kaizen-ai/Desktop/thrust_bearing_app/python-backend/Downloads/bearing_complete/GOOD_20240923_234556.jpg
1002,20240923.0,234658,NG,/home/kaizen-ai/Desktop/thrust_bearing_app/python-backend/Downloads/not_complete/NG_20240923_234658.jpg
1003,20240923.0,234757,GOOD,/home/kaizen-ai/Desktop/thrust_bearing_app/python-backend/Downloads/bearing_complete/GOOD_20240923_234757.jpg
1004,20240923.0,235001,GOOD,/home/kaizen-ai/Desktop/thrust_bearing_app/python-backend/Downloads/bearing_complete/GOOD_20240923_235001.jpg
1005,20240923.0,235125,GOOD,/home/kaizen-ai/Desktop/thrust_bearing_app/python-backend/Downloads/bearing_complete/GOOD_20240923_235125.jpg
1006,20240923.0,235234,GOOD,/home/kaizen-ai/Desktop/thrust_bearing_app/python-backend/Downloads/bearing_complete/GOOD_20240923_235234.jpg
1007,20240923.0,235347,NG,/home/kaizen-ai/Desktop/thrust_bearing_app/python-backend/Downloads/not_complete/NG_20240923_235347.jpg
1008,20240923.0,235443,GOOD,/home/kaizen-ai/Desktop/thrust_bearing_app/python-backend/Downloads/bearing_complete/GOOD_20240923_235443.jpg
1009,20240923.0,235545,GOOD,/home/kaizen-ai/Desktop/thrust_bearing_app/python-backend/Downloads/bearing_complete/GOOD_20240923_235545.jpg
1010,20240923.0,235709,GOOD,/home/kaizen-ai/Desktop/thrust_bearing_app/python-backend/Downloads/bearing_complete/GOOD_20240923_235709.jpg
1011,20240923.0,235808,GOOD,/home/kaizen-ai/Desktop/thrust_bearing_app/python-backend/Downloads/bearing_complete/GOOD_20240923_235808.jpg
1012,20240924.0,2956,GOOD,/home/kaizen-ai/Desktop/thrust_bearing_app/python-backend/Downloads/bearing_complete/GOOD_20240924_002956.jpg
1013,20240924.0,3058,GOOD,/home/kaizen-ai/Desktop/thrust_bearing_app/python-backend/Downloads/bearing_complete/GOOD_20240924_003058.jpg
1014,20240924.0,3156,GOOD,/home/kaizen-ai/Desktop/thrust_bearing_app/python-backend/Downloads/bearing_complete/GOOD_20240924_003156.jpg
1015,20240924.0,3312,NG,/home/kaizen-ai/Desktop/thrust_bearing_app/python-backend/Downloads/not_complete/NG_20240924_003312.jpg
1016,20240924.0,3427,GOOD,/home/kaizen-ai/Desktop/thrust_bearing_app/python-backend/Downloads/bearing_complete/GOOD_20240924_003427.jpg
1017,20240924.0,3529,GOOD,/home/kaizen-ai/Desktop/thrust_bearing_app/python-backend/Downloads/bearing_complete/GOOD_20240924_003529.jpg
1018,20240924.0,3644,GOOD,/home/kaizen-ai/Desktop/thrust_bearing_app/python-backend/Downloads/bearing_complete/GOOD_20240924_003644.jpg
1019,20240924.0,3746,GOOD,/home/kaizen-ai/Desktop/thrust_bearing_app/python-backend/Downloads/bearing_complete/GOOD_20240924_003746.jpg
1020,20240924.0,3820,GOOD,/home/kaizen-ai/Desktop/thrust_bearing_app/python-backend/Downloads/bearing_complete/GOOD_20240924_003820.jpg
1021,20240924.0,3934,NG,/home/kaizen-ai/Desktop/thrust_bearing_app/python-backend/Downloads/not_complete/NG_20240924_003934.jpg
1022,20240924.0,4113,GOOD,/home/kaizen-ai/Desktop/thrust_bearing_app/python-backend/Downloads/bearing_complete/GOOD_20240924_004113.jpg
1023,20240924.0,4137,GOOD,/home/kaizen-ai/Desktop/thrust_bearing_app/python-backend/Downloads/bearing_complete/GOOD_20240924_004137.jpg
1024,20240924.0,4255,GOOD,/home/kaizen-ai/Desktop/thrust_bearing_app/python-backend/Downloads/bearing_complete/GOOD_20240924_004255.jpg
1025,20240924.0,4402,GOOD,/home/kaizen-ai/Desktop/thrust_bearing_app/python-backend/Downloads/bearing_complete/GOOD_20240924_004402.jpg
1026,20240924.0,4503,GOOD,/home/kaizen-ai/Desktop/thrust_bearing_app/python-backend/Downloads/bearing_complete/GOOD_20240924_004503.jpg
1027,20240924.0,4634,GOOD,/home/kaizen-ai/Desktop/thrust_bearing_app/python-backend/Downloads/bearing_complete/GOOD_20240924_004634.jpg
1028,20240924.0,4739,GOOD,/home/kaizen-ai/Desktop/thrust_bearing_app/python-backend/Downloads/bearing_complete/GOOD_20240924_004739.jpg
1029,20240924.0,4835,GOOD,/home/kaizen-ai/Desktop/thrust_bearing_app/python-backend/Downloads/bearing_complete/GOOD_20240924_004835.jpg
1030,20240924.0,4946,GOOD,/home/kaizen-ai/Desktop/thrust_bearing_app/python-backend/Downloads/bearing_complete/GOOD_20240924_004946.jpg
1031,20240924.0,5123,GOOD,/home/kaizen-ai/Desktop/thrust_bearing_app/python-backend/Downloads/bearing_complete/GOOD_20240924_005123.jpg
1032,20240924.0,5229,NG,/home/kaizen-ai/Desktop/thrust_bearing_app/python-backend/Downloads/not_complete/NG_20240924_005229.jpg
1033,20240924.0,5316,GOOD,/home/kaizen-ai/Desktop/thrust_bearing_app/python-backend/Downloads/bearing_complete/GOOD_20240924_005316.jpg
1034,20240924.0,5422,GOOD,/home/kaizen-ai/Desktop/thrust_bearing_app/python-backend/Downloads/bearing_complete/GOOD_20240924_005422.jpg
1035,20240924.0,5518,GOOD,/home/kaizen-ai/Desktop/thrust_bearing_app/python-backend/Downloads/bearing_complete/GOOD_20240924_005518.jpg
1036,20240924.0,5730,GOOD,/home/kaizen-ai/Desktop/thrust_bearing_app/python-backend/Downloads/bearing_complete/GOOD_20240924_005730.jpg
1037,20240924.0,5911,GOOD,/home/kaizen-ai/Desktop/thrust_bearing_app/python-backend/Downloads/bearing_complete/GOOD_20240924_005911.jpg
1038,20240924.0,10037,NG,/home/kaizen-ai/Desktop/thrust_bearing_app/python-backend/Downloads/not_complete/NG_20240924_010037.jpg
1039,20240924.0,10133,GOOD,/home/kaizen-ai/Desktop/thrust_bearing_app/python-backend/Downloads/bearing_complete/GOOD_20240924_010133.jpg
1040,20240924.0,10235,GOOD,/home/kaizen-ai/Desktop/thrust_bearing_app/python-backend/Downloads/bearing_complete/GOOD_20240924_010235.jpg
1041,20240924.0,10339,GOOD,/home/kaizen-ai/Desktop/thrust_bearing_app/python-backend/Downloads/bearing_complete/GOOD_20240924_010339.jpg
1042,20240924.0,10517,GOOD,/home/kaizen-ai/Desktop/thrust_bearing_app/python-backend/Downloads/bearing_complete/GOOD_20240924_010517.jpg
1043,20240924.0,10632,NG,/home/kaizen-ai/Desktop/thrust_bearing_app/python-backend/Downloads/not_complete/NG_20240924_010632.jpg
1044,20240924.0,10723,GOOD,/home/kaizen-ai/Desktop/thrust_bearing_app/python-backend/Downloads/bearing_complete/GOOD_20240924_010723.jpg
1045,20240924.0,10819,GOOD,/home/kaizen-ai/Desktop/thrust_bearing_app/python-backend/Downloads/bearing_complete/GOOD_20240924_010819.jpg
1046,20240924.0,10914,GOOD,/home/kaizen-ai/Desktop/thrust_bearing_app/python-backend/Downloads/bearing_complete/GOOD_20240924_010914.jpg
1047,20240924.0,11039,GOOD,/home/kaizen-ai/Desktop/thrust_bearing_app/python-backend/Downloads/bearing_complete/GOOD_20240924_011039.jpg
1048,20240924.0,11138,GOOD,/home/kaizen-ai/Desktop/thrust_bearing_app/python-backend/Downloads/bearing_complete/GOOD_20240924_011138.jpg
1049,20240924.0,11243,GOOD,/home/kaizen-ai/Desktop/thrust_bearing_app/python-backend/Downloads/bearing_complete/GOOD_20240924_011243.jpg
1050,20240924.0,11337,GOOD,/home/kaizen-ai/Desktop/thrust_bearing_app/python-backend/Downloads/bearing_complete/GOOD_20240924_011337.jpg
1051,20240924.0,11546,GOOD,/home/kaizen-ai/Desktop/thrust_bearing_app/python-backend/Downloads/bearing_complete/GOOD_20240924_011546.jpg
1052,20240924.0,11703,GOOD,/home/kaizen-ai/Desktop/thrust_bearing_app/python-backend/Downloads/bearing_complete/GOOD_20240924_011703.jpg
1053,20240924.0,11759,GOOD,/home/kaizen-ai/Desktop/thrust_bearing_app/python-backend/Downloads/bearing_complete/GOOD_20240924_011759.jpg
1054,20240924.0,11857,GOOD,/home/kaizen-ai/Desktop/thrust_bearing_app/python-backend/Downloads/bearing_complete/GOOD_20240924_011857.jpg
1055,20240924.0,12004,GOOD,/home/kaizen-ai/Desktop/thrust_bearing_app/python-backend/Downloads/bearing_complete/GOOD_20240924_012004.jpg
1056,20240924.0,12106,GOOD,/home/kaizen-ai/Desktop/thrust_bearing_app/python-backend/Downloads/bearing_complete/GOOD_20240924_012106.jpg
1057,20240924.0,12212,GOOD,/home/kaizen-ai/Desktop/thrust_bearing_app/python-backend/Downloads/bearing_complete/GOOD_20240924_012212.jpg
1058,20240924.0,12342,GOOD,/home/kaizen-ai/Desktop/thrust_bearing_app/python-backend/Downloads/bearing_complete/GOOD_20240924_012342.jpg
1059,20240924.0,12442,GOOD,/home/kaizen-ai/Desktop/thrust_bearing_app/python-backend/Downloads/bearing_complete/GOOD_20240924_012442.jpg
1060,20240924.0,12547,NG,/home/kaizen-ai/Desktop/thrust_bearing_app/python-backend/Downloads/not_complete/NG_20240924_012547.jpg
1061,20240924.0,12646,GOOD,/home/kaizen-ai/Desktop/thrust_bearing_app/python-backend/Downloads/bearing_complete/GOOD_20240924_012646.jpg
1062,20240924.0,12814,GOOD,/home/kaizen-ai/Desktop/thrust_bearing_app/python-backend/Downloads/bearing_complete/GOOD_20240924_012814.jpg
1063,20240924.0,12918,GOOD,/home/kaizen-ai/Desktop/thrust_bearing_app/python-backend/Downloads/bearing_complete/GOOD_20240924_012918.jpg
1064,20240924.0,13008,GOOD,/home/kaizen-ai/Desktop/thrust_bearing_app/python-backend/Downloads/bearing_complete/GOOD_20240924_013008.jpg
1065,20240924.0,13139,GOOD,/home/kaizen-ai/Desktop/thrust_bearing_app/python-backend/Downloads/bearing_complete/GOOD_20240924_013139.jpg
1066,20240924.0,13231,GOOD,/home/kaizen-ai/Desktop/thrust_bearing_app/python-backend/Downloads/bearing_complete/GOOD_20240924_013231.jpg
1067,20240924.0,13332,GOOD,/home/kaizen-ai/Desktop/thrust_bearing_app/python-backend/Downloads/bearing_complete/GOOD_20240924_013332.jpg
1068,20240924.0,13429,GOOD,/home/kaizen-ai/Desktop/thrust_bearing_app/python-backend/Downloads/bearing_complete/GOOD_20240924_013429.jpg
1069,20240924.0,13533,GOOD,/home/kaizen-ai/Desktop/thrust_bearing_app/python-backend/Downloads/bearing_complete/GOOD_20240924_013533.jpg
1070,20240924.0,13636,GOOD,/home/kaizen-ai/Desktop/thrust_bearing_app/python-backend/Downloads/bearing_complete/GOOD_20240924_013636.jpg
1071,20240924.0,13749,GOOD,/home/kaizen-ai/Desktop/thrust_bearing_app/python-backend/Downloads/bearing_complete/GOOD_20240924_013749.jpg
1072,20240924.0,14000,GOOD,/home/kaizen-ai/Desktop/thrust_bearing_app/python-backend/Downloads/bearing_complete/GOOD_20240924_014000.jpg
1073,20240924.0,14109,GOOD,/home/kaizen-ai/Desktop/thrust_bearing_app/python-backend/Downloads/bearing_complete/GOOD_20240924_014109.jpg
1074,20240924.0,14207,GOOD,/home/kaizen-ai/Desktop/thrust_bearing_app/python-backend/Downloads/bearing_complete/GOOD_20240924_014207.jpg
1075,20240924.0,14305,GOOD,/home/kaizen-ai/Desktop/thrust_bearing_app/python-backend/Downloads/bearing_complete/GOOD_20240924_014305.jpg
1076,20240924.0,14426,NG,/home/kaizen-ai/Desktop/thrust_bearing_app/python-backend/Downloads/not_complete/NG_20240924_014426.jpg
1077,20240924.0,14531,GOOD,/home/kaizen-ai/Desktop/thrust_bearing_app/python-backend/Downloads/bearing_complete/GOOD_20240924_014531.jpg
1078,20240924.0,14628,GOOD,/home/kaizen-ai/Desktop/thrust_bearing_app/python-backend/Downloads/bearing_complete/GOOD_20240924_014628.jpg
1079,20240924.0,14729,GOOD,/home/kaizen-ai/Desktop/thrust_bearing_app/python-backend/Downloads/bearing_complete/GOOD_20240924_014729.jpg
1080,20240924.0,14841,GOOD,/home/kaizen-ai/Desktop/thrust_bearing_app/python-backend/Downloads/bearing_complete/GOOD_20240924_014841.jpg
1081,20240924.0,15052,GOOD,/home/kaizen-ai/Desktop/thrust_bearing_app/python-backend/Downloads/bearing_complete/GOOD_20240924_015052.jpg
1082,20240924.0,15152,GOOD,/home/kaizen-ai/Desktop/thrust_bearing_app/python-backend/Downloads/bearing_complete/GOOD_20240924_015152.jpg
1083,20240924.0,15244,GOOD,/home/kaizen-ai/Desktop/thrust_bearing_app/python-backend/Downloads/bearing_complete/GOOD_20240924_015244.jpg
1084,20240924.0,15344,GOOD,/home/kaizen-ai/Desktop/thrust_bearing_app/python-backend/Downloads/bearing_complete/GOOD_20240924_015344.jpg
1085,20240924.0,15441,GOOD,/home/kaizen-ai/Desktop/thrust_bearing_app/python-backend/Downloads/bearing_complete/GOOD_20240924_015441.jpg
1086,20240924.0,15551,GOOD,/home/kaizen-ai/Desktop/thrust_bearing_app/python-backend/Downloads/bearing_complete/GOOD_20240924_015551.jpg
1087,20240924.0,15652,GOOD,/home/kaizen-ai/Desktop/thrust_bearing_app/python-backend/Downloads/bearing_complete/GOOD_20240924_015652.jpg
1088,20240924.0,15752,GOOD,/home/kaizen-ai/Desktop/thrust_bearing_app/python-backend/Downloads/bearing_complete/GOOD_20240924_015752.jpg
1089,20240924.0,15849,GOOD,/home/kaizen-ai/Desktop/thrust_bearing_app/python-backend/Downloads/bearing_complete/GOOD_20240924_015849.jpg
1090,20240924.0,20018,GOOD,/home/kaizen-ai/Desktop/thrust_bearing_app/python-backend/Downloads/bearing_complete/GOOD_20240924_020018.jpg
1091,20240924.0,20116,GOOD,/home/kaizen-ai/Desktop/thrust_bearing_app/python-backend/Downloads/bearing_complete/GOOD_20240924_020116.jpg
1092,20240924.0,20224,GOOD,/home/kaizen-ai/Desktop/thrust_bearing_app/python-backend/Downloads/bearing_complete/GOOD_20240924_020224.jpg
1093,20240924.0,20342,GOOD,/home/kaizen-ai/Desktop/thrust_bearing_app/python-backend/Downloads/bearing_complete/GOOD_20240924_020342.jpg
1094,20240924.0,20454,NG,/home/kaizen-ai/Desktop/thrust_bearing_app/python-backend/Downloads/not_complete/NG_20240924_020454.jpg
1095,20240924.0,20558,GOOD,/home/kaizen-ai/Desktop/thrust_bearing_app/python-backend/Downloads/bearing_complete/GOOD_20240924_020558.jpg
1096,20240924.0,20718,GOOD,/home/kaizen-ai/Desktop/thrust_bearing_app/python-backend/Downloads/bearing_complete/GOOD_20240924_020718.jpg
1097,20240924.0,20828,GOOD,/home/kaizen-ai/Desktop/thrust_bearing_app/python-backend/Downloads/bearing_complete/GOOD_20240924_020828.jpg
1098,20240924.0,20919,GOOD,/home/kaizen-ai/Desktop/thrust_bearing_app/python-backend/Downloads/bearing_complete/GOOD_20240924_020919.jpg
1099,20240924.0,21055,GOOD,/home/kaizen-ai/Desktop/thrust_bearing_app/python-backend/Downloads/bearing_complete/GOOD_20240924_021055.jpg
1100,20240924.0,21154,GOOD,/home/kaizen-ai/Desktop/thrust_bearing_app/python-backend/Downloads/bearing_complete/GOOD_20240924_021154.jpg
1101,20240924.0,21332,GOOD,/home/kaizen-ai/Desktop/thrust_bearing_app/python-backend/Downloads/bearing_complete/GOOD_20240924_021332.jpg
1102,20240924.0,21442,NG,/home/kaizen-ai/Desktop/thrust_bearing_app/python-backend/Downloads/not_complete/NG_20240924_021442.jpg
1103,20240924.0,22001,GOOD,/home/kaizen-ai/Desktop/thrust_bearing_app/python-backend/Downloads/bearing_complete/GOOD_20240924_022001.jpg
1104,20240924.0,22102,GOOD,/home/kaizen-ai/Desktop/thrust_bearing_app/python-backend/Downloads/bearing_complete/GOOD_20240924_022102.jpg
1105,20240924.0,22209,GOOD,/home/kaizen-ai/Desktop/thrust_bearing_app/python-backend/Downloads/bearing_complete/GOOD_20240924_022209.jpg
1106,20240924.0,22316,GOOD,/home/kaizen-ai/Desktop/thrust_bearing_app/python-backend/Downloads/bearing_complete/GOOD_20240924_022316.jpg
1107,20240924.0,22409,GOOD,/home/kaizen-ai/Desktop/thrust_bearing_app/python-backend/Downloads/bearing_complete/GOOD_20240924_022409.jpg
1108,20240924.0,22524,GOOD,/home/kaizen-ai/Desktop/thrust_bearing_app/python-backend/Downloads/bearing_complete/GOOD_20240924_022524.jpg
1109,20240924.0,22623,GOOD,/home/kaizen-ai/Desktop/thrust_bearing_app/python-backend/Downloads/bearing_complete/GOOD_20240924_022623.jpg
1110,20240924.0,22732,GOOD,/home/kaizen-ai/Desktop/thrust_bearing_app/python-backend/Downloads/bearing_complete/GOOD_20240924_022732.jpg
1111,20240924.0,22829,GOOD,/home/kaizen-ai/Desktop/thrust_bearing_app/python-backend/Downloads/bearing_complete/GOOD_20240924_022829.jpg
1112,20240924.0,22931,GOOD,/home/kaizen-ai/Desktop/thrust_bearing_app/python-backend/Downloads/bearing_complete/GOOD_20240924_022931.jpg
1113,20240924.0,24108,GOOD,/home/kaizen-ai/Desktop/thrust_bearing_app/python-backend/Downloads/bearing_complete/GOOD_20240924_024108.jpg
1114,20240924.0,24144,GOOD,/home/kaizen-ai/Desktop/thrust_bearing_app/python-backend/Downloads/bearing_complete/GOOD_20240924_024144.jpg
1115,20240924.0,24307,NG,/home/kaizen-ai/Desktop/thrust_bearing_app/python-backend/Downloads/not_complete/NG_20240924_024307.jpg
1116,20240924.0,24528,GOOD,/home/kaizen-ai/Desktop/thrust_bearing_app/python-backend/Downloads/bearing_complete/GOOD_20240924_024528.jpg
1117,20240924.0,24650,NG,/home/kaizen-ai/Desktop/thrust_bearing_app/python-backend/Downloads/not_complete/NG_20240924_024650.jpg
1118,20240924.0,24908,GOOD,/home/kaizen-ai/Desktop/thrust_bearing_app/python-backend/Downloads/bearing_complete/GOOD_20240924_024908.jpg
1119,20240924.0,25043,GOOD,/home/kaizen-ai/Desktop/thrust_bearing_app/python-backend/Downloads/bearing_complete/GOOD_20240924_025043.jpg
1120,20240924.0,25145,GOOD,/home/kaizen-ai/Desktop/thrust_bearing_app/python-backend/Downloads/bearing_complete/GOOD_20240924_025145.jpg
1121,20240924.0,25248,GOOD,/home/kaizen-ai/Desktop/thrust_bearing_app/python-backend/Downloads/bearing_complete/GOOD_20240924_025248.jpg
1122,20240924.0,25338,GOOD,/home/kaizen-ai/Desktop/thrust_bearing_app/python-backend/Downloads/bearing_complete/GOOD_20240924_025338.jpg
1123,20240924.0,25441,GOOD,/home/kaizen-ai/Desktop/thrust_bearing_app/python-backend/Downloads/bearing_complete/GOOD_20240924_025441.jpg
1124,20240924.0,25552,GOOD,/home/kaizen-ai/Desktop/thrust_bearing_app/python-backend/Downloads/bearing_complete/GOOD_20240924_025552.jpg
1125,20240924.0,25648,NG,/home/kaizen-ai/Desktop/thrust_bearing_app/python-backend/Downloads/not_complete/NG_20240924_025648.jpg
1126,20240924.0,25745,GOOD,/home/kaizen-ai/Desktop/thrust_bearing_app/python-backend/Downloads/bearing_complete/GOOD_20240924_025745.jpg
1127,20240924.0,25848,GOOD,/home/kaizen-ai/Desktop/thrust_bearing_app/python-backend/Downloads/bearing_complete/GOOD_20240924_025848.jpg
1128,20240924.0,30015,GOOD,/home/kaizen-ai/Desktop/thrust_bearing_app/python-backend/Downloads/bearing_complete/GOOD_20240924_030015.jpg
1129,20240924.0,30119,GOOD,/home/kaizen-ai/Desktop/thrust_bearing_app/python-backend/Downloads/bearing_complete/GOOD_20240924_030119.jpg
1130,20240924.0,30234,GOOD,/home/kaizen-ai/Desktop/thrust_bearing_app/python-backend/Downloads/bearing_complete/GOOD_20240924_030234.jpg
1131,20240924.0,30340,GOOD,/home/kaizen-ai/Desktop/thrust_bearing_app/python-backend/Downloads/bearing_complete/GOOD_20240924_030340.jpg
1132,20240924.0,30441,GOOD,/home/kaizen-ai/Desktop/thrust_bearing_app/python-backend/Downloads/bearing_complete/GOOD_20240924_030441.jpg
1133,20240924.0,30549,GOOD,/home/kaizen-ai/Desktop/thrust_bearing_app/python-backend/Downloads/bearing_complete/GOOD_20240924_030549.jpg
1134,20240924.0,30700,GOOD,/home/kaizen-ai/Desktop/thrust_bearing_app/python-backend/Downloads/bearing_complete/GOOD_20240924_030700.jpg
1135,20240924.0,30805,GOOD,/home/kaizen-ai/Desktop/thrust_bearing_app/python-backend/Downloads/bearing_complete/GOOD_20240924_030805.jpg
1136,20240924.0,30857,GOOD,/home/kaizen-ai/Desktop/thrust_bearing_app/python-backend/Downloads/bearing_complete/GOOD_20240924_030857.jpg
1137,20240924.0,31014,NG,/home/kaizen-ai/Desktop/thrust_bearing_app/python-backend/Downloads/not_complete/NG_20240924_031014.jpg
1138,20240924.0,31110,GOOD,/home/kaizen-ai/Desktop/thrust_bearing_app/python-backend/Downloads/bearing_complete/GOOD_20240924_031110.jpg
1139,20240924.0,31216,GOOD,/home/kaizen-ai/Desktop/thrust_bearing_app/python-backend/Downloads/bearing_complete/GOOD_20240924_031216.jpg
1140,20240924.0,31329,GOOD,/home/kaizen-ai/Desktop/thrust_bearing_app/python-backend/Downloads/bearing_complete/GOOD_20240924_031329.jpg
1141,20240924.0,31535,GOOD,/home/kaizen-ai/Desktop/thrust_bearing_app/python-backend/Downloads/bearing_complete/GOOD_20240924_031535.jpg
1142,20240924.0,31650,NG,/home/kaizen-ai/Desktop/thrust_bearing_app/python-backend/Downloads/not_complete/NG_20240924_031650.jpg
1143,20240924.0,31755,GOOD,/home/kaizen-ai/Desktop/thrust_bearing_app/python-backend/Downloads/bearing_complete/GOOD_20240924_031755.jpg
1144,20240924.0,31852,GOOD,/home/kaizen-ai/Desktop/thrust_bearing_app/python-backend/Downloads/bearing_complete/GOOD_20240924_031852.jpg
1145,20240924.0,31932,GOOD,/home/kaizen-ai/Desktop/thrust_bearing_app/python-backend/Downloads/bearing_complete/GOOD_20240924_031932.jpg
1146,20240924.0,32043,NG,/home/kaizen-ai/Desktop/thrust_bearing_app/python-backend/Downloads/not_complete/NG_20240924_032043.jpg
1147,20240924.0,32129,GOOD,/home/kaizen-ai/Desktop/thrust_bearing_app/python-backend/Downloads/bearing_complete/GOOD_20240924_032129.jpg
1148,20240924.0,32221,GOOD,/home/kaizen-ai/Desktop/thrust_bearing_app/python-backend/Downloads/bearing_complete/GOOD_20240924_032221.jpg
1149,20240924.0,32318,GOOD,/home/kaizen-ai/Desktop/thrust_bearing_app/python-backend/Downloads/bearing_complete/GOOD_20240924_032318.jpg
1150,20240924.0,32506,GOOD,/home/kaizen-ai/Desktop/thrust_bearing_app/python-backend/Downloads/bearing_complete/GOOD_20240924_032506.jpg
1151,20240924.0,32656,GOOD,/home/kaizen-ai/Desktop/thrust_bearing_app/python-backend/Downloads/bearing_complete/GOOD_20240924_032656.jpg
1152,20240924.0,32814,GOOD,/home/kaizen-ai/Desktop/thrust_bearing_app/python-backend/Downloads/bearing_complete/GOOD_20240924_032814.jpg
1153,20240924.0,32920,GOOD,/home/kaizen-ai/Desktop/thrust_bearing_app/python-backend/Downloads/bearing_complete/GOOD_20240924_032920.jpg
1154,20240924.0,33014,GOOD,/home/kaizen-ai/Desktop/thrust_bearing_app/python-backend/Downloads/bearing_complete/GOOD_20240924_033014.jpg
1155,20240924.0,33118,NG,/home/kaizen-ai/Desktop/thrust_bearing_app/python-backend/Downloads/not_complete/NG_20240924_033118.jpg
1156,20240924.0,33356,NG,/home/kaizen-ai/Desktop/thrust_bearing_app/python-backend/Downloads/not_complete/NG_20240924_033356.jpg
1157,20240924.0,33743,NG,/home/kaizen-ai/Desktop/thrust_bearing_app/python-backend/Downloads/not_complete/NG_20240924_033743.jpg
1158,20240924.0,33940,NG,/home/kaizen-ai/Desktop/thrust_bearing_app/python-backend/Downloads/not_complete/NG_20240924_033940.jpg
1159,20240924.0,34107,NG,/home/kaizen-ai/Desktop/thrust_bearing_app/python-backend/Downloads/not_complete/NG_20240924_034107.jpg
1160,20240924.0,34149,GOOD,/home/kaizen-ai/Desktop/thrust_bearing_app/python-backend/Downloads/bearing_complete/GOOD_20240924_034149.jpg
1161,20240924.0,34300,GOOD,/home/kaizen-ai/Desktop/thrust_bearing_app/python-backend/Downloads/bearing_complete/GOOD_20240924_034300.jpg
1162,20240924.0,34427,GOOD,/home/kaizen-ai/Desktop/thrust_bearing_app/python-backend/Downloads/bearing_complete/GOOD_20240924_034427.jpg
1163,20240924.0,34459,GOOD,/home/kaizen-ai/Desktop/thrust_bearing_app/python-backend/Downloads/bearing_complete/GOOD_20240924_034459.jpg
1164,20240924.0,34601,GOOD,/home/kaizen-ai/Desktop/thrust_bearing_app/python-backend/Downloads/bearing_complete/GOOD_20240924_034601.jpg
1165,20240924.0,34714,NG,/home/kaizen-ai/Desktop/thrust_bearing_app/python-backend/Downloads/not_complete/NG_20240924_034714.jpg
1166,20240924.0,34752,GOOD,/home/kaizen-ai/Desktop/thrust_bearing_app/python-backend/Downloads/bearing_complete/GOOD_20240924_034752.jpg
1167,20240924.0,34941,GOOD,/home/kaizen-ai/Desktop/thrust_bearing_app/python-backend/Downloads/bearing_complete/GOOD_20240924_034941.jpg
1168,20240924.0,35035,GOOD,/home/kaizen-ai/Desktop/thrust_bearing_app/python-backend/Downloads/bearing_complete/GOOD_20240924_035035.jpg
1169,20240924.0,35137,GOOD,/home/kaizen-ai/Desktop/thrust_bearing_app/python-backend/Downloads/bearing_complete/GOOD_20240924_035137.jpg
1170,20240924.0,35233,GOOD,/home/kaizen-ai/Desktop/thrust_bearing_app/python-backend/Downloads/bearing_complete/GOOD_20240924_035233.jpg
1171,20240924.0,35436,GOOD,/home/kaizen-ai/Desktop/thrust_bearing_app/python-backend/Downloads/bearing_complete/GOOD_20240924_035436.jpg
1172,20240924.0,35543,NG,/home/kaizen-ai/Desktop/thrust_bearing_app/python-backend/Downloads/not_complete/NG_20240924_035543.jpg
1173,20240924.0,35636,GOOD,/home/kaizen-ai/Desktop/thrust_bearing_app/python-backend/Downloads/bearing_complete/GOOD_20240924_035636.jpg
1174,20240924.0,35845,GOOD,/home/kaizen-ai/Desktop/thrust_bearing_app/python-backend/Downloads/bearing_complete/GOOD_20240924_035845.jpg
1175,20240924.0,40057,NG,/home/kaizen-ai/Desktop/thrust_bearing_app/python-backend/Downloads/not_complete/NG_20240924_040057.jpg
1176,20240924.0,40210,GOOD,/home/kaizen-ai/Desktop/thrust_bearing_app/python-backend/Downloads/bearing_complete/GOOD_20240924_040210.jpg
1177,20240924.0,40254,GOOD,/home/kaizen-ai/Desktop/thrust_bearing_app/python-backend/Downloads/bearing_complete/GOOD_20240924_040254.jpg
1178,20240924.0,40541,GOOD,/home/kaizen-ai/Desktop/thrust_bearing_app/python-backend/Downloads/bearing_complete/GOOD_20240924_040541.jpg
1179,20240924.0,40646,GOOD,/home/kaizen-ai/Desktop/thrust_bearing_app/python-backend/Downloads/bearing_complete/GOOD_20240924_040646.jpg
1180,20240924.0,40756,GOOD,/home/kaizen-ai/Desktop/thrust_bearing_app/python-backend/Downloads/bearing_complete/GOOD_20240924_040756.jpg
1181,20240924.0,40907,GOOD,/home/kaizen-ai/Desktop/thrust_bearing_app/python-backend/Downloads/bearing_complete/GOOD_20240924_040907.jpg
1182,20240924.0,41005,GOOD,/home/kaizen-ai/Desktop/thrust_bearing_app/python-backend/Downloads/bearing_complete/GOOD_20240924_041005.jpg
1183,20240924.0,41114,GOOD,/home/kaizen-ai/Desktop/thrust_bearing_app/python-backend/Downloads/bearing_complete/GOOD_20240924_041114.jpg
1184,20240924.0,41224,NG,/home/kaizen-ai/Desktop/thrust_bearing_app/python-backend/Downloads/not_complete/NG_20240924_041224.jpg
1185,20240924.0,41434,GOOD,/home/kaizen-ai/Desktop/thrust_bearing_app/python-backend/Downloads/bearing_complete/GOOD_20240924_041434.jpg
1186,20240924.0,41531,GOOD,/home/kaizen-ai/Desktop/thrust_bearing_app/python-backend/Downloads/bearing_complete/GOOD_20240924_041531.jpg
1187,20240924.0,41646,GOOD,/home/kaizen-ai/Desktop/thrust_bearing_app/python-backend/Downloads/bearing_complete/GOOD_20240924_041646.jpg
1188,20240924.0,41755,GOOD,/home/kaizen-ai/Desktop/thrust_bearing_app/python-backend/Downloads/bearing_complete/GOOD_20240924_041755.jpg
1189,20240924.0,41838,GOOD,/home/kaizen-ai/Desktop/thrust_bearing_app/python-backend/Downloads/bearing_complete/GOOD_20240924_041838.jpg
1190,20240924.0,42015,GOOD,/home/kaizen-ai/Desktop/thrust_bearing_app/python-backend/Downloads/bearing_complete/GOOD_20240924_042015.jpg
1191,20240924.0,42111,NG,/home/kaizen-ai/Desktop/thrust_bearing_app/python-backend/Downloads/not_complete/NG_20240924_042111.jpg
1192,20240924.0,42212,GOOD,/home/kaizen-ai/Desktop/thrust_bearing_app/python-backend/Downloads/bearing_complete/GOOD_20240924_042212.jpg
1193,20240924.0,42320,GOOD,/home/kaizen-ai/Desktop/thrust_bearing_app/python-backend/Downloads/bearing_complete/GOOD_20240924_042320.jpg
1194,20240924.0,42420,GOOD,/home/kaizen-ai/Desktop/thrust_bearing_app/python-backend/Downloads/bearing_complete/GOOD_20240924_042420.jpg
1195,20240924.0,42524,GOOD,/home/kaizen-ai/Desktop/thrust_bearing_app/python-backend/Downloads/bearing_complete/GOOD_20240924_042524.jpg
1196,20240924.0,50746,NG,/home/kaizen-ai/Desktop/thrust_bearing_app/python-backend/Downloads/not_complete/NG_20240924_050746.jpg
1197,20240924.0,50858,GOOD,/home/kaizen-ai/Desktop/thrust_bearing_app/python-backend/Downloads/bearing_complete/GOOD_20240924_050858.jpg
1198,20240924.0,51103,GOOD,/home/kaizen-ai/Desktop/thrust_bearing_app/python-backend/Downloads/bearing_complete/GOOD_20240924_051103.jpg
1199,20240924.0,51212,GOOD,/home/kaizen-ai/Desktop/thrust_bearing_app/python-backend/Downloads/bearing_complete/GOOD_20240924_051212.jpg
1200,20240924.0,51353,GOOD,/home/kaizen-ai/Desktop/thrust_bearing_app/python-backend/Downloads/bearing_complete/GOOD_20240924_051353.jpg
1201,20240924.0,51447,GOOD,/home/kaizen-ai/Desktop/thrust_bearing_app/python-backend/Downloads/bearing_complete/GOOD_20240924_051447.jpg
1202,20240924.0,51545,GOOD,/home/kaizen-ai/Desktop/thrust_bearing_app/python-backend/Downloads/bearing_complete/GOOD_20240924_051545.jpg
1203,20240924.0,51633,GOOD,/home/kaizen-ai/Desktop/thrust_bearing_app/python-backend/Downloads/bearing_complete/GOOD_20240924_051633.jpg
1204,20240924.0,51732,NG,/home/kaizen-ai/Desktop/thrust_bearing_app/python-backend/Downloads/not_complete/NG_20240924_051732.jpg
1205,20240924.0,51844,GOOD,/home/kaizen-ai/Desktop/thrust_bearing_app/python-backend/Downloads/bearing_complete/GOOD_20240924_051844.jpg
1206,20240924.0,51942,GOOD,/home/kaizen-ai/Desktop/thrust_bearing_app/python-backend/Downloads/bearing_complete/GOOD_20240924_051942.jpg
1207,20240924.0,52050,GOOD,/home/kaizen-ai/Desktop/thrust_bearing_app/python-backend/Downloads/bearing_complete/GOOD_20240924_052050.jpg
1208,20240924.0,52159,GOOD,/home/kaizen-ai/Desktop/thrust_bearing_app/python-backend/Downloads/bearing_complete/GOOD_20240924_052159.jpg
1209,20240924.0,52405,NG,/home/kaizen-ai/Desktop/thrust_bearing_app/python-backend/Downloads/not_complete/NG_20240924_052405.jpg
1210,20240924.0,52552,GOOD,/home/kaizen-ai/Desktop/thrust_bearing_app/python-backend/Downloads/bearing_complete/GOOD_20240924_052552.jpg
1211,20240924.0,52735,NG,/home/kaizen-ai/Desktop/thrust_bearing_app/python-backend/Downloads/not_complete/NG_20240924_052735.jpg
1212,20240924.0,52823,GOOD,/home/kaizen-ai/Desktop/thrust_bearing_app/python-backend/Downloads/bearing_complete/GOOD_20240924_052823.jpg
1213,20240924.0,53451,GOOD,/home/kaizen-ai/Desktop/thrust_bearing_app/python-backend/Downloads/bearing_complete/GOOD_20240924_053451.jpg
1214,20240924.0,53549,NG,/home/kaizen-ai/Desktop/thrust_bearing_app/python-backend/Downloads/not_complete/NG_20240924_053549.jpg
1215,20240924.0,53641,GOOD,/home/kaizen-ai/Desktop/thrust_bearing_app/python-backend/Downloads/bearing_complete/GOOD_20240924_053641.jpg
1216,20240924.0,53757,GOOD,/home/kaizen-ai/Desktop/thrust_bearing_app/python-backend/Downloads/bearing_complete/GOOD_20240924_053757.jpg
1217,20240924.0,53908,GOOD,/home/kaizen-ai/Desktop/thrust_bearing_app/python-backend/Downloads/bearing_complete/GOOD_20240924_053908.jpg
1218,20240924.0,54206,NG,/home/kaizen-ai/Desktop/thrust_bearing_app/python-backend/Downloads/not_complete/NG_20240924_054206.jpg
1219,20240924.0,54256,GOOD,/home/kaizen-ai/Desktop/thrust_bearing_app/python-backend/Downloads/bearing_complete/GOOD_20240924_054256.jpg
1220,20240924.0,54355,GOOD,/home/kaizen-ai/Desktop/thrust_bearing_app/python-backend/Downloads/bearing_complete/GOOD_20240924_054355.jpg
1221,20240924.0,54532,GOOD,/home/kaizen-ai/Desktop/thrust_bearing_app/python-backend/Downloads/bearing_complete/GOOD_20240924_054532.jpg
1222,20240924.0,54627,GOOD,/home/kaizen-ai/Desktop/thrust_bearing_app/python-backend/Downloads/bearing_complete/GOOD_20240924_054627.jpg
1223,20240924.0,54813,GOOD,/home/kaizen-ai/Desktop/thrust_bearing_app/python-backend/Downloads/bearing_complete/GOOD_20240924_054813.jpg
1224,20240924.0,55034,GOOD,/home/kaizen-ai/Desktop/thrust_bearing_app/python-backend/Downloads/bearing_complete/GOOD_20240924_055034.jpg
1225,20240924.0,55147,GOOD,/home/kaizen-ai/Desktop/thrust_bearing_app/python-backend/Downloads/bearing_complete/GOOD_20240924_055147.jpg
1226,20240924.0,55306,GOOD,/home/kaizen-ai/Desktop/thrust_bearing_app/python-backend/Downloads/bearing_complete/GOOD_20240924_055306.jpg
1227,20240924.0,55409,GOOD,/home/kaizen-ai/Desktop/thrust_bearing_app/python-backend/Downloads/bearing_complete/GOOD_20240924_055409.jpg
1228,20240924.0,55527,GOOD,/home/kaizen-ai/Desktop/thrust_bearing_app/python-backend/Downloads/bearing_complete/GOOD_20240924_055527.jpg
1229,20240924.0,55558,NG,/home/kaizen-ai/Desktop/thrust_bearing_app/python-backend/Downloads/not_complete/NG_20240924_055558.jpg
1230,20240924.0,55756,GOOD,/home/kaizen-ai/Desktop/thrust_bearing_app/python-backend/Downloads/bearing_complete/GOOD_20240924_055756.jpg
1231,20240924.0,55928,GOOD,/home/kaizen-ai/Desktop/thrust_bearing_app/python-backend/Downloads/bearing_complete/GOOD_20240924_055928.jpg
1232,20240924.0,60037,GOOD,/home/kaizen-ai/Desktop/thrust_bearing_app/python-backend/Downloads/bearing_complete/GOOD_20240924_060037.jpg
1233,20240924.0,72131,NG,/home/kaizen-ai/Desktop/thrust_bearing_app/python-backend/Downloads/not_complete/NG_20240924_072131.jpg
1234,20240924.0,72304,GOOD,/home/kaizen-ai/Desktop/thrust_bearing_app/python-backend/Downloads/bearing_complete/GOOD_20240924_072304.jpg
1235,20240924.0,72353,GOOD,/home/kaizen-ai/Desktop/thrust_bearing_app/python-backend/Downloads/bearing_complete/GOOD_20240924_072353.jpg
1236,20240924.0,72538,GOOD,/home/kaizen-ai/Desktop/thrust_bearing_app/python-backend/Downloads/bearing_complete/GOOD_20240924_072538.jpg
1237,20240924.0,72629,GOOD,/home/kaizen-ai/Desktop/thrust_bearing_app/python-backend/Downloads/bearing_complete/GOOD_20240924_072629.jpg
1238,20240924.0,72726,GOOD,/home/kaizen-ai/Desktop/thrust_bearing_app/python-backend/Downloads/bearing_complete/GOOD_20240924_072726.jpg
1239,20240924.0,72828,GOOD,/home/kaizen-ai/Desktop/thrust_bearing_app/python-backend/Downloads/bearing_complete/GOOD_20240924_072828.jpg
1240,20240924.0,72937,NG,/home/kaizen-ai/Desktop/thrust_bearing_app/python-backend/Downloads/not_complete/NG_20240924_072937.jpg
1241,20240924.0,73020,GOOD,/home/kaizen-ai/Desktop/thrust_bearing_app/python-backend/Downloads/bearing_complete/GOOD_20240924_073020.jpg
1242,20240924.0,73105,GOOD,/home/kaizen-ai/Desktop/thrust_bearing_app/python-backend/Downloads/bearing_complete/GOOD_20240924_073105.jpg
1243,20240924.0,73236,GOOD,/home/kaizen-ai/Desktop/thrust_bearing_app/python-backend/Downloads/bearing_complete/GOOD_20240924_073236.jpg
1244,20240924.0,73342,GOOD,/home/kaizen-ai/Desktop/thrust_bearing_app/python-backend/Downloads/bearing_complete/GOOD_20240924_073342.jpg
1245,20240924.0,73438,GOOD,/home/kaizen-ai/Desktop/thrust_bearing_app/python-backend/Downloads/bearing_complete/GOOD_20240924_073438.jpg
1246,20240924.0,73541,GOOD,/home/kaizen-ai/Desktop/thrust_bearing_app/python-backend/Downloads/bearing_complete/GOOD_20240924_073541.jpg
1247,20240924.0,73636,GOOD,/home/kaizen-ai/Desktop/thrust_bearing_app/python-backend/Downloads/bearing_complete/GOOD_20240924_073636.jpg
1248,20240924.0,73733,GOOD,/home/kaizen-ai/Desktop/thrust_bearing_app/python-backend/Downloads/bearing_complete/GOOD_20240924_073733.jpg
1249,20240924.0,73838,GOOD,/home/kaizen-ai/Desktop/thrust_bearing_app/python-backend/Downloads/bearing_complete/GOOD_20240924_073838.jpg
1250,20240924.0,73940,GOOD,/home/kaizen-ai/Desktop/thrust_bearing_app/python-backend/Downloads/bearing_complete/GOOD_20240924_073940.jpg
1251,20240924.0,74050,GOOD,/home/kaizen-ai/Desktop/thrust_bearing_app/python-backend/Downloads/bearing_complete/GOOD_20240924_074050.jpg
1252,20240924.0,74147,GOOD,/home/kaizen-ai/Desktop/thrust_bearing_app/python-backend/Downloads/bearing_complete/GOOD_20240924_074147.jpg
1253,20240924.0,74252,GOOD,/home/kaizen-ai/Desktop/thrust_bearing_app/python-backend/Downloads/bearing_complete/GOOD_20240924_074252.jpg
1254,20240924.0,74413,NG,/home/kaizen-ai/Desktop/thrust_bearing_app/python-backend/Downloads/not_complete/NG_20240924_074413.jpg
1255,20240924.0,74616,GOOD,/home/kaizen-ai/Desktop/thrust_bearing_app/python-backend/Downloads/bearing_complete/GOOD_20240924_074616.jpg
1256,20240924.0,74915,GOOD,/home/kaizen-ai/Desktop/thrust_bearing_app/python-backend/Downloads/bearing_complete/GOOD_20240924_074915.jpg
1257,20240924.0,75017,GOOD,/home/kaizen-ai/Desktop/thrust_bearing_app/python-backend/Downloads/bearing_complete/GOOD_20240924_075017.jpg
1258,20240924.0,75116,GOOD,/home/kaizen-ai/Desktop/thrust_bearing_app/python-backend/Downloads/bearing_complete/GOOD_20240924_075116.jpg
1259,20240924.0,75224,GOOD,/home/kaizen-ai/Desktop/thrust_bearing_app/python-backend/Downloads/bearing_complete/GOOD_20240924_075224.jpg
1260,20240924.0,75334,GOOD,/home/kaizen-ai/Desktop/thrust_bearing_app/python-backend/Downloads/bearing_complete/GOOD_20240924_075334.jpg
1261,20240924.0,75523,GOOD,/home/kaizen-ai/Desktop/thrust_bearing_app/python-backend/Downloads/bearing_complete/GOOD_20240924_075523.jpg
1262,20240924.0,75633,GOOD,/home/kaizen-ai/Desktop/thrust_bearing_app/python-backend/Downloads/bearing_complete/GOOD_20240924_075633.jpg
1263,20240924.0,75731,GOOD,/home/kaizen-ai/Desktop/thrust_bearing_app/python-backend/Downloads/bearing_complete/GOOD_20240924_075731.jpg
1264,20240924.0,75843,GOOD,/home/kaizen-ai/Desktop/thrust_bearing_app/python-backend/Downloads/bearing_complete/GOOD_20240924_075843.jpg
1265,20240924.0,75934,GOOD,/home/kaizen-ai/Desktop/thrust_bearing_app/python-backend/Downloads/bearing_complete/GOOD_20240924_075934.jpg
1266,20240924.0,80032,GOOD,/home/kaizen-ai/Desktop/thrust_bearing_app/python-backend/Downloads/bearing_complete/GOOD_20240924_080032.jpg
1267,20240924.0,80223,GOOD,/home/kaizen-ai/Desktop/thrust_bearing_app/python-backend/Downloads/bearing_complete/GOOD_20240924_080223.jpg
1268,20240924.0,80326,GOOD,/home/kaizen-ai/Desktop/thrust_bearing_app/python-backend/Downloads/bearing_complete/GOOD_20240924_080326.jpg
1269,20240924.0,80443,NG,/home/kaizen-ai/Desktop/thrust_bearing_app/python-backend/Downloads/not_complete/NG_20240924_080443.jpg
1270,20240924.0,80707,GOOD,/home/kaizen-ai/Desktop/thrust_bearing_app/python-backend/Downloads/bearing_complete/GOOD_20240924_080707.jpg
1271,20240924.0,80926,NG,/home/kaizen-ai/Desktop/thrust_bearing_app/python-backend/Downloads/not_complete/NG_20240924_080926.jpg
1272,20240924.0,81025,GOOD,/home/kaizen-ai/Desktop/thrust_bearing_app/python-backend/Downloads/bearing_complete/GOOD_20240924_081025.jpg
1273,20240924.0,81119,GOOD,/home/kaizen-ai/Desktop/thrust_bearing_app/python-backend/Downloads/bearing_complete/GOOD_20240924_081119.jpg
1274,20240924.0,81316,GOOD,/home/kaizen-ai/Desktop/thrust_bearing_app/python-backend/Downloads/bearing_complete/GOOD_20240924_081316.jpg
1275,20240924.0,81404,GOOD,/home/kaizen-ai/Desktop/thrust_bearing_app/python-backend/Downloads/bearing_complete/GOOD_20240924_081404.jpg
1276,20240924.0,81456,GOOD,/home/kaizen-ai/Desktop/thrust_bearing_app/python-backend/Downloads/bearing_complete/GOOD_20240924_081456.jpg
1277,20240924.0,81549,GOOD,/home/kaizen-ai/Desktop/thrust_bearing_app/python-backend/Downloads/bearing_complete/GOOD_20240924_081549.jpg
1278,20240924.0,81652,GOOD,/home/kaizen-ai/Desktop/thrust_bearing_app/python-backend/Downloads/bearing_complete/GOOD_20240924_081652.jpg
1279,20240924.0,81758,GOOD,/home/kaizen-ai/Desktop/thrust_bearing_app/python-backend/Downloads/bearing_complete/GOOD_20240924_081758.jpg
1280,20240924.0,81856,GOOD,/home/kaizen-ai/Desktop/thrust_bearing_app/python-backend/Downloads/bearing_complete/GOOD_20240924_081856.jpg
1281,20240924.0,81956,NG,/home/kaizen-ai/Desktop/thrust_bearing_app/python-backend/Downloads/not_complete/NG_20240924_081956.jpg
1282,20240924.0,82022,GOOD,/home/kaizen-ai/Desktop/thrust_bearing_app/python-backend/Downloads/bearing_complete/GOOD_20240924_082022.jpg
1283,20240924.0,82125,GOOD,/home/kaizen-ai/Desktop/thrust_bearing_app/python-backend/Downloads/bearing_complete/GOOD_20240924_082125.jpg
1284,20240924.0,82228,GOOD,/home/kaizen-ai/Desktop/thrust_bearing_app/python-backend/Downloads/bearing_complete/GOOD_20240924_082228.jpg
1285,20240924.0,82329,GOOD,/home/kaizen-ai/Desktop/thrust_bearing_app/python-backend/Downloads/bearing_complete/GOOD_20240924_082329.jpg
1286,20240924.0,82423,GOOD,/home/kaizen-ai/Desktop/thrust_bearing_app/python-backend/Downloads/bearing_complete/GOOD_20240924_082423.jpg
1287,20240924.0,82530,NG,/home/kaizen-ai/Desktop/thrust_bearing_app/python-backend/Downloads/not_complete/NG_20240924_082530.jpg
1288,20240924.0,82631,GOOD,/home/kaizen-ai/Desktop/thrust_bearing_app/python-backend/Downloads/bearing_complete/GOOD_20240924_082631.jpg
1289,20240924.0,82750,GOOD,/home/kaizen-ai/Desktop/thrust_bearing_app/python-backend/Downloads/bearing_complete/GOOD_20240924_082750.jpg
1290,20240924.0,82847,GOOD,/home/kaizen-ai/Desktop/thrust_bearing_app/python-backend/Downloads/bearing_complete/GOOD_20240924_082847.jpg
1291,20240924.0,82939,GOOD,/home/kaizen-ai/Desktop/thrust_bearing_app/python-backend/Downloads/bearing_complete/GOOD_20240924_082939.jpg
1292,20240924.0,83042,GOOD,/home/kaizen-ai/Desktop/thrust_bearing_app/python-backend/Downloads/bearing_complete/GOOD_20240924_083042.jpg
1293,20240924.0,83146,GOOD,/home/kaizen-ai/Desktop/thrust_bearing_app/python-backend/Downloads/bearing_complete/GOOD_20240924_083146.jpg
1294,20240924.0,83254,GOOD,/home/kaizen-ai/Desktop/thrust_bearing_app/python-backend/Downloads/bearing_complete/GOOD_20240924_083254.jpg
1295,20240924.0,83401,GOOD,/home/kaizen-ai/Desktop/thrust_bearing_app/python-backend/Downloads/bearing_complete/GOOD_20240924_083401.jpg
1296,20240924.0,83516,NG,/home/kaizen-ai/Desktop/thrust_bearing_app/python-backend/Downloads/not_complete/NG_20240924_083516.jpg
1297,20240924.0,83600,GOOD,/home/kaizen-ai/Desktop/thrust_bearing_app/python-backend/Downloads/bearing_complete/GOOD_20240924_083600.jpg
1298,20240924.0,83658,GOOD,/home/kaizen-ai/Desktop/thrust_bearing_app/python-backend/Downloads/bearing_complete/GOOD_20240924_083658.jpg
1299,20240924.0,83803,GOOD,/home/kaizen-ai/Desktop/thrust_bearing_app/python-backend/Downloads/bearing_complete/GOOD_20240924_083803.jpg
1300,20240924.0,83857,GOOD,/home/kaizen-ai/Desktop/thrust_bearing_app/python-backend/Downloads/bearing_complete/GOOD_20240924_083857.jpg
1301,20240924.0,84007,GOOD,/home/kaizen-ai/Desktop/thrust_bearing_app/python-backend/Downloads/bearing_complete/GOOD_20240924_084007.jpg
1302,20240924.0,84108,GOOD,/home/kaizen-ai/Desktop/thrust_bearing_app/python-backend/Downloads/bearing_complete/GOOD_20240924_084108.jpg
1303,20240924.0,84220,NG,/home/kaizen-ai/Desktop/thrust_bearing_app/python-backend/Downloads/not_complete/NG_20240924_084220.jpg
1304,20240924.0,84306,GOOD,/home/kaizen-ai/Desktop/thrust_bearing_app/python-backend/Downloads/bearing_complete/GOOD_20240924_084306.jpg
1305,20240924.0,84527,GOOD,/home/kaizen-ai/Desktop/thrust_bearing_app/python-backend/Downloads/bearing_complete/GOOD_20240924_084527.jpg
1306,20240924.0,84647,GOOD,/home/kaizen-ai/Desktop/thrust_bearing_app/python-backend/Downloads/bearing_complete/GOOD_20240924_084647.jpg
1307,20240924.0,84755,GOOD,/home/kaizen-ai/Desktop/thrust_bearing_app/python-backend/Downloads/bearing_complete/GOOD_20240924_084755.jpg
1308,20240924.0,84840,GOOD,/home/kaizen-ai/Desktop/thrust_bearing_app/python-backend/Downloads/bearing_complete/GOOD_20240924_084840.jpg
1309,20240924.0,84938,GOOD,/home/kaizen-ai/Desktop/thrust_bearing_app/python-backend/Downloads/bearing_complete/GOOD_20240924_084938.jpg
1310,20240924.0,85040,NG,/home/kaizen-ai/Desktop/thrust_bearing_app/python-backend/Downloads/not_complete/NG_20240924_085040.jpg
1311,20240924.0,85519,NG,/home/kaizen-ai/Desktop/thrust_bearing_app/python-backend/Downloads/not_complete/NG_20240924_085519.jpg
1312,20240924.0,85538,GOOD,/home/kaizen-ai/Desktop/thrust_bearing_app/python-backend/Downloads/bearing_complete/GOOD_20240924_085538.jpg
1313,20240924.0,85643,GOOD,/home/kaizen-ai/Desktop/thrust_bearing_app/python-backend/Downloads/bearing_complete/GOOD_20240924_085643.jpg
1314,20240924.0,85811,NG,/home/kaizen-ai/Desktop/thrust_bearing_app/python-backend/Downloads/not_complete/NG_20240924_085811.jpg
1315,20240924.0,85929,GOOD,/home/kaizen-ai/Desktop/thrust_bearing_app/python-backend/Downloads/bearing_complete/GOOD_20240924_085929.jpg
1316,20240924.0,90039,NG,/home/kaizen-ai/Desktop/thrust_bearing_app/python-backend/Downloads/not_complete/NG_20240924_090039.jpg
1317,20240924.0,90118,GOOD,/home/kaizen-ai/Desktop/thrust_bearing_app/python-backend/Downloads/bearing_complete/GOOD_20240924_090118.jpg
1318,20240924.0,90258,GOOD,/home/kaizen-ai/Desktop/thrust_bearing_app/python-backend/Downloads/bearing_complete/GOOD_20240924_090258.jpg
1319,20240924.0,90341,GOOD,/home/kaizen-ai/Desktop/thrust_bearing_app/python-backend/Downloads/bearing_complete/GOOD_20240924_090341.jpg
1320,20240924.0,90504,GOOD,/home/kaizen-ai/Desktop/thrust_bearing_app/python-backend/Downloads/bearing_complete/GOOD_20240924_090504.jpg
1321,20240924.0,90718,GOOD,/home/kaizen-ai/Desktop/thrust_bearing_app/python-backend/Downloads/bearing_complete/GOOD_20240924_090718.jpg
1322,20240924.0,90825,GOOD,/home/kaizen-ai/Desktop/thrust_bearing_app/python-backend/Downloads/bearing_complete/GOOD_20240924_090825.jpg
1323,20240924.0,90921,GOOD,/home/kaizen-ai/Desktop/thrust_bearing_app/python-backend/Downloads/bearing_complete/GOOD_20240924_090921.jpg
1324,20240924.0,91022,GOOD,/home/kaizen-ai/Desktop/thrust_bearing_app/python-backend/Downloads/bearing_complete/GOOD_20240924_091022.jpg
1325,20240924.0,91149,GOOD,/home/kaizen-ai/Desktop/thrust_bearing_app/python-backend/Downloads/bearing_complete/GOOD_20240924_091149.jpg
1326,20240924.0,91259,GOOD,/home/kaizen-ai/Desktop/thrust_bearing_app/python-backend/Downloads/bearing_complete/GOOD_20240924_091259.jpg
1327,20240924.0,91354,NG,/home/kaizen-ai/Desktop/thrust_bearing_app/python-backend/Downloads/not_complete/NG_20240924_091354.jpg
1328,20240924.0,91441,GOOD,/home/kaizen-ai/Desktop/thrust_bearing_app/python-backend/Downloads/bearing_complete/GOOD_20240924_091441.jpg
1329,20240924.0,91558,NG,/home/kaizen-ai/Desktop/thrust_bearing_app/python-backend/Downloads/not_complete/NG_20240924_091558.jpg
1330,20240924.0,91649,GOOD,/home/kaizen-ai/Desktop/thrust_bearing_app/python-backend/Downloads/bearing_complete/GOOD_20240924_091649.jpg
1331,20240924.0,91758,NG,/home/kaizen-ai/Desktop/thrust_bearing_app/python-backend/Downloads/not_complete/NG_20240924_091758.jpg
1332,20240924.0,91848,GOOD,/home/kaizen-ai/Desktop/thrust_bearing_app/python-backend/Downloads/bearing_complete/GOOD_20240924_091848.jpg
1333,20240924.0,91947,GOOD,/home/kaizen-ai/Desktop/thrust_bearing_app/python-backend/Downloads/bearing_complete/GOOD_20240924_091947.jpg
1334,20240924.0,92026,GOOD,/home/kaizen-ai/Desktop/thrust_bearing_app/python-backend/Downloads/bearing_complete/GOOD_20240924_092026.jpg
1335,20240924.0,92122,GOOD,/home/kaizen-ai/Desktop/thrust_bearing_app/python-backend/Downloads/bearing_complete/GOOD_20240924_092122.jpg
1336,20240924.0,92507,NG,/home/kaizen-ai/Desktop/thrust_bearing_app/python-backend/Downloads/not_complete/NG_20240924_092507.jpg
1337,20240924.0,92601,GOOD,/home/kaizen-ai/Desktop/thrust_bearing_app/python-backend/Downloads/bearing_complete/GOOD_20240924_092601.jpg
1338,20240924.0,92706,GOOD,/home/kaizen-ai/Desktop/thrust_bearing_app/python-backend/Downloads/bearing_complete/GOOD_20240924_092706.jpg
1339,20240924.0,92806,GOOD,/home/kaizen-ai/Desktop/thrust_bearing_app/python-backend/Downloads/bearing_complete/GOOD_20240924_092806.jpg
1340,20240924.0,93013,NG,/home/kaizen-ai/Desktop/thrust_bearing_app/python-backend/Downloads/not_complete/NG_20240924_093013.jpg
1341,20240924.0,94121,GOOD,/home/kaizen-ai/Desktop/thrust_bearing_app/python-backend/Downloads/bearing_complete/GOOD_20240924_094121.jpg
1342,20240924.0,94212,GOOD,/home/kaizen-ai/Desktop/thrust_bearing_app/python-backend/Downloads/bearing_complete/GOOD_20240924_094212.jpg
1343,20240924.0,94306,GOOD,/home/kaizen-ai/Desktop/thrust_bearing_app/python-backend/Downloads/bearing_complete/GOOD_20240924_094306.jpg
1344,20240924.0,94412,NG,/home/kaizen-ai/Desktop/thrust_bearing_app/python-backend/Downloads/not_complete/NG_20240924_094412.jpg
1345,20240924.0,94442,GOOD,/home/kaizen-ai/Desktop/thrust_bearing_app/python-backend/Downloads/bearing_complete/GOOD_20240924_094442.jpg
1346,20240924.0,94534,GOOD,/home/kaizen-ai/Desktop/thrust_bearing_app/python-backend/Downloads/bearing_complete/GOOD_20240924_094534.jpg
1347,20240924.0,94648,NG,/home/kaizen-ai/Desktop/thrust_bearing_app/python-backend/Downloads/not_complete/NG_20240924_094648.jpg
1348,20240924.0,94719,GOOD,/home/kaizen-ai/Desktop/thrust_bearing_app/python-backend/Downloads/bearing_complete/GOOD_20240924_094719.jpg
1349,20240924.0,94829,NG,/home/kaizen-ai/Desktop/thrust_bearing_app/python-backend/Downloads/not_complete/NG_20240924_094829.jpg
1350,20240924.0,94902,GOOD,/home/kaizen-ai/Desktop/thrust_bearing_app/python-backend/Downloads/bearing_complete/GOOD_20240924_094902.jpg
1351,20240924.0,95108,GOOD,/home/kaizen-ai/Desktop/thrust_bearing_app/python-backend/Downloads/bearing_complete/GOOD_20240924_095108.jpg
1352,20240924.0,95200,NG,/home/kaizen-ai/Desktop/thrust_bearing_app/python-backend/Downloads/not_complete/NG_20240924_095200.jpg
1353,20240924.0,95258,GOOD,/home/kaizen-ai/Desktop/thrust_bearing_app/python-backend/Downloads/bearing_complete/GOOD_20240924_095258.jpg
1354,20240924.0,95358,NG,/home/kaizen-ai/Desktop/thrust_bearing_app/python-backend/Downloads/not_complete/NG_20240924_095358.jpg
1355,20240924.0,95509,NG,/home/kaizen-ai/Desktop/thrust_bearing_app/python-backend/Downloads/not_complete/NG_20240924_095509.jpg
1356,20240924.0,95620,GOOD,/home/kaizen-ai/Desktop/thrust_bearing_app/python-backend/Downloads/bearing_complete/GOOD_20240924_095620.jpg
1357,20240924.0,95710,GOOD,/home/kaizen-ai/Desktop/thrust_bearing_app/python-backend/Downloads/bearing_complete/GOOD_20240924_095710.jpg
1358,20240924.0,95918,GOOD,/home/kaizen-ai/Desktop/thrust_bearing_app/python-backend/Downloads/bearing_complete/GOOD_20240924_095918.jpg
1359,20240924.0,100102,GOOD,/home/kaizen-ai/Desktop/thrust_bearing_app/python-backend/Downloads/bearing_complete/GOOD_20240924_100102.jpg
1360,20240924.0,100203,NG,/home/kaizen-ai/Desktop/thrust_bearing_app/python-backend/Downloads/not_complete/NG_20240924_100203.jpg
1361,20240924.0,100258,GOOD,/home/kaizen-ai/Desktop/thrust_bearing_app/python-backend/Downloads/bearing_complete/GOOD_20240924_100258.jpg
1362,20240924.0,100405,GOOD,/home/kaizen-ai/Desktop/thrust_bearing_app/python-backend/Downloads/bearing_complete/GOOD_20240924_100405.jpg
1363,20240924.0,100601,GOOD,/home/kaizen-ai/Desktop/thrust_bearing_app/python-backend/Downloads/bearing_complete/GOOD_20240924_100601.jpg
1364,20240924.0,100710,GOOD,/home/kaizen-ai/Desktop/thrust_bearing_app/python-backend/Downloads/bearing_complete/GOOD_20240924_100710.jpg
1365,20240924.0,100832,GOOD,/home/kaizen-ai/Desktop/thrust_bearing_app/python-backend/Downloads/bearing_complete/GOOD_20240924_100832.jpg
1366,20240924.0,100918,GOOD,/home/kaizen-ai/Desktop/thrust_bearing_app/python-backend/Downloads/bearing_complete/GOOD_20240924_100918.jpg
1367,20240924.0,101002,GOOD,/home/kaizen-ai/Desktop/thrust_bearing_app/python-backend/Downloads/bearing_complete/GOOD_20240924_101002.jpg
1368,20240924.0,101055,GOOD,/home/kaizen-ai/Desktop/thrust_bearing_app/python-backend/Downloads/bearing_complete/GOOD_20240924_101055.jpg
1369,20240924.0,101155,GOOD,/home/kaizen-ai/Desktop/thrust_bearing_app/python-backend/Downloads/bearing_complete/GOOD_20240924_101155.jpg
1370,20240924.0,101354,GOOD,/home/kaizen-ai/Desktop/thrust_bearing_app/python-backend/Downloads/bearing_complete/GOOD_20240924_101354.jpg
1371,20240924.0,101449,GOOD,/home/kaizen-ai/Desktop/thrust_bearing_app/python-backend/Downloads/bearing_complete/GOOD_20240924_101449.jpg
1372,20240924.0,101539,GOOD,/home/kaizen-ai/Desktop/thrust_bearing_app/python-backend/Downloads/bearing_complete/GOOD_20240924_101539.jpg
1373,20240924.0,101630,GOOD,/home/kaizen-ai/Desktop/thrust_bearing_app/python-backend/Downloads/bearing_complete/GOOD_20240924_101630.jpg
1374,20240924.0,101720,GOOD,/home/kaizen-ai/Desktop/thrust_bearing_app/python-backend/Downloads/bearing_complete/GOOD_20240924_101720.jpg
1375,20240924.0,101907,GOOD,/home/kaizen-ai/Desktop/thrust_bearing_app/python-backend/Downloads/bearing_complete/GOOD_20240924_101907.jpg
1376,20240924.0,101954,GOOD,/home/kaizen-ai/Desktop/thrust_bearing_app/python-backend/Downloads/bearing_complete/GOOD_20240924_101954.jpg
1377,20240924.0,102049,GOOD,/home/kaizen-ai/Desktop/thrust_bearing_app/python-backend/Downloads/bearing_complete/GOOD_20240924_102049.jpg
1378,20240924.0,102140,GOOD,/home/kaizen-ai/Desktop/thrust_bearing_app/python-backend/Downloads/bearing_complete/GOOD_20240924_102140.jpg
1379,20240924.0,102242,GOOD,/home/kaizen-ai/Desktop/thrust_bearing_app/python-backend/Downloads/bearing_complete/GOOD_20240924_102242.jpg
1380,20240924.0,102353,GOOD,/home/kaizen-ai/Desktop/thrust_bearing_app/python-backend/Downloads/bearing_complete/GOOD_20240924_102353.jpg
1381,20240924.0,102450,GOOD,/home/kaizen-ai/Desktop/thrust_bearing_app/python-backend/Downloads/bearing_complete/GOOD_20240924_102450.jpg
1382,20240924.0,102602,GOOD,/home/kaizen-ai/Desktop/thrust_bearing_app/python-backend/Downloads/bearing_complete/GOOD_20240924_102602.jpg
1383,20240924.0,102652,GOOD,/home/kaizen-ai/Desktop/thrust_bearing_app/python-backend/Downloads/bearing_complete/GOOD_20240924_102652.jpg
1384,20240924.0,102745,GOOD,/home/kaizen-ai/Desktop/thrust_bearing_app/python-backend/Downloads/bearing_complete/GOOD_20240924_102745.jpg
1385,20240924.0,102848,GOOD,/home/kaizen-ai/Desktop/thrust_bearing_app/python-backend/Downloads/bearing_complete/GOOD_20240924_102848.jpg
1386,20240924.0,102953,GOOD,/home/kaizen-ai/Desktop/thrust_bearing_app/python-backend/Downloads/bearing_complete/GOOD_20240924_102953.jpg
1387,20240924.0,103058,GOOD,/home/kaizen-ai/Desktop/thrust_bearing_app/python-backend/Downloads/bearing_complete/GOOD_20240924_103058.jpg
1388,20240924.0,103200,GOOD,/home/kaizen-ai/Desktop/thrust_bearing_app/python-backend/Downloads/bearing_complete/GOOD_20240924_103200.jpg
1389,20240924.0,103310,GOOD,/home/kaizen-ai/Desktop/thrust_bearing_app/python-backend/Downloads/bearing_complete/GOOD_20240924_103310.jpg
1390,20240924.0,103410,NG,/home/kaizen-ai/Desktop/thrust_bearing_app/python-backend/Downloads/not_complete/NG_20240924_103410.jpg
1391,20240924.0,103707,NG,/home/kaizen-ai/Desktop/thrust_bearing_app/python-backend/Downloads/not_complete/NG_20240924_103707.jpg
1392,20240924.0,103803,GOOD,/home/kaizen-ai/Desktop/thrust_bearing_app/python-backend/Downloads/bearing_complete/GOOD_20240924_103803.jpg
1393,20240924.0,103937,GOOD,/home/kaizen-ai/Desktop/thrust_bearing_app/python-backend/Downloads/bearing_complete/GOOD_20240924_103937.jpg
1394,20240924.0,104030,GOOD,/home/kaizen-ai/Desktop/thrust_bearing_app/python-backend/Downloads/bearing_complete/GOOD_20240924_104030.jpg
1395,20240924.0,104122,NG,/home/kaizen-ai/Desktop/thrust_bearing_app/python-backend/Downloads/not_complete/NG_20240924_104122.jpg
1396,20240924.0,104203,GOOD,/home/kaizen-ai/Desktop/thrust_bearing_app/python-backend/Downloads/bearing_complete/GOOD_20240924_104203.jpg
1397,20240924.0,104245,GOOD,/home/kaizen-ai/Desktop/thrust_bearing_app/python-backend/Downloads/bearing_complete/GOOD_20240924_104245.jpg
1398,20240924.0,104401,GOOD,/home/kaizen-ai/Desktop/thrust_bearing_app/python-backend/Downloads/bearing_complete/GOOD_20240924_104401.jpg
1399,20240924.0,104504,GOOD,/home/kaizen-ai/Desktop/thrust_bearing_app/python-backend/Downloads/bearing_complete/GOOD_20240924_104504.jpg
1400,20240924.0,104610,GOOD,/home/kaizen-ai/Desktop/thrust_bearing_app/python-backend/Downloads/bearing_complete/GOOD_20240924_104610.jpg
1401,20240924.0,104905,GOOD,/home/kaizen-ai/Desktop/thrust_bearing_app/python-backend/Downloads/bearing_complete/GOOD_20240924_104905.jpg
1402,20240924.0,105003,GOOD,/home/kaizen-ai/Desktop/thrust_bearing_app/python-backend/Downloads/bearing_complete/GOOD_20240924_105003.jpg
1403,20240924.0,105244,GOOD,/home/kaizen-ai/Desktop/thrust_bearing_app/python-backend/Downloads/bearing_complete/GOOD_20240924_105244.jpg
1404,20240924.0,105409,GOOD,/home/kaizen-ai/Desktop/thrust_bearing_app/python-backend/Downloads/bearing_complete/GOOD_20240924_105409.jpg
1405,20240924.0,105508,GOOD,/home/kaizen-ai/Desktop/thrust_bearing_app/python-backend/Downloads/bearing_complete/GOOD_20240924_105508.jpg
1406,20240924.0,105615,GOOD,/home/kaizen-ai/Desktop/thrust_bearing_app/python-backend/Downloads/bearing_complete/GOOD_20240924_105615.jpg
1407,20240924.0,105716,GOOD,/home/kaizen-ai/Desktop/thrust_bearing_app/python-backend/Downloads/bearing_complete/GOOD_20240924_105716.jpg
1408,20240924.0,105809,GOOD,/home/kaizen-ai/Desktop/thrust_bearing_app/python-backend/Downloads/bearing_complete/GOOD_20240924_105809.jpg
1409,20240924.0,105932,GOOD,/home/kaizen-ai/Desktop/thrust_bearing_app/python-backend/Downloads/bearing_complete/GOOD_20240924_105932.jpg
1410,20240924.0,110030,GOOD,/home/kaizen-ai/Desktop/thrust_bearing_app/python-backend/Downloads/bearing_complete/GOOD_20240924_110030.jpg
1411,20240924.0,110149,NG,/home/kaizen-ai/Desktop/thrust_bearing_app/python-backend/Downloads/not_complete/NG_20240924_110149.jpg
1412,20240924.0,110317,GOOD,/home/kaizen-ai/Desktop/thrust_bearing_app/python-backend/Downloads/bearing_complete/GOOD_20240924_110317.jpg
1413,20240924.0,110406,GOOD,/home/kaizen-ai/Desktop/thrust_bearing_app/python-backend/Downloads/bearing_complete/GOOD_20240924_110406.jpg
1414,20240924.0,110510,GOOD,/home/kaizen-ai/Desktop/thrust_bearing_app/python-backend/Downloads/bearing_complete/GOOD_20240924_110510.jpg
1415,20240924.0,110608,GOOD,/home/kaizen-ai/Desktop/thrust_bearing_app/python-backend/Downloads/bearing_complete/GOOD_20240924_110608.jpg
1416,20240924.0,110704,GOOD,/home/kaizen-ai/Desktop/thrust_bearing_app/python-backend/Downloads/bearing_complete/GOOD_20240924_110704.jpg
1417,20240924.0,110759,GOOD,/home/kaizen-ai/Desktop/thrust_bearing_app/python-backend/Downloads/bearing_complete/GOOD_20240924_110759.jpg
1418,20240924.0,110855,GOOD,/home/kaizen-ai/Desktop/thrust_bearing_app/python-backend/Downloads/bearing_complete/GOOD_20240924_110855.jpg
1419,20240924.0,111003,GOOD,/home/kaizen-ai/Desktop/thrust_bearing_app/python-backend/Downloads/bearing_complete/GOOD_20240924_111003.jpg
1420,20240924.0,111111,NG,/home/kaizen-ai/Desktop/thrust_bearing_app/python-backend/Downloads/not_complete/NG_20240924_111111.jpg
1421,20240924.0,111319,GOOD,/home/kaizen-ai/Desktop/thrust_bearing_app/python-backend/Downloads/bearing_complete/GOOD_20240924_111319.jpg
1422,20240924.0,111529,GOOD,/home/kaizen-ai/Desktop/thrust_bearing_app/python-backend/Downloads/bearing_complete/GOOD_20240924_111529.jpg
1423,20240924.0,111700,GOOD,/home/kaizen-ai/Desktop/thrust_bearing_app/python-backend/Downloads/bearing_complete/GOOD_20240924_111700.jpg
1424,20240924.0,111745,GOOD,/home/kaizen-ai/Desktop/thrust_bearing_app/python-backend/Downloads/bearing_complete/GOOD_20240924_111745.jpg
1425,20240924.0,111840,GOOD,/home/kaizen-ai/Desktop/thrust_bearing_app/python-backend/Downloads/bearing_complete/GOOD_20240924_111840.jpg
1426,20240924.0,111947,GOOD,/home/kaizen-ai/Desktop/thrust_bearing_app/python-backend/Downloads/bearing_complete/GOOD_20240924_111947.jpg
1427,20240924.0,112043,GOOD,/home/kaizen-ai/Desktop/thrust_bearing_app/python-backend/Downloads/bearing_complete/GOOD_20240924_112043.jpg
1428,20240924.0,112135,NG,/home/kaizen-ai/Desktop/thrust_bearing_app/python-backend/Downloads/not_complete/NG_20240924_112135.jpg
1429,20240924.0,112250,NG,/home/kaizen-ai/Desktop/thrust_bearing_app/python-backend/Downloads/not_complete/NG_20240924_112250.jpg
1430,20240924.0,112349,NG,/home/kaizen-ai/Desktop/thrust_bearing_app/python-backend/Downloads/not_complete/NG_20240924_112349.jpg
1431,20240924.0,112557,NG,/home/kaizen-ai/Desktop/thrust_bearing_app/python-backend/Downloads/not_complete/NG_20240924_112557.jpg
1432,20240924.0,112651,GOOD,/home/kaizen-ai/Desktop/thrust_bearing_app/python-backend/Downloads/bearing_complete/GOOD_20240924_112651.jpg
1433,20240924.0,112748,GOOD,/home/kaizen-ai/Desktop/thrust_bearing_app/python-backend/Downloads/bearing_complete/GOOD_20240924_112748.jpg
1434,20240924.0,112852,GOOD,/home/kaizen-ai/Desktop/thrust_bearing_app/python-backend/Downloads/bearing_complete/GOOD_20240924_112852.jpg
1435,20240924.0,113126,GOOD,/home/kaizen-ai/Desktop/thrust_bearing_app/python-backend/Downloads/bearing_complete/GOOD_20240924_113126.jpg
1436,20240924.0,113226,GOOD,/home/kaizen-ai/Desktop/thrust_bearing_app/python-backend/Downloads/bearing_complete/GOOD_20240924_113226.jpg
1437,20240924.0,113330,GOOD,/home/kaizen-ai/Desktop/thrust_bearing_app/python-backend/Downloads/bearing_complete/GOOD_20240924_113330.jpg
1438,20240924.0,113447,NG,/home/kaizen-ai/Desktop/thrust_bearing_app/python-backend/Downloads/not_complete/NG_20240924_113447.jpg
1439,20240924.0,113559,GOOD,/home/kaizen-ai/Desktop/thrust_bearing_app/python-backend/Downloads/bearing_complete/GOOD_20240924_113559.jpg
1440,20240924.0,113706,GOOD,/home/kaizen-ai/Desktop/thrust_bearing_app/python-backend/Downloads/bearing_complete/GOOD_20240924_113706.jpg
1441,20240924.0,113921,NG,/home/kaizen-ai/Desktop/thrust_bearing_app/python-backend/Downloads/not_complete/NG_20240924_113921.jpg
1442,20240924.0,114017,GOOD,/home/kaizen-ai/Desktop/thrust_bearing_app/python-backend/Downloads/bearing_complete/GOOD_20240924_114017.jpg
1443,20240924.0,114126,GOOD,/home/kaizen-ai/Desktop/thrust_bearing_app/python-backend/Downloads/bearing_complete/GOOD_20240924_114126.jpg
1444,20240924.0,114303,GOOD,/home/kaizen-ai/Desktop/thrust_bearing_app/python-backend/Downloads/bearing_complete/GOOD_20240924_114303.jpg
1445,20240924.0,114415,NG,/home/kaizen-ai/Desktop/thrust_bearing_app/python-backend/Downloads/not_complete/NG_20240924_114415.jpg
1446,20240924.0,114529,GOOD,/home/kaizen-ai/Desktop/thrust_bearing_app/python-backend/Downloads/bearing_complete/GOOD_20240924_114529.jpg
1447,20240924.0,123104,NG,/home/kaizen-ai/Desktop/thrust_bearing_app/python-backend/Downloads/not_complete/NG_20240924_123104.jpg
1448,20240924.0,123232,NG,/home/kaizen-ai/Desktop/thrust_bearing_app/python-backend/Downloads/not_complete/NG_20240924_123232.jpg
1449,20240924.0,123341,GOOD,/home/kaizen-ai/Desktop/thrust_bearing_app/python-backend/Downloads/bearing_complete/GOOD_20240924_123341.jpg
1450,20240924.0,123441,GOOD,/home/kaizen-ai/Desktop/thrust_bearing_app/python-backend/Downloads/bearing_complete/GOOD_20240924_123441.jpg
1451,20240924.0,123700,GOOD,/home/kaizen-ai/Desktop/thrust_bearing_app/python-backend/Downloads/bearing_complete/GOOD_20240924_123700.jpg
1452,20240924.0,123755,GOOD,/home/kaizen-ai/Desktop/thrust_bearing_app/python-backend/Downloads/bearing_complete/GOOD_20240924_123755.jpg
1453,20240924.0,123906,GOOD,/home/kaizen-ai/Desktop/thrust_bearing_app/python-backend/Downloads/bearing_complete/GOOD_20240924_123906.jpg
1454,20240924.0,124011,NG,/home/kaizen-ai/Desktop/thrust_bearing_app/python-backend/Downloads/not_complete/NG_20240924_124011.jpg
1455,20240924.0,124211,GOOD,/home/kaizen-ai/Desktop/thrust_bearing_app/python-backend/Downloads/bearing_complete/GOOD_20240924_124211.jpg
1456,20240924.0,124228,GOOD,/home/kaizen-ai/Desktop/thrust_bearing_app/python-backend/Downloads/bearing_complete/GOOD_20240924_124228.jpg
1457,20240924.0,124410,GOOD,/home/kaizen-ai/Desktop/thrust_bearing_app/python-backend/Downloads/bearing_complete/GOOD_20240924_124410.jpg
1458,20240924.0,124519,GOOD,/home/kaizen-ai/Desktop/thrust_bearing_app/python-backend/Downloads/bearing_complete/GOOD_20240924_124519.jpg
1459,20240924.0,124739,NG,/home/kaizen-ai/Desktop/thrust_bearing_app/python-backend/Downloads/not_complete/NG_20240924_124739.jpg
1460,20240924.0,124956,GOOD,/home/kaizen-ai/Desktop/thrust_bearing_app/python-backend/Downloads/bearing_complete/GOOD_20240924_124956.jpg
1461,20240924.0,125048,GOOD,/home/kaizen-ai/Desktop/thrust_bearing_app/python-backend/Downloads/bearing_complete/GOOD_20240924_125048.jpg
1462,20240924.0,125141,GOOD,/home/kaizen-ai/Desktop/thrust_bearing_app/python-backend/Downloads/bearing_complete/GOOD_20240924_125141.jpg
1463,20240924.0,125240,NG,/home/kaizen-ai/Desktop/thrust_bearing_app/python-backend/Downloads/not_complete/NG_20240924_125240.jpg
1464,20240924.0,125354,GOOD,/home/kaizen-ai/Desktop/thrust_bearing_app/python-backend/Downloads/bearing_complete/GOOD_20240924_125354.jpg
1465,20240924.0,125508,NG,/home/kaizen-ai/Desktop/thrust_bearing_app/python-backend/Downloads/not_complete/NG_20240924_125508.jpg
1466,20240924.0,125616,GOOD,/home/kaizen-ai/Desktop/thrust_bearing_app/python-backend/Downloads/bearing_complete/GOOD_20240924_125616.jpg
1467,20240924.0,125907,GOOD,/home/kaizen-ai/Desktop/thrust_bearing_app/python-backend/Downloads/bearing_complete/GOOD_20240924_125907.jpg
1468,20240924.0,125937,GOOD,/home/kaizen-ai/Desktop/thrust_bearing_app/python-backend/Downloads/bearing_complete/GOOD_20240924_125937.jpg
1469,20240924.0,130054,GOOD,/home/kaizen-ai/Desktop/thrust_bearing_app/python-backend/Downloads/bearing_complete/GOOD_20240924_130054.jpg
1470,20240924.0,130149,GOOD,/home/kaizen-ai/Desktop/thrust_bearing_app/python-backend/Downloads/bearing_complete/GOOD_20240924_130149.jpg
1471,20240924.0,130247,GOOD,/home/kaizen-ai/Desktop/thrust_bearing_app/python-backend/Downloads/bearing_complete/GOOD_20240924_130247.jpg
1472,20240924.0,130349,NG,/home/kaizen-ai/Desktop/thrust_bearing_app/python-backend/Downloads/not_complete/NG_20240924_130349.jpg
1473,20240924.0,130552,GOOD,/home/kaizen-ai/Desktop/thrust_bearing_app/python-backend/Downloads/bearing_complete/GOOD_20240924_130552.jpg
1474,20240924.0,130649,GOOD,/home/kaizen-ai/Desktop/thrust_bearing_app/python-backend/Downloads/bearing_complete/GOOD_20240924_130649.jpg
1475,20240924.0,130755,NG,/home/kaizen-ai/Desktop/thrust_bearing_app/python-backend/Downloads/not_complete/NG_20240924_130755.jpg
1476,20240924.0,130901,GOOD,/home/kaizen-ai/Desktop/thrust_bearing_app/python-backend/Downloads/bearing_complete/GOOD_20240924_130901.jpg
1477,20240924.0,131011,GOOD,/home/kaizen-ai/Desktop/thrust_bearing_app/python-backend/Downloads/bearing_complete/GOOD_20240924_131011.jpg
1478,20240924.0,131128,NG,/home/kaizen-ai/Desktop/thrust_bearing_app/python-backend/Downloads/not_complete/NG_20240924_131128.jpg
1479,20240924.0,131251,GOOD,/home/kaizen-ai/Desktop/thrust_bearing_app/python-backend/Downloads/bearing_complete/GOOD_20240924_131251.jpg
1480,20240924.0,131336,GOOD,/home/kaizen-ai/Desktop/thrust_bearing_app/python-backend/Downloads/bearing_complete/GOOD_20240924_131336.jpg
1481,20240924.0,131437,GOOD,/home/kaizen-ai/Desktop/thrust_bearing_app/python-backend/Downloads/bearing_complete/GOOD_20240924_131437.jpg
1482,20240924.0,131542,GOOD,/home/kaizen-ai/Desktop/thrust_bearing_app/python-backend/Downloads/bearing_complete/GOOD_20240924_131542.jpg
1483,20240924.0,131804,GOOD,/home/kaizen-ai/Desktop/thrust_bearing_app/python-backend/Downloads/bearing_complete/GOOD_20240924_131804.jpg
1484,20240924.0,131913,NG,/home/kaizen-ai/Desktop/thrust_bearing_app/python-backend/Downloads/not_complete/NG_20240924_131913.jpg
1485,20240924.0,134251,NG,/home/kaizen-ai/Desktop/thrust_bearing_app/python-backend/Downloads/not_complete/NG_20240924_134251.jpg
1486,20240924.0,134451,NG,/home/kaizen-ai/Desktop/thrust_bearing_app/python-backend/Downloads/not_complete/NG_20240924_134451.jpg
1487,20240924.0,134549,NG,/home/kaizen-ai/Desktop/thrust_bearing_app/python-backend/Downloads/not_complete/NG_20240924_134549.jpg
1488,20240924.0,134709,NG,/home/kaizen-ai/Desktop/thrust_bearing_app/python-backend/Downloads/not_complete/NG_20240924_134709.jpg
1489,20240924.0,135021,NG,/home/kaizen-ai/Desktop/thrust_bearing_app/python-backend/Downloads/not_complete/NG_20240924_135021.jpg
1490,20240924.0,135121,NG,/home/kaizen-ai/Desktop/thrust_bearing_app/python-backend/Downloads/not_complete/NG_20240924_135121.jpg
1491,20240924.0,135324,NG,/home/kaizen-ai/Desktop/thrust_bearing_app/python-backend/Downloads/not_complete/NG_20240924_135324.jpg
1492,20240924.0,135638,NG,/home/kaizen-ai/Desktop/thrust_bearing_app/python-backend/Downloads/not_complete/NG_20240924_135638.jpg
1493,20240924.0,135717,GOOD,/home/kaizen-ai/Desktop/thrust_bearing_app/python-backend/Downloads/bearing_complete/GOOD_20240924_135717.jpg
1494,20240924.0,135808,GOOD,/home/kaizen-ai/Desktop/thrust_bearing_app/python-backend/Downloads/bearing_complete/GOOD_20240924_135808.jpg
1495,20240924.0,135901,GOOD,/home/kaizen-ai/Desktop/thrust_bearing_app/python-backend/Downloads/bearing_complete/GOOD_20240924_135901.jpg
1496,20240924.0,141008,GOOD,/home/kaizen-ai/Desktop/thrust_bearing_app/python-backend/Downloads/bearing_complete/GOOD_20240924_141008.jpg
1497,20240924.0,141232,NG,/home/kaizen-ai/Desktop/thrust_bearing_app/python-backend/Downloads/not_complete/NG_20240924_141232.jpg
1498,20240924.0,141314,GOOD,/home/kaizen-ai/Desktop/thrust_bearing_app/python-backend/Downloads/bearing_complete/GOOD_20240924_141314.jpg
1499,20240924.0,141416,GOOD,/home/kaizen-ai/Desktop/thrust_bearing_app/python-backend/Downloads/bearing_complete/GOOD_20240924_141416.jpg
1500,20240924.0,141545,GOOD,/home/kaizen-ai/Desktop/thrust_bearing_app/python-backend/Downloads/bearing_complete/GOOD_20240924_141545.jpg
1501,20240924.0,141650,GOOD,/home/kaizen-ai/Desktop/thrust_bearing_app/python-backend/Downloads/bearing_complete/GOOD_20240924_141650.jpg
1502,20240924.0,141733,GOOD,/home/kaizen-ai/Desktop/thrust_bearing_app/python-backend/Downloads/bearing_complete/GOOD_20240924_141733.jpg
1503,20240924.0,141921,GOOD,/home/kaizen-ai/Desktop/thrust_bearing_app/python-backend/Downloads/bearing_complete/GOOD_20240924_141921.jpg
1504,20240924.0,142035,GOOD,/home/kaizen-ai/Desktop/thrust_bearing_app/python-backend/Downloads/bearing_complete/GOOD_20240924_142035.jpg
1505,20240924.0,142118,GOOD,/home/kaizen-ai/Desktop/thrust_bearing_app/python-backend/Downloads/bearing_complete/GOOD_20240924_142118.jpg
1506,20240924.0,142235,NG,/home/kaizen-ai/Desktop/thrust_bearing_app/python-backend/Downloads/not_complete/NG_20240924_142235.jpg
1507,20240924.0,142333,NG,/home/kaizen-ai/Desktop/thrust_bearing_app/python-backend/Downloads/not_complete/NG_20240924_142333.jpg
1508,20240924.0,142417,GOOD,/home/kaizen-ai/Desktop/thrust_bearing_app/python-backend/Downloads/bearing_complete/GOOD_20240924_142417.jpg
1509,20240924.0,142512,GOOD,/home/kaizen-ai/Desktop/thrust_bearing_app/python-backend/Downloads/bearing_complete/GOOD_20240924_142512.jpg
1510,20240924.0,142600,GOOD,/home/kaizen-ai/Desktop/thrust_bearing_app/python-backend/Downloads/bearing_complete/GOOD_20240924_142600.jpg
1511,20240924.0,142655,GOOD,/home/kaizen-ai/Desktop/thrust_bearing_app/python-backend/Downloads/bearing_complete/GOOD_20240924_142655.jpg
1512,20240924.0,142840,GOOD,/home/kaizen-ai/Desktop/thrust_bearing_app/python-backend/Downloads/bearing_complete/GOOD_20240924_142840.jpg
1513,20240924.0,142947,NG,/home/kaizen-ai/Desktop/thrust_bearing_app/python-backend/Downloads/not_complete/NG_20240924_142947.jpg
1514,20240924.0,143052,NG,/home/kaizen-ai/Desktop/thrust_bearing_app/python-backend/Downloads/not_complete/NG_20240924_143052.jpg
1515,20240924.0,143219,GOOD,/home/kaizen-ai/Desktop/thrust_bearing_app/python-backend/Downloads/bearing_complete/GOOD_20240924_143219.jpg
1516,20240924.0,143257,GOOD,/home/kaizen-ai/Desktop/thrust_bearing_app/python-backend/Downloads/bearing_complete/GOOD_20240924_143257.jpg
1517,20240924.0,143407,NG,/home/kaizen-ai/Desktop/thrust_bearing_app/python-backend/Downloads/not_complete/NG_20240924_143407.jpg
1518,20240924.0,143444,GOOD,/home/kaizen-ai/Desktop/thrust_bearing_app/python-backend/Downloads/bearing_complete/GOOD_20240924_143444.jpg
1519,20240924.0,143538,GOOD,/home/kaizen-ai/Desktop/thrust_bearing_app/python-backend/Downloads/bearing_complete/GOOD_20240924_143538.jpg
1520,20240924.0,143732,GOOD,/home/kaizen-ai/Desktop/thrust_bearing_app/python-backend/Downloads/bearing_complete/GOOD_20240924_143732.jpg
1521,20240924.0,143804,GOOD,/home/kaizen-ai/Desktop/thrust_bearing_app/python-backend/Downloads/bearing_complete/GOOD_20240924_143804.jpg
1522,20240924.0,143902,GOOD,/home/kaizen-ai/Desktop/thrust_bearing_app/python-backend/Downloads/bearing_complete/GOOD_20240924_143902.jpg
1523,20240924.0,144057,GOOD,/home/kaizen-ai/Desktop/thrust_bearing_app/python-backend/Downloads/bearing_complete/GOOD_20240924_144057.jpg
1524,20240924.0,144116,GOOD,/home/kaizen-ai/Desktop/thrust_bearing_app/python-backend/Downloads/bearing_complete/GOOD_20240924_144116.jpg
1525,20240924.0,144236,GOOD,/home/kaizen-ai/Desktop/thrust_bearing_app/python-backend/Downloads/bearing_complete/GOOD_20240924_144236.jpg
1526,20240924.0,144349,GOOD,/home/kaizen-ai/Desktop/thrust_bearing_app/python-backend/Downloads/bearing_complete/GOOD_20240924_144349.jpg
1527,20240924.0,144439,NG,/home/kaizen-ai/Desktop/thrust_bearing_app/python-backend/Downloads/not_complete/NG_20240924_144439.jpg
1528,20240924.0,144527,GOOD,/home/kaizen-ai/Desktop/thrust_bearing_app/python-backend/Downloads/bearing_complete/GOOD_20240924_144527.jpg
1529,20240924.0,144639,GOOD,/home/kaizen-ai/Desktop/thrust_bearing_app/python-backend/Downloads/bearing_complete/GOOD_20240924_144639.jpg
1530,20240924.0,144726,GOOD,/home/kaizen-ai/Desktop/thrust_bearing_app/python-backend/Downloads/bearing_complete/GOOD_20240924_144726.jpg
1531,20240924.0,144826,GOOD,/home/kaizen-ai/Desktop/thrust_bearing_app/python-backend/Downloads/bearing_complete/GOOD_20240924_144826.jpg
1532,20240924.0,144936,GOOD,/home/kaizen-ai/Desktop/thrust_bearing_app/python-backend/Downloads/bearing_complete/GOOD_20240924_144936.jpg
1533,20240924.0,145046,GOOD,/home/kaizen-ai/Desktop/thrust_bearing_app/python-backend/Downloads/bearing_complete/GOOD_20240924_145046.jpg
1534,20240924.0,145302,GOOD,/home/kaizen-ai/Desktop/thrust_bearing_app/python-backend/Downloads/bearing_complete/GOOD_20240924_145302.jpg
1535,20240924.0,145359,GOOD,/home/kaizen-ai/Desktop/thrust_bearing_app/python-backend/Downloads/bearing_complete/GOOD_20240924_145359.jpg
1536,20240924.0,145457,NG,/home/kaizen-ai/Desktop/thrust_bearing_app/python-backend/Downloads/not_complete/NG_20240924_145457.jpg
1537,20240924.0,145600,GOOD,/home/kaizen-ai/Desktop/thrust_bearing_app/python-backend/Downloads/bearing_complete/GOOD_20240924_145600.jpg
1538,20240924.0,145659,GOOD,/home/kaizen-ai/Desktop/thrust_bearing_app/python-backend/Downloads/bearing_complete/GOOD_20240924_145659.jpg
1539,20240924.0,145807,GOOD,/home/kaizen-ai/Desktop/thrust_bearing_app/python-backend/Downloads/bearing_complete/GOOD_20240924_145807.jpg
1540,20240924.0,145902,GOOD,/home/kaizen-ai/Desktop/thrust_bearing_app/python-backend/Downloads/bearing_complete/GOOD_20240924_145902.jpg
1541,20240924.0,145953,GOOD,/home/kaizen-ai/Desktop/thrust_bearing_app/python-backend/Downloads/bearing_complete/GOOD_20240924_145953.jpg
1542,20240924.0,150050,GOOD,/home/kaizen-ai/Desktop/thrust_bearing_app/python-backend/Downloads/bearing_complete/GOOD_20240924_150050.jpg
1543,20240924.0,150152,GOOD,/home/kaizen-ai/Desktop/thrust_bearing_app/python-backend/Downloads/bearing_complete/GOOD_20240924_150152.jpg
1544,20240924.0,150411,GOOD,/home/kaizen-ai/Desktop/thrust_bearing_app/python-backend/Downloads/bearing_complete/GOOD_20240924_150411.jpg
1545,20240924.0,150522,GOOD,/home/kaizen-ai/Desktop/thrust_bearing_app/python-backend/Downloads/bearing_complete/GOOD_20240924_150522.jpg
1546,20240924.0,150747,GOOD,/home/kaizen-ai/Desktop/thrust_bearing_app/python-backend/Downloads/bearing_complete/GOOD_20240924_150747.jpg
1547,20240924.0,150911,NG,/home/kaizen-ai/Desktop/thrust_bearing_app/python-backend/Downloads/not_complete/NG_20240924_150911.jpg
1548,20240924.0,151006,GOOD,/home/kaizen-ai/Desktop/thrust_bearing_app/python-backend/Downloads/bearing_complete/GOOD_20240924_151006.jpg
1549,20240924.0,151109,GOOD,/home/kaizen-ai/Desktop/thrust_bearing_app/python-backend/Downloads/bearing_complete/GOOD_20240924_151109.jpg
1550,20240924.0,151212,GOOD,/home/kaizen-ai/Desktop/thrust_bearing_app/python-backend/Downloads/bearing_complete/GOOD_20240924_151212.jpg
1551,20240924.0,151328,GOOD,/home/kaizen-ai/Desktop/thrust_bearing_app/python-backend/Downloads/bearing_complete/GOOD_20240924_151328.jpg
1552,20240924.0,151423,GOOD,/home/kaizen-ai/Desktop/thrust_bearing_app/python-backend/Downloads/bearing_complete/GOOD_20240924_151423.jpg
1553,20240924.0,151536,GOOD,/home/kaizen-ai/Desktop/thrust_bearing_app/python-backend/Downloads/bearing_complete/GOOD_20240924_151536.jpg
1554,20240924.0,151633,GOOD,/home/kaizen-ai/Desktop/thrust_bearing_app/python-backend/Downloads/bearing_complete/GOOD_20240924_151633.jpg
1555,20240924.0,151714,GOOD,/home/kaizen-ai/Desktop/thrust_bearing_app/python-backend/Downloads/bearing_complete/GOOD_20240924_151714.jpg
1556,20240924.0,151822,GOOD,/home/kaizen-ai/Desktop/thrust_bearing_app/python-backend/Downloads/bearing_complete/GOOD_20240924_151822.jpg
1557,20240924.0,151914,GOOD,/home/kaizen-ai/Desktop/thrust_bearing_app/python-backend/Downloads/bearing_complete/GOOD_20240924_151914.jpg
1558,20240924.0,152029,NG,/home/kaizen-ai/Desktop/thrust_bearing_app/python-backend/Downloads/not_complete/NG_20240924_152029.jpg
1559,20240924.0,152115,GOOD,/home/kaizen-ai/Desktop/thrust_bearing_app/python-backend/Downloads/bearing_complete/GOOD_20240924_152115.jpg
1560,20240924.0,152208,GOOD,/home/kaizen-ai/Desktop/thrust_bearing_app/python-backend/Downloads/bearing_complete/GOOD_20240924_152208.jpg
1561,20240924.0,152356,GOOD,/home/kaizen-ai/Desktop/thrust_bearing_app/python-backend/Downloads/bearing_complete/GOOD_20240924_152356.jpg
1562,20240924.0,152510,NG,/home/kaizen-ai/Desktop/thrust_bearing_app/python-backend/Downloads/not_complete/NG_20240924_152510.jpg
1563,20240924.0,152551,GOOD,/home/kaizen-ai/Desktop/thrust_bearing_app/python-backend/Downloads/bearing_complete/GOOD_20240924_152551.jpg
1564,20240924.0,152651,GOOD,/home/kaizen-ai/Desktop/thrust_bearing_app/python-backend/Downloads/bearing_complete/GOOD_20240924_152651.jpg
1565,20240924.0,152952,GOOD,/home/kaizen-ai/Desktop/thrust_bearing_app/python-backend/Downloads/bearing_complete/GOOD_20240924_152952.jpg
1566,20240924.0,153112,NG,/home/kaizen-ai/Desktop/thrust_bearing_app/python-backend/Downloads/not_complete/NG_20240924_153112.jpg
1567,20240924.0,153229,NG,/home/kaizen-ai/Desktop/thrust_bearing_app/python-backend/Downloads/not_complete/NG_20240924_153229.jpg
1568,20240924.0,153332,NG,/home/kaizen-ai/Desktop/thrust_bearing_app/python-backend/Downloads/not_complete/NG_20240924_153332.jpg
1569,20240924.0,153439,NG,/home/kaizen-ai/Desktop/thrust_bearing_app/python-backend/Downloads/not_complete/NG_20240924_153439.jpg
1570,20240924.0,153543,NG,/home/kaizen-ai/Desktop/thrust_bearing_app/python-backend/Downloads/not_complete/NG_20240924_153543.jpg
1571,20240924.0,153630,NG,/home/kaizen-ai/Desktop/thrust_bearing_app/python-backend/Downloads/not_complete/NG_20240924_153630.jpg
1572,20240924.0,153726,GOOD,/home/kaizen-ai/Desktop/thrust_bearing_app/python-backend/Downloads/bearing_complete/GOOD_20240924_153726.jpg
1573,20240924.0,153845,GOOD,/home/kaizen-ai/Desktop/thrust_bearing_app/python-backend/Downloads/bearing_complete/GOOD_20240924_153845.jpg
1574,20240924.0,153935,GOOD,/home/kaizen-ai/Desktop/thrust_bearing_app/python-backend/Downloads/bearing_complete/GOOD_20240924_153935.jpg
1575,20240924.0,154030,GOOD,/home/kaizen-ai/Desktop/thrust_bearing_app/python-backend/Downloads/bearing_complete/GOOD_20240924_154030.jpg
1576,20240924.0,154132,GOOD,/home/kaizen-ai/Desktop/thrust_bearing_app/python-backend/Downloads/bearing_complete/GOOD_20240924_154132.jpg
1577,20240924.0,154249,GOOD,/home/kaizen-ai/Desktop/thrust_bearing_app/python-backend/Downloads/bearing_complete/GOOD_20240924_154249.jpg
1578,20240924.0,154319,GOOD,/home/kaizen-ai/Desktop/thrust_bearing_app/python-backend/Downloads/bearing_complete/GOOD_20240924_154319.jpg
1579,20240924.0,154405,GOOD,/home/kaizen-ai/Desktop/thrust_bearing_app/python-backend/Downloads/bearing_complete/GOOD_20240924_154405.jpg
1580,20240924.0,154505,GOOD,/home/kaizen-ai/Desktop/thrust_bearing_app/python-backend/Downloads/bearing_complete/GOOD_20240924_154505.jpg
1581,20240924.0,154604,NG,/home/kaizen-ai/Desktop/thrust_bearing_app/python-backend/Downloads/not_complete/NG_20240924_154604.jpg
1582,20240924.0,154650,GOOD,/home/kaizen-ai/Desktop/thrust_bearing_app/python-backend/Downloads/bearing_complete/GOOD_20240924_154650.jpg
1583,20240924.0,154755,GOOD,/home/kaizen-ai/Desktop/thrust_bearing_app/python-backend/Downloads/bearing_complete/GOOD_20240924_154755.jpg
1584,20240924.0,154853,GOOD,/home/kaizen-ai/Desktop/thrust_bearing_app/python-backend/Downloads/bearing_complete/GOOD_20240924_154853.jpg
1585,20240924.0,155112,NG,/home/kaizen-ai/Desktop/thrust_bearing_app/python-backend/Downloads/not_complete/NG_20240924_155112.jpg
1586,20240924.0,155509,NG,/home/kaizen-ai/Desktop/thrust_bearing_app/python-backend/Downloads/not_complete/NG_20240924_155509.jpg
1587,20240924.0,155703,GOOD,/home/kaizen-ai/Desktop/thrust_bearing_app/python-backend/Downloads/bearing_complete/GOOD_20240924_155703.jpg
1588,20240924.0,155807,GOOD,/home/kaizen-ai/Desktop/thrust_bearing_app/python-backend/Downloads/bearing_complete/GOOD_20240924_155807.jpg
1589,20240924.0,155908,GOOD,/home/kaizen-ai/Desktop/thrust_bearing_app/python-backend/Downloads/bearing_complete/GOOD_20240924_155908.jpg
1590,20240924.0,160002,GOOD,/home/kaizen-ai/Desktop/thrust_bearing_app/python-backend/Downloads/bearing_complete/GOOD_20240924_160002.jpg
1591,20240924.0,160119,NG,/home/kaizen-ai/Desktop/thrust_bearing_app/python-backend/Downloads/not_complete/NG_20240924_160119.jpg
1592,20240924.0,160224,GOOD,/home/kaizen-ai/Desktop/thrust_bearing_app/python-backend/Downloads/bearing_complete/GOOD_20240924_160224.jpg
1593,20240924.0,160452,GOOD,/home/kaizen-ai/Desktop/thrust_bearing_app/python-backend/Downloads/bearing_complete/GOOD_20240924_160452.jpg
1594,20240924.0,160601,GOOD,/home/kaizen-ai/Desktop/thrust_bearing_app/python-backend/Downloads/bearing_complete/GOOD_20240924_160601.jpg
1595,20240924.0,160636,GOOD,/home/kaizen-ai/Desktop/thrust_bearing_app/python-backend/Downloads/bearing_complete/GOOD_20240924_160636.jpg
1596,20240924.0,160908,GOOD,/home/kaizen-ai/Desktop/thrust_bearing_app/python-backend/Downloads/bearing_complete/GOOD_20240924_160908.jpg
1597,20240924.0,161114,GOOD,/home/kaizen-ai/Desktop/thrust_bearing_app/python-backend/Downloads/bearing_complete/GOOD_20240924_161114.jpg
1598,20240924.0,161240,GOOD,/home/kaizen-ai/Desktop/thrust_bearing_app/python-backend/Downloads/bearing_complete/GOOD_20240924_161240.jpg
1599,20240924.0,161334,NG,/home/kaizen-ai/Desktop/thrust_bearing_app/python-backend/Downloads/not_complete/NG_20240924_161334.jpg
1600,20240924.0,161542,GOOD,/home/kaizen-ai/Desktop/thrust_bearing_app/python-backend/Downloads/bearing_complete/GOOD_20240924_161542.jpg
1601,20240924.0,161718,GOOD,/home/kaizen-ai/Desktop/thrust_bearing_app/python-backend/Downloads/bearing_complete/GOOD_20240924_161718.jpg
1602,20240924.0,161754,GOOD,/home/kaizen-ai/Desktop/thrust_bearing_app/python-backend/Downloads/bearing_complete/GOOD_20240924_161754.jpg
1603,20240924.0,161922,GOOD,/home/kaizen-ai/Desktop/thrust_bearing_app/python-backend/Downloads/bearing_complete/GOOD_20240924_161922.jpg
1604,20240924.0,162027,GOOD,/home/kaizen-ai/Desktop/thrust_bearing_app/python-backend/Downloads/bearing_complete/GOOD_20240924_162027.jpg
1605,20240924.0,162128,GOOD,/home/kaizen-ai/Desktop/thrust_bearing_app/python-backend/Downloads/bearing_complete/GOOD_20240924_162128.jpg
1606,20240924.0,162224,GOOD,/home/kaizen-ai/Desktop/thrust_bearing_app/python-backend/Downloads/bearing_complete/GOOD_20240924_162224.jpg
1607,20240924.0,162318,NG,/home/kaizen-ai/Desktop/thrust_bearing_app/python-backend/Downloads/not_complete/NG_20240924_162318.jpg
1608,20240924.0,162432,GOOD,/home/kaizen-ai/Desktop/thrust_bearing_app/python-backend/Downloads/bearing_complete/GOOD_20240924_162432.jpg
1609,20240924.0,162530,GOOD,/home/kaizen-ai/Desktop/thrust_bearing_app/python-backend/Downloads/bearing_complete/GOOD_20240924_162530.jpg
1610,20240924.0,162645,NG,/home/kaizen-ai/Desktop/thrust_bearing_app/python-backend/Downloads/not_complete/NG_20240924_162645.jpg
1611,20240924.0,162731,GOOD,/home/kaizen-ai/Desktop/thrust_bearing_app/python-backend/Downloads/bearing_complete/GOOD_20240924_162731.jpg
1612,20240924.0,162849,GOOD,/home/kaizen-ai/Desktop/thrust_bearing_app/python-backend/Downloads/bearing_complete/GOOD_20240924_162849.jpg
1613,20240924.0,163024,NG,/home/kaizen-ai/Desktop/thrust_bearing_app/python-backend/Downloads/not_complete/NG_20240924_163024.jpg
1614,20240924.0,163155,NG,/home/kaizen-ai/Desktop/thrust_bearing_app/python-backend/Downloads/not_complete/NG_20240924_163155.jpg
1615,20240924.0,195732,GOOD,/home/kaizen-ai/Desktop/thrust_bearing_app/python-backend/Downloads/bearing_complete/GOOD_20240924_195732.jpg
1616,20240924.0,200442,NG,/home/kaizen-ai/Desktop/thrust_bearing_app/python-backend/Downloads/not_complete/NG_20240924_200442.jpg
1617,20240924.0,200621,GOOD,/home/kaizen-ai/Desktop/thrust_bearing_app/python-backend/Downloads/bearing_complete/GOOD_20240924_200621.jpg
1618,20240924.0,200734,GOOD,/home/kaizen-ai/Desktop/thrust_bearing_app/python-backend/Downloads/bearing_complete/GOOD_20240924_200734.jpg
1619,20240924.0,200901,GOOD,/home/kaizen-ai/Desktop/thrust_bearing_app/python-backend/Downloads/bearing_complete/GOOD_20240924_200901.jpg
1620,20240924.0,201127,GOOD,/home/kaizen-ai/Desktop/thrust_bearing_app/python-backend/Downloads/bearing_complete/GOOD_20240924_201127.jpg
1621,20240924.0,201241,NG,/home/kaizen-ai/Desktop/thrust_bearing_app/python-backend/Downloads/not_complete/NG_20240924_201241.jpg
1622,20240924.0,201325,GOOD,/home/kaizen-ai/Desktop/thrust_bearing_app/python-backend/Downloads/bearing_complete/GOOD_20240924_201325.jpg
1623,20240924.0,201420,GOOD,/home/kaizen-ai/Desktop/thrust_bearing_app/python-backend/Downloads/bearing_complete/GOOD_20240924_201420.jpg
1624,20240924.0,201531,GOOD,/home/kaizen-ai/Desktop/thrust_bearing_app/python-backend/Downloads/bearing_complete/GOOD_20240924_201531.jpg
1625,20240924.0,201800,GOOD,/home/kaizen-ai/Desktop/thrust_bearing_app/python-backend/Downloads/bearing_complete/GOOD_20240924_201800.jpg
1626,20240924.0,201944,NG,/home/kaizen-ai/Desktop/thrust_bearing_app/python-backend/Downloads/not_complete/NG_20240924_201944.jpg
1627,20240924.0,202159,NG,/home/kaizen-ai/Desktop/thrust_bearing_app/python-backend/Downloads/not_complete/NG_20240924_202159.jpg
1628,20240924.0,202338,GOOD,/home/kaizen-ai/Desktop/thrust_bearing_app/python-backend/Downloads/bearing_complete/GOOD_20240924_202338.jpg
1629,20240924.0,202456,NG,/home/kaizen-ai/Desktop/thrust_bearing_app/python-backend/Downloads/not_complete/NG_20240924_202456.jpg
1630,20240924.0,202709,GOOD,/home/kaizen-ai/Desktop/thrust_bearing_app/python-backend/Downloads/bearing_complete/GOOD_20240924_202709.jpg
1631,20240924.0,202820,GOOD,/home/kaizen-ai/Desktop/thrust_bearing_app/python-backend/Downloads/bearing_complete/GOOD_20240924_202820.jpg
1632,20240924.0,202931,NG,/home/kaizen-ai/Desktop/thrust_bearing_app/python-backend/Downloads/not_complete/NG_20240924_202931.jpg
1633,20240924.0,203019,GOOD,/home/kaizen-ai/Desktop/thrust_bearing_app/python-backend/Downloads/bearing_complete/GOOD_20240924_203019.jpg
1634,20240924.0,203125,GOOD,/home/kaizen-ai/Desktop/thrust_bearing_app/python-backend/Downloads/bearing_complete/GOOD_20240924_203125.jpg
1635,20240924.0,203250,NG,/home/kaizen-ai/Desktop/thrust_bearing_app/python-backend/Downloads/not_complete/NG_20240924_203250.jpg
1636,20240924.0,203350,NG,/home/kaizen-ai/Desktop/thrust_bearing_app/python-backend/Downloads/not_complete/NG_20240924_203350.jpg
1637,20240924.0,203426,GOOD,/home/kaizen-ai/Desktop/thrust_bearing_app/python-backend/Downloads/bearing_complete/GOOD_20240924_203426.jpg
1638,20240924.0,203531,GOOD,/home/kaizen-ai/Desktop/thrust_bearing_app/python-backend/Downloads/bearing_complete/GOOD_20240924_203531.jpg
1639,20240924.0,203619,NG,/home/kaizen-ai/Desktop/thrust_bearing_app/python-backend/Downloads/not_complete/NG_20240924_203619.jpg
1640,20240924.0,203655,GOOD,/home/kaizen-ai/Desktop/thrust_bearing_app/python-backend/Downloads/bearing_complete/GOOD_20240924_203655.jpg
1641,20240924.0,203756,GOOD,/home/kaizen-ai/Desktop/thrust_bearing_app/python-backend/Downloads/bearing_complete/GOOD_20240924_203756.jpg
1642,20240924.0,203911,NG,/home/kaizen-ai/Desktop/thrust_bearing_app/python-backend/Downloads/not_complete/NG_20240924_203911.jpg
1643,20240924.0,204003,GOOD,/home/kaizen-ai/Desktop/thrust_bearing_app/python-backend/Downloads/bearing_complete/GOOD_20240924_204003.jpg
1644,20240924.0,204110,GOOD,/home/kaizen-ai/Desktop/thrust_bearing_app/python-backend/Downloads/bearing_complete/GOOD_20240924_204110.jpg
1645,20240924.0,204214,GOOD,/home/kaizen-ai/Desktop/thrust_bearing_app/python-backend/Downloads/bearing_complete/GOOD_20240924_204214.jpg
1646,20240924.0,204350,GOOD,/home/kaizen-ai/Desktop/thrust_bearing_app/python-backend/Downloads/bearing_complete/GOOD_20240924_204350.jpg
1647,20240924.0,204503,GOOD,/home/kaizen-ai/Desktop/thrust_bearing_app/python-backend/Downloads/bearing_complete/GOOD_20240924_204503.jpg
1648,20240924.0,204600,GOOD,/home/kaizen-ai/Desktop/thrust_bearing_app/python-backend/Downloads/bearing_complete/GOOD_20240924_204600.jpg
1649,20240924.0,204649,GOOD,/home/kaizen-ai/Desktop/thrust_bearing_app/python-backend/Downloads/bearing_complete/GOOD_20240924_204649.jpg
1650,20240924.0,204849,NG,/home/kaizen-ai/Desktop/thrust_bearing_app/python-backend/Downloads/not_complete/NG_20240924_204849.jpg
1651,20240924.0,204953,GOOD,/home/kaizen-ai/Desktop/thrust_bearing_app/python-backend/Downloads/bearing_complete/GOOD_20240924_204953.jpg
1652,20240924.0,205053,GOOD,/home/kaizen-ai/Desktop/thrust_bearing_app/python-backend/Downloads/bearing_complete/GOOD_20240924_205053.jpg
1653,20240924.0,205203,GOOD,/home/kaizen-ai/Desktop/thrust_bearing_app/python-backend/Downloads/bearing_complete/GOOD_20240924_205203.jpg
1654,20240924.0,205334,GOOD,/home/kaizen-ai/Desktop/thrust_bearing_app/python-backend/Downloads/bearing_complete/GOOD_20240924_205334.jpg
1655,20240924.0,205522,NG,/home/kaizen-ai/Desktop/thrust_bearing_app/python-backend/Downloads/not_complete/NG_20240924_205522.jpg
1656,20240924.0,205618,GOOD,/home/kaizen-ai/Desktop/thrust_bearing_app/python-backend/Downloads/bearing_complete/GOOD_20240924_205618.jpg
1657,20240924.0,205728,NG,/home/kaizen-ai/Desktop/thrust_bearing_app/python-backend/Downloads/not_complete/NG_20240924_205728.jpg
1658,20240924.0,205831,GOOD,/home/kaizen-ai/Desktop/thrust_bearing_app/python-backend/Downloads/bearing_complete/GOOD_20240924_205831.jpg
1659,20240924.0,205936,GOOD,/home/kaizen-ai/Desktop/thrust_bearing_app/python-backend/Downloads/bearing_complete/GOOD_20240924_205936.jpg
1660,20240924.0,210051,GOOD,/home/kaizen-ai/Desktop/thrust_bearing_app/python-backend/Downloads/bearing_complete/GOOD_20240924_210051.jpg
1661,20240924.0,210206,GOOD,/home/kaizen-ai/Desktop/thrust_bearing_app/python-backend/Downloads/bearing_complete/GOOD_20240924_210206.jpg
1662,20240924.0,210258,GOOD,/home/kaizen-ai/Desktop/thrust_bearing_app/python-backend/Downloads/bearing_complete/GOOD_20240924_210258.jpg
1663,20240924.0,210433,GOOD,/home/kaizen-ai/Desktop/thrust_bearing_app/python-backend/Downloads/bearing_complete/GOOD_20240924_210433.jpg
1664,20240924.0,210543,GOOD,/home/kaizen-ai/Desktop/thrust_bearing_app/python-backend/Downloads/bearing_complete/GOOD_20240924_210543.jpg
1665,20240924.0,210732,NG,/home/kaizen-ai/Desktop/thrust_bearing_app/python-backend/Downloads/not_complete/NG_20240924_210732.jpg
1666,20240924.0,210834,GOOD,/home/kaizen-ai/Desktop/thrust_bearing_app/python-backend/Downloads/bearing_complete/GOOD_20240924_210834.jpg
1667,20240924.0,210930,GOOD,/home/kaizen-ai/Desktop/thrust_bearing_app/python-backend/Downloads/bearing_complete/GOOD_20240924_210930.jpg
1668,20240924.0,211049,GOOD,/home/kaizen-ai/Desktop/thrust_bearing_app/python-backend/Downloads/bearing_complete/GOOD_20240924_211049.jpg
1669,20240924.0,211250,GOOD,/home/kaizen-ai/Desktop/thrust_bearing_app/python-backend/Downloads/bearing_complete/GOOD_20240924_211250.jpg
1670,20240924.0,211511,GOOD,/home/kaizen-ai/Desktop/thrust_bearing_app/python-backend/Downloads/bearing_complete/GOOD_20240924_211511.jpg
1671,20240924.0,211815,NG,/home/kaizen-ai/Desktop/thrust_bearing_app/python-backend/Downloads/not_complete/NG_20240924_211815.jpg
1672,20240924.0,212114,GOOD,/home/kaizen-ai/Desktop/thrust_bearing_app/python-backend/Downloads/bearing_complete/GOOD_20240924_212114.jpg
1673,20240924.0,212149,GOOD,/home/kaizen-ai/Desktop/thrust_bearing_app/python-backend/Downloads/bearing_complete/GOOD_20240924_212149.jpg
1674,20240924.0,212245,NG,/home/kaizen-ai/Desktop/thrust_bearing_app/python-backend/Downloads/not_complete/NG_20240924_212245.jpg
1675,20240924.0,212340,GOOD,/home/kaizen-ai/Desktop/thrust_bearing_app/python-backend/Downloads/bearing_complete/GOOD_20240924_212340.jpg
1676,20240924.0,212450,GOOD,/home/kaizen-ai/Desktop/thrust_bearing_app/python-backend/Downloads/bearing_complete/GOOD_20240924_212450.jpg
1677,20240924.0,212740,GOOD,/home/kaizen-ai/Desktop/thrust_bearing_app/python-backend/Downloads/bearing_complete/GOOD_20240924_212740.jpg
1678,20240924.0,212850,NG,/home/kaizen-ai/Desktop/thrust_bearing_app/python-backend/Downloads/not_complete/NG_20240924_212850.jpg
1679,20240924.0,212934,GOOD,/home/kaizen-ai/Desktop/thrust_bearing_app/python-backend/Downloads/bearing_complete/GOOD_20240924_212934.jpg
1680,20240924.0,213007,GOOD,/home/kaizen-ai/Desktop/thrust_bearing_app/python-backend/Downloads/bearing_complete/GOOD_20240924_213007.jpg
1681,20240924.0,213111,GOOD,/home/kaizen-ai/Desktop/thrust_bearing_app/python-backend/Downloads/bearing_complete/GOOD_20240924_213111.jpg
1682,20240924.0,213237,NG,/home/kaizen-ai/Desktop/thrust_bearing_app/python-backend/Downloads/not_complete/NG_20240924_213237.jpg
1683,20240924.0,213330,NG,/home/kaizen-ai/Desktop/thrust_bearing_app/python-backend/Downloads/not_complete/NG_20240924_213330.jpg
1684,20240924.0,213414,GOOD,/home/kaizen-ai/Desktop/thrust_bearing_app/python-backend/Downloads/bearing_complete/GOOD_20240924_213414.jpg
1685,20240924.0,213446,GOOD,/home/kaizen-ai/Desktop/thrust_bearing_app/python-backend/Downloads/bearing_complete/GOOD_20240924_213446.jpg
1686,20240924.0,213538,GOOD,/home/kaizen-ai/Desktop/thrust_bearing_app/python-backend/Downloads/bearing_complete/GOOD_20240924_213538.jpg
1687,20240924.0,213744,NG,/home/kaizen-ai/Desktop/thrust_bearing_app/python-backend/Downloads/not_complete/NG_20240924_213744.jpg
1688,20240924.0,213916,GOOD,/home/kaizen-ai/Desktop/thrust_bearing_app/python-backend/Downloads/bearing_complete/GOOD_20240924_213916.jpg
1689,20240924.0,214117,GOOD,/home/kaizen-ai/Desktop/thrust_bearing_app/python-backend/Downloads/bearing_complete/GOOD_20240924_214117.jpg
1690,20240924.0,214216,NG,/home/kaizen-ai/Desktop/thrust_bearing_app/python-backend/Downloads/not_complete/NG_20240924_214216.jpg
1691,20240924.0,214613,GOOD,/home/kaizen-ai/Desktop/thrust_bearing_app/python-backend/Downloads/bearing_complete/GOOD_20240924_214613.jpg
1692,20240924.0,214714,GOOD,/home/kaizen-ai/Desktop/thrust_bearing_app/python-backend/Downloads/bearing_complete/GOOD_20240924_214714.jpg
1693,20240924.0,214826,NG,/home/kaizen-ai/Desktop/thrust_bearing_app/python-backend/Downloads/not_complete/NG_20240924_214826.jpg
1694,20240924.0,214917,GOOD,/home/kaizen-ai/Desktop/thrust_bearing_app/python-backend/Downloads/bearing_complete/GOOD_20240924_214917.jpg
1695,20240924.0,215058,GOOD,/home/kaizen-ai/Desktop/thrust_bearing_app/python-backend/Downloads/bearing_complete/GOOD_20240924_215058.jpg
1696,20240924.0,215158,NG,/home/kaizen-ai/Desktop/thrust_bearing_app/python-backend/Downloads/not_complete/NG_20240924_215158.jpg
1697,20240924.0,215335,GOOD,/home/kaizen-ai/Desktop/thrust_bearing_app/python-backend/Downloads/bearing_complete/GOOD_20240924_215335.jpg
1698,20240924.0,215442,GOOD,/home/kaizen-ai/Desktop/thrust_bearing_app/python-backend/Downloads/bearing_complete/GOOD_20240924_215442.jpg
1699,20240924.0,215647,GOOD,/home/kaizen-ai/Desktop/thrust_bearing_app/python-backend/Downloads/bearing_complete/GOOD_20240924_215647.jpg
1700,20240924.0,215753,NG,/home/kaizen-ai/Desktop/thrust_bearing_app/python-backend/Downloads/not_complete/NG_20240924_215753.jpg
1701,20240924.0,221117,GOOD,/home/kaizen-ai/Desktop/thrust_bearing_app/python-backend/Downloads/bearing_complete/GOOD_20240924_221117.jpg
1702,20240924.0,221208,GOOD,/home/kaizen-ai/Desktop/thrust_bearing_app/python-backend/Downloads/bearing_complete/GOOD_20240924_221208.jpg
1703,20240924.0,221309,GOOD,/home/kaizen-ai/Desktop/thrust_bearing_app/python-backend/Downloads/bearing_complete/GOOD_20240924_221309.jpg
1704,20240924.0,221406,NG,/home/kaizen-ai/Desktop/thrust_bearing_app/python-backend/Downloads/not_complete/NG_20240924_221406.jpg
1705,20240924.0,221747,GOOD,/home/kaizen-ai/Desktop/thrust_bearing_app/python-backend/Downloads/bearing_complete/GOOD_20240924_221747.jpg
1706,20240924.0,221851,GOOD,/home/kaizen-ai/Desktop/thrust_bearing_app/python-backend/Downloads/bearing_complete/GOOD_20240924_221851.jpg
1707,20240924.0,222024,GOOD,/home/kaizen-ai/Desktop/thrust_bearing_app/python-backend/Downloads/bearing_complete/GOOD_20240924_222024.jpg
1708,20240924.0,222130,GOOD,/home/kaizen-ai/Desktop/thrust_bearing_app/python-backend/Downloads/bearing_complete/GOOD_20240924_222130.jpg
1709,20240924.0,222200,NG,/home/kaizen-ai/Desktop/thrust_bearing_app/python-backend/Downloads/not_complete/NG_20240924_222200.jpg
1710,20240924.0,222301,GOOD,/home/kaizen-ai/Desktop/thrust_bearing_app/python-backend/Downloads/bearing_complete/GOOD_20240924_222301.jpg
1711,20240924.0,222412,GOOD,/home/kaizen-ai/Desktop/thrust_bearing_app/python-backend/Downloads/bearing_complete/GOOD_20240924_222412.jpg
1712,20240924.0,222524,GOOD,/home/kaizen-ai/Desktop/thrust_bearing_app/python-backend/Downloads/bearing_complete/GOOD_20240924_222524.jpg
1713,20240924.0,222719,NG,/home/kaizen-ai/Desktop/thrust_bearing_app/python-backend/Downloads/not_complete/NG_20240924_222719.jpg
1714,20240924.0,222836,GOOD,/home/kaizen-ai/Desktop/thrust_bearing_app/python-backend/Downloads/bearing_complete/GOOD_20240924_222836.jpg
1715,20240924.0,222925,GOOD,/home/kaizen-ai/Desktop/thrust_bearing_app/python-backend/Downloads/bearing_complete/GOOD_20240924_222925.jpg
1716,20240924.0,223014,GOOD,/home/kaizen-ai/Desktop/thrust_bearing_app/python-backend/Downloads/bearing_complete/GOOD_20240924_223014.jpg
1717,20240924.0,223111,GOOD,/home/kaizen-ai/Desktop/thrust_bearing_app/python-backend/Downloads/bearing_complete/GOOD_20240924_223111.jpg
1718,20240924.0,223208,GOOD,/home/kaizen-ai/Desktop/thrust_bearing_app/python-backend/Downloads/bearing_complete/GOOD_20240924_223208.jpg
1719,20240924.0,223301,GOOD,/home/kaizen-ai/Desktop/thrust_bearing_app/python-backend/Downloads/bearing_complete/GOOD_20240924_223301.jpg
1720,20240924.0,223405,GOOD,/home/kaizen-ai/Desktop/thrust_bearing_app/python-backend/Downloads/bearing_complete/GOOD_20240924_223405.jpg
1721,20240924.0,223458,GOOD,/home/kaizen-ai/Desktop/thrust_bearing_app/python-backend/Downloads/bearing_complete/GOOD_20240924_223458.jpg
1722,20240924.0,223555,GOOD,/home/kaizen-ai/Desktop/thrust_bearing_app/python-backend/Downloads/bearing_complete/GOOD_20240924_223555.jpg
1723,20240924.0,223649,GOOD,/home/kaizen-ai/Desktop/thrust_bearing_app/python-backend/Downloads/bearing_complete/GOOD_20240924_223649.jpg
1724,20240924.0,223752,NG,/home/kaizen-ai/Desktop/thrust_bearing_app/python-backend/Downloads/not_complete/NG_20240924_223752.jpg
1725,20240924.0,223848,GOOD,/home/kaizen-ai/Desktop/thrust_bearing_app/python-backend/Downloads/bearing_complete/GOOD_20240924_223848.jpg
1726,20240924.0,223951,GOOD,/home/kaizen-ai/Desktop/thrust_bearing_app/python-backend/Downloads/bearing_complete/GOOD_20240924_223951.jpg
1727,20240924.0,224137,GOOD,/home/kaizen-ai/Desktop/thrust_bearing_app/python-backend/Downloads/bearing_complete/GOOD_20240924_224137.jpg
1728,20240924.0,224327,GOOD,/home/kaizen-ai/Desktop/thrust_bearing_app/python-backend/Downloads/bearing_complete/GOOD_20240924_224327.jpg
1729,20240924.0,224429,GOOD,/home/kaizen-ai/Desktop/thrust_bearing_app/python-backend/Downloads/bearing_complete/GOOD_20240924_224429.jpg
1730,20240924.0,224529,GOOD,/home/kaizen-ai/Desktop/thrust_bearing_app/python-backend/Downloads/bearing_complete/GOOD_20240924_224529.jpg
1731,20240924.0,224626,NG,/home/kaizen-ai/Desktop/thrust_bearing_app/python-backend/Downloads/not_complete/NG_20240924_224626.jpg
1732,20240924.0,224726,GOOD,/home/kaizen-ai/Desktop/thrust_bearing_app/python-backend/Downloads/bearing_complete/GOOD_20240924_224726.jpg
1733,20240924.0,224835,GOOD,/home/kaizen-ai/Desktop/thrust_bearing_app/python-backend/Downloads/bearing_complete/GOOD_20240924_224835.jpg
1734,20240924.0,225054,NG,/home/kaizen-ai/Desktop/thrust_bearing_app/python-backend/Downloads/not_complete/NG_20240924_225054.jpg
1735,20240924.0,225210,GOOD,/home/kaizen-ai/Desktop/thrust_bearing_app/python-backend/Downloads/bearing_complete/GOOD_20240924_225210.jpg
1736,20240924.0,225255,GOOD,/home/kaizen-ai/Desktop/thrust_bearing_app/python-backend/Downloads/bearing_complete/GOOD_20240924_225255.jpg
1737,20240924.0,225351,GOOD,/home/kaizen-ai/Desktop/thrust_bearing_app/python-backend/Downloads/bearing_complete/GOOD_20240924_225351.jpg
1738,20240924.0,225455,GOOD,/home/kaizen-ai/Desktop/thrust_bearing_app/python-backend/Downloads/bearing_complete/GOOD_20240924_225455.jpg
1739,20240924.0,225711,GOOD,/home/kaizen-ai/Desktop/thrust_bearing_app/python-backend/Downloads/bearing_complete/GOOD_20240924_225711.jpg
1740,20240924.0,225817,GOOD,/home/kaizen-ai/Desktop/thrust_bearing_app/python-backend/Downloads/bearing_complete/GOOD_20240924_225817.jpg
1741,20240924.0,225921,NG,/home/kaizen-ai/Desktop/thrust_bearing_app/python-backend/Downloads/not_complete/NG_20240924_225921.jpg
1742,20240924.0,230030,GOOD,/home/kaizen-ai/Desktop/thrust_bearing_app/python-backend/Downloads/bearing_complete/GOOD_20240924_230030.jpg
1743,20240924.0,230128,GOOD,/home/kaizen-ai/Desktop/thrust_bearing_app/python-backend/Downloads/bearing_complete/GOOD_20240924_230128.jpg
1744,20240924.0,230335,GOOD,/home/kaizen-ai/Desktop/thrust_bearing_app/python-backend/Downloads/bearing_complete/GOOD_20240924_230335.jpg
1745,20240924.0,230441,NG,/home/kaizen-ai/Desktop/thrust_bearing_app/python-backend/Downloads/not_complete/NG_20240924_230441.jpg
1746,20240924.0,230659,NG,/home/kaizen-ai/Desktop/thrust_bearing_app/python-backend/Downloads/not_complete/NG_20240924_230659.jpg
1747,20240924.0,230932,NG,/home/kaizen-ai/Desktop/thrust_bearing_app/python-backend/Downloads/not_complete/NG_20240924_230932.jpg
1748,20240924.0,231029,GOOD,/home/kaizen-ai/Desktop/thrust_bearing_app/python-backend/Downloads/bearing_complete/GOOD_20240924_231029.jpg
1749,20240924.0,231215,GOOD,/home/kaizen-ai/Desktop/thrust_bearing_app/python-backend/Downloads/bearing_complete/GOOD_20240924_231215.jpg
1750,20240924.0,231311,GOOD,/home/kaizen-ai/Desktop/thrust_bearing_app/python-backend/Downloads/bearing_complete/GOOD_20240924_231311.jpg
1751,20240924.0,231433,NG,/home/kaizen-ai/Desktop/thrust_bearing_app/python-backend/Downloads/not_complete/NG_20240924_231433.jpg
1752,20240924.0,231540,GOOD,/home/kaizen-ai/Desktop/thrust_bearing_app/python-backend/Downloads/bearing_complete/GOOD_20240924_231540.jpg
1753,20240924.0,231614,GOOD,/home/kaizen-ai/Desktop/thrust_bearing_app/python-backend/Downloads/bearing_complete/GOOD_20240924_231614.jpg
1754,20240924.0,231710,GOOD,/home/kaizen-ai/Desktop/thrust_bearing_app/python-backend/Downloads/bearing_complete/GOOD_20240924_231710.jpg
1755,20240924.0,231827,NG,/home/kaizen-ai/Desktop/thrust_bearing_app/python-backend/Downloads/not_complete/NG_20240924_231827.jpg
1756,20240924.0,232039,GOOD,/home/kaizen-ai/Desktop/thrust_bearing_app/python-backend/Downloads/bearing_complete/GOOD_20240924_232039.jpg
1757,20240924.0,232523,GOOD,/home/kaizen-ai/Desktop/thrust_bearing_app/python-backend/Downloads/bearing_complete/GOOD_20240924_232523.jpg
1758,20240924.0,232621,GOOD,/home/kaizen-ai/Desktop/thrust_bearing_app/python-backend/Downloads/bearing_complete/GOOD_20240924_232621.jpg
1759,20240924.0,232745,NG,/home/kaizen-ai/Desktop/thrust_bearing_app/python-backend/Downloads/not_complete/NG_20240924_232745.jpg
1760,20240924.0,232828,GOOD,/home/kaizen-ai/Desktop/thrust_bearing_app/python-backend/Downloads/bearing_complete/GOOD_20240924_232828.jpg
1761,20240924.0,232926,GOOD,/home/kaizen-ai/Desktop/thrust_bearing_app/python-backend/Downloads/bearing_complete/GOOD_20240924_232926.jpg
1762,20240924.0,233029,GOOD,/home/kaizen-ai/Desktop/thrust_bearing_app/python-backend/Downloads/bearing_complete/GOOD_20240924_233029.jpg
1763,20240924.0,233120,GOOD,/home/kaizen-ai/Desktop/thrust_bearing_app/python-backend/Downloads/bearing_complete/GOOD_20240924_233120.jpg
1764,20240924.0,233218,GOOD,/home/kaizen-ai/Desktop/thrust_bearing_app/python-backend/Downloads/bearing_complete/GOOD_20240924_233218.jpg
1765,20240924.0,233342,NG,/home/kaizen-ai/Desktop/thrust_bearing_app/python-backend/Downloads/not_complete/NG_20240924_233342.jpg
1766,20240924.0,233532,GOOD,/home/kaizen-ai/Desktop/thrust_bearing_app/python-backend/Downloads/bearing_complete/GOOD_20240924_233532.jpg
1767,20240924.0,233731,GOOD,/home/kaizen-ai/Desktop/thrust_bearing_app/python-backend/Downloads/bearing_complete/GOOD_20240924_233731.jpg
1768,20240924.0,233825,GOOD,/home/kaizen-ai/Desktop/thrust_bearing_app/python-backend/Downloads/bearing_complete/GOOD_20240924_233825.jpg
1769,20240924.0,233943,NG,/home/kaizen-ai/Desktop/thrust_bearing_app/python-backend/Downloads/not_complete/NG_20240924_233943.jpg
1770,20240924.0,234134,GOOD,/home/kaizen-ai/Desktop/thrust_bearing_app/python-backend/Downloads/bearing_complete/GOOD_20240924_234134.jpg
1771,20240924.0,234230,GOOD,/home/kaizen-ai/Desktop/thrust_bearing_app/python-backend/Downloads/bearing_complete/GOOD_20240924_234230.jpg
1772,20240924.0,234337,GOOD,/home/kaizen-ai/Desktop/thrust_bearing_app/python-backend/Downloads/bearing_complete/GOOD_20240924_234337.jpg
1773,20240924.0,234429,GOOD,/home/kaizen-ai/Desktop/thrust_bearing_app/python-backend/Downloads/bearing_complete/GOOD_20240924_234429.jpg
1774,20240924.0,234526,GOOD,/home/kaizen-ai/Desktop/thrust_bearing_app/python-backend/Downloads/bearing_complete/GOOD_20240924_234526.jpg
1775,20240924.0,234625,GOOD,/home/kaizen-ai/Desktop/thrust_bearing_app/python-backend/Downloads/bearing_complete/GOOD_20240924_234625.jpg
1776,20240924.0,234730,GOOD,/home/kaizen-ai/Desktop/thrust_bearing_app/python-backend/Downloads/bearing_complete/GOOD_20240924_234730.jpg
1777,20240924.0,234820,NG,/home/kaizen-ai/Desktop/thrust_bearing_app/python-backend/Downloads/not_complete/NG_20240924_234820.jpg
1778,20240924.0,234921,GOOD,/home/kaizen-ai/Desktop/thrust_bearing_app/python-backend/Downloads/bearing_complete/GOOD_20240924_234921.jpg
1779,20240924.0,235008,GOOD,/home/kaizen-ai/Desktop/thrust_bearing_app/python-backend/Downloads/bearing_complete/GOOD_20240924_235008.jpg
1780,20240924.0,235130,GOOD,/home/kaizen-ai/Desktop/thrust_bearing_app/python-backend/Downloads/bearing_complete/GOOD_20240924_235130.jpg
1781,20240924.0,235304,GOOD,/home/kaizen-ai/Desktop/thrust_bearing_app/python-backend/Downloads/bearing_complete/GOOD_20240924_235304.jpg
1782,20240924.0,235401,GOOD,/home/kaizen-ai/Desktop/thrust_bearing_app/python-backend/Downloads/bearing_complete/GOOD_20240924_235401.jpg
1783,20240924.0,235511,GOOD,/home/kaizen-ai/Desktop/thrust_bearing_app/python-backend/Downloads/bearing_complete/GOOD_20240924_235511.jpg
1784,20240924.0,235614,GOOD,/home/kaizen-ai/Desktop/thrust_bearing_app/python-backend/Downloads/bearing_complete/GOOD_20240924_235614.jpg
1785,20240924.0,235708,GOOD,/home/kaizen-ai/Desktop/thrust_bearing_app/python-backend/Downloads/bearing_complete/GOOD_20240924_235708.jpg
1786,20240924.0,235803,GOOD,/home/kaizen-ai/Desktop/thrust_bearing_app/python-backend/Downloads/bearing_complete/GOOD_20240924_235803.jpg
1787,20240924.0,235858,GOOD,/home/kaizen-ai/Desktop/thrust_bearing_app/python-backend/Downloads/bearing_complete/GOOD_20240924_235858.jpg
1788,20240925.0,3106,GOOD,/home/kaizen-ai/Desktop/thrust_bearing_app/python-backend/Downloads/bearing_complete/GOOD_20240925_003106.jpg
1789,20240925.0,3226,NG,/home/kaizen-ai/Desktop/thrust_bearing_app/python-backend/Downloads/not_complete/NG_20240925_003226.jpg
1790,20240925.0,3418,GOOD,/home/kaizen-ai/Desktop/thrust_bearing_app/python-backend/Downloads/bearing_complete/GOOD_20240925_003418.jpg
1791,20240925.0,3559,GOOD,/home/kaizen-ai/Desktop/thrust_bearing_app/python-backend/Downloads/bearing_complete/GOOD_20240925_003559.jpg
1792,20240925.0,3629,GOOD,/home/kaizen-ai/Desktop/thrust_bearing_app/python-backend/Downloads/bearing_complete/GOOD_20240925_003629.jpg
1793,20240925.0,3735,NG,/home/kaizen-ai/Desktop/thrust_bearing_app/python-backend/Downloads/not_complete/NG_20240925_003735.jpg
1794,20240925.0,3839,GOOD,/home/kaizen-ai/Desktop/thrust_bearing_app/python-backend/Downloads/bearing_complete/GOOD_20240925_003839.jpg
1795,20240925.0,4017,GOOD,/home/kaizen-ai/Desktop/thrust_bearing_app/python-backend/Downloads/bearing_complete/GOOD_20240925_004017.jpg
1796,20240925.0,4224,NG,/home/kaizen-ai/Desktop/thrust_bearing_app/python-backend/Downloads/not_complete/NG_20240925_004224.jpg
1797,20240925.0,4331,GOOD,/home/kaizen-ai/Desktop/thrust_bearing_app/python-backend/Downloads/bearing_complete/GOOD_20240925_004331.jpg
1798,20240925.0,4450,GOOD,/home/kaizen-ai/Desktop/thrust_bearing_app/python-backend/Downloads/bearing_complete/GOOD_20240925_004450.jpg
1799,20240925.0,4706,GOOD,/home/kaizen-ai/Desktop/thrust_bearing_app/python-backend/Downloads/bearing_complete/GOOD_20240925_004706.jpg
1800,20240925.0,4812,GOOD,/home/kaizen-ai/Desktop/thrust_bearing_app/python-backend/Downloads/bearing_complete/GOOD_20240925_004812.jpg
1801,20240925.0,4902,GOOD,/home/kaizen-ai/Desktop/thrust_bearing_app/python-backend/Downloads/bearing_complete/GOOD_20240925_004902.jpg
1802,20240925.0,5002,GOOD,/home/kaizen-ai/Desktop/thrust_bearing_app/python-backend/Downloads/bearing_complete/GOOD_20240925_005002.jpg
1803,20240925.0,5116,NG,/home/kaizen-ai/Desktop/thrust_bearing_app/python-backend/Downloads/not_complete/NG_20240925_005116.jpg
1804,20240925.0,5314,GOOD,/home/kaizen-ai/Desktop/thrust_bearing_app/python-backend/Downloads/bearing_complete/GOOD_20240925_005314.jpg
1805,20240925.0,5414,NG,/home/kaizen-ai/Desktop/thrust_bearing_app/python-backend/Downloads/not_complete/NG_20240925_005414.jpg
1806,20240925.0,5620,NG,/home/kaizen-ai/Desktop/thrust_bearing_app/python-backend/Downloads/not_complete/NG_20240925_005620.jpg
1807,20240925.0,5838,NG,/home/kaizen-ai/Desktop/thrust_bearing_app/python-backend/Downloads/not_complete/NG_20240925_005838.jpg
1808,20240925.0,5932,GOOD,/home/kaizen-ai/Desktop/thrust_bearing_app/python-backend/Downloads/bearing_complete/GOOD_20240925_005932.jpg
1809,20240925.0,10036,GOOD,/home/kaizen-ai/Desktop/thrust_bearing_app/python-backend/Downloads/bearing_complete/GOOD_20240925_010036.jpg
1810,20240925.0,10241,NG,/home/kaizen-ai/Desktop/thrust_bearing_app/python-backend/Downloads/not_complete/NG_20240925_010241.jpg
1811,20240925.0,10437,GOOD,/home/kaizen-ai/Desktop/thrust_bearing_app/python-backend/Downloads/bearing_complete/GOOD_20240925_010437.jpg
1812,20240925.0,10617,GOOD,/home/kaizen-ai/Desktop/thrust_bearing_app/python-backend/Downloads/bearing_complete/GOOD_20240925_010617.jpg
1813,20240925.0,10718,GOOD,/home/kaizen-ai/Desktop/thrust_bearing_app/python-backend/Downloads/bearing_complete/GOOD_20240925_010718.jpg
1814,20240925.0,10838,GOOD,/home/kaizen-ai/Desktop/thrust_bearing_app/python-backend/Downloads/bearing_complete/GOOD_20240925_010838.jpg
1815,20240925.0,11022,NG,/home/kaizen-ai/Desktop/thrust_bearing_app/python-backend/Downloads/not_complete/NG_20240925_011022.jpg
1816,20240925.0,11249,NG,/home/kaizen-ai/Desktop/thrust_bearing_app/python-backend/Downloads/not_complete/NG_20240925_011249.jpg
1817,20240925.0,11337,GOOD,/home/kaizen-ai/Desktop/thrust_bearing_app/python-backend/Downloads/bearing_complete/GOOD_20240925_011337.jpg
1818,20240925.0,11436,GOOD,/home/kaizen-ai/Desktop/thrust_bearing_app/python-backend/Downloads/bearing_complete/GOOD_20240925_011436.jpg
1819,20240925.0,11634,NG,/home/kaizen-ai/Desktop/thrust_bearing_app/python-backend/Downloads/not_complete/NG_20240925_011634.jpg
1820,20240925.0,11710,GOOD,/home/kaizen-ai/Desktop/thrust_bearing_app/python-backend/Downloads/bearing_complete/GOOD_20240925_011710.jpg
1821,20240925.0,11909,GOOD,/home/kaizen-ai/Desktop/thrust_bearing_app/python-backend/Downloads/bearing_complete/GOOD_20240925_011909.jpg
1822,20240925.0,12014,GOOD,/home/kaizen-ai/Desktop/thrust_bearing_app/python-backend/Downloads/bearing_complete/GOOD_20240925_012014.jpg
1823,20240925.0,12110,GOOD,/home/kaizen-ai/Desktop/thrust_bearing_app/python-backend/Downloads/bearing_complete/GOOD_20240925_012110.jpg
1824,20240925.0,12150,NG,/home/kaizen-ai/Desktop/thrust_bearing_app/python-backend/Downloads/not_complete/NG_20240925_012150.jpg
1825,20240925.0,12300,GOOD,/home/kaizen-ai/Desktop/thrust_bearing_app/python-backend/Downloads/bearing_complete/GOOD_20240925_012300.jpg
1826,20240925.0,12357,GOOD,/home/kaizen-ai/Desktop/thrust_bearing_app/python-backend/Downloads/bearing_complete/GOOD_20240925_012357.jpg
1827,20240925.0,12500,GOOD,/home/kaizen-ai/Desktop/thrust_bearing_app/python-backend/Downloads/bearing_complete/GOOD_20240925_012500.jpg
1828,20240925.0,12723,GOOD,/home/kaizen-ai/Desktop/thrust_bearing_app/python-backend/Downloads/bearing_complete/GOOD_20240925_012723.jpg
1829,20240925.0,12926,NG,/home/kaizen-ai/Desktop/thrust_bearing_app/python-backend/Downloads/not_complete/NG_20240925_012926.jpg
1830,20240925.0,13038,GOOD,/home/kaizen-ai/Desktop/thrust_bearing_app/python-backend/Downloads/bearing_complete/GOOD_20240925_013038.jpg
1831,20240925.0,13112,GOOD,/home/kaizen-ai/Desktop/thrust_bearing_app/python-backend/Downloads/bearing_complete/GOOD_20240925_013112.jpg
1832,20240925.0,13222,GOOD,/home/kaizen-ai/Desktop/thrust_bearing_app/python-backend/Downloads/bearing_complete/GOOD_20240925_013222.jpg
1833,20240925.0,13426,GOOD,/home/kaizen-ai/Desktop/thrust_bearing_app/python-backend/Downloads/bearing_complete/GOOD_20240925_013426.jpg
1834,20240925.0,13535,GOOD,/home/kaizen-ai/Desktop/thrust_bearing_app/python-backend/Downloads/bearing_complete/GOOD_20240925_013535.jpg
1835,20240925.0,13629,GOOD,/home/kaizen-ai/Desktop/thrust_bearing_app/python-backend/Downloads/bearing_complete/GOOD_20240925_013629.jpg
1836,20240925.0,13731,GOOD,/home/kaizen-ai/Desktop/thrust_bearing_app/python-backend/Downloads/bearing_complete/GOOD_20240925_013731.jpg
1837,20240925.0,13856,GOOD,/home/kaizen-ai/Desktop/thrust_bearing_app/python-backend/Downloads/bearing_complete/GOOD_20240925_013856.jpg
1838,20240925.0,14015,NG,/home/kaizen-ai/Desktop/thrust_bearing_app/python-backend/Downloads/not_complete/NG_20240925_014015.jpg
1839,20240925.0,14109,GOOD,/home/kaizen-ai/Desktop/thrust_bearing_app/python-backend/Downloads/bearing_complete/GOOD_20240925_014109.jpg
1840,20240925.0,14201,GOOD,/home/kaizen-ai/Desktop/thrust_bearing_app/python-backend/Downloads/bearing_complete/GOOD_20240925_014201.jpg
1841,20240925.0,14304,GOOD,/home/kaizen-ai/Desktop/thrust_bearing_app/python-backend/Downloads/bearing_complete/GOOD_20240925_014304.jpg
1842,20240925.0,14512,GOOD,/home/kaizen-ai/Desktop/thrust_bearing_app/python-backend/Downloads/bearing_complete/GOOD_20240925_014512.jpg
1843,20240925.0,14626,NG,/home/kaizen-ai/Desktop/thrust_bearing_app/python-backend/Downloads/not_complete/NG_20240925_014626.jpg
1844,20240925.0,14749,GOOD,/home/kaizen-ai/Desktop/thrust_bearing_app/python-backend/Downloads/bearing_complete/GOOD_20240925_014749.jpg
1845,20240925.0,14858,GOOD,/home/kaizen-ai/Desktop/thrust_bearing_app/python-backend/Downloads/bearing_complete/GOOD_20240925_014858.jpg
1846,20240925.0,14958,GOOD,/home/kaizen-ai/Desktop/thrust_bearing_app/python-backend/Downloads/bearing_complete/GOOD_20240925_014958.jpg
1847,20240925.0,15115,GOOD,/home/kaizen-ai/Desktop/thrust_bearing_app/python-backend/Downloads/bearing_complete/GOOD_20240925_015115.jpg
1848,20240925.0,15218,GOOD,/home/kaizen-ai/Desktop/thrust_bearing_app/python-backend/Downloads/bearing_complete/GOOD_20240925_015218.jpg
1849,20240925.0,15320,GOOD,/home/kaizen-ai/Desktop/thrust_bearing_app/python-backend/Downloads/bearing_complete/GOOD_20240925_015320.jpg
1850,20240925.0,15413,GOOD,/home/kaizen-ai/Desktop/thrust_bearing_app/python-backend/Downloads/bearing_complete/GOOD_20240925_015413.jpg
1851,20240925.0,15513,GOOD,/home/kaizen-ai/Desktop/thrust_bearing_app/python-backend/Downloads/bearing_complete/GOOD_20240925_015513.jpg
1852,20240925.0,15630,NG,/home/kaizen-ai/Desktop/thrust_bearing_app/python-backend/Downloads/not_complete/NG_20240925_015630.jpg
1853,20240925.0,15739,GOOD,/home/kaizen-ai/Desktop/thrust_bearing_app/python-backend/Downloads/bearing_complete/GOOD_20240925_015739.jpg
1854,20240925.0,15834,GOOD,/home/kaizen-ai/Desktop/thrust_bearing_app/python-backend/Downloads/bearing_complete/GOOD_20240925_015834.jpg
1855,20240925.0,15927,GOOD,/home/kaizen-ai/Desktop/thrust_bearing_app/python-backend/Downloads/bearing_complete/GOOD_20240925_015927.jpg
1856,20240925.0,20057,GOOD,/home/kaizen-ai/Desktop/thrust_bearing_app/python-backend/Downloads/bearing_complete/GOOD_20240925_020057.jpg
1857,20240925.0,20154,GOOD,/home/kaizen-ai/Desktop/thrust_bearing_app/python-backend/Downloads/bearing_complete/GOOD_20240925_020154.jpg
1858,20240925.0,20257,GOOD,/home/kaizen-ai/Desktop/thrust_bearing_app/python-backend/Downloads/bearing_complete/GOOD_20240925_020257.jpg
1859,20240925.0,20349,GOOD,/home/kaizen-ai/Desktop/thrust_bearing_app/python-backend/Downloads/bearing_complete/GOOD_20240925_020349.jpg
1860,20240925.0,20444,GOOD,/home/kaizen-ai/Desktop/thrust_bearing_app/python-backend/Downloads/bearing_complete/GOOD_20240925_020444.jpg
1861,20240925.0,20545,GOOD,/home/kaizen-ai/Desktop/thrust_bearing_app/python-backend/Downloads/bearing_complete/GOOD_20240925_020545.jpg
1862,20240925.0,20646,NG,/home/kaizen-ai/Desktop/thrust_bearing_app/python-backend/Downloads/not_complete/NG_20240925_020646.jpg
1863,20240925.0,20738,GOOD,/home/kaizen-ai/Desktop/thrust_bearing_app/python-backend/Downloads/bearing_complete/GOOD_20240925_020738.jpg
1864,20240925.0,20836,GOOD,/home/kaizen-ai/Desktop/thrust_bearing_app/python-backend/Downloads/bearing_complete/GOOD_20240925_020836.jpg
1865,20240925.0,20942,GOOD,/home/kaizen-ai/Desktop/thrust_bearing_app/python-backend/Downloads/bearing_complete/GOOD_20240925_020942.jpg
1866,20240925.0,21051,GOOD,/home/kaizen-ai/Desktop/thrust_bearing_app/python-backend/Downloads/bearing_complete/GOOD_20240925_021051.jpg
1867,20240925.0,21203,GOOD,/home/kaizen-ai/Desktop/thrust_bearing_app/python-backend/Downloads/bearing_complete/GOOD_20240925_021203.jpg
1868,20240925.0,21319,GOOD,/home/kaizen-ai/Desktop/thrust_bearing_app/python-backend/Downloads/bearing_complete/GOOD_20240925_021319.jpg
1869,20240925.0,21431,GOOD,/home/kaizen-ai/Desktop/thrust_bearing_app/python-backend/Downloads/bearing_complete/GOOD_20240925_021431.jpg
1870,20240925.0,21525,GOOD,/home/kaizen-ai/Desktop/thrust_bearing_app/python-backend/Downloads/bearing_complete/GOOD_20240925_021525.jpg
1871,20240925.0,21643,GOOD,/home/kaizen-ai/Desktop/thrust_bearing_app/python-backend/Downloads/bearing_complete/GOOD_20240925_021643.jpg
1872,20240925.0,21821,NG,/home/kaizen-ai/Desktop/thrust_bearing_app/python-backend/Downloads/not_complete/NG_20240925_021821.jpg
1873,20240925.0,21903,GOOD,/home/kaizen-ai/Desktop/thrust_bearing_app/python-backend/Downloads/bearing_complete/GOOD_20240925_021903.jpg
1874,20240925.0,21950,GOOD,/home/kaizen-ai/Desktop/thrust_bearing_app/python-backend/Downloads/bearing_complete/GOOD_20240925_021950.jpg
1875,20240925.0,22111,NG,/home/kaizen-ai/Desktop/thrust_bearing_app/python-backend/Downloads/not_complete/NG_20240925_022111.jpg
1876,20240925.0,22307,GOOD,/home/kaizen-ai/Desktop/thrust_bearing_app/python-backend/Downloads/bearing_complete/GOOD_20240925_022307.jpg
1877,20240925.0,22622,GOOD,/home/kaizen-ai/Desktop/thrust_bearing_app/python-backend/Downloads/bearing_complete/GOOD_20240925_022622.jpg
1878,20240925.0,22731,GOOD,/home/kaizen-ai/Desktop/thrust_bearing_app/python-backend/Downloads/bearing_complete/GOOD_20240925_022731.jpg
1879,20240925.0,22832,GOOD,/home/kaizen-ai/Desktop/thrust_bearing_app/python-backend/Downloads/bearing_complete/GOOD_20240925_022832.jpg
1880,20240925.0,22941,NG,/home/kaizen-ai/Desktop/thrust_bearing_app/python-backend/Downloads/not_complete/NG_20240925_022941.jpg
1881,20240925.0,24319,NG,/home/kaizen-ai/Desktop/thrust_bearing_app/python-backend/Downloads/not_complete/NG_20240925_024319.jpg
1882,20240925.0,24457,GOOD,/home/kaizen-ai/Desktop/thrust_bearing_app/python-backend/Downloads/bearing_complete/GOOD_20240925_024457.jpg
1883,20240925.0,24557,GOOD,/home/kaizen-ai/Desktop/thrust_bearing_app/python-backend/Downloads/bearing_complete/GOOD_20240925_024557.jpg
1884,20240925.0,24657,GOOD,/home/kaizen-ai/Desktop/thrust_bearing_app/python-backend/Downloads/bearing_complete/GOOD_20240925_024657.jpg
1885,20240925.0,24759,NG,/home/kaizen-ai/Desktop/thrust_bearing_app/python-backend/Downloads/not_complete/NG_20240925_024759.jpg
1886,20240925.0,24901,GOOD,/home/kaizen-ai/Desktop/thrust_bearing_app/python-backend/Downloads/bearing_complete/GOOD_20240925_024901.jpg
1887,20240925.0,25102,GOOD,/home/kaizen-ai/Desktop/thrust_bearing_app/python-backend/Downloads/bearing_complete/GOOD_20240925_025102.jpg
1888,20240925.0,25202,NG,/home/kaizen-ai/Desktop/thrust_bearing_app/python-backend/Downloads/not_complete/NG_20240925_025202.jpg
1889,20240925.0,25408,GOOD,/home/kaizen-ai/Desktop/thrust_bearing_app/python-backend/Downloads/bearing_complete/GOOD_20240925_025408.jpg
1890,20240925.0,25523,NG,/home/kaizen-ai/Desktop/thrust_bearing_app/python-backend/Downloads/not_complete/NG_20240925_025523.jpg
1891,20240925.0,25623,GOOD,/home/kaizen-ai/Desktop/thrust_bearing_app/python-backend/Downloads/bearing_complete/GOOD_20240925_025623.jpg
1892,20240925.0,25730,NG,/home/kaizen-ai/Desktop/thrust_bearing_app/python-backend/Downloads/not_complete/NG_20240925_025730.jpg
1893,20240925.0,25817,GOOD,/home/kaizen-ai/Desktop/thrust_bearing_app/python-backend/Downloads/bearing_complete/GOOD_20240925_025817.jpg
1894,20240925.0,25925,GOOD,/home/kaizen-ai/Desktop/thrust_bearing_app/python-backend/Downloads/bearing_complete/GOOD_20240925_025925.jpg
1895,20240925.0,30021,GOOD,/home/kaizen-ai/Desktop/thrust_bearing_app/python-backend/Downloads/bearing_complete/GOOD_20240925_030021.jpg
1896,20240925.0,30136,GOOD,/home/kaizen-ai/Desktop/thrust_bearing_app/python-backend/Downloads/bearing_complete/GOOD_20240925_030136.jpg
1897,20240925.0,30238,GOOD,/home/kaizen-ai/Desktop/thrust_bearing_app/python-backend/Downloads/bearing_complete/GOOD_20240925_030238.jpg
1898,20240925.0,30351,GOOD,/home/kaizen-ai/Desktop/thrust_bearing_app/python-backend/Downloads/bearing_complete/GOOD_20240925_030351.jpg
1899,20240925.0,30445,GOOD,/home/kaizen-ai/Desktop/thrust_bearing_app/python-backend/Downloads/bearing_complete/GOOD_20240925_030445.jpg
1900,20240925.0,30543,GOOD,/home/kaizen-ai/Desktop/thrust_bearing_app/python-backend/Downloads/bearing_complete/GOOD_20240925_030543.jpg
1901,20240925.0,30754,NG,/home/kaizen-ai/Desktop/thrust_bearing_app/python-backend/Downloads/not_complete/NG_20240925_030754.jpg
1902,20240925.0,31008,NG,/home/kaizen-ai/Desktop/thrust_bearing_app/python-backend/Downloads/not_complete/NG_20240925_031008.jpg
1903,20240925.0,31059,GOOD,/home/kaizen-ai/Desktop/thrust_bearing_app/python-backend/Downloads/bearing_complete/GOOD_20240925_031059.jpg
1904,20240925.0,31226,GOOD,/home/kaizen-ai/Desktop/thrust_bearing_app/python-backend/Downloads/bearing_complete/GOOD_20240925_031226.jpg
1905,20240925.0,31436,GOOD,/home/kaizen-ai/Desktop/thrust_bearing_app/python-backend/Downloads/bearing_complete/GOOD_20240925_031436.jpg
1906,20240925.0,31532,GOOD,/home/kaizen-ai/Desktop/thrust_bearing_app/python-backend/Downloads/bearing_complete/GOOD_20240925_031532.jpg
1907,20240925.0,31630,GOOD,/home/kaizen-ai/Desktop/thrust_bearing_app/python-backend/Downloads/bearing_complete/GOOD_20240925_031630.jpg
1908,20240925.0,31726,GOOD,/home/kaizen-ai/Desktop/thrust_bearing_app/python-backend/Downloads/bearing_complete/GOOD_20240925_031726.jpg
1909,20240925.0,31836,GOOD,/home/kaizen-ai/Desktop/thrust_bearing_app/python-backend/Downloads/bearing_complete/GOOD_20240925_031836.jpg
1910,20240925.0,32042,GOOD,/home/kaizen-ai/Desktop/thrust_bearing_app/python-backend/Downloads/bearing_complete/GOOD_20240925_032042.jpg
1911,20240925.0,32153,NG,/home/kaizen-ai/Desktop/thrust_bearing_app/python-backend/Downloads/not_complete/NG_20240925_032153.jpg
1912,20240925.0,32258,NG,/home/kaizen-ai/Desktop/thrust_bearing_app/python-backend/Downloads/not_complete/NG_20240925_032258.jpg
1913,20240925.0,32443,NG,/home/kaizen-ai/Desktop/thrust_bearing_app/python-backend/Downloads/not_complete/NG_20240925_032443.jpg
1914,20240925.0,32537,GOOD,/home/kaizen-ai/Desktop/thrust_bearing_app/python-backend/Downloads/bearing_complete/GOOD_20240925_032537.jpg
1915,20240925.0,32641,GOOD,/home/kaizen-ai/Desktop/thrust_bearing_app/python-backend/Downloads/bearing_complete/GOOD_20240925_032641.jpg
1916,20240925.0,32738,GOOD,/home/kaizen-ai/Desktop/thrust_bearing_app/python-backend/Downloads/bearing_complete/GOOD_20240925_032738.jpg
1917,20240925.0,32825,GOOD,/home/kaizen-ai/Desktop/thrust_bearing_app/python-backend/Downloads/bearing_complete/GOOD_20240925_032825.jpg
1918,20240925.0,32917,GOOD,/home/kaizen-ai/Desktop/thrust_bearing_app/python-backend/Downloads/bearing_complete/GOOD_20240925_032917.jpg
1919,20240925.0,33020,GOOD,/home/kaizen-ai/Desktop/thrust_bearing_app/python-backend/Downloads/bearing_complete/GOOD_20240925_033020.jpg
1920,20240925.0,33205,GOOD,/home/kaizen-ai/Desktop/thrust_bearing_app/python-backend/Downloads/bearing_complete/GOOD_20240925_033205.jpg
1921,20240925.0,33321,GOOD,/home/kaizen-ai/Desktop/thrust_bearing_app/python-backend/Downloads/bearing_complete/GOOD_20240925_033321.jpg
1922,20240925.0,33535,GOOD,/home/kaizen-ai/Desktop/thrust_bearing_app/python-backend/Downloads/bearing_complete/GOOD_20240925_033535.jpg
1923,20240925.0,33710,GOOD,/home/kaizen-ai/Desktop/thrust_bearing_app/python-backend/Downloads/bearing_complete/GOOD_20240925_033710.jpg
1924,20240925.0,33820,NG,/home/kaizen-ai/Desktop/thrust_bearing_app/python-backend/Downloads/not_complete/NG_20240925_033820.jpg
1925,20240925.0,33938,GOOD,/home/kaizen-ai/Desktop/thrust_bearing_app/python-backend/Downloads/bearing_complete/GOOD_20240925_033938.jpg
1926,20240925.0,34045,GOOD,/home/kaizen-ai/Desktop/thrust_bearing_app/python-backend/Downloads/bearing_complete/GOOD_20240925_034045.jpg
1927,20240925.0,34150,GOOD,/home/kaizen-ai/Desktop/thrust_bearing_app/python-backend/Downloads/bearing_complete/GOOD_20240925_034150.jpg
1928,20240925.0,34415,GOOD,/home/kaizen-ai/Desktop/thrust_bearing_app/python-backend/Downloads/bearing_complete/GOOD_20240925_034415.jpg
1929,20240925.0,34516,GOOD,/home/kaizen-ai/Desktop/thrust_bearing_app/python-backend/Downloads/bearing_complete/GOOD_20240925_034516.jpg
1930,20240925.0,34627,GOOD,/home/kaizen-ai/Desktop/thrust_bearing_app/python-backend/Downloads/bearing_complete/GOOD_20240925_034627.jpg
1931,20240925.0,34759,GOOD,/home/kaizen-ai/Desktop/thrust_bearing_app/python-backend/Downloads/bearing_complete/GOOD_20240925_034759.jpg
1932,20240925.0,35008,GOOD,/home/kaizen-ai/Desktop/thrust_bearing_app/python-backend/Downloads/bearing_complete/GOOD_20240925_035008.jpg
1933,20240925.0,35111,GOOD,/home/kaizen-ai/Desktop/thrust_bearing_app/python-backend/Downloads/bearing_complete/GOOD_20240925_035111.jpg
1934,20240925.0,35230,GOOD,/home/kaizen-ai/Desktop/thrust_bearing_app/python-backend/Downloads/bearing_complete/GOOD_20240925_035230.jpg
1935,20240925.0,35337,NG,/home/kaizen-ai/Desktop/thrust_bearing_app/python-backend/Downloads/not_complete/NG_20240925_035337.jpg
1936,20240925.0,35535,GOOD,/home/kaizen-ai/Desktop/thrust_bearing_app/python-backend/Downloads/bearing_complete/GOOD_20240925_035535.jpg
1937,20240925.0,35802,GOOD,/home/kaizen-ai/Desktop/thrust_bearing_app/python-backend/Downloads/bearing_complete/GOOD_20240925_035802.jpg
1938,20240925.0,35917,GOOD,/home/kaizen-ai/Desktop/thrust_bearing_app/python-backend/Downloads/bearing_complete/GOOD_20240925_035917.jpg
1939,20240925.0,40026,NG,/home/kaizen-ai/Desktop/thrust_bearing_app/python-backend/Downloads/not_complete/NG_20240925_040026.jpg
1940,20240925.0,40107,GOOD,/home/kaizen-ai/Desktop/thrust_bearing_app/python-backend/Downloads/bearing_complete/GOOD_20240925_040107.jpg
1941,20240925.0,40215,GOOD,/home/kaizen-ai/Desktop/thrust_bearing_app/python-backend/Downloads/bearing_complete/GOOD_20240925_040215.jpg
1942,20240925.0,40408,GOOD,/home/kaizen-ai/Desktop/thrust_bearing_app/python-backend/Downloads/bearing_complete/GOOD_20240925_040408.jpg
1943,20240925.0,40459,NG,/home/kaizen-ai/Desktop/thrust_bearing_app/python-backend/Downloads/not_complete/NG_20240925_040459.jpg
1944,20240925.0,40708,NG,/home/kaizen-ai/Desktop/thrust_bearing_app/python-backend/Downloads/not_complete/NG_20240925_040708.jpg
1945,20240925.0,40922,GOOD,/home/kaizen-ai/Desktop/thrust_bearing_app/python-backend/Downloads/bearing_complete/GOOD_20240925_040922.jpg
1946,20240925.0,41013,GOOD,/home/kaizen-ai/Desktop/thrust_bearing_app/python-backend/Downloads/bearing_complete/GOOD_20240925_041013.jpg
1947,20240925.0,41209,GOOD,/home/kaizen-ai/Desktop/thrust_bearing_app/python-backend/Downloads/bearing_complete/GOOD_20240925_041209.jpg
1948,20240925.0,41305,GOOD,/home/kaizen-ai/Desktop/thrust_bearing_app/python-backend/Downloads/bearing_complete/GOOD_20240925_041305.jpg
1949,20240925.0,41420,NG,/home/kaizen-ai/Desktop/thrust_bearing_app/python-backend/Downloads/not_complete/NG_20240925_041420.jpg
1950,20240925.0,41654,GOOD,/home/kaizen-ai/Desktop/thrust_bearing_app/python-backend/Downloads/bearing_complete/GOOD_20240925_041654.jpg
1951,20240925.0,41757,GOOD,/home/kaizen-ai/Desktop/thrust_bearing_app/python-backend/Downloads/bearing_complete/GOOD_20240925_041757.jpg
1952,20240925.0,41909,GOOD,/home/kaizen-ai/Desktop/thrust_bearing_app/python-backend/Downloads/bearing_complete/GOOD_20240925_041909.jpg
1953,20240925.0,41948,GOOD,/home/kaizen-ai/Desktop/thrust_bearing_app/python-backend/Downloads/bearing_complete/GOOD_20240925_041948.jpg
1954,20240925.0,42057,GOOD,/home/kaizen-ai/Desktop/thrust_bearing_app/python-backend/Downloads/bearing_complete/GOOD_20240925_042057.jpg
1955,20240925.0,42146,GOOD,/home/kaizen-ai/Desktop/thrust_bearing_app/python-backend/Downloads/bearing_complete/GOOD_20240925_042146.jpg
1956,20240925.0,42234,GOOD,/home/kaizen-ai/Desktop/thrust_bearing_app/python-backend/Downloads/bearing_complete/GOOD_20240925_042234.jpg
1957,20240925.0,42353,NG,/home/kaizen-ai/Desktop/thrust_bearing_app/python-backend/Downloads/not_complete/NG_20240925_042353.jpg
1958,20240925.0,42451,GOOD,/home/kaizen-ai/Desktop/thrust_bearing_app/python-backend/Downloads/bearing_complete/GOOD_20240925_042451.jpg
1959,20240925.0,42805,GOOD,/home/kaizen-ai/Desktop/thrust_bearing_app/python-backend/Downloads/bearing_complete/GOOD_20240925_042805.jpg
1960,20240925.0,50039,NG,/home/kaizen-ai/Desktop/thrust_bearing_app/python-backend/Downloads/not_complete/NG_20240925_050039.jpg
1961,20240925.0,50108,GOOD,/home/kaizen-ai/Desktop/thrust_bearing_app/python-backend/Downloads/bearing_complete/GOOD_20240925_050108.jpg
1962,20240925.0,50305,GOOD,/home/kaizen-ai/Desktop/thrust_bearing_app/python-backend/Downloads/bearing_complete/GOOD_20240925_050305.jpg
1963,20240925.0,50417,GOOD,/home/kaizen-ai/Desktop/thrust_bearing_app/python-backend/Downloads/bearing_complete/GOOD_20240925_050417.jpg
1964,20240925.0,50604,GOOD,/home/kaizen-ai/Desktop/thrust_bearing_app/python-backend/Downloads/bearing_complete/GOOD_20240925_050604.jpg
1965,20240925.0,50701,GOOD,/home/kaizen-ai/Desktop/thrust_bearing_app/python-backend/Downloads/bearing_complete/GOOD_20240925_050701.jpg
1966,20240925.0,50756,GOOD,/home/kaizen-ai/Desktop/thrust_bearing_app/python-backend/Downloads/bearing_complete/GOOD_20240925_050756.jpg
1967,20240925.0,50849,GOOD,/home/kaizen-ai/Desktop/thrust_bearing_app/python-backend/Downloads/bearing_complete/GOOD_20240925_050849.jpg
1968,20240925.0,51048,NG,/home/kaizen-ai/Desktop/thrust_bearing_app/python-backend/Downloads/not_complete/NG_20240925_051048.jpg
1969,20240925.0,51135,GOOD,/home/kaizen-ai/Desktop/thrust_bearing_app/python-backend/Downloads/bearing_complete/GOOD_20240925_051135.jpg
1970,20240925.0,51235,GOOD,/home/kaizen-ai/Desktop/thrust_bearing_app/python-backend/Downloads/bearing_complete/GOOD_20240925_051235.jpg
1971,20240925.0,51337,GOOD,/home/kaizen-ai/Desktop/thrust_bearing_app/python-backend/Downloads/bearing_complete/GOOD_20240925_051337.jpg
1972,20240925.0,51437,GOOD,/home/kaizen-ai/Desktop/thrust_bearing_app/python-backend/Downloads/bearing_complete/GOOD_20240925_051437.jpg
1973,20240925.0,51537,GOOD,/home/kaizen-ai/Desktop/thrust_bearing_app/python-backend/Downloads/bearing_complete/GOOD_20240925_051537.jpg
1974,20240925.0,51631,GOOD,/home/kaizen-ai/Desktop/thrust_bearing_app/python-backend/Downloads/bearing_complete/GOOD_20240925_051631.jpg
1975,20240925.0,51724,GOOD,/home/kaizen-ai/Desktop/thrust_bearing_app/python-backend/Downloads/bearing_complete/GOOD_20240925_051724.jpg
1976,20240925.0,51834,NG,/home/kaizen-ai/Desktop/thrust_bearing_app/python-backend/Downloads/not_complete/NG_20240925_051834.jpg
1977,20240925.0,51915,GOOD,/home/kaizen-ai/Desktop/thrust_bearing_app/python-backend/Downloads/bearing_complete/GOOD_20240925_051915.jpg
1978,20240925.0,52014,GOOD,/home/kaizen-ai/Desktop/thrust_bearing_app/python-backend/Downloads/bearing_complete/GOOD_20240925_052014.jpg
1979,20240925.0,52219,GOOD,/home/kaizen-ai/Desktop/thrust_bearing_app/python-backend/Downloads/bearing_complete/GOOD_20240925_052219.jpg
1980,20240925.0,52316,NG,/home/kaizen-ai/Desktop/thrust_bearing_app/python-backend/Downloads/not_complete/NG_20240925_052316.jpg
1981,20240925.0,52432,GOOD,/home/kaizen-ai/Desktop/thrust_bearing_app/python-backend/Downloads/bearing_complete/GOOD_20240925_052432.jpg
1982,20240925.0,52551,NG,/home/kaizen-ai/Desktop/thrust_bearing_app/python-backend/Downloads/not_complete/NG_20240925_052551.jpg
1983,20240925.0,52634,GOOD,/home/kaizen-ai/Desktop/thrust_bearing_app/python-backend/Downloads/bearing_complete/GOOD_20240925_052634.jpg
1984,20240925.0,52731,GOOD,/home/kaizen-ai/Desktop/thrust_bearing_app/python-backend/Downloads/bearing_complete/GOOD_20240925_052731.jpg
1985,20240925.0,53022,GOOD,/home/kaizen-ai/Desktop/thrust_bearing_app/python-backend/Downloads/bearing_complete/GOOD_20240925_053022.jpg
1986,20240925.0,53110,GOOD,/home/kaizen-ai/Desktop/thrust_bearing_app/python-backend/Downloads/bearing_complete/GOOD_20240925_053110.jpg
1987,20240925.0,53212,GOOD,/home/kaizen-ai/Desktop/thrust_bearing_app/python-backend/Downloads/bearing_complete/GOOD_20240925_053212.jpg
1988,20240925.0,53309,NG,/home/kaizen-ai/Desktop/thrust_bearing_app/python-backend/Downloads/not_complete/NG_20240925_053309.jpg
1989,20240925.0,53438,GOOD,/home/kaizen-ai/Desktop/thrust_bearing_app/python-backend/Downloads/bearing_complete/GOOD_20240925_053438.jpg
1990,20240925.0,53554,GOOD,/home/kaizen-ai/Desktop/thrust_bearing_app/python-backend/Downloads/bearing_complete/GOOD_20240925_053554.jpg
1991,20240925.0,53713,NG,/home/kaizen-ai/Desktop/thrust_bearing_app/python-backend/Downloads/not_complete/NG_20240925_053713.jpg
1992,20240925.0,53944,GOOD,/home/kaizen-ai/Desktop/thrust_bearing_app/python-backend/Downloads/bearing_complete/GOOD_20240925_053944.jpg
1993,20240925.0,54048,GOOD,/home/kaizen-ai/Desktop/thrust_bearing_app/python-backend/Downloads/bearing_complete/GOOD_20240925_054048.jpg
1994,20240925.0,54336,GOOD,/home/kaizen-ai/Desktop/thrust_bearing_app/python-backend/Downloads/bearing_complete/GOOD_20240925_054336.jpg
1995,20240925.0,54505,GOOD,/home/kaizen-ai/Desktop/thrust_bearing_app/python-backend/Downloads/bearing_complete/GOOD_20240925_054505.jpg
1996,20240925.0,54552,GOOD,/home/kaizen-ai/Desktop/thrust_bearing_app/python-backend/Downloads/bearing_complete/GOOD_20240925_054552.jpg
1997,20240925.0,54649,GOOD,/home/kaizen-ai/Desktop/thrust_bearing_app/python-backend/Downloads/bearing_complete/GOOD_20240925_054649.jpg
1998,20240925.0,54807,GOOD,/home/kaizen-ai/Desktop/thrust_bearing_app/python-backend/Downloads/bearing_complete/GOOD_20240925_054807.jpg
1999,20240925.0,54922,NG,/home/kaizen-ai/Desktop/thrust_bearing_app/python-backend/Downloads/not_complete/NG_20240925_054922.jpg
2000,20240925.0,55135,NG,/home/kaizen-ai/Desktop/thrust_bearing_app/python-backend/Downloads/not_complete/NG_20240925_055135.jpg
2001,20240925.0,55226,GOOD,/home/kaizen-ai/Desktop/thrust_bearing_app/python-backend/Downloads/bearing_complete/GOOD_20240925_055226.jpg
2002,20240925.0,55319,GOOD,/home/kaizen-ai/Desktop/thrust_bearing_app/python-backend/Downloads/bearing_complete/GOOD_20240925_055319.jpg
2003,20240925.0,55436,GOOD,/home/kaizen-ai/Desktop/thrust_bearing_app/python-backend/Downloads/bearing_complete/GOOD_20240925_055436.jpg
2004,20240925.0,55529,GOOD,/home/kaizen-ai/Desktop/thrust_bearing_app/python-backend/Downloads/bearing_complete/GOOD_20240925_055529.jpg
2005,20240925.0,55738,GOOD,/home/kaizen-ai/Desktop/thrust_bearing_app/python-backend/Downloads/bearing_complete/GOOD_20240925_055738.jpg
2006,20240925.0,55826,GOOD,/home/kaizen-ai/Desktop/thrust_bearing_app/python-backend/Downloads/bearing_complete/GOOD_20240925_055826.jpg
2007,20240925.0,55935,GOOD,/home/kaizen-ai/Desktop/thrust_bearing_app/python-backend/Downloads/bearing_complete/GOOD_20240925_055935.jpg
2008,20240925.0,60047,GOOD,/home/kaizen-ai/Desktop/thrust_bearing_app/python-backend/Downloads/bearing_complete/GOOD_20240925_060047.jpg
2009,20240925.0,60159,NG,/home/kaizen-ai/Desktop/thrust_bearing_app/python-backend/Downloads/not_complete/NG_20240925_060159.jpg
2010,20240925.0,72250,GOOD,/home/kaizen-ai/Desktop/thrust_bearing_app/python-backend/Downloads/bearing_complete/GOOD_20240925_072250.jpg
2011,20240925.0,72520,GOOD,/home/kaizen-ai/Desktop/thrust_bearing_app/python-backend/Downloads/bearing_complete/GOOD_20240925_072520.jpg
2012,20240925.0,72624,GOOD,/home/kaizen-ai/Desktop/thrust_bearing_app/python-backend/Downloads/bearing_complete/GOOD_20240925_072624.jpg
2013,20240925.0,72723,GOOD,/home/kaizen-ai/Desktop/thrust_bearing_app/python-backend/Downloads/bearing_complete/GOOD_20240925_072723.jpg
2014,20240925.0,72838,GOOD,/home/kaizen-ai/Desktop/thrust_bearing_app/python-backend/Downloads/bearing_complete/GOOD_20240925_072838.jpg
2015,20240925.0,73024,NG,/home/kaizen-ai/Desktop/thrust_bearing_app/python-backend/Downloads/not_complete/NG_20240925_073024.jpg
2016,20240925.0,73112,GOOD,/home/kaizen-ai/Desktop/thrust_bearing_app/python-backend/Downloads/bearing_complete/GOOD_20240925_073112.jpg
2017,20240925.0,73147,GOOD,/home/kaizen-ai/Desktop/thrust_bearing_app/python-backend/Downloads/bearing_complete/GOOD_20240925_073147.jpg
2018,20240925.0,73236,GOOD,/home/kaizen-ai/Desktop/thrust_bearing_app/python-backend/Downloads/bearing_complete/GOOD_20240925_073236.jpg
2019,20240925.0,73341,GOOD,/home/kaizen-ai/Desktop/thrust_bearing_app/python-backend/Downloads/bearing_complete/GOOD_20240925_073341.jpg
2020,20240925.0,73451,GOOD,/home/kaizen-ai/Desktop/thrust_bearing_app/python-backend/Downloads/bearing_complete/GOOD_20240925_073451.jpg
2021,20240925.0,73722,GOOD,/home/kaizen-ai/Desktop/thrust_bearing_app/python-backend/Downloads/bearing_complete/GOOD_20240925_073722.jpg
2022,20240925.0,73804,GOOD,/home/kaizen-ai/Desktop/thrust_bearing_app/python-backend/Downloads/bearing_complete/GOOD_20240925_073804.jpg
2023,20240925.0,73848,GOOD,/home/kaizen-ai/Desktop/thrust_bearing_app/python-backend/Downloads/bearing_complete/GOOD_20240925_073848.jpg
2024,20240925.0,74003,GOOD,/home/kaizen-ai/Desktop/thrust_bearing_app/python-backend/Downloads/bearing_complete/GOOD_20240925_074003.jpg
2025,20240925.0,74100,GOOD,/home/kaizen-ai/Desktop/thrust_bearing_app/python-backend/Downloads/bearing_complete/GOOD_20240925_074100.jpg
2026,20240925.0,74242,NG,/home/kaizen-ai/Desktop/thrust_bearing_app/python-backend/Downloads/not_complete/NG_20240925_074242.jpg
2027,20240925.0,74310,GOOD,/home/kaizen-ai/Desktop/thrust_bearing_app/python-backend/Downloads/bearing_complete/GOOD_20240925_074310.jpg
2028,20240925.0,74425,NG,/home/kaizen-ai/Desktop/thrust_bearing_app/python-backend/Downloads/not_complete/NG_20240925_074425.jpg
2029,20240925.0,74513,GOOD,/home/kaizen-ai/Desktop/thrust_bearing_app/python-backend/Downloads/bearing_complete/GOOD_20240925_074513.jpg
2030,20240925.0,74604,GOOD,/home/kaizen-ai/Desktop/thrust_bearing_app/python-backend/Downloads/bearing_complete/GOOD_20240925_074604.jpg
2031,20240925.0,74656,GOOD,/home/kaizen-ai/Desktop/thrust_bearing_app/python-backend/Downloads/bearing_complete/GOOD_20240925_074656.jpg
2032,20240925.0,74846,NG,/home/kaizen-ai/Desktop/thrust_bearing_app/python-backend/Downloads/not_complete/NG_20240925_074846.jpg
2033,20240925.0,74912,GOOD,/home/kaizen-ai/Desktop/thrust_bearing_app/python-backend/Downloads/bearing_complete/GOOD_20240925_074912.jpg
2034,20240925.0,75034,GOOD,/home/kaizen-ai/Desktop/thrust_bearing_app/python-backend/Downloads/bearing_complete/GOOD_20240925_075034.jpg
2035,20240925.0,75222,GOOD,/home/kaizen-ai/Desktop/thrust_bearing_app/python-backend/Downloads/bearing_complete/GOOD_20240925_075222.jpg
2036,20240925.0,75322,GOOD,/home/kaizen-ai/Desktop/thrust_bearing_app/python-backend/Downloads/bearing_complete/GOOD_20240925_075322.jpg
2037,20240925.0,75429,GOOD,/home/kaizen-ai/Desktop/thrust_bearing_app/python-backend/Downloads/bearing_complete/GOOD_20240925_075429.jpg
2038,20240925.0,75447,GOOD,/home/kaizen-ai/Desktop/thrust_bearing_app/python-backend/Downloads/bearing_complete/GOOD_20240925_075447.jpg
2039,20240925.0,75537,GOOD,/home/kaizen-ai/Desktop/thrust_bearing_app/python-backend/Downloads/bearing_complete/GOOD_20240925_075537.jpg
2040,20240925.0,75640,GOOD,/home/kaizen-ai/Desktop/thrust_bearing_app/python-backend/Downloads/bearing_complete/GOOD_20240925_075640.jpg
2041,20240925.0,75723,GOOD,/home/kaizen-ai/Desktop/thrust_bearing_app/python-backend/Downloads/bearing_complete/GOOD_20240925_075723.jpg
2042,20240925.0,75850,GOOD,/home/kaizen-ai/Desktop/thrust_bearing_app/python-backend/Downloads/bearing_complete/GOOD_20240925_075850.jpg
2043,20240925.0,80007,GOOD,/home/kaizen-ai/Desktop/thrust_bearing_app/python-backend/Downloads/bearing_complete/GOOD_20240925_080007.jpg
2044,20240925.0,80109,GOOD,/home/kaizen-ai/Desktop/thrust_bearing_app/python-backend/Downloads/bearing_complete/GOOD_20240925_080109.jpg
2045,20240925.0,80208,GOOD,/home/kaizen-ai/Desktop/thrust_bearing_app/python-backend/Downloads/bearing_complete/GOOD_20240925_080208.jpg
2046,20240925.0,80316,GOOD,/home/kaizen-ai/Desktop/thrust_bearing_app/python-backend/Downloads/bearing_complete/GOOD_20240925_080316.jpg
2047,20240925.0,80424,GOOD,/home/kaizen-ai/Desktop/thrust_bearing_app/python-backend/Downloads/bearing_complete/GOOD_20240925_080424.jpg
2048,20240925.0,80530,GOOD,/home/kaizen-ai/Desktop/thrust_bearing_app/python-backend/Downloads/bearing_complete/GOOD_20240925_080530.jpg
2049,20240925.0,80658,GOOD,/home/kaizen-ai/Desktop/thrust_bearing_app/python-backend/Downloads/bearing_complete/GOOD_20240925_080658.jpg
2050,20240925.0,80756,NG,/home/kaizen-ai/Desktop/thrust_bearing_app/python-backend/Downloads/not_complete/NG_20240925_080756.jpg
2051,20240925.0,80852,GOOD,/home/kaizen-ai/Desktop/thrust_bearing_app/python-backend/Downloads/bearing_complete/GOOD_20240925_080852.jpg
2052,20240925.0,80945,GOOD,/home/kaizen-ai/Desktop/thrust_bearing_app/python-backend/Downloads/bearing_complete/GOOD_20240925_080945.jpg
2053,20240925.0,81100,NG,/home/kaizen-ai/Desktop/thrust_bearing_app/python-backend/Downloads/not_complete/NG_20240925_081100.jpg
2054,20240925.0,81207,GOOD,/home/kaizen-ai/Desktop/thrust_bearing_app/python-backend/Downloads/bearing_complete/GOOD_20240925_081207.jpg
2055,20240925.0,81315,GOOD,/home/kaizen-ai/Desktop/thrust_bearing_app/python-backend/Downloads/bearing_complete/GOOD_20240925_081315.jpg
2056,20240925.0,81533,GOOD,/home/kaizen-ai/Desktop/thrust_bearing_app/python-backend/Downloads/bearing_complete/GOOD_20240925_081533.jpg
2057,20240925.0,81736,GOOD,/home/kaizen-ai/Desktop/thrust_bearing_app/python-backend/Downloads/bearing_complete/GOOD_20240925_081736.jpg
2058,20240925.0,81833,NG,/home/kaizen-ai/Desktop/thrust_bearing_app/python-backend/Downloads/not_complete/NG_20240925_081833.jpg
2059,20240925.0,81925,GOOD,/home/kaizen-ai/Desktop/thrust_bearing_app/python-backend/Downloads/bearing_complete/GOOD_20240925_081925.jpg
2060,20240925.0,82029,GOOD,/home/kaizen-ai/Desktop/thrust_bearing_app/python-backend/Downloads/bearing_complete/GOOD_20240925_082029.jpg
2061,20240925.0,82130,GOOD,/home/kaizen-ai/Desktop/thrust_bearing_app/python-backend/Downloads/bearing_complete/GOOD_20240925_082130.jpg
2062,20240925.0,82311,GOOD,/home/kaizen-ai/Desktop/thrust_bearing_app/python-backend/Downloads/bearing_complete/GOOD_20240925_082311.jpg
2063,20240925.0,82412,GOOD,/home/kaizen-ai/Desktop/thrust_bearing_app/python-backend/Downloads/bearing_complete/GOOD_20240925_082412.jpg
2064,20240925.0,82513,GOOD,/home/kaizen-ai/Desktop/thrust_bearing_app/python-backend/Downloads/bearing_complete/GOOD_20240925_082513.jpg
2065,20240925.0,82640,GOOD,/home/kaizen-ai/Desktop/thrust_bearing_app/python-backend/Downloads/bearing_complete/GOOD_20240925_082640.jpg
2066,20240925.0,82751,GOOD,/home/kaizen-ai/Desktop/thrust_bearing_app/python-backend/Downloads/bearing_complete/GOOD_20240925_082751.jpg
2067,20240925.0,82942,GOOD,/home/kaizen-ai/Desktop/thrust_bearing_app/python-backend/Downloads/bearing_complete/GOOD_20240925_082942.jpg
2068,20240925.0,83042,GOOD,/home/kaizen-ai/Desktop/thrust_bearing_app/python-backend/Downloads/bearing_complete/GOOD_20240925_083042.jpg
2069,20240925.0,83226,GOOD,/home/kaizen-ai/Desktop/thrust_bearing_app/python-backend/Downloads/bearing_complete/GOOD_20240925_083226.jpg
2070,20240925.0,83317,GOOD,/home/kaizen-ai/Desktop/thrust_bearing_app/python-backend/Downloads/bearing_complete/GOOD_20240925_083317.jpg
2071,20240925.0,83434,GOOD,/home/kaizen-ai/Desktop/thrust_bearing_app/python-backend/Downloads/bearing_complete/GOOD_20240925_083434.jpg
2072,20240925.0,83522,GOOD,/home/kaizen-ai/Desktop/thrust_bearing_app/python-backend/Downloads/bearing_complete/GOOD_20240925_083522.jpg
2073,20240925.0,83644,NG,/home/kaizen-ai/Desktop/thrust_bearing_app/python-backend/Downloads/not_complete/NG_20240925_083644.jpg
2074,20240925.0,84813,NG,/home/kaizen-ai/Desktop/thrust_bearing_app/python-backend/Downloads/not_complete/NG_20240925_084813.jpg
2075,20240925.0,84911,GOOD,/home/kaizen-ai/Desktop/thrust_bearing_app/python-backend/Downloads/bearing_complete/GOOD_20240925_084911.jpg
2076,20240925.0,90932,GOOD,/home/kaizen-ai/Desktop/thrust_bearing_app/python-backend/Downloads/bearing_complete/GOOD_20240925_090932.jpg
2077,20240925.0,91117,NG,/home/kaizen-ai/Desktop/thrust_bearing_app/python-backend/Downloads/not_complete/NG_20240925_091117.jpg
2078,20240925.0,91218,GOOD,/home/kaizen-ai/Desktop/thrust_bearing_app/python-backend/Downloads/bearing_complete/GOOD_20240925_091218.jpg
2079,20240925.0,91338,GOOD,/home/kaizen-ai/Desktop/thrust_bearing_app/python-backend/Downloads/bearing_complete/GOOD_20240925_091338.jpg
2080,20240925.0,91431,GOOD,/home/kaizen-ai/Desktop/thrust_bearing_app/python-backend/Downloads/bearing_complete/GOOD_20240925_091431.jpg
2081,20240925.0,91534,GOOD,/home/kaizen-ai/Desktop/thrust_bearing_app/python-backend/Downloads/bearing_complete/GOOD_20240925_091534.jpg
2082,20240925.0,91627,GOOD,/home/kaizen-ai/Desktop/thrust_bearing_app/python-backend/Downloads/bearing_complete/GOOD_20240925_091627.jpg
2083,20240925.0,91714,GOOD,/home/kaizen-ai/Desktop/thrust_bearing_app/python-backend/Downloads/bearing_complete/GOOD_20240925_091714.jpg
2084,20240925.0,91812,GOOD,/home/kaizen-ai/Desktop/thrust_bearing_app/python-backend/Downloads/bearing_complete/GOOD_20240925_091812.jpg
2085,20240925.0,91938,GOOD,/home/kaizen-ai/Desktop/thrust_bearing_app/python-backend/Downloads/bearing_complete/GOOD_20240925_091938.jpg
2086,20240925.0,92841,NG,/home/kaizen-ai/Desktop/thrust_bearing_app/python-backend/Downloads/not_complete/NG_20240925_092841.jpg
2087,20240925.0,92939,NG,/home/kaizen-ai/Desktop/thrust_bearing_app/python-backend/Downloads/not_complete/NG_20240925_092939.jpg
2088,20240925.0,93112,GOOD,/home/kaizen-ai/Desktop/thrust_bearing_app/python-backend/Downloads/bearing_complete/GOOD_20240925_093112.jpg
2089,20240925.0,94206,GOOD,/home/kaizen-ai/Desktop/thrust_bearing_app/python-backend/Downloads/bearing_complete/GOOD_20240925_094206.jpg
2090,20240925.0,94258,GOOD,/home/kaizen-ai/Desktop/thrust_bearing_app/python-backend/Downloads/bearing_complete/GOOD_20240925_094258.jpg
2091,20240925.0,94505,GOOD,/home/kaizen-ai/Desktop/thrust_bearing_app/python-backend/Downloads/bearing_complete/GOOD_20240925_094505.jpg
2092,20240925.0,94611,NG,/home/kaizen-ai/Desktop/thrust_bearing_app/python-backend/Downloads/not_complete/NG_20240925_094611.jpg
2093,20240925.0,94636,GOOD,/home/kaizen-ai/Desktop/thrust_bearing_app/python-backend/Downloads/bearing_complete/GOOD_20240925_094636.jpg
2094,20240925.0,104106,GOOD,/home/kaizen-ai/Desktop/thrust_bearing_app/python-backend/Downloads/bearing_complete/GOOD_20240925_104106.jpg
2095,20240925.0,104644,GOOD,/home/kaizen-ai/Desktop/thrust_bearing_app/python-backend/Downloads/bearing_complete/GOOD_20240925_104644.jpg
2096,20240925.0,105103,NG,/home/kaizen-ai/Desktop/thrust_bearing_app/python-backend/Downloads/not_complete/NG_20240925_105103.jpg
2097,20240925.0,111318,GOOD,/home/kaizen-ai/Desktop/thrust_bearing_app/python-backend/Downloads/bearing_complete/GOOD_20240925_111318.jpg
2098,20240925.0,111407,GOOD,/home/kaizen-ai/Desktop/thrust_bearing_app/python-backend/Downloads/bearing_complete/GOOD_20240925_111407.jpg
2099,20240925.0,111500,GOOD,/home/kaizen-ai/Desktop/thrust_bearing_app/python-backend/Downloads/bearing_complete/GOOD_20240925_111500.jpg
2100,20240925.0,111550,GOOD,/home/kaizen-ai/Desktop/thrust_bearing_app/python-backend/Downloads/bearing_complete/GOOD_20240925_111550.jpg
2101,20240925.0,111704,GOOD,/home/kaizen-ai/Desktop/thrust_bearing_app/python-backend/Downloads/bearing_complete/GOOD_20240925_111704.jpg
2102,20240925.0,111955,GOOD,/home/kaizen-ai/Desktop/thrust_bearing_app/python-backend/Downloads/bearing_complete/GOOD_20240925_111955.jpg
2103,20240925.0,112057,GOOD,/home/kaizen-ai/Desktop/thrust_bearing_app/python-backend/Downloads/bearing_complete/GOOD_20240925_112057.jpg
2104,20240925.0,112153,GOOD,/home/kaizen-ai/Desktop/thrust_bearing_app/python-backend/Downloads/bearing_complete/GOOD_20240925_112153.jpg
2105,20240925.0,112429,GOOD,/home/kaizen-ai/Desktop/thrust_bearing_app/python-backend/Downloads/bearing_complete/GOOD_20240925_112429.jpg
2106,20240925.0,113018,GOOD,/home/kaizen-ai/Desktop/thrust_bearing_app/python-backend/Downloads/bearing_complete/GOOD_20240925_113018.jpg
2107,20240925.0,113102,GOOD,/home/kaizen-ai/Desktop/thrust_bearing_app/python-backend/Downloads/bearing_complete/GOOD_20240925_113102.jpg
2108,20240925.0,113220,GOOD,/home/kaizen-ai/Desktop/thrust_bearing_app/python-backend/Downloads/bearing_complete/GOOD_20240925_113220.jpg
2109,20240925.0,113316,GOOD,/home/kaizen-ai/Desktop/thrust_bearing_app/python-backend/Downloads/bearing_complete/GOOD_20240925_113316.jpg
2110,20240925.0,113432,GOOD,/home/kaizen-ai/Desktop/thrust_bearing_app/python-backend/Downloads/bearing_complete/GOOD_20240925_113432.jpg
2111,20240925.0,113532,GOOD,/home/kaizen-ai/Desktop/thrust_bearing_app/python-backend/Downloads/bearing_complete/GOOD_20240925_113532.jpg
2112,20240925.0,113645,GOOD,/home/kaizen-ai/Desktop/thrust_bearing_app/python-backend/Downloads/bearing_complete/GOOD_20240925_113645.jpg
2113,20240925.0,113746,GOOD,/home/kaizen-ai/Desktop/thrust_bearing_app/python-backend/Downloads/bearing_complete/GOOD_20240925_113746.jpg
2114,20240925.0,113917,GOOD,/home/kaizen-ai/Desktop/thrust_bearing_app/python-backend/Downloads/bearing_complete/GOOD_20240925_113917.jpg
2115,20240925.0,114218,GOOD,/home/kaizen-ai/Desktop/thrust_bearing_app/python-backend/Downloads/bearing_complete/GOOD_20240925_114218.jpg
2116,20240925.0,114309,GOOD,/home/kaizen-ai/Desktop/thrust_bearing_app/python-backend/Downloads/bearing_complete/GOOD_20240925_114309.jpg
2117,20240925.0,114419,GOOD,/home/kaizen-ai/Desktop/thrust_bearing_app/python-backend/Downloads/bearing_complete/GOOD_20240925_114419.jpg
2118,20240925.0,123027,GOOD,/home/kaizen-ai/Desktop/thrust_bearing_app/python-backend/Downloads/bearing_complete/GOOD_20240925_123027.jpg
2119,20240925.0,123111,GOOD,/home/kaizen-ai/Desktop/thrust_bearing_app/python-backend/Downloads/bearing_complete/GOOD_20240925_123111.jpg
2120,20240925.0,123213,GOOD,/home/kaizen-ai/Desktop/thrust_bearing_app/python-backend/Downloads/bearing_complete/GOOD_20240925_123213.jpg
2121,20240925.0,123333,GOOD,/home/kaizen-ai/Desktop/thrust_bearing_app/python-backend/Downloads/bearing_complete/GOOD_20240925_123333.jpg
2122,20240925.0,123410,GOOD,/home/kaizen-ai/Desktop/thrust_bearing_app/python-backend/Downloads/bearing_complete/GOOD_20240925_123410.jpg
2123,20240925.0,123504,GOOD,/home/kaizen-ai/Desktop/thrust_bearing_app/python-backend/Downloads/bearing_complete/GOOD_20240925_123504.jpg
2124,20240925.0,123615,NG,/home/kaizen-ai/Desktop/thrust_bearing_app/python-backend/Downloads/not_complete/NG_20240925_123615.jpg
2125,20240925.0,123906,GOOD,/home/kaizen-ai/Desktop/thrust_bearing_app/python-backend/Downloads/bearing_complete/GOOD_20240925_123906.jpg
2126,20240925.0,125831,GOOD,/home/kaizen-ai/Desktop/thrust_bearing_app/python-backend/Downloads/bearing_complete/GOOD_20240925_125831.jpg
2127,20240925.0,125908,GOOD,/home/kaizen-ai/Desktop/thrust_bearing_app/python-backend/Downloads/bearing_complete/GOOD_20240925_125908.jpg
2128,20240925.0,130014,GOOD,/home/kaizen-ai/Desktop/thrust_bearing_app/python-backend/Downloads/bearing_complete/GOOD_20240925_130014.jpg
2129,20240925.0,130138,GOOD,/home/kaizen-ai/Desktop/thrust_bearing_app/python-backend/Downloads/bearing_complete/GOOD_20240925_130138.jpg
2130,20240925.0,130259,GOOD,/home/kaizen-ai/Desktop/thrust_bearing_app/python-backend/Downloads/bearing_complete/GOOD_20240925_130259.jpg
2131,20240925.0,130356,GOOD,/home/kaizen-ai/Desktop/thrust_bearing_app/python-backend/Downloads/bearing_complete/GOOD_20240925_130356.jpg
2132,20240925.0,130510,GOOD,/home/kaizen-ai/Desktop/thrust_bearing_app/python-backend/Downloads/bearing_complete/GOOD_20240925_130510.jpg
2133,20240925.0,130718,GOOD,/home/kaizen-ai/Desktop/thrust_bearing_app/python-backend/Downloads/bearing_complete/GOOD_20240925_130718.jpg
2134,20240925.0,130809,GOOD,/home/kaizen-ai/Desktop/thrust_bearing_app/python-backend/Downloads/bearing_complete/GOOD_20240925_130809.jpg
2135,20240925.0,130913,NG,/home/kaizen-ai/Desktop/thrust_bearing_app/python-backend/Downloads/not_complete/NG_20240925_130913.jpg
2136,20240925.0,131045,GOOD,/home/kaizen-ai/Desktop/thrust_bearing_app/python-backend/Downloads/bearing_complete/GOOD_20240925_131045.jpg
2137,20240925.0,131257,GOOD,/home/kaizen-ai/Desktop/thrust_bearing_app/python-backend/Downloads/bearing_complete/GOOD_20240925_131257.jpg
2138,20240925.0,131353,GOOD,/home/kaizen-ai/Desktop/thrust_bearing_app/python-backend/Downloads/bearing_complete/GOOD_20240925_131353.jpg
2139,20240925.0,131501,GOOD,/home/kaizen-ai/Desktop/thrust_bearing_app/python-backend/Downloads/bearing_complete/GOOD_20240925_131501.jpg
2140,20240925.0,131603,GOOD,/home/kaizen-ai/Desktop/thrust_bearing_app/python-backend/Downloads/bearing_complete/GOOD_20240925_131603.jpg
2141,20240925.0,131715,NG,/home/kaizen-ai/Desktop/thrust_bearing_app/python-backend/Downloads/not_complete/NG_20240925_131715.jpg
2142,20240925.0,131811,GOOD,/home/kaizen-ai/Desktop/thrust_bearing_app/python-backend/Downloads/bearing_complete/GOOD_20240925_131811.jpg
2143,20240925.0,131940,GOOD,/home/kaizen-ai/Desktop/thrust_bearing_app/python-backend/Downloads/bearing_complete/GOOD_20240925_131940.jpg
2144,20240925.0,132022,GOOD,/home/kaizen-ai/Desktop/thrust_bearing_app/python-backend/Downloads/bearing_complete/GOOD_20240925_132022.jpg
2145,20240925.0,132122,GOOD,/home/kaizen-ai/Desktop/thrust_bearing_app/python-backend/Downloads/bearing_complete/GOOD_20240925_132122.jpg
2146,20240925.0,132356,GOOD,/home/kaizen-ai/Desktop/thrust_bearing_app/python-backend/Downloads/bearing_complete/GOOD_20240925_132356.jpg
2147,20240925.0,132455,GOOD,/home/kaizen-ai/Desktop/thrust_bearing_app/python-backend/Downloads/bearing_complete/GOOD_20240925_132455.jpg
2148,20240925.0,132549,GOOD,/home/kaizen-ai/Desktop/thrust_bearing_app/python-backend/Downloads/bearing_complete/GOOD_20240925_132549.jpg
2149,20240925.0,132725,GOOD,/home/kaizen-ai/Desktop/thrust_bearing_app/python-backend/Downloads/bearing_complete/GOOD_20240925_132725.jpg
2150,20240925.0,132804,GOOD,/home/kaizen-ai/Desktop/thrust_bearing_app/python-backend/Downloads/bearing_complete/GOOD_20240925_132804.jpg
2151,20240925.0,132904,NG,/home/kaizen-ai/Desktop/thrust_bearing_app/python-backend/Downloads/not_complete/NG_20240925_132904.jpg
2152,20240925.0,133055,NG,/home/kaizen-ai/Desktop/thrust_bearing_app/python-backend/Downloads/not_complete/NG_20240925_133055.jpg
2153,20240925.0,133124,GOOD,/home/kaizen-ai/Desktop/thrust_bearing_app/python-backend/Downloads/bearing_complete/GOOD_20240925_133124.jpg
2154,20240925.0,133216,GOOD,/home/kaizen-ai/Desktop/thrust_bearing_app/python-backend/Downloads/bearing_complete/GOOD_20240925_133216.jpg
2155,20240925.0,133314,GOOD,/home/kaizen-ai/Desktop/thrust_bearing_app/python-backend/Downloads/bearing_complete/GOOD_20240925_133314.jpg
2156,20240925.0,133411,GOOD,/home/kaizen-ai/Desktop/thrust_bearing_app/python-backend/Downloads/bearing_complete/GOOD_20240925_133411.jpg
2157,20240925.0,133606,NG,/home/kaizen-ai/Desktop/thrust_bearing_app/python-backend/Downloads/not_complete/NG_20240925_133606.jpg
2158,20240925.0,133656,GOOD,/home/kaizen-ai/Desktop/thrust_bearing_app/python-backend/Downloads/bearing_complete/GOOD_20240925_133656.jpg
2159,20240925.0,133856,GOOD,/home/kaizen-ai/Desktop/thrust_bearing_app/python-backend/Downloads/bearing_complete/GOOD_20240925_133856.jpg
2160,20240925.0,134020,GOOD,/home/kaizen-ai/Desktop/thrust_bearing_app/python-backend/Downloads/bearing_complete/GOOD_20240925_134020.jpg
2161,20240925.0,134119,GOOD,/home/kaizen-ai/Desktop/thrust_bearing_app/python-backend/Downloads/bearing_complete/GOOD_20240925_134119.jpg
2162,20240925.0,134239,NG,/home/kaizen-ai/Desktop/thrust_bearing_app/python-backend/Downloads/not_complete/NG_20240925_134239.jpg
2163,20240925.0,134501,GOOD,/home/kaizen-ai/Desktop/thrust_bearing_app/python-backend/Downloads/bearing_complete/GOOD_20240925_134501.jpg
2164,20240925.0,134600,GOOD,/home/kaizen-ai/Desktop/thrust_bearing_app/python-backend/Downloads/bearing_complete/GOOD_20240925_134600.jpg
2165,20240925.0,134647,GOOD,/home/kaizen-ai/Desktop/thrust_bearing_app/python-backend/Downloads/bearing_complete/GOOD_20240925_134647.jpg
2166,20240925.0,134754,NG,/home/kaizen-ai/Desktop/thrust_bearing_app/python-backend/Downloads/not_complete/NG_20240925_134754.jpg
2167,20240925.0,134845,GOOD,/home/kaizen-ai/Desktop/thrust_bearing_app/python-backend/Downloads/bearing_complete/GOOD_20240925_134845.jpg
2168,20240925.0,134948,GOOD,/home/kaizen-ai/Desktop/thrust_bearing_app/python-backend/Downloads/bearing_complete/GOOD_20240925_134948.jpg
2169,20240925.0,135046,GOOD,/home/kaizen-ai/Desktop/thrust_bearing_app/python-backend/Downloads/bearing_complete/GOOD_20240925_135046.jpg
2170,20240925.0,135252,NG,/home/kaizen-ai/Desktop/thrust_bearing_app/python-backend/Downloads/not_complete/NG_20240925_135252.jpg
2171,20240925.0,135348,NG,/home/kaizen-ai/Desktop/thrust_bearing_app/python-backend/Downloads/not_complete/NG_20240925_135348.jpg
2172,20240925.0,135701,GOOD,/home/kaizen-ai/Desktop/thrust_bearing_app/python-backend/Downloads/bearing_complete/GOOD_20240925_135701.jpg
2173,20240925.0,135813,GOOD,/home/kaizen-ai/Desktop/thrust_bearing_app/python-backend/Downloads/bearing_complete/GOOD_20240925_135813.jpg
2174,20240925.0,135926,GOOD,/home/kaizen-ai/Desktop/thrust_bearing_app/python-backend/Downloads/bearing_complete/GOOD_20240925_135926.jpg
2175,20240925.0,141011,GOOD,/home/kaizen-ai/Desktop/thrust_bearing_app/python-backend/Downloads/bearing_complete/GOOD_20240925_141011.jpg
2176,20240925.0,141034,GOOD,/home/kaizen-ai/Desktop/thrust_bearing_app/python-backend/Downloads/bearing_complete/GOOD_20240925_141034.jpg
2177,20240925.0,141345,GOOD,/home/kaizen-ai/Desktop/thrust_bearing_app/python-backend/Downloads/bearing_complete/GOOD_20240925_141345.jpg
2178,20240925.0,141449,GOOD,/home/kaizen-ai/Desktop/thrust_bearing_app/python-backend/Downloads/bearing_complete/GOOD_20240925_141449.jpg
2179,20240925.0,141539,GOOD,/home/kaizen-ai/Desktop/thrust_bearing_app/python-backend/Downloads/bearing_complete/GOOD_20240925_141539.jpg
2180,20240925.0,141653,GOOD,/home/kaizen-ai/Desktop/thrust_bearing_app/python-backend/Downloads/bearing_complete/GOOD_20240925_141653.jpg
2181,20240925.0,141756,GOOD,/home/kaizen-ai/Desktop/thrust_bearing_app/python-backend/Downloads/bearing_complete/GOOD_20240925_141756.jpg
2182,20240925.0,141902,GOOD,/home/kaizen-ai/Desktop/thrust_bearing_app/python-backend/Downloads/bearing_complete/GOOD_20240925_141902.jpg
2183,20240925.0,142019,NG,/home/kaizen-ai/Desktop/thrust_bearing_app/python-backend/Downloads/not_complete/NG_20240925_142019.jpg
2184,20240925.0,142239,NG,/home/kaizen-ai/Desktop/thrust_bearing_app/python-backend/Downloads/not_complete/NG_20240925_142239.jpg
2185,20240925.0,142502,GOOD,/home/kaizen-ai/Desktop/thrust_bearing_app/python-backend/Downloads/bearing_complete/GOOD_20240925_142502.jpg
2186,20240925.0,142613,GOOD,/home/kaizen-ai/Desktop/thrust_bearing_app/python-backend/Downloads/bearing_complete/GOOD_20240925_142613.jpg
2187,20240925.0,142727,GOOD,/home/kaizen-ai/Desktop/thrust_bearing_app/python-backend/Downloads/bearing_complete/GOOD_20240925_142727.jpg
2188,20240925.0,142929,NG,/home/kaizen-ai/Desktop/thrust_bearing_app/python-backend/Downloads/not_complete/NG_20240925_142929.jpg
2189,20240925.0,143133,GOOD,/home/kaizen-ai/Desktop/thrust_bearing_app/python-backend/Downloads/bearing_complete/GOOD_20240925_143133.jpg
2190,20240925.0,143222,GOOD,/home/kaizen-ai/Desktop/thrust_bearing_app/python-backend/Downloads/bearing_complete/GOOD_20240925_143222.jpg
2191,20240925.0,143256,GOOD,/home/kaizen-ai/Desktop/thrust_bearing_app/python-backend/Downloads/bearing_complete/GOOD_20240925_143256.jpg
2192,20240925.0,143353,GOOD,/home/kaizen-ai/Desktop/thrust_bearing_app/python-backend/Downloads/bearing_complete/GOOD_20240925_143353.jpg
2193,20240925.0,143456,GOOD,/home/kaizen-ai/Desktop/thrust_bearing_app/python-backend/Downloads/bearing_complete/GOOD_20240925_143456.jpg
2194,20240925.0,143612,NG,/home/kaizen-ai/Desktop/thrust_bearing_app/python-backend/Downloads/not_complete/NG_20240925_143612.jpg
2195,20240925.0,143657,GOOD,/home/kaizen-ai/Desktop/thrust_bearing_app/python-backend/Downloads/bearing_complete/GOOD_20240925_143657.jpg
2196,20240925.0,143745,GOOD,/home/kaizen-ai/Desktop/thrust_bearing_app/python-backend/Downloads/bearing_complete/GOOD_20240925_143745.jpg
2197,20240925.0,143925,GOOD,/home/kaizen-ai/Desktop/thrust_bearing_app/python-backend/Downloads/bearing_complete/GOOD_20240925_143925.jpg
2198,20240925.0,144014,GOOD,/home/kaizen-ai/Desktop/thrust_bearing_app/python-backend/Downloads/bearing_complete/GOOD_20240925_144014.jpg
2199,20240925.0,144116,GOOD,/home/kaizen-ai/Desktop/thrust_bearing_app/python-backend/Downloads/bearing_complete/GOOD_20240925_144116.jpg
2200,20240925.0,144215,GOOD,/home/kaizen-ai/Desktop/thrust_bearing_app/python-backend/Downloads/bearing_complete/GOOD_20240925_144215.jpg
2201,20240925.0,144320,GOOD,/home/kaizen-ai/Desktop/thrust_bearing_app/python-backend/Downloads/bearing_complete/GOOD_20240925_144320.jpg
2202,20240925.0,144435,NG,/home/kaizen-ai/Desktop/thrust_bearing_app/python-backend/Downloads/not_complete/NG_20240925_144435.jpg
2203,20240925.0,144656,GOOD,/home/kaizen-ai/Desktop/thrust_bearing_app/python-backend/Downloads/bearing_complete/GOOD_20240925_144656.jpg
2204,20240925.0,144811,NG,/home/kaizen-ai/Desktop/thrust_bearing_app/python-backend/Downloads/not_complete/NG_20240925_144811.jpg
2205,20240925.0,144918,GOOD,/home/kaizen-ai/Desktop/thrust_bearing_app/python-backend/Downloads/bearing_complete/GOOD_20240925_144918.jpg
2206,20240925.0,145047,GOOD,/home/kaizen-ai/Desktop/thrust_bearing_app/python-backend/Downloads/bearing_complete/GOOD_20240925_145047.jpg
2207,20240925.0,145202,GOOD,/home/kaizen-ai/Desktop/thrust_bearing_app/python-backend/Downloads/bearing_complete/GOOD_20240925_145202.jpg
2208,20240925.0,145314,GOOD,/home/kaizen-ai/Desktop/thrust_bearing_app/python-backend/Downloads/bearing_complete/GOOD_20240925_145314.jpg
2209,20240925.0,145410,GOOD,/home/kaizen-ai/Desktop/thrust_bearing_app/python-backend/Downloads/bearing_complete/GOOD_20240925_145410.jpg
2210,20240925.0,145519,GOOD,/home/kaizen-ai/Desktop/thrust_bearing_app/python-backend/Downloads/bearing_complete/GOOD_20240925_145519.jpg
2211,20240925.0,145649,GOOD,/home/kaizen-ai/Desktop/thrust_bearing_app/python-backend/Downloads/bearing_complete/GOOD_20240925_145649.jpg
2212,20240925.0,145750,NG,/home/kaizen-ai/Desktop/thrust_bearing_app/python-backend/Downloads/not_complete/NG_20240925_145750.jpg
2213,20240925.0,145846,GOOD,/home/kaizen-ai/Desktop/thrust_bearing_app/python-backend/Downloads/bearing_complete/GOOD_20240925_145846.jpg
2214,20240925.0,145950,GOOD,/home/kaizen-ai/Desktop/thrust_bearing_app/python-backend/Downloads/bearing_complete/GOOD_20240925_145950.jpg
2215,20240925.0,150048,GOOD,/home/kaizen-ai/Desktop/thrust_bearing_app/python-backend/Downloads/bearing_complete/GOOD_20240925_150048.jpg
2216,20240925.0,150156,GOOD,/home/kaizen-ai/Desktop/thrust_bearing_app/python-backend/Downloads/bearing_complete/GOOD_20240925_150156.jpg
2217,20240925.0,150252,GOOD,/home/kaizen-ai/Desktop/thrust_bearing_app/python-backend/Downloads/bearing_complete/GOOD_20240925_150252.jpg
2218,20240925.0,150353,GOOD,/home/kaizen-ai/Desktop/thrust_bearing_app/python-backend/Downloads/bearing_complete/GOOD_20240925_150353.jpg
2219,20240925.0,150459,NG,/home/kaizen-ai/Desktop/thrust_bearing_app/python-backend/Downloads/not_complete/NG_20240925_150459.jpg
2220,20240925.0,150641,GOOD,/home/kaizen-ai/Desktop/thrust_bearing_app/python-backend/Downloads/bearing_complete/GOOD_20240925_150641.jpg
2221,20240925.0,150741,GOOD,/home/kaizen-ai/Desktop/thrust_bearing_app/python-backend/Downloads/bearing_complete/GOOD_20240925_150741.jpg
2222,20240925.0,150829,GOOD,/home/kaizen-ai/Desktop/thrust_bearing_app/python-backend/Downloads/bearing_complete/GOOD_20240925_150829.jpg
2223,20240925.0,150911,GOOD,/home/kaizen-ai/Desktop/thrust_bearing_app/python-backend/Downloads/bearing_complete/GOOD_20240925_150911.jpg
2224,20240925.0,151024,GOOD,/home/kaizen-ai/Desktop/thrust_bearing_app/python-backend/Downloads/bearing_complete/GOOD_20240925_151024.jpg
2225,20240925.0,151224,GOOD,/home/kaizen-ai/Desktop/thrust_bearing_app/python-backend/Downloads/bearing_complete/GOOD_20240925_151224.jpg
2226,20240925.0,151329,GOOD,/home/kaizen-ai/Desktop/thrust_bearing_app/python-backend/Downloads/bearing_complete/GOOD_20240925_151329.jpg
2227,20240925.0,151435,NG,/home/kaizen-ai/Desktop/thrust_bearing_app/python-backend/Downloads/not_complete/NG_20240925_151435.jpg
2228,20240925.0,151615,GOOD,/home/kaizen-ai/Desktop/thrust_bearing_app/python-backend/Downloads/bearing_complete/GOOD_20240925_151615.jpg
2229,20240925.0,151708,GOOD,/home/kaizen-ai/Desktop/thrust_bearing_app/python-backend/Downloads/bearing_complete/GOOD_20240925_151708.jpg
2230,20240925.0,151759,GOOD,/home/kaizen-ai/Desktop/thrust_bearing_app/python-backend/Downloads/bearing_complete/GOOD_20240925_151759.jpg
2231,20240925.0,151940,NG,/home/kaizen-ai/Desktop/thrust_bearing_app/python-backend/Downloads/not_complete/NG_20240925_151940.jpg
2232,20240925.0,152059,GOOD,/home/kaizen-ai/Desktop/thrust_bearing_app/python-backend/Downloads/bearing_complete/GOOD_20240925_152059.jpg
2233,20240925.0,152216,NG,/home/kaizen-ai/Desktop/thrust_bearing_app/python-backend/Downloads/not_complete/NG_20240925_152216.jpg
2234,20240925.0,152410,GOOD,/home/kaizen-ai/Desktop/thrust_bearing_app/python-backend/Downloads/bearing_complete/GOOD_20240925_152410.jpg
2235,20240925.0,152517,NG,/home/kaizen-ai/Desktop/thrust_bearing_app/python-backend/Downloads/not_complete/NG_20240925_152517.jpg
2236,20240925.0,152614,NG,/home/kaizen-ai/Desktop/thrust_bearing_app/python-backend/Downloads/not_complete/NG_20240925_152614.jpg
2237,20240925.0,152644,GOOD,/home/kaizen-ai/Desktop/thrust_bearing_app/python-backend/Downloads/bearing_complete/GOOD_20240925_152644.jpg
2238,20240925.0,152748,NG,/home/kaizen-ai/Desktop/thrust_bearing_app/python-backend/Downloads/not_complete/NG_20240925_152748.jpg
2239,20240925.0,152816,GOOD,/home/kaizen-ai/Desktop/thrust_bearing_app/python-backend/Downloads/bearing_complete/GOOD_20240925_152816.jpg
2240,20240925.0,152917,GOOD,/home/kaizen-ai/Desktop/thrust_bearing_app/python-backend/Downloads/bearing_complete/GOOD_20240925_152917.jpg
2241,20240925.0,153014,GOOD,/home/kaizen-ai/Desktop/thrust_bearing_app/python-backend/Downloads/bearing_complete/GOOD_20240925_153014.jpg
2242,20240925.0,153116,GOOD,/home/kaizen-ai/Desktop/thrust_bearing_app/python-backend/Downloads/bearing_complete/GOOD_20240925_153116.jpg
2243,20240925.0,153233,GOOD,/home/kaizen-ai/Desktop/thrust_bearing_app/python-backend/Downloads/bearing_complete/GOOD_20240925_153233.jpg
2244,20240925.0,153327,GOOD,/home/kaizen-ai/Desktop/thrust_bearing_app/python-backend/Downloads/bearing_complete/GOOD_20240925_153327.jpg
2245,20240925.0,153410,GOOD,/home/kaizen-ai/Desktop/thrust_bearing_app/python-backend/Downloads/bearing_complete/GOOD_20240925_153410.jpg
2246,20240925.0,153459,GOOD,/home/kaizen-ai/Desktop/thrust_bearing_app/python-backend/Downloads/bearing_complete/GOOD_20240925_153459.jpg
2247,20240925.0,153619,NG,/home/kaizen-ai/Desktop/thrust_bearing_app/python-backend/Downloads/not_complete/NG_20240925_153619.jpg
2248,20240925.0,153723,GOOD,/home/kaizen-ai/Desktop/thrust_bearing_app/python-backend/Downloads/bearing_complete/GOOD_20240925_153723.jpg
2249,20240925.0,153820,GOOD,/home/kaizen-ai/Desktop/thrust_bearing_app/python-backend/Downloads/bearing_complete/GOOD_20240925_153820.jpg
2250,20240925.0,153920,GOOD,/home/kaizen-ai/Desktop/thrust_bearing_app/python-backend/Downloads/bearing_complete/GOOD_20240925_153920.jpg
2251,20240925.0,154015,GOOD,/home/kaizen-ai/Desktop/thrust_bearing_app/python-backend/Downloads/bearing_complete/GOOD_20240925_154015.jpg
2252,20240925.0,154134,GOOD,/home/kaizen-ai/Desktop/thrust_bearing_app/python-backend/Downloads/bearing_complete/GOOD_20240925_154134.jpg
2253,20240925.0,154238,GOOD,/home/kaizen-ai/Desktop/thrust_bearing_app/python-backend/Downloads/bearing_complete/GOOD_20240925_154238.jpg
2254,20240925.0,154419,GOOD,/home/kaizen-ai/Desktop/thrust_bearing_app/python-backend/Downloads/bearing_complete/GOOD_20240925_154419.jpg
2255,20240925.0,154520,GOOD,/home/kaizen-ai/Desktop/thrust_bearing_app/python-backend/Downloads/bearing_complete/GOOD_20240925_154520.jpg
2256,20240925.0,154635,GOOD,/home/kaizen-ai/Desktop/thrust_bearing_app/python-backend/Downloads/bearing_complete/GOOD_20240925_154635.jpg
2257,20240925.0,154728,GOOD,/home/kaizen-ai/Desktop/thrust_bearing_app/python-backend/Downloads/bearing_complete/GOOD_20240925_154728.jpg
2258,20240925.0,154826,GOOD,/home/kaizen-ai/Desktop/thrust_bearing_app/python-backend/Downloads/bearing_complete/GOOD_20240925_154826.jpg
2259,20240925.0,154921,GOOD,/home/kaizen-ai/Desktop/thrust_bearing_app/python-backend/Downloads/bearing_complete/GOOD_20240925_154921.jpg
2260,20240925.0,155117,GOOD,/home/kaizen-ai/Desktop/thrust_bearing_app/python-backend/Downloads/bearing_complete/GOOD_20240925_155117.jpg
2261,20240925.0,155211,GOOD,/home/kaizen-ai/Desktop/thrust_bearing_app/python-backend/Downloads/bearing_complete/GOOD_20240925_155211.jpg
2262,20240925.0,155300,GOOD,/home/kaizen-ai/Desktop/thrust_bearing_app/python-backend/Downloads/bearing_complete/GOOD_20240925_155300.jpg
2263,20240925.0,155402,GOOD,/home/kaizen-ai/Desktop/thrust_bearing_app/python-backend/Downloads/bearing_complete/GOOD_20240925_155402.jpg
2264,20240925.0,155507,NG,/home/kaizen-ai/Desktop/thrust_bearing_app/python-backend/Downloads/not_complete/NG_20240925_155507.jpg
2265,20240925.0,155807,NG,/home/kaizen-ai/Desktop/thrust_bearing_app/python-backend/Downloads/not_complete/NG_20240925_155807.jpg
2266,20240925.0,155841,GOOD,/home/kaizen-ai/Desktop/thrust_bearing_app/python-backend/Downloads/bearing_complete/GOOD_20240925_155841.jpg
2267,20240925.0,155951,GOOD,/home/kaizen-ai/Desktop/thrust_bearing_app/python-backend/Downloads/bearing_complete/GOOD_20240925_155951.jpg
2268,20240925.0,160049,GOOD,/home/kaizen-ai/Desktop/thrust_bearing_app/python-backend/Downloads/bearing_complete/GOOD_20240925_160049.jpg
2269,20240925.0,160154,GOOD,/home/kaizen-ai/Desktop/thrust_bearing_app/python-backend/Downloads/bearing_complete/GOOD_20240925_160154.jpg
2270,20240925.0,200004,GOOD,/home/kaizen-ai/Desktop/thrust_bearing_app/python-backend/Downloads/bearing_complete/GOOD_20240925_200004.jpg
2271,20240925.0,200147,GOOD,/home/kaizen-ai/Desktop/thrust_bearing_app/python-backend/Downloads/bearing_complete/GOOD_20240925_200147.jpg
2272,20240925.0,200344,GOOD,/home/kaizen-ai/Desktop/thrust_bearing_app/python-backend/Downloads/bearing_complete/GOOD_20240925_200344.jpg
2273,20240925.0,200553,GOOD,/home/kaizen-ai/Desktop/thrust_bearing_app/python-backend/Downloads/bearing_complete/GOOD_20240925_200553.jpg
2274,20240925.0,200729,GOOD,/home/kaizen-ai/Desktop/thrust_bearing_app/python-backend/Downloads/bearing_complete/GOOD_20240925_200729.jpg
2275,20240925.0,200829,GOOD,/home/kaizen-ai/Desktop/thrust_bearing_app/python-backend/Downloads/bearing_complete/GOOD_20240925_200829.jpg
2276,20240925.0,200933,GOOD,/home/kaizen-ai/Desktop/thrust_bearing_app/python-backend/Downloads/bearing_complete/GOOD_20240925_200933.jpg
2277,20240925.0,201036,GOOD,/home/kaizen-ai/Desktop/thrust_bearing_app/python-backend/Downloads/bearing_complete/GOOD_20240925_201036.jpg
2278,20240925.0,201144,GOOD,/home/kaizen-ai/Desktop/thrust_bearing_app/python-backend/Downloads/bearing_complete/GOOD_20240925_201144.jpg
2279,20240925.0,201256,NG,/home/kaizen-ai/Desktop/thrust_bearing_app/python-backend/Downloads/not_complete/NG_20240925_201256.jpg
2280,20240925.0,201401,GOOD,/home/kaizen-ai/Desktop/thrust_bearing_app/python-backend/Downloads/bearing_complete/GOOD_20240925_201401.jpg
2281,20240925.0,201630,GOOD,/home/kaizen-ai/Desktop/thrust_bearing_app/python-backend/Downloads/bearing_complete/GOOD_20240925_201630.jpg
2282,20240925.0,201727,GOOD,/home/kaizen-ai/Desktop/thrust_bearing_app/python-backend/Downloads/bearing_complete/GOOD_20240925_201727.jpg
2283,20240925.0,201823,NG,/home/kaizen-ai/Desktop/thrust_bearing_app/python-backend/Downloads/not_complete/NG_20240925_201823.jpg
2284,20240925.0,201917,GOOD,/home/kaizen-ai/Desktop/thrust_bearing_app/python-backend/Downloads/bearing_complete/GOOD_20240925_201917.jpg
2285,20240925.0,202026,GOOD,/home/kaizen-ai/Desktop/thrust_bearing_app/python-backend/Downloads/bearing_complete/GOOD_20240925_202026.jpg
2286,20240925.0,202226,GOOD,/home/kaizen-ai/Desktop/thrust_bearing_app/python-backend/Downloads/bearing_complete/GOOD_20240925_202226.jpg
2287,20240925.0,202328,GOOD,/home/kaizen-ai/Desktop/thrust_bearing_app/python-backend/Downloads/bearing_complete/GOOD_20240925_202328.jpg
2288,20240925.0,202422,GOOD,/home/kaizen-ai/Desktop/thrust_bearing_app/python-backend/Downloads/bearing_complete/GOOD_20240925_202422.jpg
2289,20240925.0,202522,GOOD,/home/kaizen-ai/Desktop/thrust_bearing_app/python-backend/Downloads/bearing_complete/GOOD_20240925_202522.jpg
2290,20240925.0,202625,GOOD,/home/kaizen-ai/Desktop/thrust_bearing_app/python-backend/Downloads/bearing_complete/GOOD_20240925_202625.jpg
2291,20240925.0,202735,NG,/home/kaizen-ai/Desktop/thrust_bearing_app/python-backend/Downloads/not_complete/NG_20240925_202735.jpg
2292,20240925.0,202903,GOOD,/home/kaizen-ai/Desktop/thrust_bearing_app/python-backend/Downloads/bearing_complete/GOOD_20240925_202903.jpg
2293,20240925.0,202934,GOOD,/home/kaizen-ai/Desktop/thrust_bearing_app/python-backend/Downloads/bearing_complete/GOOD_20240925_202934.jpg
2294,20240925.0,203038,GOOD,/home/kaizen-ai/Desktop/thrust_bearing_app/python-backend/Downloads/bearing_complete/GOOD_20240925_203038.jpg
2295,20240925.0,203420,GOOD,/home/kaizen-ai/Desktop/thrust_bearing_app/python-backend/Downloads/bearing_complete/GOOD_20240925_203420.jpg
2296,20240925.0,203535,GOOD,/home/kaizen-ai/Desktop/thrust_bearing_app/python-backend/Downloads/bearing_complete/GOOD_20240925_203535.jpg
2297,20240925.0,203654,NG,/home/kaizen-ai/Desktop/thrust_bearing_app/python-backend/Downloads/not_complete/NG_20240925_203654.jpg
2298,20240925.0,203751,GOOD,/home/kaizen-ai/Desktop/thrust_bearing_app/python-backend/Downloads/bearing_complete/GOOD_20240925_203751.jpg
2299,20240925.0,203844,GOOD,/home/kaizen-ai/Desktop/thrust_bearing_app/python-backend/Downloads/bearing_complete/GOOD_20240925_203844.jpg
2300,20240925.0,204019,GOOD,/home/kaizen-ai/Desktop/thrust_bearing_app/python-backend/Downloads/bearing_complete/GOOD_20240925_204019.jpg
2301,20240925.0,204112,GOOD,/home/kaizen-ai/Desktop/thrust_bearing_app/python-backend/Downloads/bearing_complete/GOOD_20240925_204112.jpg
2302,20240925.0,204206,GOOD,/home/kaizen-ai/Desktop/thrust_bearing_app/python-backend/Downloads/bearing_complete/GOOD_20240925_204206.jpg
2303,20240925.0,204308,NG,/home/kaizen-ai/Desktop/thrust_bearing_app/python-backend/Downloads/not_complete/NG_20240925_204308.jpg
2304,20240925.0,204418,GOOD,/home/kaizen-ai/Desktop/thrust_bearing_app/python-backend/Downloads/bearing_complete/GOOD_20240925_204418.jpg
2305,20240925.0,204513,GOOD,/home/kaizen-ai/Desktop/thrust_bearing_app/python-backend/Downloads/bearing_complete/GOOD_20240925_204513.jpg
2306,20240925.0,204622,GOOD,/home/kaizen-ai/Desktop/thrust_bearing_app/python-backend/Downloads/bearing_complete/GOOD_20240925_204622.jpg
2307,20240925.0,204715,GOOD,/home/kaizen-ai/Desktop/thrust_bearing_app/python-backend/Downloads/bearing_complete/GOOD_20240925_204715.jpg
2308,20240925.0,204811,GOOD,/home/kaizen-ai/Desktop/thrust_bearing_app/python-backend/Downloads/bearing_complete/GOOD_20240925_204811.jpg
2309,20240925.0,204951,GOOD,/home/kaizen-ai/Desktop/thrust_bearing_app/python-backend/Downloads/bearing_complete/GOOD_20240925_204951.jpg
2310,20240925.0,205045,GOOD,/home/kaizen-ai/Desktop/thrust_bearing_app/python-backend/Downloads/bearing_complete/GOOD_20240925_205045.jpg
2311,20240925.0,205136,GOOD,/home/kaizen-ai/Desktop/thrust_bearing_app/python-backend/Downloads/bearing_complete/GOOD_20240925_205136.jpg
2312,20240925.0,205242,GOOD,/home/kaizen-ai/Desktop/thrust_bearing_app/python-backend/Downloads/bearing_complete/GOOD_20240925_205242.jpg
2313,20240925.0,205349,GOOD,/home/kaizen-ai/Desktop/thrust_bearing_app/python-backend/Downloads/bearing_complete/GOOD_20240925_205349.jpg
2314,20240925.0,205528,GOOD,/home/kaizen-ai/Desktop/thrust_bearing_app/python-backend/Downloads/bearing_complete/GOOD_20240925_205528.jpg
2315,20240925.0,205625,GOOD,/home/kaizen-ai/Desktop/thrust_bearing_app/python-backend/Downloads/bearing_complete/GOOD_20240925_205625.jpg
2316,20240925.0,205749,GOOD,/home/kaizen-ai/Desktop/thrust_bearing_app/python-backend/Downloads/bearing_complete/GOOD_20240925_205749.jpg
2317,20240925.0,205909,NG,/home/kaizen-ai/Desktop/thrust_bearing_app/python-backend/Downloads/not_complete/NG_20240925_205909.jpg
2318,20240925.0,210125,GOOD,/home/kaizen-ai/Desktop/thrust_bearing_app/python-backend/Downloads/bearing_complete/GOOD_20240925_210125.jpg
2319,20240925.0,210220,GOOD,/home/kaizen-ai/Desktop/thrust_bearing_app/python-backend/Downloads/bearing_complete/GOOD_20240925_210220.jpg
2320,20240925.0,210322,GOOD,/home/kaizen-ai/Desktop/thrust_bearing_app/python-backend/Downloads/bearing_complete/GOOD_20240925_210322.jpg
2321,20240925.0,210406,GOOD,/home/kaizen-ai/Desktop/thrust_bearing_app/python-backend/Downloads/bearing_complete/GOOD_20240925_210406.jpg
2322,20240925.0,210511,GOOD,/home/kaizen-ai/Desktop/thrust_bearing_app/python-backend/Downloads/bearing_complete/GOOD_20240925_210511.jpg
2323,20240925.0,210603,GOOD,/home/kaizen-ai/Desktop/thrust_bearing_app/python-backend/Downloads/bearing_complete/GOOD_20240925_210603.jpg
2324,20240925.0,210758,NG,/home/kaizen-ai/Desktop/thrust_bearing_app/python-backend/Downloads/not_complete/NG_20240925_210758.jpg
2325,20240925.0,210901,GOOD,/home/kaizen-ai/Desktop/thrust_bearing_app/python-backend/Downloads/bearing_complete/GOOD_20240925_210901.jpg
2326,20240925.0,211002,GOOD,/home/kaizen-ai/Desktop/thrust_bearing_app/python-backend/Downloads/bearing_complete/GOOD_20240925_211002.jpg
2327,20240925.0,211036,GOOD,/home/kaizen-ai/Desktop/thrust_bearing_app/python-backend/Downloads/bearing_complete/GOOD_20240925_211036.jpg
2328,20240925.0,211157,GOOD,/home/kaizen-ai/Desktop/thrust_bearing_app/python-backend/Downloads/bearing_complete/GOOD_20240925_211157.jpg
2329,20240925.0,211252,GOOD,/home/kaizen-ai/Desktop/thrust_bearing_app/python-backend/Downloads/bearing_complete/GOOD_20240925_211252.jpg
2330,20240925.0,211543,NG,/home/kaizen-ai/Desktop/thrust_bearing_app/python-backend/Downloads/not_complete/NG_20240925_211543.jpg
2331,20240925.0,211749,GOOD,/home/kaizen-ai/Desktop/thrust_bearing_app/python-backend/Downloads/bearing_complete/GOOD_20240925_211749.jpg
2332,20240925.0,211834,GOOD,/home/kaizen-ai/Desktop/thrust_bearing_app/python-backend/Downloads/bearing_complete/GOOD_20240925_211834.jpg
2333,20240925.0,211940,GOOD,/home/kaizen-ai/Desktop/thrust_bearing_app/python-backend/Downloads/bearing_complete/GOOD_20240925_211940.jpg
2334,20240925.0,212025,NG,/home/kaizen-ai/Desktop/thrust_bearing_app/python-backend/Downloads/not_complete/NG_20240925_212025.jpg
2335,20240925.0,212108,GOOD,/home/kaizen-ai/Desktop/thrust_bearing_app/python-backend/Downloads/bearing_complete/GOOD_20240925_212108.jpg
2336,20240925.0,212314,NG,/home/kaizen-ai/Desktop/thrust_bearing_app/python-backend/Downloads/not_complete/NG_20240925_212314.jpg
2337,20240925.0,212421,GOOD,/home/kaizen-ai/Desktop/thrust_bearing_app/python-backend/Downloads/bearing_complete/GOOD_20240925_212421.jpg
2338,20240925.0,212705,GOOD,/home/kaizen-ai/Desktop/thrust_bearing_app/python-backend/Downloads/bearing_complete/GOOD_20240925_212705.jpg
2339,20240925.0,212851,GOOD,/home/kaizen-ai/Desktop/thrust_bearing_app/python-backend/Downloads/bearing_complete/GOOD_20240925_212851.jpg
2340,20240925.0,212956,GOOD,/home/kaizen-ai/Desktop/thrust_bearing_app/python-backend/Downloads/bearing_complete/GOOD_20240925_212956.jpg
2341,20240925.0,213057,GOOD,/home/kaizen-ai/Desktop/thrust_bearing_app/python-backend/Downloads/bearing_complete/GOOD_20240925_213057.jpg
2342,20240925.0,213201,GOOD,/home/kaizen-ai/Desktop/thrust_bearing_app/python-backend/Downloads/bearing_complete/GOOD_20240925_213201.jpg
2343,20240925.0,213303,GOOD,/home/kaizen-ai/Desktop/thrust_bearing_app/python-backend/Downloads/bearing_complete/GOOD_20240925_213303.jpg
2344,20240925.0,213438,GOOD,/home/kaizen-ai/Desktop/thrust_bearing_app/python-backend/Downloads/bearing_complete/GOOD_20240925_213438.jpg
2345,20240925.0,213540,GOOD,/home/kaizen-ai/Desktop/thrust_bearing_app/python-backend/Downloads/bearing_complete/GOOD_20240925_213540.jpg
2346,20240925.0,213638,GOOD,/home/kaizen-ai/Desktop/thrust_bearing_app/python-backend/Downloads/bearing_complete/GOOD_20240925_213638.jpg
2347,20240925.0,213731,GOOD,/home/kaizen-ai/Desktop/thrust_bearing_app/python-backend/Downloads/bearing_complete/GOOD_20240925_213731.jpg
2348,20240925.0,213846,GOOD,/home/kaizen-ai/Desktop/thrust_bearing_app/python-backend/Downloads/bearing_complete/GOOD_20240925_213846.jpg
2349,20240925.0,214042,NG,/home/kaizen-ai/Desktop/thrust_bearing_app/python-backend/Downloads/not_complete/NG_20240925_214042.jpg
2350,20240925.0,214310,GOOD,/home/kaizen-ai/Desktop/thrust_bearing_app/python-backend/Downloads/bearing_complete/GOOD_20240925_214310.jpg
2351,20240925.0,214426,GOOD,/home/kaizen-ai/Desktop/thrust_bearing_app/python-backend/Downloads/bearing_complete/GOOD_20240925_214426.jpg
2352,20240925.0,214622,GOOD,/home/kaizen-ai/Desktop/thrust_bearing_app/python-backend/Downloads/bearing_complete/GOOD_20240925_214622.jpg
2353,20240925.0,214729,GOOD,/home/kaizen-ai/Desktop/thrust_bearing_app/python-backend/Downloads/bearing_complete/GOOD_20240925_214729.jpg
2354,20240925.0,214811,NG,/home/kaizen-ai/Desktop/thrust_bearing_app/python-backend/Downloads/not_complete/NG_20240925_214811.jpg
2355,20240925.0,214957,NG,/home/kaizen-ai/Desktop/thrust_bearing_app/python-backend/Downloads/not_complete/NG_20240925_214957.jpg
2356,20240925.0,215046,GOOD,/home/kaizen-ai/Desktop/thrust_bearing_app/python-backend/Downloads/bearing_complete/GOOD_20240925_215046.jpg
2357,20240925.0,215248,GOOD,/home/kaizen-ai/Desktop/thrust_bearing_app/python-backend/Downloads/bearing_complete/GOOD_20240925_215248.jpg
2358,20240925.0,215357,GOOD,/home/kaizen-ai/Desktop/thrust_bearing_app/python-backend/Downloads/bearing_complete/GOOD_20240925_215357.jpg
2359,20240925.0,215541,GOOD,/home/kaizen-ai/Desktop/thrust_bearing_app/python-backend/Downloads/bearing_complete/GOOD_20240925_215541.jpg
2360,20240925.0,215608,NG,/home/kaizen-ai/Desktop/thrust_bearing_app/python-backend/Downloads/not_complete/NG_20240925_215608.jpg
2361,20240925.0,215709,GOOD,/home/kaizen-ai/Desktop/thrust_bearing_app/python-backend/Downloads/bearing_complete/GOOD_20240925_215709.jpg
2362,20240925.0,215818,GOOD,/home/kaizen-ai/Desktop/thrust_bearing_app/python-backend/Downloads/bearing_complete/GOOD_20240925_215818.jpg
2363,20240925.0,215920,GOOD,/home/kaizen-ai/Desktop/thrust_bearing_app/python-backend/Downloads/bearing_complete/GOOD_20240925_215920.jpg
2364,20240925.0,221021,GOOD,/home/kaizen-ai/Desktop/thrust_bearing_app/python-backend/Downloads/bearing_complete/GOOD_20240925_221021.jpg
2365,20240925.0,221121,NG,/home/kaizen-ai/Desktop/thrust_bearing_app/python-backend/Downloads/not_complete/NG_20240925_221121.jpg
2366,20240925.0,221354,GOOD,/home/kaizen-ai/Desktop/thrust_bearing_app/python-backend/Downloads/bearing_complete/GOOD_20240925_221354.jpg
2367,20240925.0,221623,NG,/home/kaizen-ai/Desktop/thrust_bearing_app/python-backend/Downloads/not_complete/NG_20240925_221623.jpg
2368,20240925.0,221711,GOOD,/home/kaizen-ai/Desktop/thrust_bearing_app/python-backend/Downloads/bearing_complete/GOOD_20240925_221711.jpg
2369,20240925.0,221912,GOOD,/home/kaizen-ai/Desktop/thrust_bearing_app/python-backend/Downloads/bearing_complete/GOOD_20240925_221912.jpg
2370,20240925.0,221958,GOOD,/home/kaizen-ai/Desktop/thrust_bearing_app/python-backend/Downloads/bearing_complete/GOOD_20240925_221958.jpg
2371,20240925.0,222059,GOOD,/home/kaizen-ai/Desktop/thrust_bearing_app/python-backend/Downloads/bearing_complete/GOOD_20240925_222059.jpg
2372,20240925.0,222155,GOOD,/home/kaizen-ai/Desktop/thrust_bearing_app/python-backend/Downloads/bearing_complete/GOOD_20240925_222155.jpg
2373,20240925.0,222301,NG,/home/kaizen-ai/Desktop/thrust_bearing_app/python-backend/Downloads/not_complete/NG_20240925_222301.jpg
2374,20240925.0,222437,GOOD,/home/kaizen-ai/Desktop/thrust_bearing_app/python-backend/Downloads/bearing_complete/GOOD_20240925_222437.jpg
2375,20240925.0,222549,GOOD,/home/kaizen-ai/Desktop/thrust_bearing_app/python-backend/Downloads/bearing_complete/GOOD_20240925_222549.jpg
2376,20240925.0,222704,GOOD,/home/kaizen-ai/Desktop/thrust_bearing_app/python-backend/Downloads/bearing_complete/GOOD_20240925_222704.jpg
2377,20240925.0,222815,GOOD,/home/kaizen-ai/Desktop/thrust_bearing_app/python-backend/Downloads/bearing_complete/GOOD_20240925_222815.jpg
2378,20240925.0,223020,NG,/home/kaizen-ai/Desktop/thrust_bearing_app/python-backend/Downloads/not_complete/NG_20240925_223020.jpg
2379,20240925.0,223256,GOOD,/home/kaizen-ai/Desktop/thrust_bearing_app/python-backend/Downloads/bearing_complete/GOOD_20240925_223256.jpg
2380,20240925.0,223406,GOOD,/home/kaizen-ai/Desktop/thrust_bearing_app/python-backend/Downloads/bearing_complete/GOOD_20240925_223406.jpg
2381,20240925.0,223446,GOOD,/home/kaizen-ai/Desktop/thrust_bearing_app/python-backend/Downloads/bearing_complete/GOOD_20240925_223446.jpg
2382,20240925.0,223650,GOOD,/home/kaizen-ai/Desktop/thrust_bearing_app/python-backend/Downloads/bearing_complete/GOOD_20240925_223650.jpg
2383,20240925.0,223815,NG,/home/kaizen-ai/Desktop/thrust_bearing_app/python-backend/Downloads/not_complete/NG_20240925_223815.jpg
2384,20240925.0,223918,GOOD,/home/kaizen-ai/Desktop/thrust_bearing_app/python-backend/Downloads/bearing_complete/GOOD_20240925_223918.jpg
2385,20240925.0,224151,GOOD,/home/kaizen-ai/Desktop/thrust_bearing_app/python-backend/Downloads/bearing_complete/GOOD_20240925_224151.jpg
2386,20240925.0,224252,GOOD,/home/kaizen-ai/Desktop/thrust_bearing_app/python-backend/Downloads/bearing_complete/GOOD_20240925_224252.jpg
2387,20240925.0,224352,NG,/home/kaizen-ai/Desktop/thrust_bearing_app/python-backend/Downloads/not_complete/NG_20240925_224352.jpg
2388,20240925.0,224443,GOOD,/home/kaizen-ai/Desktop/thrust_bearing_app/python-backend/Downloads/bearing_complete/GOOD_20240925_224443.jpg
2389,20240925.0,224554,GOOD,/home/kaizen-ai/Desktop/thrust_bearing_app/python-backend/Downloads/bearing_complete/GOOD_20240925_224554.jpg
2390,20240925.0,224753,NG,/home/kaizen-ai/Desktop/thrust_bearing_app/python-backend/Downloads/not_complete/NG_20240925_224753.jpg
2391,20240925.0,224957,NG,/home/kaizen-ai/Desktop/thrust_bearing_app/python-backend/Downloads/not_complete/NG_20240925_224957.jpg
2392,20240925.0,225212,GOOD,/home/kaizen-ai/Desktop/thrust_bearing_app/python-backend/Downloads/bearing_complete/GOOD_20240925_225212.jpg
2393,20240925.0,225314,GOOD,/home/kaizen-ai/Desktop/thrust_bearing_app/python-backend/Downloads/bearing_complete/GOOD_20240925_225314.jpg
2394,20240925.0,225441,GOOD,/home/kaizen-ai/Desktop/thrust_bearing_app/python-backend/Downloads/bearing_complete/GOOD_20240925_225441.jpg
2395,20240925.0,225547,GOOD,/home/kaizen-ai/Desktop/thrust_bearing_app/python-backend/Downloads/bearing_complete/GOOD_20240925_225547.jpg
2396,20240925.0,225645,GOOD,/home/kaizen-ai/Desktop/thrust_bearing_app/python-backend/Downloads/bearing_complete/GOOD_20240925_225645.jpg
2397,20240925.0,225734,NG,/home/kaizen-ai/Desktop/thrust_bearing_app/python-backend/Downloads/not_complete/NG_20240925_225734.jpg
2398,20240925.0,225920,GOOD,/home/kaizen-ai/Desktop/thrust_bearing_app/python-backend/Downloads/bearing_complete/GOOD_20240925_225920.jpg
2399,20240925.0,230126,GOOD,/home/kaizen-ai/Desktop/thrust_bearing_app/python-backend/Downloads/bearing_complete/GOOD_20240925_230126.jpg
2400,20240925.0,230353,GOOD,/home/kaizen-ai/Desktop/thrust_bearing_app/python-backend/Downloads/bearing_complete/GOOD_20240925_230353.jpg
2401,20240925.0,230509,NG,/home/kaizen-ai/Desktop/thrust_bearing_app/python-backend/Downloads/not_complete/NG_20240925_230509.jpg
2402,20240925.0,230557,GOOD,/home/kaizen-ai/Desktop/thrust_bearing_app/python-backend/Downloads/bearing_complete/GOOD_20240925_230557.jpg
2403,20240925.0,230742,GOOD,/home/kaizen-ai/Desktop/thrust_bearing_app/python-backend/Downloads/bearing_complete/GOOD_20240925_230742.jpg
2404,20240925.0,230850,GOOD,/home/kaizen-ai/Desktop/thrust_bearing_app/python-backend/Downloads/bearing_complete/GOOD_20240925_230850.jpg
2405,20240925.0,231014,NG,/home/kaizen-ai/Desktop/thrust_bearing_app/python-backend/Downloads/not_complete/NG_20240925_231014.jpg
2406,20240925.0,231118,GOOD,/home/kaizen-ai/Desktop/thrust_bearing_app/python-backend/Downloads/bearing_complete/GOOD_20240925_231118.jpg
2407,20240925.0,231235,GOOD,/home/kaizen-ai/Desktop/thrust_bearing_app/python-backend/Downloads/bearing_complete/GOOD_20240925_231235.jpg
2408,20240925.0,231403,GOOD,/home/kaizen-ai/Desktop/thrust_bearing_app/python-backend/Downloads/bearing_complete/GOOD_20240925_231403.jpg
2409,20240925.0,231503,GOOD,/home/kaizen-ai/Desktop/thrust_bearing_app/python-backend/Downloads/bearing_complete/GOOD_20240925_231503.jpg
2410,20240925.0,231557,GOOD,/home/kaizen-ai/Desktop/thrust_bearing_app/python-backend/Downloads/bearing_complete/GOOD_20240925_231557.jpg
2411,20240925.0,231715,GOOD,/home/kaizen-ai/Desktop/thrust_bearing_app/python-backend/Downloads/bearing_complete/GOOD_20240925_231715.jpg
2412,20240925.0,231818,GOOD,/home/kaizen-ai/Desktop/thrust_bearing_app/python-backend/Downloads/bearing_complete/GOOD_20240925_231818.jpg
2413,20240925.0,231937,GOOD,/home/kaizen-ai/Desktop/thrust_bearing_app/python-backend/Downloads/bearing_complete/GOOD_20240925_231937.jpg
2414,20240925.0,232046,GOOD,/home/kaizen-ai/Desktop/thrust_bearing_app/python-backend/Downloads/bearing_complete/GOOD_20240925_232046.jpg
2415,20240925.0,232132,GOOD,/home/kaizen-ai/Desktop/thrust_bearing_app/python-backend/Downloads/bearing_complete/GOOD_20240925_232132.jpg
2416,20240925.0,232251,GOOD,/home/kaizen-ai/Desktop/thrust_bearing_app/python-backend/Downloads/bearing_complete/GOOD_20240925_232251.jpg
2417,20240925.0,232426,GOOD,/home/kaizen-ai/Desktop/thrust_bearing_app/python-backend/Downloads/bearing_complete/GOOD_20240925_232426.jpg
2418,20240925.0,232527,NG,/home/kaizen-ai/Desktop/thrust_bearing_app/python-backend/Downloads/not_complete/NG_20240925_232527.jpg
2419,20240925.0,232609,GOOD,/home/kaizen-ai/Desktop/thrust_bearing_app/python-backend/Downloads/bearing_complete/GOOD_20240925_232609.jpg
2420,20240925.0,232700,GOOD,/home/kaizen-ai/Desktop/thrust_bearing_app/python-backend/Downloads/bearing_complete/GOOD_20240925_232700.jpg
2421,20240925.0,232752,GOOD,/home/kaizen-ai/Desktop/thrust_bearing_app/python-backend/Downloads/bearing_complete/GOOD_20240925_232752.jpg
2422,20240925.0,232902,GOOD,/home/kaizen-ai/Desktop/thrust_bearing_app/python-backend/Downloads/bearing_complete/GOOD_20240925_232902.jpg
2423,20240925.0,233033,GOOD,/home/kaizen-ai/Desktop/thrust_bearing_app/python-backend/Downloads/bearing_complete/GOOD_20240925_233033.jpg
2424,20240925.0,233245,NG,/home/kaizen-ai/Desktop/thrust_bearing_app/python-backend/Downloads/not_complete/NG_20240925_233245.jpg
2425,20240925.0,233333,GOOD,/home/kaizen-ai/Desktop/thrust_bearing_app/python-backend/Downloads/bearing_complete/GOOD_20240925_233333.jpg
2426,20240925.0,233430,GOOD,/home/kaizen-ai/Desktop/thrust_bearing_app/python-backend/Downloads/bearing_complete/GOOD_20240925_233430.jpg
2427,20240925.0,233512,GOOD,/home/kaizen-ai/Desktop/thrust_bearing_app/python-backend/Downloads/bearing_complete/GOOD_20240925_233512.jpg
2428,20240925.0,233658,NG,/home/kaizen-ai/Desktop/thrust_bearing_app/python-backend/Downloads/not_complete/NG_20240925_233658.jpg
2429,20240925.0,233833,GOOD,/home/kaizen-ai/Desktop/thrust_bearing_app/python-backend/Downloads/bearing_complete/GOOD_20240925_233833.jpg
2430,20240925.0,234003,GOOD,/home/kaizen-ai/Desktop/thrust_bearing_app/python-backend/Downloads/bearing_complete/GOOD_20240925_234003.jpg
2431,20240925.0,234201,GOOD,/home/kaizen-ai/Desktop/thrust_bearing_app/python-backend/Downloads/bearing_complete/GOOD_20240925_234201.jpg
2432,20240925.0,234240,GOOD,/home/kaizen-ai/Desktop/thrust_bearing_app/python-backend/Downloads/bearing_complete/GOOD_20240925_234240.jpg
2433,20240925.0,234332,GOOD,/home/kaizen-ai/Desktop/thrust_bearing_app/python-backend/Downloads/bearing_complete/GOOD_20240925_234332.jpg
2434,20240925.0,234438,GOOD,/home/kaizen-ai/Desktop/thrust_bearing_app/python-backend/Downloads/bearing_complete/GOOD_20240925_234438.jpg
2435,20240925.0,234601,NG,/home/kaizen-ai/Desktop/thrust_bearing_app/python-backend/Downloads/not_complete/NG_20240925_234601.jpg
2436,20240925.0,234820,NG,/home/kaizen-ai/Desktop/thrust_bearing_app/python-backend/Downloads/not_complete/NG_20240925_234820.jpg
2437,20240925.0,234906,GOOD,/home/kaizen-ai/Desktop/thrust_bearing_app/python-backend/Downloads/bearing_complete/GOOD_20240925_234906.jpg
2438,20240925.0,235010,GOOD,/home/kaizen-ai/Desktop/thrust_bearing_app/python-backend/Downloads/bearing_complete/GOOD_20240925_235010.jpg
2439,20240925.0,235105,GOOD,/home/kaizen-ai/Desktop/thrust_bearing_app/python-backend/Downloads/bearing_complete/GOOD_20240925_235105.jpg
2440,20240925.0,235157,GOOD,/home/kaizen-ai/Desktop/thrust_bearing_app/python-backend/Downloads/bearing_complete/GOOD_20240925_235157.jpg
2441,20240925.0,235252,GOOD,/home/kaizen-ai/Desktop/thrust_bearing_app/python-backend/Downloads/bearing_complete/GOOD_20240925_235252.jpg
2442,20240925.0,235404,GOOD,/home/kaizen-ai/Desktop/thrust_bearing_app/python-backend/Downloads/bearing_complete/GOOD_20240925_235404.jpg
2443,20240925.0,235725,NG,/home/kaizen-ai/Desktop/thrust_bearing_app/python-backend/Downloads/not_complete/NG_20240925_235725.jpg
2444,20240925.0,235828,GOOD,/home/kaizen-ai/Desktop/thrust_bearing_app/python-backend/Downloads/bearing_complete/GOOD_20240925_235828.jpg
2445,20240925.0,235950,GOOD,/home/kaizen-ai/Desktop/thrust_bearing_app/python-backend/Downloads/bearing_complete/GOOD_20240925_235950.jpg
2446,20240926.0,3012,NG,/home/kaizen-ai/Desktop/thrust_bearing_app/python-backend/Downloads/not_complete/NG_20240926_003012.jpg
2447,20240926.0,3150,GOOD,/home/kaizen-ai/Desktop/thrust_bearing_app/python-backend/Downloads/bearing_complete/GOOD_20240926_003150.jpg
2448,20240926.0,3528,GOOD,/home/kaizen-ai/Desktop/thrust_bearing_app/python-backend/Downloads/bearing_complete/GOOD_20240926_003528.jpg
2449,20240926.0,3739,GOOD,/home/kaizen-ai/Desktop/thrust_bearing_app/python-backend/Downloads/bearing_complete/GOOD_20240926_003739.jpg
2450,20240926.0,3900,NG,/home/kaizen-ai/Desktop/thrust_bearing_app/python-backend/Downloads/not_complete/NG_20240926_003900.jpg
2451,20240926.0,4002,GOOD,/home/kaizen-ai/Desktop/thrust_bearing_app/python-backend/Downloads/bearing_complete/GOOD_20240926_004002.jpg
2452,20240926.0,4148,GOOD,/home/kaizen-ai/Desktop/thrust_bearing_app/python-backend/Downloads/bearing_complete/GOOD_20240926_004148.jpg
2453,20240926.0,4242,NG,/home/kaizen-ai/Desktop/thrust_bearing_app/python-backend/Downloads/not_complete/NG_20240926_004242.jpg
2454,20240926.0,4338,GOOD,/home/kaizen-ai/Desktop/thrust_bearing_app/python-backend/Downloads/bearing_complete/GOOD_20240926_004338.jpg
2455,20240926.0,4413,GOOD,/home/kaizen-ai/Desktop/thrust_bearing_app/python-backend/Downloads/bearing_complete/GOOD_20240926_004413.jpg
2456,20240926.0,4524,NG,/home/kaizen-ai/Desktop/thrust_bearing_app/python-backend/Downloads/not_complete/NG_20240926_004524.jpg
2457,20240926.0,4556,GOOD,/home/kaizen-ai/Desktop/thrust_bearing_app/python-backend/Downloads/bearing_complete/GOOD_20240926_004556.jpg
2458,20240926.0,4744,NG,/home/kaizen-ai/Desktop/thrust_bearing_app/python-backend/Downloads/not_complete/NG_20240926_004744.jpg
2459,20240926.0,4914,GOOD,/home/kaizen-ai/Desktop/thrust_bearing_app/python-backend/Downloads/bearing_complete/GOOD_20240926_004914.jpg
2460,20240926.0,5128,NG,/home/kaizen-ai/Desktop/thrust_bearing_app/python-backend/Downloads/not_complete/NG_20240926_005128.jpg
2461,20240926.0,5218,GOOD,/home/kaizen-ai/Desktop/thrust_bearing_app/python-backend/Downloads/bearing_complete/GOOD_20240926_005218.jpg
2462,20240926.0,5314,GOOD,/home/kaizen-ai/Desktop/thrust_bearing_app/python-backend/Downloads/bearing_complete/GOOD_20240926_005314.jpg
2463,20240926.0,5424,GOOD,/home/kaizen-ai/Desktop/thrust_bearing_app/python-backend/Downloads/bearing_complete/GOOD_20240926_005424.jpg
2464,20240926.0,5636,GOOD,/home/kaizen-ai/Desktop/thrust_bearing_app/python-backend/Downloads/bearing_complete/GOOD_20240926_005636.jpg
2465,20240926.0,5744,NG,/home/kaizen-ai/Desktop/thrust_bearing_app/python-backend/Downloads/not_complete/NG_20240926_005744.jpg
2466,20240926.0,5844,GOOD,/home/kaizen-ai/Desktop/thrust_bearing_app/python-backend/Downloads/bearing_complete/GOOD_20240926_005844.jpg
2467,20240926.0,10056,NG,/home/kaizen-ai/Desktop/thrust_bearing_app/python-backend/Downloads/not_complete/NG_20240926_010056.jpg
2468,20240926.0,10236,NG,/home/kaizen-ai/Desktop/thrust_bearing_app/python-backend/Downloads/not_complete/NG_20240926_010236.jpg
2469,20240926.0,10330,GOOD,/home/kaizen-ai/Desktop/thrust_bearing_app/python-backend/Downloads/bearing_complete/GOOD_20240926_010330.jpg
2470,20240926.0,10547,GOOD,/home/kaizen-ai/Desktop/thrust_bearing_app/python-backend/Downloads/bearing_complete/GOOD_20240926_010547.jpg
2471,20240926.0,10718,GOOD,/home/kaizen-ai/Desktop/thrust_bearing_app/python-backend/Downloads/bearing_complete/GOOD_20240926_010718.jpg
2472,20240926.0,10822,GOOD,/home/kaizen-ai/Desktop/thrust_bearing_app/python-backend/Downloads/bearing_complete/GOOD_20240926_010822.jpg
2473,20240926.0,11009,GOOD,/home/kaizen-ai/Desktop/thrust_bearing_app/python-backend/Downloads/bearing_complete/GOOD_20240926_011009.jpg
2474,20240926.0,11115,GOOD,/home/kaizen-ai/Desktop/thrust_bearing_app/python-backend/Downloads/bearing_complete/GOOD_20240926_011115.jpg
2475,20240926.0,11218,GOOD,/home/kaizen-ai/Desktop/thrust_bearing_app/python-backend/Downloads/bearing_complete/GOOD_20240926_011218.jpg
2476,20240926.0,11258,GOOD,/home/kaizen-ai/Desktop/thrust_bearing_app/python-backend/Downloads/bearing_complete/GOOD_20240926_011258.jpg
2477,20240926.0,11357,GOOD,/home/kaizen-ai/Desktop/thrust_bearing_app/python-backend/Downloads/bearing_complete/GOOD_20240926_011357.jpg
2478,20240926.0,11453,GOOD,/home/kaizen-ai/Desktop/thrust_bearing_app/python-backend/Downloads/bearing_complete/GOOD_20240926_011453.jpg
2479,20240926.0,11557,GOOD,/home/kaizen-ai/Desktop/thrust_bearing_app/python-backend/Downloads/bearing_complete/GOOD_20240926_011557.jpg
2480,20240926.0,11654,GOOD,/home/kaizen-ai/Desktop/thrust_bearing_app/python-backend/Downloads/bearing_complete/GOOD_20240926_011654.jpg
2481,20240926.0,11814,NG,/home/kaizen-ai/Desktop/thrust_bearing_app/python-backend/Downloads/not_complete/NG_20240926_011814.jpg
2482,20240926.0,11901,GOOD,/home/kaizen-ai/Desktop/thrust_bearing_app/python-backend/Downloads/bearing_complete/GOOD_20240926_011901.jpg
2483,20240926.0,12058,GOOD,/home/kaizen-ai/Desktop/thrust_bearing_app/python-backend/Downloads/bearing_complete/GOOD_20240926_012058.jpg
2484,20240926.0,12207,GOOD,/home/kaizen-ai/Desktop/thrust_bearing_app/python-backend/Downloads/bearing_complete/GOOD_20240926_012207.jpg
2485,20240926.0,12428,GOOD,/home/kaizen-ai/Desktop/thrust_bearing_app/python-backend/Downloads/bearing_complete/GOOD_20240926_012428.jpg
2486,20240926.0,12601,GOOD,/home/kaizen-ai/Desktop/thrust_bearing_app/python-backend/Downloads/bearing_complete/GOOD_20240926_012601.jpg
2487,20240926.0,12823,NG,/home/kaizen-ai/Desktop/thrust_bearing_app/python-backend/Downloads/not_complete/NG_20240926_012823.jpg
2488,20240926.0,12959,GOOD,/home/kaizen-ai/Desktop/thrust_bearing_app/python-backend/Downloads/bearing_complete/GOOD_20240926_012959.jpg
2489,20240926.0,13100,GOOD,/home/kaizen-ai/Desktop/thrust_bearing_app/python-backend/Downloads/bearing_complete/GOOD_20240926_013100.jpg
2490,20240926.0,13153,GOOD,/home/kaizen-ai/Desktop/thrust_bearing_app/python-backend/Downloads/bearing_complete/GOOD_20240926_013153.jpg
2491,20240926.0,13309,GOOD,/home/kaizen-ai/Desktop/thrust_bearing_app/python-backend/Downloads/bearing_complete/GOOD_20240926_013309.jpg
2492,20240926.0,13351,GOOD,/home/kaizen-ai/Desktop/thrust_bearing_app/python-backend/Downloads/bearing_complete/GOOD_20240926_013351.jpg
2493,20240926.0,13431,GOOD,/home/kaizen-ai/Desktop/thrust_bearing_app/python-backend/Downloads/bearing_complete/GOOD_20240926_013431.jpg
2494,20240926.0,13542,GOOD,/home/kaizen-ai/Desktop/thrust_bearing_app/python-backend/Downloads/bearing_complete/GOOD_20240926_013542.jpg
2495,20240926.0,13736,GOOD,/home/kaizen-ai/Desktop/thrust_bearing_app/python-backend/Downloads/bearing_complete/GOOD_20240926_013736.jpg
2496,20240926.0,13833,GOOD,/home/kaizen-ai/Desktop/thrust_bearing_app/python-backend/Downloads/bearing_complete/GOOD_20240926_013833.jpg
2497,20240926.0,13933,NG,/home/kaizen-ai/Desktop/thrust_bearing_app/python-backend/Downloads/not_complete/NG_20240926_013933.jpg
2498,20240926.0,14022,GOOD,/home/kaizen-ai/Desktop/thrust_bearing_app/python-backend/Downloads/bearing_complete/GOOD_20240926_014022.jpg
2499,20240926.0,14121,GOOD,/home/kaizen-ai/Desktop/thrust_bearing_app/python-backend/Downloads/bearing_complete/GOOD_20240926_014121.jpg
2500,20240926.0,14227,GOOD,/home/kaizen-ai/Desktop/thrust_bearing_app/python-backend/Downloads/bearing_complete/GOOD_20240926_014227.jpg
2501,20240926.0,14328,GOOD,/home/kaizen-ai/Desktop/thrust_bearing_app/python-backend/Downloads/bearing_complete/GOOD_20240926_014328.jpg
2502,20240926.0,14434,GOOD,/home/kaizen-ai/Desktop/thrust_bearing_app/python-backend/Downloads/bearing_complete/GOOD_20240926_014434.jpg
2503,20240926.0,14539,GOOD,/home/kaizen-ai/Desktop/thrust_bearing_app/python-backend/Downloads/bearing_complete/GOOD_20240926_014539.jpg
2504,20240926.0,14809,NG,/home/kaizen-ai/Desktop/thrust_bearing_app/python-backend/Downloads/not_complete/NG_20240926_014809.jpg
2505,20240926.0,14928,GOOD,/home/kaizen-ai/Desktop/thrust_bearing_app/python-backend/Downloads/bearing_complete/GOOD_20240926_014928.jpg
2506,20240926.0,15022,GOOD,/home/kaizen-ai/Desktop/thrust_bearing_app/python-backend/Downloads/bearing_complete/GOOD_20240926_015022.jpg
2507,20240926.0,15132,GOOD,/home/kaizen-ai/Desktop/thrust_bearing_app/python-backend/Downloads/bearing_complete/GOOD_20240926_015132.jpg
2508,20240926.0,15234,GOOD,/home/kaizen-ai/Desktop/thrust_bearing_app/python-backend/Downloads/bearing_complete/GOOD_20240926_015234.jpg
2509,20240926.0,15344,GOOD,/home/kaizen-ai/Desktop/thrust_bearing_app/python-backend/Downloads/bearing_complete/GOOD_20240926_015344.jpg
2510,20240926.0,15446,GOOD,/home/kaizen-ai/Desktop/thrust_bearing_app/python-backend/Downloads/bearing_complete/GOOD_20240926_015446.jpg
2511,20240926.0,15551,NG,/home/kaizen-ai/Desktop/thrust_bearing_app/python-backend/Downloads/not_complete/NG_20240926_015551.jpg
2512,20240926.0,15701,GOOD,/home/kaizen-ai/Desktop/thrust_bearing_app/python-backend/Downloads/bearing_complete/GOOD_20240926_015701.jpg
2513,20240926.0,15826,GOOD,/home/kaizen-ai/Desktop/thrust_bearing_app/python-backend/Downloads/bearing_complete/GOOD_20240926_015826.jpg
2514,20240926.0,20032,NG,/home/kaizen-ai/Desktop/thrust_bearing_app/python-backend/Downloads/not_complete/NG_20240926_020032.jpg
2515,20240926.0,20236,NG,/home/kaizen-ai/Desktop/thrust_bearing_app/python-backend/Downloads/not_complete/NG_20240926_020236.jpg
2516,20240926.0,20329,GOOD,/home/kaizen-ai/Desktop/thrust_bearing_app/python-backend/Downloads/bearing_complete/GOOD_20240926_020329.jpg
2517,20240926.0,20528,GOOD,/home/kaizen-ai/Desktop/thrust_bearing_app/python-backend/Downloads/bearing_complete/GOOD_20240926_020528.jpg
2518,20240926.0,20636,GOOD,/home/kaizen-ai/Desktop/thrust_bearing_app/python-backend/Downloads/bearing_complete/GOOD_20240926_020636.jpg
2519,20240926.0,20825,GOOD,/home/kaizen-ai/Desktop/thrust_bearing_app/python-backend/Downloads/bearing_complete/GOOD_20240926_020825.jpg
2520,20240926.0,20922,GOOD,/home/kaizen-ai/Desktop/thrust_bearing_app/python-backend/Downloads/bearing_complete/GOOD_20240926_020922.jpg
2521,20240926.0,21000,GOOD,/home/kaizen-ai/Desktop/thrust_bearing_app/python-backend/Downloads/bearing_complete/GOOD_20240926_021000.jpg
2522,20240926.0,21110,NG,/home/kaizen-ai/Desktop/thrust_bearing_app/python-backend/Downloads/not_complete/NG_20240926_021110.jpg
2523,20240926.0,21215,GOOD,/home/kaizen-ai/Desktop/thrust_bearing_app/python-backend/Downloads/bearing_complete/GOOD_20240926_021215.jpg
2524,20240926.0,21307,NG,/home/kaizen-ai/Desktop/thrust_bearing_app/python-backend/Downloads/not_complete/NG_20240926_021307.jpg
2525,20240926.0,21616,GOOD,/home/kaizen-ai/Desktop/thrust_bearing_app/python-backend/Downloads/bearing_complete/GOOD_20240926_021616.jpg
2526,20240926.0,21654,GOOD,/home/kaizen-ai/Desktop/thrust_bearing_app/python-backend/Downloads/bearing_complete/GOOD_20240926_021654.jpg
2527,20240926.0,21746,GOOD,/home/kaizen-ai/Desktop/thrust_bearing_app/python-backend/Downloads/bearing_complete/GOOD_20240926_021746.jpg
2528,20240926.0,21900,GOOD,/home/kaizen-ai/Desktop/thrust_bearing_app/python-backend/Downloads/bearing_complete/GOOD_20240926_021900.jpg
2529,20240926.0,22002,NG,/home/kaizen-ai/Desktop/thrust_bearing_app/python-backend/Downloads/not_complete/NG_20240926_022002.jpg
2530,20240926.0,22051,GOOD,/home/kaizen-ai/Desktop/thrust_bearing_app/python-backend/Downloads/bearing_complete/GOOD_20240926_022051.jpg
2531,20240926.0,22254,GOOD,/home/kaizen-ai/Desktop/thrust_bearing_app/python-backend/Downloads/bearing_complete/GOOD_20240926_022254.jpg
2532,20240926.0,22406,GOOD,/home/kaizen-ai/Desktop/thrust_bearing_app/python-backend/Downloads/bearing_complete/GOOD_20240926_022406.jpg
2533,20240926.0,22516,GOOD,/home/kaizen-ai/Desktop/thrust_bearing_app/python-backend/Downloads/bearing_complete/GOOD_20240926_022516.jpg
2534,20240926.0,22613,NG,/home/kaizen-ai/Desktop/thrust_bearing_app/python-backend/Downloads/not_complete/NG_20240926_022613.jpg
2535,20240926.0,22817,GOOD,/home/kaizen-ai/Desktop/thrust_bearing_app/python-backend/Downloads/bearing_complete/GOOD_20240926_022817.jpg
2536,20240926.0,22902,NG,/home/kaizen-ai/Desktop/thrust_bearing_app/python-backend/Downloads/not_complete/NG_20240926_022902.jpg
2537,20240926.0,23009,GOOD,/home/kaizen-ai/Desktop/thrust_bearing_app/python-backend/Downloads/bearing_complete/GOOD_20240926_023009.jpg
2538,20240926.0,24211,GOOD,/home/kaizen-ai/Desktop/thrust_bearing_app/python-backend/Downloads/bearing_complete/GOOD_20240926_024211.jpg
2539,20240926.0,24300,GOOD,/home/kaizen-ai/Desktop/thrust_bearing_app/python-backend/Downloads/bearing_complete/GOOD_20240926_024300.jpg
2540,20240926.0,24511,NG,/home/kaizen-ai/Desktop/thrust_bearing_app/python-backend/Downloads/not_complete/NG_20240926_024511.jpg
2541,20240926.0,24622,GOOD,/home/kaizen-ai/Desktop/thrust_bearing_app/python-backend/Downloads/bearing_complete/GOOD_20240926_024622.jpg
2542,20240926.0,24717,GOOD,/home/kaizen-ai/Desktop/thrust_bearing_app/python-backend/Downloads/bearing_complete/GOOD_20240926_024717.jpg
2543,20240926.0,24803,GOOD,/home/kaizen-ai/Desktop/thrust_bearing_app/python-backend/Downloads/bearing_complete/GOOD_20240926_024803.jpg
2544,20240926.0,24908,NG,/home/kaizen-ai/Desktop/thrust_bearing_app/python-backend/Downloads/not_complete/NG_20240926_024908.jpg
2545,20240926.0,24956,NG,/home/kaizen-ai/Desktop/thrust_bearing_app/python-backend/Downloads/not_complete/NG_20240926_024956.jpg
2546,20240926.0,25032,GOOD,/home/kaizen-ai/Desktop/thrust_bearing_app/python-backend/Downloads/bearing_complete/GOOD_20240926_025032.jpg
2547,20240926.0,25246,NG,/home/kaizen-ai/Desktop/thrust_bearing_app/python-backend/Downloads/not_complete/NG_20240926_025246.jpg
2548,20240926.0,25525,GOOD,/home/kaizen-ai/Desktop/thrust_bearing_app/python-backend/Downloads/bearing_complete/GOOD_20240926_025525.jpg
2549,20240926.0,25637,GOOD,/home/kaizen-ai/Desktop/thrust_bearing_app/python-backend/Downloads/bearing_complete/GOOD_20240926_025637.jpg
2550,20240926.0,25813,GOOD,/home/kaizen-ai/Desktop/thrust_bearing_app/python-backend/Downloads/bearing_complete/GOOD_20240926_025813.jpg
2551,20240926.0,25911,NG,/home/kaizen-ai/Desktop/thrust_bearing_app/python-backend/Downloads/not_complete/NG_20240926_025911.jpg
2552,20240926.0,30127,GOOD,/home/kaizen-ai/Desktop/thrust_bearing_app/python-backend/Downloads/bearing_complete/GOOD_20240926_030127.jpg
2553,20240926.0,30232,GOOD,/home/kaizen-ai/Desktop/thrust_bearing_app/python-backend/Downloads/bearing_complete/GOOD_20240926_030232.jpg
2554,20240926.0,30428,GOOD,/home/kaizen-ai/Desktop/thrust_bearing_app/python-backend/Downloads/bearing_complete/GOOD_20240926_030428.jpg
2555,20240926.0,30525,GOOD,/home/kaizen-ai/Desktop/thrust_bearing_app/python-backend/Downloads/bearing_complete/GOOD_20240926_030525.jpg
2556,20240926.0,30635,GOOD,/home/kaizen-ai/Desktop/thrust_bearing_app/python-backend/Downloads/bearing_complete/GOOD_20240926_030635.jpg
2557,20240926.0,30741,NG,/home/kaizen-ai/Desktop/thrust_bearing_app/python-backend/Downloads/not_complete/NG_20240926_030741.jpg
2558,20240926.0,30858,GOOD,/home/kaizen-ai/Desktop/thrust_bearing_app/python-backend/Downloads/bearing_complete/GOOD_20240926_030858.jpg
2559,20240926.0,31000,GOOD,/home/kaizen-ai/Desktop/thrust_bearing_app/python-backend/Downloads/bearing_complete/GOOD_20240926_031000.jpg
2560,20240926.0,31118,GOOD,/home/kaizen-ai/Desktop/thrust_bearing_app/python-backend/Downloads/bearing_complete/GOOD_20240926_031118.jpg
2561,20240926.0,31218,GOOD,/home/kaizen-ai/Desktop/thrust_bearing_app/python-backend/Downloads/bearing_complete/GOOD_20240926_031218.jpg
2562,20240926.0,31314,GOOD,/home/kaizen-ai/Desktop/thrust_bearing_app/python-backend/Downloads/bearing_complete/GOOD_20240926_031314.jpg
2563,20240926.0,31534,NG,/home/kaizen-ai/Desktop/thrust_bearing_app/python-backend/Downloads/not_complete/NG_20240926_031534.jpg
2564,20240926.0,31626,GOOD,/home/kaizen-ai/Desktop/thrust_bearing_app/python-backend/Downloads/bearing_complete/GOOD_20240926_031626.jpg
2565,20240926.0,31748,GOOD,/home/kaizen-ai/Desktop/thrust_bearing_app/python-backend/Downloads/bearing_complete/GOOD_20240926_031748.jpg
2566,20240926.0,32047,NG,/home/kaizen-ai/Desktop/thrust_bearing_app/python-backend/Downloads/not_complete/NG_20240926_032047.jpg
2567,20240926.0,32141,GOOD,/home/kaizen-ai/Desktop/thrust_bearing_app/python-backend/Downloads/bearing_complete/GOOD_20240926_032141.jpg
2568,20240926.0,32235,GOOD,/home/kaizen-ai/Desktop/thrust_bearing_app/python-backend/Downloads/bearing_complete/GOOD_20240926_032235.jpg
2569,20240926.0,32445,GOOD,/home/kaizen-ai/Desktop/thrust_bearing_app/python-backend/Downloads/bearing_complete/GOOD_20240926_032445.jpg
2570,20240926.0,32543,NG,/home/kaizen-ai/Desktop/thrust_bearing_app/python-backend/Downloads/not_complete/NG_20240926_032543.jpg
2571,20240926.0,32757,GOOD,/home/kaizen-ai/Desktop/thrust_bearing_app/python-backend/Downloads/bearing_complete/GOOD_20240926_032757.jpg
2572,20240926.0,32900,GOOD,/home/kaizen-ai/Desktop/thrust_bearing_app/python-backend/Downloads/bearing_complete/GOOD_20240926_032900.jpg
2573,20240926.0,33011,NG,/home/kaizen-ai/Desktop/thrust_bearing_app/python-backend/Downloads/not_complete/NG_20240926_033011.jpg
2574,20240926.0,33205,GOOD,/home/kaizen-ai/Desktop/thrust_bearing_app/python-backend/Downloads/bearing_complete/GOOD_20240926_033205.jpg
2575,20240926.0,33316,NG,/home/kaizen-ai/Desktop/thrust_bearing_app/python-backend/Downloads/not_complete/NG_20240926_033316.jpg
2576,20240926.0,33440,GOOD,/home/kaizen-ai/Desktop/thrust_bearing_app/python-backend/Downloads/bearing_complete/GOOD_20240926_033440.jpg
2577,20240926.0,33631,GOOD,/home/kaizen-ai/Desktop/thrust_bearing_app/python-backend/Downloads/bearing_complete/GOOD_20240926_033631.jpg
2578,20240926.0,33818,GOOD,/home/kaizen-ai/Desktop/thrust_bearing_app/python-backend/Downloads/bearing_complete/GOOD_20240926_033818.jpg
2579,20240926.0,33912,GOOD,/home/kaizen-ai/Desktop/thrust_bearing_app/python-backend/Downloads/bearing_complete/GOOD_20240926_033912.jpg
2580,20240926.0,34009,GOOD,/home/kaizen-ai/Desktop/thrust_bearing_app/python-backend/Downloads/bearing_complete/GOOD_20240926_034009.jpg
2581,20240926.0,34126,NG,/home/kaizen-ai/Desktop/thrust_bearing_app/python-backend/Downloads/not_complete/NG_20240926_034126.jpg
2582,20240926.0,34303,GOOD,/home/kaizen-ai/Desktop/thrust_bearing_app/python-backend/Downloads/bearing_complete/GOOD_20240926_034303.jpg
2583,20240926.0,34413,GOOD,/home/kaizen-ai/Desktop/thrust_bearing_app/python-backend/Downloads/bearing_complete/GOOD_20240926_034413.jpg
2584,20240926.0,34516,GOOD,/home/kaizen-ai/Desktop/thrust_bearing_app/python-backend/Downloads/bearing_complete/GOOD_20240926_034516.jpg
2585,20240926.0,34556,GOOD,/home/kaizen-ai/Desktop/thrust_bearing_app/python-backend/Downloads/bearing_complete/GOOD_20240926_034556.jpg
2586,20240926.0,34656,GOOD,/home/kaizen-ai/Desktop/thrust_bearing_app/python-backend/Downloads/bearing_complete/GOOD_20240926_034656.jpg
2587,20240926.0,34755,GOOD,/home/kaizen-ai/Desktop/thrust_bearing_app/python-backend/Downloads/bearing_complete/GOOD_20240926_034755.jpg
2588,20240926.0,34903,GOOD,/home/kaizen-ai/Desktop/thrust_bearing_app/python-backend/Downloads/bearing_complete/GOOD_20240926_034903.jpg
2589,20240926.0,35008,GOOD,/home/kaizen-ai/Desktop/thrust_bearing_app/python-backend/Downloads/bearing_complete/GOOD_20240926_035008.jpg
2590,20240926.0,35106,GOOD,/home/kaizen-ai/Desktop/thrust_bearing_app/python-backend/Downloads/bearing_complete/GOOD_20240926_035106.jpg
2591,20240926.0,35222,GOOD,/home/kaizen-ai/Desktop/thrust_bearing_app/python-backend/Downloads/bearing_complete/GOOD_20240926_035222.jpg
2592,20240926.0,35315,GOOD,/home/kaizen-ai/Desktop/thrust_bearing_app/python-backend/Downloads/bearing_complete/GOOD_20240926_035315.jpg
2593,20240926.0,35420,NG,/home/kaizen-ai/Desktop/thrust_bearing_app/python-backend/Downloads/not_complete/NG_20240926_035420.jpg
2594,20240926.0,35522,GOOD,/home/kaizen-ai/Desktop/thrust_bearing_app/python-backend/Downloads/bearing_complete/GOOD_20240926_035522.jpg
2595,20240926.0,35647,GOOD,/home/kaizen-ai/Desktop/thrust_bearing_app/python-backend/Downloads/bearing_complete/GOOD_20240926_035647.jpg
2596,20240926.0,35736,GOOD,/home/kaizen-ai/Desktop/thrust_bearing_app/python-backend/Downloads/bearing_complete/GOOD_20240926_035736.jpg
2597,20240926.0,35838,GOOD,/home/kaizen-ai/Desktop/thrust_bearing_app/python-backend/Downloads/bearing_complete/GOOD_20240926_035838.jpg
2598,20240926.0,35933,GOOD,/home/kaizen-ai/Desktop/thrust_bearing_app/python-backend/Downloads/bearing_complete/GOOD_20240926_035933.jpg
2599,20240926.0,40043,GOOD,/home/kaizen-ai/Desktop/thrust_bearing_app/python-backend/Downloads/bearing_complete/GOOD_20240926_040043.jpg
2600,20240926.0,40203,GOOD,/home/kaizen-ai/Desktop/thrust_bearing_app/python-backend/Downloads/bearing_complete/GOOD_20240926_040203.jpg
2601,20240926.0,40308,GOOD,/home/kaizen-ai/Desktop/thrust_bearing_app/python-backend/Downloads/bearing_complete/GOOD_20240926_040308.jpg
2602,20240926.0,40414,GOOD,/home/kaizen-ai/Desktop/thrust_bearing_app/python-backend/Downloads/bearing_complete/GOOD_20240926_040414.jpg
2603,20240926.0,40510,GOOD,/home/kaizen-ai/Desktop/thrust_bearing_app/python-backend/Downloads/bearing_complete/GOOD_20240926_040510.jpg
2604,20240926.0,40606,GOOD,/home/kaizen-ai/Desktop/thrust_bearing_app/python-backend/Downloads/bearing_complete/GOOD_20240926_040606.jpg
2605,20240926.0,40721,NG,/home/kaizen-ai/Desktop/thrust_bearing_app/python-backend/Downloads/not_complete/NG_20240926_040721.jpg
2606,20240926.0,40808,GOOD,/home/kaizen-ai/Desktop/thrust_bearing_app/python-backend/Downloads/bearing_complete/GOOD_20240926_040808.jpg
2607,20240926.0,40916,GOOD,/home/kaizen-ai/Desktop/thrust_bearing_app/python-backend/Downloads/bearing_complete/GOOD_20240926_040916.jpg
2608,20240926.0,41014,GOOD,/home/kaizen-ai/Desktop/thrust_bearing_app/python-backend/Downloads/bearing_complete/GOOD_20240926_041014.jpg
2609,20240926.0,41141,GOOD,/home/kaizen-ai/Desktop/thrust_bearing_app/python-backend/Downloads/bearing_complete/GOOD_20240926_041141.jpg
2610,20240926.0,41247,GOOD,/home/kaizen-ai/Desktop/thrust_bearing_app/python-backend/Downloads/bearing_complete/GOOD_20240926_041247.jpg
2611,20240926.0,41435,NG,/home/kaizen-ai/Desktop/thrust_bearing_app/python-backend/Downloads/not_complete/NG_20240926_041435.jpg
2612,20240926.0,41604,GOOD,/home/kaizen-ai/Desktop/thrust_bearing_app/python-backend/Downloads/bearing_complete/GOOD_20240926_041604.jpg
2613,20240926.0,41709,GOOD,/home/kaizen-ai/Desktop/thrust_bearing_app/python-backend/Downloads/bearing_complete/GOOD_20240926_041709.jpg
2614,20240926.0,42214,GOOD,/home/kaizen-ai/Desktop/thrust_bearing_app/python-backend/Downloads/bearing_complete/GOOD_20240926_042214.jpg
2615,20240926.0,42320,GOOD,/home/kaizen-ai/Desktop/thrust_bearing_app/python-backend/Downloads/bearing_complete/GOOD_20240926_042320.jpg
2616,20240926.0,42418,NG,/home/kaizen-ai/Desktop/thrust_bearing_app/python-backend/Downloads/not_complete/NG_20240926_042418.jpg
2617,20240926.0,42618,NG,/home/kaizen-ai/Desktop/thrust_bearing_app/python-backend/Downloads/not_complete/NG_20240926_042618.jpg
2618,20240926.0,42817,NG,/home/kaizen-ai/Desktop/thrust_bearing_app/python-backend/Downloads/not_complete/NG_20240926_042817.jpg
2619,20240926.0,42907,GOOD,/home/kaizen-ai/Desktop/thrust_bearing_app/python-backend/Downloads/bearing_complete/GOOD_20240926_042907.jpg
2620,20240926.0,50119,GOOD,/home/kaizen-ai/Desktop/thrust_bearing_app/python-backend/Downloads/bearing_complete/GOOD_20240926_050119.jpg
2621,20240926.0,50216,GOOD,/home/kaizen-ai/Desktop/thrust_bearing_app/python-backend/Downloads/bearing_complete/GOOD_20240926_050216.jpg
2622,20240926.0,50320,GOOD,/home/kaizen-ai/Desktop/thrust_bearing_app/python-backend/Downloads/bearing_complete/GOOD_20240926_050320.jpg
2623,20240926.0,50431,NG,/home/kaizen-ai/Desktop/thrust_bearing_app/python-backend/Downloads/not_complete/NG_20240926_050431.jpg
2624,20240926.0,50630,NG,/home/kaizen-ai/Desktop/thrust_bearing_app/python-backend/Downloads/not_complete/NG_20240926_050630.jpg
2625,20240926.0,50721,GOOD,/home/kaizen-ai/Desktop/thrust_bearing_app/python-backend/Downloads/bearing_complete/GOOD_20240926_050721.jpg
2626,20240926.0,50817,GOOD,/home/kaizen-ai/Desktop/thrust_bearing_app/python-backend/Downloads/bearing_complete/GOOD_20240926_050817.jpg
2627,20240926.0,51023,GOOD,/home/kaizen-ai/Desktop/thrust_bearing_app/python-backend/Downloads/bearing_complete/GOOD_20240926_051023.jpg
2628,20240926.0,51129,NG,/home/kaizen-ai/Desktop/thrust_bearing_app/python-backend/Downloads/not_complete/NG_20240926_051129.jpg
2629,20240926.0,51237,GOOD,/home/kaizen-ai/Desktop/thrust_bearing_app/python-backend/Downloads/bearing_complete/GOOD_20240926_051237.jpg
2630,20240926.0,51439,GOOD,/home/kaizen-ai/Desktop/thrust_bearing_app/python-backend/Downloads/bearing_complete/GOOD_20240926_051439.jpg
2631,20240926.0,51543,GOOD,/home/kaizen-ai/Desktop/thrust_bearing_app/python-backend/Downloads/bearing_complete/GOOD_20240926_051543.jpg
2632,20240926.0,51641,GOOD,/home/kaizen-ai/Desktop/thrust_bearing_app/python-backend/Downloads/bearing_complete/GOOD_20240926_051641.jpg
2633,20240926.0,51746,NG,/home/kaizen-ai/Desktop/thrust_bearing_app/python-backend/Downloads/not_complete/NG_20240926_051746.jpg
2634,20240926.0,51844,GOOD,/home/kaizen-ai/Desktop/thrust_bearing_app/python-backend/Downloads/bearing_complete/GOOD_20240926_051844.jpg
2635,20240926.0,52004,NG,/home/kaizen-ai/Desktop/thrust_bearing_app/python-backend/Downloads/not_complete/NG_20240926_052004.jpg
2636,20240926.0,52046,GOOD,/home/kaizen-ai/Desktop/thrust_bearing_app/python-backend/Downloads/bearing_complete/GOOD_20240926_052046.jpg
2637,20240926.0,52151,GOOD,/home/kaizen-ai/Desktop/thrust_bearing_app/python-backend/Downloads/bearing_complete/GOOD_20240926_052151.jpg
2638,20240926.0,52409,NG,/home/kaizen-ai/Desktop/thrust_bearing_app/python-backend/Downloads/not_complete/NG_20240926_052409.jpg
2639,20240926.0,52457,GOOD,/home/kaizen-ai/Desktop/thrust_bearing_app/python-backend/Downloads/bearing_complete/GOOD_20240926_052457.jpg
2640,20240926.0,52557,GOOD,/home/kaizen-ai/Desktop/thrust_bearing_app/python-backend/Downloads/bearing_complete/GOOD_20240926_052557.jpg
2641,20240926.0,52704,GOOD,/home/kaizen-ai/Desktop/thrust_bearing_app/python-backend/Downloads/bearing_complete/GOOD_20240926_052704.jpg
2642,20240926.0,52927,GOOD,/home/kaizen-ai/Desktop/thrust_bearing_app/python-backend/Downloads/bearing_complete/GOOD_20240926_052927.jpg
2643,20240926.0,53028,GOOD,/home/kaizen-ai/Desktop/thrust_bearing_app/python-backend/Downloads/bearing_complete/GOOD_20240926_053028.jpg
2644,20240926.0,53121,NG,/home/kaizen-ai/Desktop/thrust_bearing_app/python-backend/Downloads/not_complete/NG_20240926_053121.jpg
2645,20240926.0,53345,NG,/home/kaizen-ai/Desktop/thrust_bearing_app/python-backend/Downloads/not_complete/NG_20240926_053345.jpg
2646,20240926.0,53454,NG,/home/kaizen-ai/Desktop/thrust_bearing_app/python-backend/Downloads/not_complete/NG_20240926_053454.jpg
2647,20240926.0,53558,NG,/home/kaizen-ai/Desktop/thrust_bearing_app/python-backend/Downloads/not_complete/NG_20240926_053558.jpg
2648,20240926.0,53706,NG,/home/kaizen-ai/Desktop/thrust_bearing_app/python-backend/Downloads/not_complete/NG_20240926_053706.jpg
2649,20240926.0,53749,GOOD,/home/kaizen-ai/Desktop/thrust_bearing_app/python-backend/Downloads/bearing_complete/GOOD_20240926_053749.jpg
2650,20240926.0,53837,NG,/home/kaizen-ai/Desktop/thrust_bearing_app/python-backend/Downloads/not_complete/NG_20240926_053837.jpg
2651,20240926.0,53943,GOOD,/home/kaizen-ai/Desktop/thrust_bearing_app/python-backend/Downloads/bearing_complete/GOOD_20240926_053943.jpg
2652,20240926.0,54048,GOOD,/home/kaizen-ai/Desktop/thrust_bearing_app/python-backend/Downloads/bearing_complete/GOOD_20240926_054048.jpg
2653,20240926.0,54242,NG,/home/kaizen-ai/Desktop/thrust_bearing_app/python-backend/Downloads/not_complete/NG_20240926_054242.jpg
2654,20240926.0,54346,GOOD,/home/kaizen-ai/Desktop/thrust_bearing_app/python-backend/Downloads/bearing_complete/GOOD_20240926_054346.jpg
2655,20240926.0,54439,GOOD,/home/kaizen-ai/Desktop/thrust_bearing_app/python-backend/Downloads/bearing_complete/GOOD_20240926_054439.jpg
2656,20240926.0,54610,GOOD,/home/kaizen-ai/Desktop/thrust_bearing_app/python-backend/Downloads/bearing_complete/GOOD_20240926_054610.jpg
2657,20240926.0,54654,GOOD,/home/kaizen-ai/Desktop/thrust_bearing_app/python-backend/Downloads/bearing_complete/GOOD_20240926_054654.jpg
2658,20240926.0,54813,NG,/home/kaizen-ai/Desktop/thrust_bearing_app/python-backend/Downloads/not_complete/NG_20240926_054813.jpg
2659,20240926.0,54939,GOOD,/home/kaizen-ai/Desktop/thrust_bearing_app/python-backend/Downloads/bearing_complete/GOOD_20240926_054939.jpg
2660,20240926.0,55059,NG,/home/kaizen-ai/Desktop/thrust_bearing_app/python-backend/Downloads/not_complete/NG_20240926_055059.jpg
2661,20240926.0,55145,GOOD,/home/kaizen-ai/Desktop/thrust_bearing_app/python-backend/Downloads/bearing_complete/GOOD_20240926_055145.jpg
2662,20240926.0,55546,NG,/home/kaizen-ai/Desktop/thrust_bearing_app/python-backend/Downloads/not_complete/NG_20240926_055546.jpg
2663,20240926.0,55640,GOOD,/home/kaizen-ai/Desktop/thrust_bearing_app/python-backend/Downloads/bearing_complete/GOOD_20240926_055640.jpg
2664,20240926.0,55745,GOOD,/home/kaizen-ai/Desktop/thrust_bearing_app/python-backend/Downloads/bearing_complete/GOOD_20240926_055745.jpg
2665,20240926.0,55857,GOOD,/home/kaizen-ai/Desktop/thrust_bearing_app/python-backend/Downloads/bearing_complete/GOOD_20240926_055857.jpg
2666,20240926.0,60000,GOOD,/home/kaizen-ai/Desktop/thrust_bearing_app/python-backend/Downloads/bearing_complete/GOOD_20240926_060000.jpg
2667,20240926.0,60115,GOOD,/home/kaizen-ai/Desktop/thrust_bearing_app/python-backend/Downloads/bearing_complete/GOOD_20240926_060115.jpg
2668,20240926.0,72123,NG,/home/kaizen-ai/Desktop/thrust_bearing_app/python-backend/Downloads/not_complete/NG_20240926_072123.jpg
2669,20240926.0,72355,GOOD,/home/kaizen-ai/Desktop/thrust_bearing_app/python-backend/Downloads/bearing_complete/GOOD_20240926_072355.jpg
2670,20240926.0,72549,GOOD,/home/kaizen-ai/Desktop/thrust_bearing_app/python-backend/Downloads/bearing_complete/GOOD_20240926_072549.jpg
2671,20240926.0,72649,GOOD,/home/kaizen-ai/Desktop/thrust_bearing_app/python-backend/Downloads/bearing_complete/GOOD_20240926_072649.jpg
2672,20240926.0,72752,GOOD,/home/kaizen-ai/Desktop/thrust_bearing_app/python-backend/Downloads/bearing_complete/GOOD_20240926_072752.jpg
2673,20240926.0,73006,NG,/home/kaizen-ai/Desktop/thrust_bearing_app/python-backend/Downloads/not_complete/NG_20240926_073006.jpg
2674,20240926.0,73056,GOOD,/home/kaizen-ai/Desktop/thrust_bearing_app/python-backend/Downloads/bearing_complete/GOOD_20240926_073056.jpg
2675,20240926.0,73204,GOOD,/home/kaizen-ai/Desktop/thrust_bearing_app/python-backend/Downloads/bearing_complete/GOOD_20240926_073204.jpg
2676,20240926.0,73319,NG,/home/kaizen-ai/Desktop/thrust_bearing_app/python-backend/Downloads/not_complete/NG_20240926_073319.jpg
2677,20240926.0,73423,GOOD,/home/kaizen-ai/Desktop/thrust_bearing_app/python-backend/Downloads/bearing_complete/GOOD_20240926_073423.jpg
2678,20240926.0,73506,GOOD,/home/kaizen-ai/Desktop/thrust_bearing_app/python-backend/Downloads/bearing_complete/GOOD_20240926_073506.jpg
2679,20240926.0,73603,GOOD,/home/kaizen-ai/Desktop/thrust_bearing_app/python-backend/Downloads/bearing_complete/GOOD_20240926_073603.jpg
2680,20240926.0,73706,GOOD,/home/kaizen-ai/Desktop/thrust_bearing_app/python-backend/Downloads/bearing_complete/GOOD_20240926_073706.jpg
2681,20240926.0,74021,GOOD,/home/kaizen-ai/Desktop/thrust_bearing_app/python-backend/Downloads/bearing_complete/GOOD_20240926_074021.jpg
2682,20240926.0,74139,NG,/home/kaizen-ai/Desktop/thrust_bearing_app/python-backend/Downloads/not_complete/NG_20240926_074139.jpg
2683,20240926.0,74250,GOOD,/home/kaizen-ai/Desktop/thrust_bearing_app/python-backend/Downloads/bearing_complete/GOOD_20240926_074250.jpg
2684,20240926.0,74343,GOOD,/home/kaizen-ai/Desktop/thrust_bearing_app/python-backend/Downloads/bearing_complete/GOOD_20240926_074343.jpg
2685,20240926.0,74458,NG,/home/kaizen-ai/Desktop/thrust_bearing_app/python-backend/Downloads/not_complete/NG_20240926_074458.jpg
2686,20240926.0,74614,NG,/home/kaizen-ai/Desktop/thrust_bearing_app/python-backend/Downloads/not_complete/NG_20240926_074614.jpg
2687,20240926.0,74658,GOOD,/home/kaizen-ai/Desktop/thrust_bearing_app/python-backend/Downloads/bearing_complete/GOOD_20240926_074658.jpg
2688,20240926.0,74826,NG,/home/kaizen-ai/Desktop/thrust_bearing_app/python-backend/Downloads/not_complete/NG_20240926_074826.jpg
2689,20240926.0,74854,GOOD,/home/kaizen-ai/Desktop/thrust_bearing_app/python-backend/Downloads/bearing_complete/GOOD_20240926_074854.jpg
2690,20240926.0,74957,GOOD,/home/kaizen-ai/Desktop/thrust_bearing_app/python-backend/Downloads/bearing_complete/GOOD_20240926_074957.jpg
2691,20240926.0,75056,GOOD,/home/kaizen-ai/Desktop/thrust_bearing_app/python-backend/Downloads/bearing_complete/GOOD_20240926_075056.jpg
2692,20240926.0,75204,GOOD,/home/kaizen-ai/Desktop/thrust_bearing_app/python-backend/Downloads/bearing_complete/GOOD_20240926_075204.jpg
2693,20240926.0,75300,GOOD,/home/kaizen-ai/Desktop/thrust_bearing_app/python-backend/Downloads/bearing_complete/GOOD_20240926_075300.jpg
2694,20240926.0,75400,GOOD,/home/kaizen-ai/Desktop/thrust_bearing_app/python-backend/Downloads/bearing_complete/GOOD_20240926_075400.jpg
2695,20240926.0,75506,GOOD,/home/kaizen-ai/Desktop/thrust_bearing_app/python-backend/Downloads/bearing_complete/GOOD_20240926_075506.jpg
2696,20240926.0,75610,GOOD,/home/kaizen-ai/Desktop/thrust_bearing_app/python-backend/Downloads/bearing_complete/GOOD_20240926_075610.jpg
2697,20240926.0,75717,GOOD,/home/kaizen-ai/Desktop/thrust_bearing_app/python-backend/Downloads/bearing_complete/GOOD_20240926_075717.jpg
2698,20240926.0,75822,GOOD,/home/kaizen-ai/Desktop/thrust_bearing_app/python-backend/Downloads/bearing_complete/GOOD_20240926_075822.jpg
2699,20240926.0,75936,GOOD,/home/kaizen-ai/Desktop/thrust_bearing_app/python-backend/Downloads/bearing_complete/GOOD_20240926_075936.jpg
2700,20240926.0,80032,GOOD,/home/kaizen-ai/Desktop/thrust_bearing_app/python-backend/Downloads/bearing_complete/GOOD_20240926_080032.jpg
2701,20240926.0,80154,GOOD,/home/kaizen-ai/Desktop/thrust_bearing_app/python-backend/Downloads/bearing_complete/GOOD_20240926_080154.jpg
2702,20240926.0,80256,NG,/home/kaizen-ai/Desktop/thrust_bearing_app/python-backend/Downloads/not_complete/NG_20240926_080256.jpg
2703,20240926.0,80357,GOOD,/home/kaizen-ai/Desktop/thrust_bearing_app/python-backend/Downloads/bearing_complete/GOOD_20240926_080357.jpg
2704,20240926.0,80506,GOOD,/home/kaizen-ai/Desktop/thrust_bearing_app/python-backend/Downloads/bearing_complete/GOOD_20240926_080506.jpg
2705,20240926.0,80558,GOOD,/home/kaizen-ai/Desktop/thrust_bearing_app/python-backend/Downloads/bearing_complete/GOOD_20240926_080558.jpg
2706,20240926.0,80652,GOOD,/home/kaizen-ai/Desktop/thrust_bearing_app/python-backend/Downloads/bearing_complete/GOOD_20240926_080652.jpg
2707,20240926.0,80823,NG,/home/kaizen-ai/Desktop/thrust_bearing_app/python-backend/Downloads/not_complete/NG_20240926_080823.jpg
2708,20240926.0,80940,GOOD,/home/kaizen-ai/Desktop/thrust_bearing_app/python-backend/Downloads/bearing_complete/GOOD_20240926_080940.jpg
2709,20240926.0,81029,GOOD,/home/kaizen-ai/Desktop/thrust_bearing_app/python-backend/Downloads/bearing_complete/GOOD_20240926_081029.jpg
2710,20240926.0,81207,NG,/home/kaizen-ai/Desktop/thrust_bearing_app/python-backend/Downloads/not_complete/NG_20240926_081207.jpg
2711,20240926.0,81245,GOOD,/home/kaizen-ai/Desktop/thrust_bearing_app/python-backend/Downloads/bearing_complete/GOOD_20240926_081245.jpg
2712,20240926.0,81359,NG,/home/kaizen-ai/Desktop/thrust_bearing_app/python-backend/Downloads/not_complete/NG_20240926_081359.jpg
2713,20240926.0,81557,GOOD,/home/kaizen-ai/Desktop/thrust_bearing_app/python-backend/Downloads/bearing_complete/GOOD_20240926_081557.jpg
2714,20240926.0,81716,GOOD,/home/kaizen-ai/Desktop/thrust_bearing_app/python-backend/Downloads/bearing_complete/GOOD_20240926_081716.jpg
2715,20240926.0,81851,NG,/home/kaizen-ai/Desktop/thrust_bearing_app/python-backend/Downloads/not_complete/NG_20240926_081851.jpg
2716,20240926.0,81927,GOOD,/home/kaizen-ai/Desktop/thrust_bearing_app/python-backend/Downloads/bearing_complete/GOOD_20240926_081927.jpg
2717,20240926.0,82034,GOOD,/home/kaizen-ai/Desktop/thrust_bearing_app/python-backend/Downloads/bearing_complete/GOOD_20240926_082034.jpg
2718,20240926.0,82131,GOOD,/home/kaizen-ai/Desktop/thrust_bearing_app/python-backend/Downloads/bearing_complete/GOOD_20240926_082131.jpg
2719,20240926.0,82240,GOOD,/home/kaizen-ai/Desktop/thrust_bearing_app/python-backend/Downloads/bearing_complete/GOOD_20240926_082240.jpg
2720,20240926.0,82355,NG,/home/kaizen-ai/Desktop/thrust_bearing_app/python-backend/Downloads/not_complete/NG_20240926_082355.jpg
2721,20240926.0,82434,GOOD,/home/kaizen-ai/Desktop/thrust_bearing_app/python-backend/Downloads/bearing_complete/GOOD_20240926_082434.jpg
2722,20240926.0,82604,NG,/home/kaizen-ai/Desktop/thrust_bearing_app/python-backend/Downloads/not_complete/NG_20240926_082604.jpg
2723,20240926.0,82720,GOOD,/home/kaizen-ai/Desktop/thrust_bearing_app/python-backend/Downloads/bearing_complete/GOOD_20240926_082720.jpg
2724,20240926.0,82824,GOOD,/home/kaizen-ai/Desktop/thrust_bearing_app/python-backend/Downloads/bearing_complete/GOOD_20240926_082824.jpg
2725,20240926.0,82926,GOOD,/home/kaizen-ai/Desktop/thrust_bearing_app/python-backend/Downloads/bearing_complete/GOOD_20240926_082926.jpg
2726,20240926.0,83039,GOOD,/home/kaizen-ai/Desktop/thrust_bearing_app/python-backend/Downloads/bearing_complete/GOOD_20240926_083039.jpg
2727,20240926.0,83137,GOOD,/home/kaizen-ai/Desktop/thrust_bearing_app/python-backend/Downloads/bearing_complete/GOOD_20240926_083137.jpg
2728,20240926.0,83259,GOOD,/home/kaizen-ai/Desktop/thrust_bearing_app/python-backend/Downloads/bearing_complete/GOOD_20240926_083259.jpg
2729,20240926.0,83407,GOOD,/home/kaizen-ai/Desktop/thrust_bearing_app/python-backend/Downloads/bearing_complete/GOOD_20240926_083407.jpg
2730,20240926.0,83543,GOOD,/home/kaizen-ai/Desktop/thrust_bearing_app/python-backend/Downloads/bearing_complete/GOOD_20240926_083543.jpg
2731,20240926.0,83650,GOOD,/home/kaizen-ai/Desktop/thrust_bearing_app/python-backend/Downloads/bearing_complete/GOOD_20240926_083650.jpg
2732,20240926.0,83800,NG,/home/kaizen-ai/Desktop/thrust_bearing_app/python-backend/Downloads/not_complete/NG_20240926_083800.jpg
2733,20240926.0,83920,NG,/home/kaizen-ai/Desktop/thrust_bearing_app/python-backend/Downloads/not_complete/NG_20240926_083920.jpg
2734,20240926.0,84031,NG,/home/kaizen-ai/Desktop/thrust_bearing_app/python-backend/Downloads/not_complete/NG_20240926_084031.jpg
2735,20240926.0,84147,GOOD,/home/kaizen-ai/Desktop/thrust_bearing_app/python-backend/Downloads/bearing_complete/GOOD_20240926_084147.jpg
2736,20240926.0,84245,GOOD,/home/kaizen-ai/Desktop/thrust_bearing_app/python-backend/Downloads/bearing_complete/GOOD_20240926_084245.jpg
2737,20240926.0,84328,GOOD,/home/kaizen-ai/Desktop/thrust_bearing_app/python-backend/Downloads/bearing_complete/GOOD_20240926_084328.jpg
2738,20240926.0,84425,GOOD,/home/kaizen-ai/Desktop/thrust_bearing_app/python-backend/Downloads/bearing_complete/GOOD_20240926_084425.jpg
2739,20240926.0,84646,NG,/home/kaizen-ai/Desktop/thrust_bearing_app/python-backend/Downloads/not_complete/NG_20240926_084646.jpg
2740,20240926.0,84719,NG,/home/kaizen-ai/Desktop/thrust_bearing_app/python-backend/Downloads/not_complete/NG_20240926_084719.jpg
2741,20240926.0,84800,GOOD,/home/kaizen-ai/Desktop/thrust_bearing_app/python-backend/Downloads/bearing_complete/GOOD_20240926_084800.jpg
2742,20240926.0,84913,GOOD,/home/kaizen-ai/Desktop/thrust_bearing_app/python-backend/Downloads/bearing_complete/GOOD_20240926_084913.jpg
2743,20240926.0,85028,NG,/home/kaizen-ai/Desktop/thrust_bearing_app/python-backend/Downloads/not_complete/NG_20240926_085028.jpg
2744,20240926.0,85318,NG,/home/kaizen-ai/Desktop/thrust_bearing_app/python-backend/Downloads/not_complete/NG_20240926_085318.jpg
2745,20240926.0,85334,GOOD,/home/kaizen-ai/Desktop/thrust_bearing_app/python-backend/Downloads/bearing_complete/GOOD_20240926_085334.jpg
2746,20240926.0,85437,GOOD,/home/kaizen-ai/Desktop/thrust_bearing_app/python-backend/Downloads/bearing_complete/GOOD_20240926_085437.jpg
2747,20240926.0,85709,NG,/home/kaizen-ai/Desktop/thrust_bearing_app/python-backend/Downloads/not_complete/NG_20240926_085709.jpg
2748,20240926.0,85809,GOOD,/home/kaizen-ai/Desktop/thrust_bearing_app/python-backend/Downloads/bearing_complete/GOOD_20240926_085809.jpg
2749,20240926.0,85905,GOOD,/home/kaizen-ai/Desktop/thrust_bearing_app/python-backend/Downloads/bearing_complete/GOOD_20240926_085905.jpg
2750,20240926.0,85950,GOOD,/home/kaizen-ai/Desktop/thrust_bearing_app/python-backend/Downloads/bearing_complete/GOOD_20240926_085950.jpg
2751,20240926.0,90106,GOOD,/home/kaizen-ai/Desktop/thrust_bearing_app/python-backend/Downloads/bearing_complete/GOOD_20240926_090106.jpg
2752,20240926.0,90207,GOOD,/home/kaizen-ai/Desktop/thrust_bearing_app/python-backend/Downloads/bearing_complete/GOOD_20240926_090207.jpg
2753,20240926.0,90304,GOOD,/home/kaizen-ai/Desktop/thrust_bearing_app/python-backend/Downloads/bearing_complete/GOOD_20240926_090304.jpg
2754,20240926.0,90356,GOOD,/home/kaizen-ai/Desktop/thrust_bearing_app/python-backend/Downloads/bearing_complete/GOOD_20240926_090356.jpg
2755,20240926.0,90505,GOOD,/home/kaizen-ai/Desktop/thrust_bearing_app/python-backend/Downloads/bearing_complete/GOOD_20240926_090505.jpg
2756,20240926.0,90612,GOOD,/home/kaizen-ai/Desktop/thrust_bearing_app/python-backend/Downloads/bearing_complete/GOOD_20240926_090612.jpg
2757,20240926.0,90730,GOOD,/home/kaizen-ai/Desktop/thrust_bearing_app/python-backend/Downloads/bearing_complete/GOOD_20240926_090730.jpg
2758,20240926.0,90820,GOOD,/home/kaizen-ai/Desktop/thrust_bearing_app/python-backend/Downloads/bearing_complete/GOOD_20240926_090820.jpg
2759,20240926.0,90930,GOOD,/home/kaizen-ai/Desktop/thrust_bearing_app/python-backend/Downloads/bearing_complete/GOOD_20240926_090930.jpg
2760,20240926.0,91044,NG,/home/kaizen-ai/Desktop/thrust_bearing_app/python-backend/Downloads/not_complete/NG_20240926_091044.jpg
2761,20240926.0,91137,GOOD,/home/kaizen-ai/Desktop/thrust_bearing_app/python-backend/Downloads/bearing_complete/GOOD_20240926_091137.jpg
2762,20240926.0,91353,GOOD,/home/kaizen-ai/Desktop/thrust_bearing_app/python-backend/Downloads/bearing_complete/GOOD_20240926_091353.jpg
2763,20240926.0,91501,NG,/home/kaizen-ai/Desktop/thrust_bearing_app/python-backend/Downloads/not_complete/NG_20240926_091501.jpg
2764,20240926.0,91603,GOOD,/home/kaizen-ai/Desktop/thrust_bearing_app/python-backend/Downloads/bearing_complete/GOOD_20240926_091603.jpg
2765,20240926.0,91709,GOOD,/home/kaizen-ai/Desktop/thrust_bearing_app/python-backend/Downloads/bearing_complete/GOOD_20240926_091709.jpg
2766,20240926.0,91817,GOOD,/home/kaizen-ai/Desktop/thrust_bearing_app/python-backend/Downloads/bearing_complete/GOOD_20240926_091817.jpg
2767,20240926.0,92137,NG,/home/kaizen-ai/Desktop/thrust_bearing_app/python-backend/Downloads/not_complete/NG_20240926_092137.jpg
2768,20240926.0,92322,GOOD,/home/kaizen-ai/Desktop/thrust_bearing_app/python-backend/Downloads/bearing_complete/GOOD_20240926_092322.jpg
2769,20240926.0,92410,GOOD,/home/kaizen-ai/Desktop/thrust_bearing_app/python-backend/Downloads/bearing_complete/GOOD_20240926_092410.jpg
2770,20240926.0,92525,GOOD,/home/kaizen-ai/Desktop/thrust_bearing_app/python-backend/Downloads/bearing_complete/GOOD_20240926_092525.jpg
2771,20240926.0,92639,NG,/home/kaizen-ai/Desktop/thrust_bearing_app/python-backend/Downloads/not_complete/NG_20240926_092639.jpg
2772,20240926.0,92734,GOOD,/home/kaizen-ai/Desktop/thrust_bearing_app/python-backend/Downloads/bearing_complete/GOOD_20240926_092734.jpg
2773,20240926.0,92821,GOOD,/home/kaizen-ai/Desktop/thrust_bearing_app/python-backend/Downloads/bearing_complete/GOOD_20240926_092821.jpg
2774,20240926.0,92917,GOOD,/home/kaizen-ai/Desktop/thrust_bearing_app/python-backend/Downloads/bearing_complete/GOOD_20240926_092917.jpg
2775,20240926.0,94007,GOOD,/home/kaizen-ai/Desktop/thrust_bearing_app/python-backend/Downloads/bearing_complete/GOOD_20240926_094007.jpg
2776,20240926.0,94038,NG,/home/kaizen-ai/Desktop/thrust_bearing_app/python-backend/Downloads/not_complete/NG_20240926_094038.jpg
2777,20240926.0,94317,GOOD,/home/kaizen-ai/Desktop/thrust_bearing_app/python-backend/Downloads/bearing_complete/GOOD_20240926_094317.jpg
2778,20240926.0,94424,GOOD,/home/kaizen-ai/Desktop/thrust_bearing_app/python-backend/Downloads/bearing_complete/GOOD_20240926_094424.jpg
2779,20240926.0,94530,GOOD,/home/kaizen-ai/Desktop/thrust_bearing_app/python-backend/Downloads/bearing_complete/GOOD_20240926_094530.jpg
2780,20240926.0,94620,GOOD,/home/kaizen-ai/Desktop/thrust_bearing_app/python-backend/Downloads/bearing_complete/GOOD_20240926_094620.jpg
2781,20240926.0,94721,GOOD,/home/kaizen-ai/Desktop/thrust_bearing_app/python-backend/Downloads/bearing_complete/GOOD_20240926_094721.jpg
2782,20240926.0,94815,GOOD,/home/kaizen-ai/Desktop/thrust_bearing_app/python-backend/Downloads/bearing_complete/GOOD_20240926_094815.jpg
2783,20240926.0,94910,NG,/home/kaizen-ai/Desktop/thrust_bearing_app/python-backend/Downloads/not_complete/NG_20240926_094910.jpg
2784,20240926.0,95017,GOOD,/home/kaizen-ai/Desktop/thrust_bearing_app/python-backend/Downloads/bearing_complete/GOOD_20240926_095017.jpg
2785,20240926.0,95123,GOOD,/home/kaizen-ai/Desktop/thrust_bearing_app/python-backend/Downloads/bearing_complete/GOOD_20240926_095123.jpg
2786,20240926.0,95226,GOOD,/home/kaizen-ai/Desktop/thrust_bearing_app/python-backend/Downloads/bearing_complete/GOOD_20240926_095226.jpg
2787,20240926.0,95417,NG,/home/kaizen-ai/Desktop/thrust_bearing_app/python-backend/Downloads/not_complete/NG_20240926_095417.jpg
2788,20240926.0,95622,GOOD,/home/kaizen-ai/Desktop/thrust_bearing_app/python-backend/Downloads/bearing_complete/GOOD_20240926_095622.jpg
2789,20240926.0,95710,GOOD,/home/kaizen-ai/Desktop/thrust_bearing_app/python-backend/Downloads/bearing_complete/GOOD_20240926_095710.jpg
2790,20240926.0,95833,GOOD,/home/kaizen-ai/Desktop/thrust_bearing_app/python-backend/Downloads/bearing_complete/GOOD_20240926_095833.jpg
2791,20240926.0,95958,NG,/home/kaizen-ai/Desktop/thrust_bearing_app/python-backend/Downloads/not_complete/NG_20240926_095958.jpg
2792,20240926.0,100157,GOOD,/home/kaizen-ai/Desktop/thrust_bearing_app/python-backend/Downloads/bearing_complete/GOOD_20240926_100157.jpg
2793,20240926.0,100259,GOOD,/home/kaizen-ai/Desktop/thrust_bearing_app/python-backend/Downloads/bearing_complete/GOOD_20240926_100259.jpg
2794,20240926.0,100402,GOOD,/home/kaizen-ai/Desktop/thrust_bearing_app/python-backend/Downloads/bearing_complete/GOOD_20240926_100402.jpg
2795,20240926.0,100539,NG,/home/kaizen-ai/Desktop/thrust_bearing_app/python-backend/Downloads/not_complete/NG_20240926_100539.jpg
2796,20240926.0,100637,GOOD,/home/kaizen-ai/Desktop/thrust_bearing_app/python-backend/Downloads/bearing_complete/GOOD_20240926_100637.jpg
2797,20240926.0,100732,GOOD,/home/kaizen-ai/Desktop/thrust_bearing_app/python-backend/Downloads/bearing_complete/GOOD_20240926_100732.jpg
2798,20240926.0,100845,GOOD,/home/kaizen-ai/Desktop/thrust_bearing_app/python-backend/Downloads/bearing_complete/GOOD_20240926_100845.jpg
2799,20240926.0,100908,GOOD,/home/kaizen-ai/Desktop/thrust_bearing_app/python-backend/Downloads/bearing_complete/GOOD_20240926_100908.jpg
2800,20240926.0,101003,GOOD,/home/kaizen-ai/Desktop/thrust_bearing_app/python-backend/Downloads/bearing_complete/GOOD_20240926_101003.jpg
2801,20240926.0,101107,GOOD,/home/kaizen-ai/Desktop/thrust_bearing_app/python-backend/Downloads/bearing_complete/GOOD_20240926_101107.jpg
2802,20240926.0,101214,NG,/home/kaizen-ai/Desktop/thrust_bearing_app/python-backend/Downloads/not_complete/NG_20240926_101214.jpg
2803,20240926.0,101308,GOOD,/home/kaizen-ai/Desktop/thrust_bearing_app/python-backend/Downloads/bearing_complete/GOOD_20240926_101308.jpg
2804,20240926.0,101527,GOOD,/home/kaizen-ai/Desktop/thrust_bearing_app/python-backend/Downloads/bearing_complete/GOOD_20240926_101527.jpg
2805,20240926.0,101715,GOOD,/home/kaizen-ai/Desktop/thrust_bearing_app/python-backend/Downloads/bearing_complete/GOOD_20240926_101715.jpg
2806,20240926.0,101811,GOOD,/home/kaizen-ai/Desktop/thrust_bearing_app/python-backend/Downloads/bearing_complete/GOOD_20240926_101811.jpg
2807,20240926.0,101913,GOOD,/home/kaizen-ai/Desktop/thrust_bearing_app/python-backend/Downloads/bearing_complete/GOOD_20240926_101913.jpg
2808,20240926.0,102008,GOOD,/home/kaizen-ai/Desktop/thrust_bearing_app/python-backend/Downloads/bearing_complete/GOOD_20240926_102008.jpg
2809,20240926.0,102140,GOOD,/home/kaizen-ai/Desktop/thrust_bearing_app/python-backend/Downloads/bearing_complete/GOOD_20240926_102140.jpg
2810,20240926.0,102234,GOOD,/home/kaizen-ai/Desktop/thrust_bearing_app/python-backend/Downloads/bearing_complete/GOOD_20240926_102234.jpg
2811,20240926.0,102350,GOOD,/home/kaizen-ai/Desktop/thrust_bearing_app/python-backend/Downloads/bearing_complete/GOOD_20240926_102350.jpg
2812,20240926.0,102453,GOOD,/home/kaizen-ai/Desktop/thrust_bearing_app/python-backend/Downloads/bearing_complete/GOOD_20240926_102453.jpg
2813,20240926.0,102607,GOOD,/home/kaizen-ai/Desktop/thrust_bearing_app/python-backend/Downloads/bearing_complete/GOOD_20240926_102607.jpg
2814,20240926.0,102718,GOOD,/home/kaizen-ai/Desktop/thrust_bearing_app/python-backend/Downloads/bearing_complete/GOOD_20240926_102718.jpg
2815,20240926.0,102822,GOOD,/home/kaizen-ai/Desktop/thrust_bearing_app/python-backend/Downloads/bearing_complete/GOOD_20240926_102822.jpg
2816,20240926.0,102932,GOOD,/home/kaizen-ai/Desktop/thrust_bearing_app/python-backend/Downloads/bearing_complete/GOOD_20240926_102932.jpg
2817,20240926.0,103036,GOOD,/home/kaizen-ai/Desktop/thrust_bearing_app/python-backend/Downloads/bearing_complete/GOOD_20240926_103036.jpg
2818,20240926.0,103125,GOOD,/home/kaizen-ai/Desktop/thrust_bearing_app/python-backend/Downloads/bearing_complete/GOOD_20240926_103125.jpg
2819,20240926.0,103302,GOOD,/home/kaizen-ai/Desktop/thrust_bearing_app/python-backend/Downloads/bearing_complete/GOOD_20240926_103302.jpg
2820,20240926.0,103412,GOOD,/home/kaizen-ai/Desktop/thrust_bearing_app/python-backend/Downloads/bearing_complete/GOOD_20240926_103412.jpg
2821,20240926.0,103518,NG,/home/kaizen-ai/Desktop/thrust_bearing_app/python-backend/Downloads/not_complete/NG_20240926_103518.jpg
2822,20240926.0,103615,GOOD,/home/kaizen-ai/Desktop/thrust_bearing_app/python-backend/Downloads/bearing_complete/GOOD_20240926_103615.jpg
2823,20240926.0,103716,GOOD,/home/kaizen-ai/Desktop/thrust_bearing_app/python-backend/Downloads/bearing_complete/GOOD_20240926_103716.jpg
2824,20240926.0,103802,GOOD,/home/kaizen-ai/Desktop/thrust_bearing_app/python-backend/Downloads/bearing_complete/GOOD_20240926_103802.jpg
2825,20240926.0,103859,GOOD,/home/kaizen-ai/Desktop/thrust_bearing_app/python-backend/Downloads/bearing_complete/GOOD_20240926_103859.jpg
2826,20240926.0,103951,GOOD,/home/kaizen-ai/Desktop/thrust_bearing_app/python-backend/Downloads/bearing_complete/GOOD_20240926_103951.jpg
2827,20240926.0,104104,GOOD,/home/kaizen-ai/Desktop/thrust_bearing_app/python-backend/Downloads/bearing_complete/GOOD_20240926_104104.jpg
2828,20240926.0,104204,NG,/home/kaizen-ai/Desktop/thrust_bearing_app/python-backend/Downloads/not_complete/NG_20240926_104204.jpg
2829,20240926.0,104432,GOOD,/home/kaizen-ai/Desktop/thrust_bearing_app/python-backend/Downloads/bearing_complete/GOOD_20240926_104432.jpg
2830,20240926.0,104521,NG,/home/kaizen-ai/Desktop/thrust_bearing_app/python-backend/Downloads/not_complete/NG_20240926_104521.jpg
2831,20240926.0,104708,GOOD,/home/kaizen-ai/Desktop/thrust_bearing_app/python-backend/Downloads/bearing_complete/GOOD_20240926_104708.jpg
2832,20240926.0,104829,NG,/home/kaizen-ai/Desktop/thrust_bearing_app/python-backend/Downloads/not_complete/NG_20240926_104829.jpg
2833,20240926.0,104916,NG,/home/kaizen-ai/Desktop/thrust_bearing_app/python-backend/Downloads/not_complete/NG_20240926_104916.jpg
2834,20240926.0,104945,GOOD,/home/kaizen-ai/Desktop/thrust_bearing_app/python-backend/Downloads/bearing_complete/GOOD_20240926_104945.jpg
2835,20240926.0,105125,GOOD,/home/kaizen-ai/Desktop/thrust_bearing_app/python-backend/Downloads/bearing_complete/GOOD_20240926_105125.jpg
2836,20240926.0,105230,GOOD,/home/kaizen-ai/Desktop/thrust_bearing_app/python-backend/Downloads/bearing_complete/GOOD_20240926_105230.jpg
2837,20240926.0,105343,GOOD,/home/kaizen-ai/Desktop/thrust_bearing_app/python-backend/Downloads/bearing_complete/GOOD_20240926_105343.jpg
2838,20240926.0,105413,GOOD,/home/kaizen-ai/Desktop/thrust_bearing_app/python-backend/Downloads/bearing_complete/GOOD_20240926_105413.jpg
2839,20240926.0,105513,GOOD,/home/kaizen-ai/Desktop/thrust_bearing_app/python-backend/Downloads/bearing_complete/GOOD_20240926_105513.jpg
2840,20240926.0,105640,GOOD,/home/kaizen-ai/Desktop/thrust_bearing_app/python-backend/Downloads/bearing_complete/GOOD_20240926_105640.jpg
2841,20240926.0,105738,NG,/home/kaizen-ai/Desktop/thrust_bearing_app/python-backend/Downloads/not_complete/NG_20240926_105738.jpg
2842,20240926.0,105853,NG,/home/kaizen-ai/Desktop/thrust_bearing_app/python-backend/Downloads/not_complete/NG_20240926_105853.jpg
2843,20240926.0,110019,GOOD,/home/kaizen-ai/Desktop/thrust_bearing_app/python-backend/Downloads/bearing_complete/GOOD_20240926_110019.jpg
2844,20240926.0,110136,GOOD,/home/kaizen-ai/Desktop/thrust_bearing_app/python-backend/Downloads/bearing_complete/GOOD_20240926_110136.jpg
2845,20240926.0,110238,GOOD,/home/kaizen-ai/Desktop/thrust_bearing_app/python-backend/Downloads/bearing_complete/GOOD_20240926_110238.jpg
2846,20240926.0,110359,GOOD,/home/kaizen-ai/Desktop/thrust_bearing_app/python-backend/Downloads/bearing_complete/GOOD_20240926_110359.jpg
2847,20240926.0,110437,GOOD,/home/kaizen-ai/Desktop/thrust_bearing_app/python-backend/Downloads/bearing_complete/GOOD_20240926_110437.jpg
2848,20240926.0,110603,NG,/home/kaizen-ai/Desktop/thrust_bearing_app/python-backend/Downloads/not_complete/NG_20240926_110603.jpg
2849,20240926.0,110628,GOOD,/home/kaizen-ai/Desktop/thrust_bearing_app/python-backend/Downloads/bearing_complete/GOOD_20240926_110628.jpg
2850,20240926.0,110741,NG,/home/kaizen-ai/Desktop/thrust_bearing_app/python-backend/Downloads/not_complete/NG_20240926_110741.jpg
2851,20240926.0,110832,NG,/home/kaizen-ai/Desktop/thrust_bearing_app/python-backend/Downloads/not_complete/NG_20240926_110832.jpg
2852,20240926.0,110913,GOOD,/home/kaizen-ai/Desktop/thrust_bearing_app/python-backend/Downloads/bearing_complete/GOOD_20240926_110913.jpg
2853,20240926.0,111013,GOOD,/home/kaizen-ai/Desktop/thrust_bearing_app/python-backend/Downloads/bearing_complete/GOOD_20240926_111013.jpg
2854,20240926.0,111059,GOOD,/home/kaizen-ai/Desktop/thrust_bearing_app/python-backend/Downloads/bearing_complete/GOOD_20240926_111059.jpg
2855,20240926.0,111203,NG,/home/kaizen-ai/Desktop/thrust_bearing_app/python-backend/Downloads/not_complete/NG_20240926_111203.jpg
2856,20240926.0,111237,GOOD,/home/kaizen-ai/Desktop/thrust_bearing_app/python-backend/Downloads/bearing_complete/GOOD_20240926_111237.jpg
2857,20240926.0,111436,GOOD,/home/kaizen-ai/Desktop/thrust_bearing_app/python-backend/Downloads/bearing_complete/GOOD_20240926_111436.jpg
2858,20240926.0,111554,GOOD,/home/kaizen-ai/Desktop/thrust_bearing_app/python-backend/Downloads/bearing_complete/GOOD_20240926_111554.jpg
2859,20240926.0,111704,NG,/home/kaizen-ai/Desktop/thrust_bearing_app/python-backend/Downloads/not_complete/NG_20240926_111704.jpg
2860,20240926.0,111814,GOOD,/home/kaizen-ai/Desktop/thrust_bearing_app/python-backend/Downloads/bearing_complete/GOOD_20240926_111814.jpg
2861,20240926.0,111909,GOOD,/home/kaizen-ai/Desktop/thrust_bearing_app/python-backend/Downloads/bearing_complete/GOOD_20240926_111909.jpg
2862,20240926.0,112023,GOOD,/home/kaizen-ai/Desktop/thrust_bearing_app/python-backend/Downloads/bearing_complete/GOOD_20240926_112023.jpg
2863,20240926.0,112153,NG,/home/kaizen-ai/Desktop/thrust_bearing_app/python-backend/Downloads/not_complete/NG_20240926_112153.jpg
2864,20240926.0,112243,GOOD,/home/kaizen-ai/Desktop/thrust_bearing_app/python-backend/Downloads/bearing_complete/GOOD_20240926_112243.jpg
2865,20240926.0,112449,NG,/home/kaizen-ai/Desktop/thrust_bearing_app/python-backend/Downloads/not_complete/NG_20240926_112449.jpg
2866,20240926.0,112645,GOOD,/home/kaizen-ai/Desktop/thrust_bearing_app/python-backend/Downloads/bearing_complete/GOOD_20240926_112645.jpg
2867,20240926.0,113441,GOOD,/home/kaizen-ai/Desktop/thrust_bearing_app/python-backend/Downloads/bearing_complete/GOOD_20240926_113441.jpg
2868,20240926.0,113540,GOOD,/home/kaizen-ai/Desktop/thrust_bearing_app/python-backend/Downloads/bearing_complete/GOOD_20240926_113540.jpg
2869,20240926.0,113651,GOOD,/home/kaizen-ai/Desktop/thrust_bearing_app/python-backend/Downloads/bearing_complete/GOOD_20240926_113651.jpg
2870,20240926.0,113749,GOOD,/home/kaizen-ai/Desktop/thrust_bearing_app/python-backend/Downloads/bearing_complete/GOOD_20240926_113749.jpg
2871,20240926.0,113848,GOOD,/home/kaizen-ai/Desktop/thrust_bearing_app/python-backend/Downloads/bearing_complete/GOOD_20240926_113848.jpg
2872,20240926.0,113952,GOOD,/home/kaizen-ai/Desktop/thrust_bearing_app/python-backend/Downloads/bearing_complete/GOOD_20240926_113952.jpg
2873,20240926.0,114058,GOOD,/home/kaizen-ai/Desktop/thrust_bearing_app/python-backend/Downloads/bearing_complete/GOOD_20240926_114058.jpg
2874,20240926.0,114223,GOOD,/home/kaizen-ai/Desktop/thrust_bearing_app/python-backend/Downloads/bearing_complete/GOOD_20240926_114223.jpg
2875,20240926.0,114415,GOOD,/home/kaizen-ai/Desktop/thrust_bearing_app/python-backend/Downloads/bearing_complete/GOOD_20240926_114415.jpg
2876,20240926.0,123007,GOOD,/home/kaizen-ai/Desktop/thrust_bearing_app/python-backend/Downloads/bearing_complete/GOOD_20240926_123007.jpg
2877,20240926.0,123149,NG,/home/kaizen-ai/Desktop/thrust_bearing_app/python-backend/Downloads/not_complete/NG_20240926_123149.jpg
2878,20240926.0,123256,GOOD,/home/kaizen-ai/Desktop/thrust_bearing_app/python-backend/Downloads/bearing_complete/GOOD_20240926_123256.jpg
2879,20240926.0,123407,GOOD,/home/kaizen-ai/Desktop/thrust_bearing_app/python-backend/Downloads/bearing_complete/GOOD_20240926_123407.jpg
2880,20240926.0,123452,GOOD,/home/kaizen-ai/Desktop/thrust_bearing_app/python-backend/Downloads/bearing_complete/GOOD_20240926_123452.jpg
2881,20240926.0,123721,NG,/home/kaizen-ai/Desktop/thrust_bearing_app/python-backend/Downloads/not_complete/NG_20240926_123721.jpg
2882,20240926.0,123823,GOOD,/home/kaizen-ai/Desktop/thrust_bearing_app/python-backend/Downloads/bearing_complete/GOOD_20240926_123823.jpg
2883,20240926.0,124127,GOOD,/home/kaizen-ai/Desktop/thrust_bearing_app/python-backend/Downloads/bearing_complete/GOOD_20240926_124127.jpg
2884,20240926.0,124216,GOOD,/home/kaizen-ai/Desktop/thrust_bearing_app/python-backend/Downloads/bearing_complete/GOOD_20240926_124216.jpg
2885,20240926.0,124306,GOOD,/home/kaizen-ai/Desktop/thrust_bearing_app/python-backend/Downloads/bearing_complete/GOOD_20240926_124306.jpg
2886,20240926.0,124408,GOOD,/home/kaizen-ai/Desktop/thrust_bearing_app/python-backend/Downloads/bearing_complete/GOOD_20240926_124408.jpg
2887,20240926.0,124532,GOOD,/home/kaizen-ai/Desktop/thrust_bearing_app/python-backend/Downloads/bearing_complete/GOOD_20240926_124532.jpg
2888,20240926.0,124622,GOOD,/home/kaizen-ai/Desktop/thrust_bearing_app/python-backend/Downloads/bearing_complete/GOOD_20240926_124622.jpg
2889,20240926.0,124723,GOOD,/home/kaizen-ai/Desktop/thrust_bearing_app/python-backend/Downloads/bearing_complete/GOOD_20240926_124723.jpg
2890,20240926.0,124828,GOOD,/home/kaizen-ai/Desktop/thrust_bearing_app/python-backend/Downloads/bearing_complete/GOOD_20240926_124828.jpg
2891,20240926.0,124920,GOOD,/home/kaizen-ai/Desktop/thrust_bearing_app/python-backend/Downloads/bearing_complete/GOOD_20240926_124920.jpg
2892,20240926.0,125015,GOOD,/home/kaizen-ai/Desktop/thrust_bearing_app/python-backend/Downloads/bearing_complete/GOOD_20240926_125015.jpg
2893,20240926.0,125123,GOOD,/home/kaizen-ai/Desktop/thrust_bearing_app/python-backend/Downloads/bearing_complete/GOOD_20240926_125123.jpg
2894,20240926.0,125235,NG,/home/kaizen-ai/Desktop/thrust_bearing_app/python-backend/Downloads/not_complete/NG_20240926_125235.jpg
2895,20240926.0,125426,GOOD,/home/kaizen-ai/Desktop/thrust_bearing_app/python-backend/Downloads/bearing_complete/GOOD_20240926_125426.jpg
2896,20240926.0,125530,GOOD,/home/kaizen-ai/Desktop/thrust_bearing_app/python-backend/Downloads/bearing_complete/GOOD_20240926_125530.jpg
2897,20240926.0,125633,NG,/home/kaizen-ai/Desktop/thrust_bearing_app/python-backend/Downloads/not_complete/NG_20240926_125633.jpg
2898,20240926.0,125729,GOOD,/home/kaizen-ai/Desktop/thrust_bearing_app/python-backend/Downloads/bearing_complete/GOOD_20240926_125729.jpg
2899,20240926.0,125817,GOOD,/home/kaizen-ai/Desktop/thrust_bearing_app/python-backend/Downloads/bearing_complete/GOOD_20240926_125817.jpg
2900,20240926.0,125936,GOOD,/home/kaizen-ai/Desktop/thrust_bearing_app/python-backend/Downloads/bearing_complete/GOOD_20240926_125936.jpg
2901,20240926.0,130107,GOOD,/home/kaizen-ai/Desktop/thrust_bearing_app/python-backend/Downloads/bearing_complete/GOOD_20240926_130107.jpg
2902,20240926.0,130206,GOOD,/home/kaizen-ai/Desktop/thrust_bearing_app/python-backend/Downloads/bearing_complete/GOOD_20240926_130206.jpg
2903,20240926.0,130304,GOOD,/home/kaizen-ai/Desktop/thrust_bearing_app/python-backend/Downloads/bearing_complete/GOOD_20240926_130304.jpg
2904,20240926.0,130435,GOOD,/home/kaizen-ai/Desktop/thrust_bearing_app/python-backend/Downloads/bearing_complete/GOOD_20240926_130435.jpg
2905,20240926.0,130542,GOOD,/home/kaizen-ai/Desktop/thrust_bearing_app/python-backend/Downloads/bearing_complete/GOOD_20240926_130542.jpg
2906,20240926.0,130648,GOOD,/home/kaizen-ai/Desktop/thrust_bearing_app/python-backend/Downloads/bearing_complete/GOOD_20240926_130648.jpg
2907,20240926.0,130747,GOOD,/home/kaizen-ai/Desktop/thrust_bearing_app/python-backend/Downloads/bearing_complete/GOOD_20240926_130747.jpg
2908,20240926.0,130854,GOOD,/home/kaizen-ai/Desktop/thrust_bearing_app/python-backend/Downloads/bearing_complete/GOOD_20240926_130854.jpg
2909,20240926.0,131005,GOOD,/home/kaizen-ai/Desktop/thrust_bearing_app/python-backend/Downloads/bearing_complete/GOOD_20240926_131005.jpg
2910,20240926.0,131116,NG,/home/kaizen-ai/Desktop/thrust_bearing_app/python-backend/Downloads/not_complete/NG_20240926_131116.jpg
2911,20240926.0,131209,GOOD,/home/kaizen-ai/Desktop/thrust_bearing_app/python-backend/Downloads/bearing_complete/GOOD_20240926_131209.jpg
2912,20240926.0,131313,GOOD,/home/kaizen-ai/Desktop/thrust_bearing_app/python-backend/Downloads/bearing_complete/GOOD_20240926_131313.jpg
2913,20240926.0,131353,GOOD,/home/kaizen-ai/Desktop/thrust_bearing_app/python-backend/Downloads/bearing_complete/GOOD_20240926_131353.jpg
2914,20240926.0,131441,GOOD,/home/kaizen-ai/Desktop/thrust_bearing_app/python-backend/Downloads/bearing_complete/GOOD_20240926_131441.jpg
2915,20240926.0,131553,GOOD,/home/kaizen-ai/Desktop/thrust_bearing_app/python-backend/Downloads/bearing_complete/GOOD_20240926_131553.jpg
2916,20240926.0,131702,GOOD,/home/kaizen-ai/Desktop/thrust_bearing_app/python-backend/Downloads/bearing_complete/GOOD_20240926_131702.jpg
2917,20240926.0,131756,GOOD,/home/kaizen-ai/Desktop/thrust_bearing_app/python-backend/Downloads/bearing_complete/GOOD_20240926_131756.jpg
2918,20240926.0,131907,NG,/home/kaizen-ai/Desktop/thrust_bearing_app/python-backend/Downloads/not_complete/NG_20240926_131907.jpg
2919,20240926.0,132130,NG,/home/kaizen-ai/Desktop/thrust_bearing_app/python-backend/Downloads/not_complete/NG_20240926_132130.jpg
2920,20240926.0,132216,GOOD,/home/kaizen-ai/Desktop/thrust_bearing_app/python-backend/Downloads/bearing_complete/GOOD_20240926_132216.jpg
2921,20240926.0,132344,GOOD,/home/kaizen-ai/Desktop/thrust_bearing_app/python-backend/Downloads/bearing_complete/GOOD_20240926_132344.jpg
2922,20240926.0,132442,GOOD,/home/kaizen-ai/Desktop/thrust_bearing_app/python-backend/Downloads/bearing_complete/GOOD_20240926_132442.jpg
2923,20240926.0,132535,GOOD,/home/kaizen-ai/Desktop/thrust_bearing_app/python-backend/Downloads/bearing_complete/GOOD_20240926_132535.jpg
2924,20240926.0,132643,GOOD,/home/kaizen-ai/Desktop/thrust_bearing_app/python-backend/Downloads/bearing_complete/GOOD_20240926_132643.jpg
2925,20240926.0,132743,GOOD,/home/kaizen-ai/Desktop/thrust_bearing_app/python-backend/Downloads/bearing_complete/GOOD_20240926_132743.jpg
2926,20240926.0,132854,GOOD,/home/kaizen-ai/Desktop/thrust_bearing_app/python-backend/Downloads/bearing_complete/GOOD_20240926_132854.jpg
2927,20240926.0,133007,GOOD,/home/kaizen-ai/Desktop/thrust_bearing_app/python-backend/Downloads/bearing_complete/GOOD_20240926_133007.jpg
2928,20240926.0,133135,NG,/home/kaizen-ai/Desktop/thrust_bearing_app/python-backend/Downloads/not_complete/NG_20240926_133135.jpg
2929,20240926.0,133239,GOOD,/home/kaizen-ai/Desktop/thrust_bearing_app/python-backend/Downloads/bearing_complete/GOOD_20240926_133239.jpg
2930,20240926.0,133338,GOOD,/home/kaizen-ai/Desktop/thrust_bearing_app/python-backend/Downloads/bearing_complete/GOOD_20240926_133338.jpg
2931,20240926.0,133441,GOOD,/home/kaizen-ai/Desktop/thrust_bearing_app/python-backend/Downloads/bearing_complete/GOOD_20240926_133441.jpg
2932,20240926.0,133546,GOOD,/home/kaizen-ai/Desktop/thrust_bearing_app/python-backend/Downloads/bearing_complete/GOOD_20240926_133546.jpg
2933,20240926.0,133642,GOOD,/home/kaizen-ai/Desktop/thrust_bearing_app/python-backend/Downloads/bearing_complete/GOOD_20240926_133642.jpg
2934,20240926.0,133751,GOOD,/home/kaizen-ai/Desktop/thrust_bearing_app/python-backend/Downloads/bearing_complete/GOOD_20240926_133751.jpg
2935,20240926.0,133934,GOOD,/home/kaizen-ai/Desktop/thrust_bearing_app/python-backend/Downloads/bearing_complete/GOOD_20240926_133934.jpg
2936,20240926.0,134033,GOOD,/home/kaizen-ai/Desktop/thrust_bearing_app/python-backend/Downloads/bearing_complete/GOOD_20240926_134033.jpg
2937,20240926.0,134132,GOOD,/home/kaizen-ai/Desktop/thrust_bearing_app/python-backend/Downloads/bearing_complete/GOOD_20240926_134132.jpg
2938,20240926.0,134247,GOOD,/home/kaizen-ai/Desktop/thrust_bearing_app/python-backend/Downloads/bearing_complete/GOOD_20240926_134247.jpg
2939,20240926.0,134330,GOOD,/home/kaizen-ai/Desktop/thrust_bearing_app/python-backend/Downloads/bearing_complete/GOOD_20240926_134330.jpg
2940,20240926.0,134443,GOOD,/home/kaizen-ai/Desktop/thrust_bearing_app/python-backend/Downloads/bearing_complete/GOOD_20240926_134443.jpg
2941,20240926.0,134542,GOOD,/home/kaizen-ai/Desktop/thrust_bearing_app/python-backend/Downloads/bearing_complete/GOOD_20240926_134542.jpg
2942,20240926.0,134642,GOOD,/home/kaizen-ai/Desktop/thrust_bearing_app/python-backend/Downloads/bearing_complete/GOOD_20240926_134642.jpg
2943,20240926.0,134818,GOOD,/home/kaizen-ai/Desktop/thrust_bearing_app/python-backend/Downloads/bearing_complete/GOOD_20240926_134818.jpg
2944,20240926.0,134910,GOOD,/home/kaizen-ai/Desktop/thrust_bearing_app/python-backend/Downloads/bearing_complete/GOOD_20240926_134910.jpg
2945,20240926.0,135019,NG,/home/kaizen-ai/Desktop/thrust_bearing_app/python-backend/Downloads/not_complete/NG_20240926_135019.jpg
2946,20240926.0,135121,GOOD,/home/kaizen-ai/Desktop/thrust_bearing_app/python-backend/Downloads/bearing_complete/GOOD_20240926_135121.jpg
2947,20240926.0,135226,GOOD,/home/kaizen-ai/Desktop/thrust_bearing_app/python-backend/Downloads/bearing_complete/GOOD_20240926_135226.jpg
2948,20240926.0,135410,GOOD,/home/kaizen-ai/Desktop/thrust_bearing_app/python-backend/Downloads/bearing_complete/GOOD_20240926_135410.jpg
2949,20240926.0,135506,GOOD,/home/kaizen-ai/Desktop/thrust_bearing_app/python-backend/Downloads/bearing_complete/GOOD_20240926_135506.jpg
2950,20240926.0,135558,GOOD,/home/kaizen-ai/Desktop/thrust_bearing_app/python-backend/Downloads/bearing_complete/GOOD_20240926_135558.jpg
2951,20240926.0,135707,GOOD,/home/kaizen-ai/Desktop/thrust_bearing_app/python-backend/Downloads/bearing_complete/GOOD_20240926_135707.jpg
2952,20240926.0,135836,GOOD,/home/kaizen-ai/Desktop/thrust_bearing_app/python-backend/Downloads/bearing_complete/GOOD_20240926_135836.jpg
2953,20240926.0,135938,GOOD,/home/kaizen-ai/Desktop/thrust_bearing_app/python-backend/Downloads/bearing_complete/GOOD_20240926_135938.jpg
2954,20240926.0,140927,GOOD,/home/kaizen-ai/Desktop/thrust_bearing_app/python-backend/Downloads/bearing_complete/GOOD_20240926_140927.jpg
2955,20240926.0,141055,GOOD,/home/kaizen-ai/Desktop/thrust_bearing_app/python-backend/Downloads/bearing_complete/GOOD_20240926_141055.jpg
2956,20240926.0,141210,GOOD,/home/kaizen-ai/Desktop/thrust_bearing_app/python-backend/Downloads/bearing_complete/GOOD_20240926_141210.jpg
2957,20240926.0,141316,GOOD,/home/kaizen-ai/Desktop/thrust_bearing_app/python-backend/Downloads/bearing_complete/GOOD_20240926_141316.jpg
2958,20240926.0,141414,GOOD,/home/kaizen-ai/Desktop/thrust_bearing_app/python-backend/Downloads/bearing_complete/GOOD_20240926_141414.jpg
2959,20240926.0,141613,GOOD,/home/kaizen-ai/Desktop/thrust_bearing_app/python-backend/Downloads/bearing_complete/GOOD_20240926_141613.jpg
2960,20240926.0,141716,GOOD,/home/kaizen-ai/Desktop/thrust_bearing_app/python-backend/Downloads/bearing_complete/GOOD_20240926_141716.jpg
2961,20240926.0,141818,GOOD,/home/kaizen-ai/Desktop/thrust_bearing_app/python-backend/Downloads/bearing_complete/GOOD_20240926_141818.jpg
2962,20240926.0,141918,GOOD,/home/kaizen-ai/Desktop/thrust_bearing_app/python-backend/Downloads/bearing_complete/GOOD_20240926_141918.jpg
2963,20240926.0,142129,NG,/home/kaizen-ai/Desktop/thrust_bearing_app/python-backend/Downloads/not_complete/NG_20240926_142129.jpg
2964,20240926.0,142229,GOOD,/home/kaizen-ai/Desktop/thrust_bearing_app/python-backend/Downloads/bearing_complete/GOOD_20240926_142229.jpg
2965,20240926.0,142328,GOOD,/home/kaizen-ai/Desktop/thrust_bearing_app/python-backend/Downloads/bearing_complete/GOOD_20240926_142328.jpg
2966,20240926.0,142425,GOOD,/home/kaizen-ai/Desktop/thrust_bearing_app/python-backend/Downloads/bearing_complete/GOOD_20240926_142425.jpg
2967,20240926.0,142538,NG,/home/kaizen-ai/Desktop/thrust_bearing_app/python-backend/Downloads/not_complete/NG_20240926_142538.jpg
2968,20240926.0,142639,GOOD,/home/kaizen-ai/Desktop/thrust_bearing_app/python-backend/Downloads/bearing_complete/GOOD_20240926_142639.jpg
2969,20240926.0,142843,NG,/home/kaizen-ai/Desktop/thrust_bearing_app/python-backend/Downloads/not_complete/NG_20240926_142843.jpg
2970,20240926.0,143108,GOOD,/home/kaizen-ai/Desktop/thrust_bearing_app/python-backend/Downloads/bearing_complete/GOOD_20240926_143108.jpg
2971,20240926.0,143216,GOOD,/home/kaizen-ai/Desktop/thrust_bearing_app/python-backend/Downloads/bearing_complete/GOOD_20240926_143216.jpg
2972,20240926.0,143422,GOOD,/home/kaizen-ai/Desktop/thrust_bearing_app/python-backend/Downloads/bearing_complete/GOOD_20240926_143422.jpg
2973,20240926.0,143604,GOOD,/home/kaizen-ai/Desktop/thrust_bearing_app/python-backend/Downloads/bearing_complete/GOOD_20240926_143604.jpg
2974,20240926.0,143711,NG,/home/kaizen-ai/Desktop/thrust_bearing_app/python-backend/Downloads/not_complete/NG_20240926_143711.jpg
2975,20240926.0,143834,GOOD,/home/kaizen-ai/Desktop/thrust_bearing_app/python-backend/Downloads/bearing_complete/GOOD_20240926_143834.jpg
2976,20240926.0,143947,GOOD,/home/kaizen-ai/Desktop/thrust_bearing_app/python-backend/Downloads/bearing_complete/GOOD_20240926_143947.jpg
2977,20240926.0,144111,GOOD,/home/kaizen-ai/Desktop/thrust_bearing_app/python-backend/Downloads/bearing_complete/GOOD_20240926_144111.jpg
2978,20240926.0,144223,GOOD,/home/kaizen-ai/Desktop/thrust_bearing_app/python-backend/Downloads/bearing_complete/GOOD_20240926_144223.jpg
2979,20240926.0,144314,GOOD,/home/kaizen-ai/Desktop/thrust_bearing_app/python-backend/Downloads/bearing_complete/GOOD_20240926_144314.jpg
2980,20240926.0,144428,GOOD,/home/kaizen-ai/Desktop/thrust_bearing_app/python-backend/Downloads/bearing_complete/GOOD_20240926_144428.jpg
2981,20240926.0,144653,NG,/home/kaizen-ai/Desktop/thrust_bearing_app/python-backend/Downloads/not_complete/NG_20240926_144653.jpg
2982,20240926.0,144800,GOOD,/home/kaizen-ai/Desktop/thrust_bearing_app/python-backend/Downloads/bearing_complete/GOOD_20240926_144800.jpg
2983,20240926.0,144916,GOOD,/home/kaizen-ai/Desktop/thrust_bearing_app/python-backend/Downloads/bearing_complete/GOOD_20240926_144916.jpg
2984,20240926.0,145123,GOOD,/home/kaizen-ai/Desktop/thrust_bearing_app/python-backend/Downloads/bearing_complete/GOOD_20240926_145123.jpg
2985,20240926.0,145333,GOOD,/home/kaizen-ai/Desktop/thrust_bearing_app/python-backend/Downloads/bearing_complete/GOOD_20240926_145333.jpg
2986,20240926.0,145450,NG,/home/kaizen-ai/Desktop/thrust_bearing_app/python-backend/Downloads/not_complete/NG_20240926_145450.jpg
2987,20240926.0,145550,GOOD,/home/kaizen-ai/Desktop/thrust_bearing_app/python-backend/Downloads/bearing_complete/GOOD_20240926_145550.jpg
2988,20240926.0,145709,GOOD,/home/kaizen-ai/Desktop/thrust_bearing_app/python-backend/Downloads/bearing_complete/GOOD_20240926_145709.jpg
2989,20240926.0,145820,GOOD,/home/kaizen-ai/Desktop/thrust_bearing_app/python-backend/Downloads/bearing_complete/GOOD_20240926_145820.jpg
2990,20240926.0,145910,NG,/home/kaizen-ai/Desktop/thrust_bearing_app/python-backend/Downloads/not_complete/NG_20240926_145910.jpg
2991,20240926.0,145944,GOOD,/home/kaizen-ai/Desktop/thrust_bearing_app/python-backend/Downloads/bearing_complete/GOOD_20240926_145944.jpg
2992,20240926.0,150050,GOOD,/home/kaizen-ai/Desktop/thrust_bearing_app/python-backend/Downloads/bearing_complete/GOOD_20240926_150050.jpg
2993,20240926.0,150151,GOOD,/home/kaizen-ai/Desktop/thrust_bearing_app/python-backend/Downloads/bearing_complete/GOOD_20240926_150151.jpg
2994,20240926.0,150340,GOOD,/home/kaizen-ai/Desktop/thrust_bearing_app/python-backend/Downloads/bearing_complete/GOOD_20240926_150340.jpg
2995,20240926.0,150425,GOOD,/home/kaizen-ai/Desktop/thrust_bearing_app/python-backend/Downloads/bearing_complete/GOOD_20240926_150425.jpg
2996,20240926.0,150507,GOOD,/home/kaizen-ai/Desktop/thrust_bearing_app/python-backend/Downloads/bearing_complete/GOOD_20240926_150507.jpg
2997,20240926.0,150559,NG,/home/kaizen-ai/Desktop/thrust_bearing_app/python-backend/Downloads/not_complete/NG_20240926_150559.jpg
2998,20240926.0,150647,GOOD,/home/kaizen-ai/Desktop/thrust_bearing_app/python-backend/Downloads/bearing_complete/GOOD_20240926_150647.jpg
2999,20240926.0,150803,GOOD,/home/kaizen-ai/Desktop/thrust_bearing_app/python-backend/Downloads/bearing_complete/GOOD_20240926_150803.jpg
3000,20240926.0,151456,GOOD,/home/kaizen-ai/Desktop/thrust_bearing_app/python-backend/Downloads/bearing_complete/GOOD_20240926_151456.jpg
3001,20240926.0,151546,GOOD,/home/kaizen-ai/Desktop/thrust_bearing_app/python-backend/Downloads/bearing_complete/GOOD_20240926_151546.jpg
3002,20240926.0,151653,GOOD,/home/kaizen-ai/Desktop/thrust_bearing_app/python-backend/Downloads/bearing_complete/GOOD_20240926_151653.jpg
3003,20240926.0,151746,GOOD,/home/kaizen-ai/Desktop/thrust_bearing_app/python-backend/Downloads/bearing_complete/GOOD_20240926_151746.jpg
3004,20240926.0,151835,GOOD,/home/kaizen-ai/Desktop/thrust_bearing_app/python-backend/Downloads/bearing_complete/GOOD_20240926_151835.jpg
3005,20240926.0,151934,GOOD,/home/kaizen-ai/Desktop/thrust_bearing_app/python-backend/Downloads/bearing_complete/GOOD_20240926_151934.jpg
3006,20240926.0,152107,GOOD,/home/kaizen-ai/Desktop/thrust_bearing_app/python-backend/Downloads/bearing_complete/GOOD_20240926_152107.jpg
3007,20240926.0,152205,GOOD,/home/kaizen-ai/Desktop/thrust_bearing_app/python-backend/Downloads/bearing_complete/GOOD_20240926_152205.jpg
3008,20240926.0,152246,GOOD,/home/kaizen-ai/Desktop/thrust_bearing_app/python-backend/Downloads/bearing_complete/GOOD_20240926_152246.jpg
3009,20240926.0,152340,GOOD,/home/kaizen-ai/Desktop/thrust_bearing_app/python-backend/Downloads/bearing_complete/GOOD_20240926_152340.jpg
3010,20240926.0,152446,GOOD,/home/kaizen-ai/Desktop/thrust_bearing_app/python-backend/Downloads/bearing_complete/GOOD_20240926_152446.jpg
3011,20240926.0,152542,GOOD,/home/kaizen-ai/Desktop/thrust_bearing_app/python-backend/Downloads/bearing_complete/GOOD_20240926_152542.jpg
3012,20240926.0,152631,NG,/home/kaizen-ai/Desktop/thrust_bearing_app/python-backend/Downloads/not_complete/NG_20240926_152631.jpg
3013,20240926.0,152734,GOOD,/home/kaizen-ai/Desktop/thrust_bearing_app/python-backend/Downloads/bearing_complete/GOOD_20240926_152734.jpg
3014,20240926.0,152825,GOOD,/home/kaizen-ai/Desktop/thrust_bearing_app/python-backend/Downloads/bearing_complete/GOOD_20240926_152825.jpg
3015,20240926.0,152921,GOOD,/home/kaizen-ai/Desktop/thrust_bearing_app/python-backend/Downloads/bearing_complete/GOOD_20240926_152921.jpg
3016,20240926.0,153047,GOOD,/home/kaizen-ai/Desktop/thrust_bearing_app/python-backend/Downloads/bearing_complete/GOOD_20240926_153047.jpg
3017,20240926.0,153151,GOOD,/home/kaizen-ai/Desktop/thrust_bearing_app/python-backend/Downloads/bearing_complete/GOOD_20240926_153151.jpg
3018,20240926.0,153256,GOOD,/home/kaizen-ai/Desktop/thrust_bearing_app/python-backend/Downloads/bearing_complete/GOOD_20240926_153256.jpg
3019,20240926.0,153420,GOOD,/home/kaizen-ai/Desktop/thrust_bearing_app/python-backend/Downloads/bearing_complete/GOOD_20240926_153420.jpg
3020,20240926.0,153510,GOOD,/home/kaizen-ai/Desktop/thrust_bearing_app/python-backend/Downloads/bearing_complete/GOOD_20240926_153510.jpg
3021,20240926.0,153610,GOOD,/home/kaizen-ai/Desktop/thrust_bearing_app/python-backend/Downloads/bearing_complete/GOOD_20240926_153610.jpg
3022,20240926.0,153716,GOOD,/home/kaizen-ai/Desktop/thrust_bearing_app/python-backend/Downloads/bearing_complete/GOOD_20240926_153716.jpg
3023,20240926.0,153821,GOOD,/home/kaizen-ai/Desktop/thrust_bearing_app/python-backend/Downloads/bearing_complete/GOOD_20240926_153821.jpg
3024,20240926.0,153927,GOOD,/home/kaizen-ai/Desktop/thrust_bearing_app/python-backend/Downloads/bearing_complete/GOOD_20240926_153927.jpg
3025,20240926.0,154109,GOOD,/home/kaizen-ai/Desktop/thrust_bearing_app/python-backend/Downloads/bearing_complete/GOOD_20240926_154109.jpg
3026,20240926.0,154204,GOOD,/home/kaizen-ai/Desktop/thrust_bearing_app/python-backend/Downloads/bearing_complete/GOOD_20240926_154204.jpg
3027,20240926.0,154250,NG,/home/kaizen-ai/Desktop/thrust_bearing_app/python-backend/Downloads/not_complete/NG_20240926_154250.jpg
3028,20240926.0,154416,GOOD,/home/kaizen-ai/Desktop/thrust_bearing_app/python-backend/Downloads/bearing_complete/GOOD_20240926_154416.jpg
3029,20240926.0,154544,GOOD,/home/kaizen-ai/Desktop/thrust_bearing_app/python-backend/Downloads/bearing_complete/GOOD_20240926_154544.jpg
3030,20240926.0,154633,GOOD,/home/kaizen-ai/Desktop/thrust_bearing_app/python-backend/Downloads/bearing_complete/GOOD_20240926_154633.jpg
3031,20240926.0,154728,GOOD,/home/kaizen-ai/Desktop/thrust_bearing_app/python-backend/Downloads/bearing_complete/GOOD_20240926_154728.jpg
3032,20240926.0,154827,GOOD,/home/kaizen-ai/Desktop/thrust_bearing_app/python-backend/Downloads/bearing_complete/GOOD_20240926_154827.jpg
3033,20240926.0,155014,GOOD,/home/kaizen-ai/Desktop/thrust_bearing_app/python-backend/Downloads/bearing_complete/GOOD_20240926_155014.jpg
3034,20240926.0,155126,NG,/home/kaizen-ai/Desktop/thrust_bearing_app/python-backend/Downloads/not_complete/NG_20240926_155126.jpg
3035,20240926.0,155216,GOOD,/home/kaizen-ai/Desktop/thrust_bearing_app/python-backend/Downloads/bearing_complete/GOOD_20240926_155216.jpg
3036,20240926.0,155335,GOOD,/home/kaizen-ai/Desktop/thrust_bearing_app/python-backend/Downloads/bearing_complete/GOOD_20240926_155335.jpg
3037,20240926.0,155431,GOOD,/home/kaizen-ai/Desktop/thrust_bearing_app/python-backend/Downloads/bearing_complete/GOOD_20240926_155431.jpg
3038,20240926.0,155533,GOOD,/home/kaizen-ai/Desktop/thrust_bearing_app/python-backend/Downloads/bearing_complete/GOOD_20240926_155533.jpg
3039,20240926.0,161358,GOOD,/home/kaizen-ai/Desktop/thrust_bearing_app/python-backend/Downloads/bearing_complete/GOOD_20240926_161358.jpg
3040,20240926.0,161446,NG,/home/kaizen-ai/Desktop/thrust_bearing_app/python-backend/Downloads/not_complete/NG_20240926_161446.jpg
3041,20240926.0,161812,NG,/home/kaizen-ai/Desktop/thrust_bearing_app/python-backend/Downloads/not_complete/NG_20240926_161812.jpg
3042,20240926.0,161856,NG,/home/kaizen-ai/Desktop/thrust_bearing_app/python-backend/Downloads/not_complete/NG_20240926_161856.jpg
3043,20240926.0,162057,NG,/home/kaizen-ai/Desktop/thrust_bearing_app/python-backend/Downloads/not_complete/NG_20240926_162057.jpg
3044,20240926.0,162505,NG,/home/kaizen-ai/Desktop/thrust_bearing_app/python-backend/Downloads/not_complete/NG_20240926_162505.jpg
3045,20240926.0,162549,NG,/home/kaizen-ai/Desktop/thrust_bearing_app/python-backend/Downloads/not_complete/NG_20240926_162549.jpg
3046,20240926.0,162637,NG,/home/kaizen-ai/Desktop/thrust_bearing_app/python-backend/Downloads/not_complete/NG_20240926_162637.jpg
3047,20240926.0,162717,NG,/home/kaizen-ai/Desktop/thrust_bearing_app/python-backend/Downloads/not_complete/NG_20240926_162717.jpg
3048,20240926.0,162823,NG,/home/kaizen-ai/Desktop/thrust_bearing_app/python-backend/Downloads/not_complete/NG_20240926_162823.jpg
3049,20240926.0,162856,NG,/home/kaizen-ai/Desktop/thrust_bearing_app/python-backend/Downloads/not_complete/NG_20240926_162856.jpg
3050,20240926.0,163104,GOOD,/home/kaizen-ai/Desktop/thrust_bearing_app/python-backend/Downloads/bearing_complete/GOOD_20240926_163104.jpg
3051,20240926.0,163220,GOOD,/home/kaizen-ai/Desktop/thrust_bearing_app/python-backend/Downloads/bearing_complete/GOOD_20240926_163220.jpg
3052,20240926.0,163306,NG,/home/kaizen-ai/Desktop/thrust_bearing_app/python-backend/Downloads/not_complete/NG_20240926_163306.jpg
3053,20240926.0,163357,GOOD,/home/kaizen-ai/Desktop/thrust_bearing_app/python-backend/Downloads/bearing_complete/GOOD_20240926_163357.jpg
3054,20240926.0,163445,GOOD,/home/kaizen-ai/Desktop/thrust_bearing_app/python-backend/Downloads/bearing_complete/GOOD_20240926_163445.jpg
3055,20240926.0,163532,GOOD,/home/kaizen-ai/Desktop/thrust_bearing_app/python-backend/Downloads/bearing_complete/GOOD_20240926_163532.jpg
3056,20240926.0,163622,GOOD,/home/kaizen-ai/Desktop/thrust_bearing_app/python-backend/Downloads/bearing_complete/GOOD_20240926_163622.jpg
3057,20240926.0,163726,GOOD,/home/kaizen-ai/Desktop/thrust_bearing_app/python-backend/Downloads/bearing_complete/GOOD_20240926_163726.jpg
3058,20240926.0,163812,GOOD,/home/kaizen-ai/Desktop/thrust_bearing_app/python-backend/Downloads/bearing_complete/GOOD_20240926_163812.jpg
3059,20240926.0,163924,NG,/home/kaizen-ai/Desktop/thrust_bearing_app/python-backend/Downloads/not_complete/NG_20240926_163924.jpg
3060,20240926.0,164020,GOOD,/home/kaizen-ai/Desktop/thrust_bearing_app/python-backend/Downloads/bearing_complete/GOOD_20240926_164020.jpg
3061,20240926.0,164218,GOOD,/home/kaizen-ai/Desktop/thrust_bearing_app/python-backend/Downloads/bearing_complete/GOOD_20240926_164218.jpg
3062,20240926.0,164308,GOOD,/home/kaizen-ai/Desktop/thrust_bearing_app/python-backend/Downloads/bearing_complete/GOOD_20240926_164308.jpg
3063,20240926.0,164410,GOOD,/home/kaizen-ai/Desktop/thrust_bearing_app/python-backend/Downloads/bearing_complete/GOOD_20240926_164410.jpg
3064,20240926.0,164609,GOOD,/home/kaizen-ai/Desktop/thrust_bearing_app/python-backend/Downloads/bearing_complete/GOOD_20240926_164609.jpg
3065,20240926.0,164701,GOOD,/home/kaizen-ai/Desktop/thrust_bearing_app/python-backend/Downloads/bearing_complete/GOOD_20240926_164701.jpg
3066,20240926.0,164810,NG,/home/kaizen-ai/Desktop/thrust_bearing_app/python-backend/Downloads/not_complete/NG_20240926_164810.jpg
3067,20240926.0,164844,GOOD,/home/kaizen-ai/Desktop/thrust_bearing_app/python-backend/Downloads/bearing_complete/GOOD_20240926_164844.jpg
3068,20240926.0,165131,GOOD,/home/kaizen-ai/Desktop/thrust_bearing_app/python-backend/Downloads/bearing_complete/GOOD_20240926_165131.jpg
3069,20240926.0,165213,GOOD,/home/kaizen-ai/Desktop/thrust_bearing_app/python-backend/Downloads/bearing_complete/GOOD_20240926_165213.jpg
3070,20240926.0,165307,GOOD,/home/kaizen-ai/Desktop/thrust_bearing_app/python-backend/Downloads/bearing_complete/GOOD_20240926_165307.jpg
3071,20240926.0,165415,NG,/home/kaizen-ai/Desktop/thrust_bearing_app/python-backend/Downloads/not_complete/NG_20240926_165415.jpg
3072,20240926.0,165500,GOOD,/home/kaizen-ai/Desktop/thrust_bearing_app/python-backend/Downloads/bearing_complete/GOOD_20240926_165500.jpg
3073,20240926.0,165735,GOOD,/home/kaizen-ai/Desktop/thrust_bearing_app/python-backend/Downloads/bearing_complete/GOOD_20240926_165735.jpg
3074,20240926.0,165829,GOOD,/home/kaizen-ai/Desktop/thrust_bearing_app/python-backend/Downloads/bearing_complete/GOOD_20240926_165829.jpg
3075,20240926.0,165958,GOOD,/home/kaizen-ai/Desktop/thrust_bearing_app/python-backend/Downloads/bearing_complete/GOOD_20240926_165958.jpg
3076,20240926.0,170106,GOOD,/home/kaizen-ai/Desktop/thrust_bearing_app/python-backend/Downloads/bearing_complete/GOOD_20240926_170106.jpg
3077,20240926.0,170200,GOOD,/home/kaizen-ai/Desktop/thrust_bearing_app/python-backend/Downloads/bearing_complete/GOOD_20240926_170200.jpg
3078,20240926.0,170404,NG,/home/kaizen-ai/Desktop/thrust_bearing_app/python-backend/Downloads/not_complete/NG_20240926_170404.jpg
3079,20240926.0,170522,NG,/home/kaizen-ai/Desktop/thrust_bearing_app/python-backend/Downloads/not_complete/NG_20240926_170522.jpg
3080,20240926.0,170611,GOOD,/home/kaizen-ai/Desktop/thrust_bearing_app/python-backend/Downloads/bearing_complete/GOOD_20240926_170611.jpg
3081,20240926.0,170742,GOOD,/home/kaizen-ai/Desktop/thrust_bearing_app/python-backend/Downloads/bearing_complete/GOOD_20240926_170742.jpg
3082,20240926.0,170839,GOOD,/home/kaizen-ai/Desktop/thrust_bearing_app/python-backend/Downloads/bearing_complete/GOOD_20240926_170839.jpg
3083,20240926.0,170948,GOOD,/home/kaizen-ai/Desktop/thrust_bearing_app/python-backend/Downloads/bearing_complete/GOOD_20240926_170948.jpg
3084,20240926.0,171056,GOOD,/home/kaizen-ai/Desktop/thrust_bearing_app/python-backend/Downloads/bearing_complete/GOOD_20240926_171056.jpg
3085,20240926.0,171322,NG,/home/kaizen-ai/Desktop/thrust_bearing_app/python-backend/Downloads/not_complete/NG_20240926_171322.jpg
3086,20240926.0,171422,GOOD,/home/kaizen-ai/Desktop/thrust_bearing_app/python-backend/Downloads/bearing_complete/GOOD_20240926_171422.jpg
3087,20240926.0,171534,GOOD,/home/kaizen-ai/Desktop/thrust_bearing_app/python-backend/Downloads/bearing_complete/GOOD_20240926_171534.jpg
3088,20240926.0,171855,NG,/home/kaizen-ai/Desktop/thrust_bearing_app/python-backend/Downloads/not_complete/NG_20240926_171855.jpg
3089,20240926.0,172012,NG,/home/kaizen-ai/Desktop/thrust_bearing_app/python-backend/Downloads/not_complete/NG_20240926_172012.jpg
3090,20240926.0,172218,GOOD,/home/kaizen-ai/Desktop/thrust_bearing_app/python-backend/Downloads/bearing_complete/GOOD_20240926_172218.jpg
3091,20240926.0,172330,GOOD,/home/kaizen-ai/Desktop/thrust_bearing_app/python-backend/Downloads/bearing_complete/GOOD_20240926_172330.jpg
3092,20240926.0,172426,GOOD,/home/kaizen-ai/Desktop/thrust_bearing_app/python-backend/Downloads/bearing_complete/GOOD_20240926_172426.jpg
3093,20240926.0,172517,GOOD,/home/kaizen-ai/Desktop/thrust_bearing_app/python-backend/Downloads/bearing_complete/GOOD_20240926_172517.jpg
3094,20240926.0,172617,NG,/home/kaizen-ai/Desktop/thrust_bearing_app/python-backend/Downloads/not_complete/NG_20240926_172617.jpg
3095,20240926.0,172721,GOOD,/home/kaizen-ai/Desktop/thrust_bearing_app/python-backend/Downloads/bearing_complete/GOOD_20240926_172721.jpg
3096,20240926.0,172812,GOOD,/home/kaizen-ai/Desktop/thrust_bearing_app/python-backend/Downloads/bearing_complete/GOOD_20240926_172812.jpg
3097,20240926.0,172904,GOOD,/home/kaizen-ai/Desktop/thrust_bearing_app/python-backend/Downloads/bearing_complete/GOOD_20240926_172904.jpg
3098,20240926.0,173130,NG,/home/kaizen-ai/Desktop/thrust_bearing_app/python-backend/Downloads/not_complete/NG_20240926_173130.jpg
3099,20240926.0,173637,NG,/home/kaizen-ai/Desktop/thrust_bearing_app/python-backend/Downloads/not_complete/NG_20240926_173637.jpg
3100,20240926.0,173709,NG,/home/kaizen-ai/Desktop/thrust_bearing_app/python-backend/Downloads/not_complete/NG_20240926_173709.jpg
3101,20240926.0,173759,NG,/home/kaizen-ai/Desktop/thrust_bearing_app/python-backend/Downloads/not_complete/NG_20240926_173759.jpg
3102,20240926.0,173912,NG,/home/kaizen-ai/Desktop/thrust_bearing_app/python-backend/Downloads/not_complete/NG_20240926_173912.jpg
3103,20240926.0,174015,NG,/home/kaizen-ai/Desktop/thrust_bearing_app/python-backend/Downloads/not_complete/NG_20240926_174015.jpg
3104,20240926.0,174103,NG,/home/kaizen-ai/Desktop/thrust_bearing_app/python-backend/Downloads/not_complete/NG_20240926_174103.jpg
3105,20240926.0,174227,NG,/home/kaizen-ai/Desktop/thrust_bearing_app/python-backend/Downloads/not_complete/NG_20240926_174227.jpg
3106,20240926.0,181059,GOOD,/home/kaizen-ai/Desktop/thrust_bearing_app/python-backend/Downloads/bearing_complete/GOOD_20240926_181059.jpg
3107,20240926.0,181121,GOOD,/home/kaizen-ai/Desktop/thrust_bearing_app/python-backend/Downloads/bearing_complete/GOOD_20240926_181121.jpg
3108,20240926.0,181142,GOOD,/home/kaizen-ai/Desktop/thrust_bearing_app/python-backend/Downloads/bearing_complete/GOOD_20240926_181142.jpg
3109,20240926.0,181155,GOOD,/home/kaizen-ai/Desktop/thrust_bearing_app/python-backend/Downloads/bearing_complete/GOOD_20240926_181155.jpg
3110,20240926.0,181207,GOOD,/home/kaizen-ai/Desktop/thrust_bearing_app/python-backend/Downloads/bearing_complete/GOOD_20240926_181207.jpg
3111,20240926.0,181218,GOOD,/home/kaizen-ai/Desktop/thrust_bearing_app/python-backend/Downloads/bearing_complete/GOOD_20240926_181218.jpg
3112,20240926.0,181324,NG,/home/kaizen-ai/Desktop/thrust_bearing_app/python-backend/Downloads/not_complete/NG_20240926_181324.jpg
3113,20240926.0,181517,NG,/home/kaizen-ai/Desktop/thrust_bearing_app/python-backend/Downloads/not_complete/NG_20240926_181517.jpg
3114,20240926.0,181555,NG,/home/kaizen-ai/Desktop/thrust_bearing_app/python-backend/Downloads/not_complete/NG_20240926_181555.jpg
3115,20240926.0,181627,NG,/home/kaizen-ai/Desktop/thrust_bearing_app/python-backend/Downloads/not_complete/NG_20240926_181627.jpg
3116,20240926.0,181655,NG,/home/kaizen-ai/Desktop/thrust_bearing_app/python-backend/Downloads/not_complete/NG_20240926_181655.jpg
3117,20240926.0,182036,NG,/home/kaizen-ai/Desktop/thrust_bearing_app/python-backend/Downloads/not_complete/NG_20240926_182036.jpg
3118,20240926.0,182122,NG,/home/kaizen-ai/Desktop/thrust_bearing_app/python-backend/Downloads/not_complete/NG_20240926_182122.jpg
3119,20240926.0,182149,NG,/home/kaizen-ai/Desktop/thrust_bearing_app/python-backend/Downloads/not_complete/NG_20240926_182149.jpg
3120,20240926.0,182234,NG,/home/kaizen-ai/Desktop/thrust_bearing_app/python-backend/Downloads/not_complete/NG_20240926_182234.jpg
3121,20240926.0,182258,NG,/home/kaizen-ai/Desktop/thrust_bearing_app/python-backend/Downloads/not_complete/NG_20240926_182258.jpg
3122,20240926.0,182351,NG,/home/kaizen-ai/Desktop/thrust_bearing_app/python-backend/Downloads/not_complete/NG_20240926_182351.jpg
3123,20240926.0,182844,NG,/home/kaizen-ai/Desktop/thrust_bearing_app/python-backend/Downloads/not_complete/NG_20240926_182844.jpg
3124,20240926.0,182922,NG,/home/kaizen-ai/Desktop/thrust_bearing_app/python-backend/Downloads/not_complete/NG_20240926_182922.jpg
3125,20240926.0,182942,NG,/home/kaizen-ai/Desktop/thrust_bearing_app/python-backend/Downloads/not_complete/NG_20240926_182942.jpg
3126,20240926.0,183128,NG,/home/kaizen-ai/Desktop/thrust_bearing_app/python-backend/Downloads/not_complete/NG_20240926_183128.jpg
3127,20240926.0,183207,NG,/home/kaizen-ai/Desktop/thrust_bearing_app/python-backend/Downloads/not_complete/NG_20240926_183207.jpg
3128,20240926.0,183243,NG,/home/kaizen-ai/Desktop/thrust_bearing_app/python-backend/Downloads/not_complete/NG_20240926_183243.jpg
3129,20240926.0,183438,NG,/home/kaizen-ai/Desktop/thrust_bearing_app/python-backend/Downloads/not_complete/NG_20240926_183438.jpg
3130,20240926.0,183512,NG,/home/kaizen-ai/Desktop/thrust_bearing_app/python-backend/Downloads/not_complete/NG_20240926_183512.jpg
3131,20240926.0,183916,NG,/home/kaizen-ai/Desktop/thrust_bearing_app/python-backend/Downloads/not_complete/NG_20240926_183916.jpg
3132,20240926.0,184000,GOOD,/home/kaizen-ai/Desktop/thrust_bearing_app/python-backend/Downloads/bearing_complete/GOOD_20240926_184000.jpg
3133,20240926.0,184035,NG,/home/kaizen-ai/Desktop/thrust_bearing_app/python-backend/Downloads/not_complete/NG_20240926_184035.jpg
3134,20240926.0,184255,NG,/home/kaizen-ai/Desktop/thrust_bearing_app/python-backend/Downloads/not_complete/NG_20240926_184255.jpg
3135,20240926.0,184313,NG,/home/kaizen-ai/Desktop/thrust_bearing_app/python-backend/Downloads/not_complete/NG_20240926_184313.jpg
3136,20240926.0,184402,NG,/home/kaizen-ai/Desktop/thrust_bearing_app/python-backend/Downloads/not_complete/NG_20240926_184402.jpg
3137,20240926.0,184428,NG,/home/kaizen-ai/Desktop/thrust_bearing_app/python-backend/Downloads/not_complete/NG_20240926_184428.jpg
3138,20240926.0,184445,NG,/home/kaizen-ai/Desktop/thrust_bearing_app/python-backend/Downloads/not_complete/NG_20240926_184445.jpg
3139,20240926.0,184506,NG,/home/kaizen-ai/Desktop/thrust_bearing_app/python-backend/Downloads/not_complete/NG_20240926_184506.jpg
3140,20240926.0,184531,NG,/home/kaizen-ai/Desktop/thrust_bearing_app/python-backend/Downloads/not_complete/NG_20240926_184531.jpg
3141,20240926.0,184600,NG,/home/kaizen-ai/Desktop/thrust_bearing_app/python-backend/Downloads/not_complete/NG_20240926_184600.jpg
3142,20240926.0,185229,NG,/home/kaizen-ai/Desktop/thrust_bearing_app/python-backend/Downloads/not_complete/NG_20240926_185229.jpg
3143,20240926.0,185316,NG,/home/kaizen-ai/Desktop/thrust_bearing_app/python-backend/Downloads/not_complete/NG_20240926_185316.jpg
3144,20240926.0,185345,GOOD,/home/kaizen-ai/Desktop/thrust_bearing_app/python-backend/Downloads/bearing_complete/GOOD_20240926_185345.jpg
3145,20240926.0,192939,GOOD,/home/kaizen-ai/Desktop/thrust_bearing_app/python-backend/Downloads/bearing_complete/GOOD_20240926_192939.jpg
3146,20240926.0,192951,GOOD,/home/kaizen-ai/Desktop/thrust_bearing_app/python-backend/Downloads/bearing_complete/GOOD_20240926_192951.jpg
3147,20240926.0,193002,GOOD,/home/kaizen-ai/Desktop/thrust_bearing_app/python-backend/Downloads/bearing_complete/GOOD_20240926_193002.jpg
3148,20240926.0,193010,GOOD,/home/kaizen-ai/Desktop/thrust_bearing_app/python-backend/Downloads/bearing_complete/GOOD_20240926_193010.jpg
3149,20240926.0,193017,NG,/home/kaizen-ai/Desktop/thrust_bearing_app/python-backend/Downloads/not_complete/NG_20240926_193017.jpg
3150,20240926.0,193033,GOOD,/home/kaizen-ai/Desktop/thrust_bearing_app/python-backend/Downloads/bearing_complete/GOOD_20240926_193033.jpg
3151,20240926.0,193041,NG,/home/kaizen-ai/Desktop/thrust_bearing_app/python-backend/Downloads/not_complete/NG_20240926_193041.jpg
3152,20240926.0,193049,GOOD,/home/kaizen-ai/Desktop/thrust_bearing_app/python-backend/Downloads/bearing_complete/GOOD_20240926_193049.jpg
3153,20240926.0,193057,GOOD,/home/kaizen-ai/Desktop/thrust_bearing_app/python-backend/Downloads/bearing_complete/GOOD_20240926_193057.jpg
3154,20240926.0,193113,NG,/home/kaizen-ai/Desktop/thrust_bearing_app/python-backend/Downloads/not_complete/NG_20240926_193113.jpg
3155,20240926.0,193124,GOOD,/home/kaizen-ai/Desktop/thrust_bearing_app/python-backend/Downloads/bearing_complete/GOOD_20240926_193124.jpg
3156,20240926.0,193135,NG,/home/kaizen-ai/Desktop/thrust_bearing_app/python-backend/Downloads/not_complete/NG_20240926_193135.jpg
3157,20240926.0,193142,GOOD,/home/kaizen-ai/Desktop/thrust_bearing_app/python-backend/Downloads/bearing_complete/GOOD_20240926_193142.jpg
3158,20240926.0,193551,NG,/home/kaizen-ai/Desktop/thrust_bearing_app/python-backend/Downloads/not_complete/NG_20240926_193551.jpg
3159,20240926.0,193623,GOOD,/home/kaizen-ai/Desktop/thrust_bearing_app/python-backend/Downloads/bearing_complete/GOOD_20240926_193623.jpg
3160,20240926.0,193635,GOOD,/home/kaizen-ai/Desktop/thrust_bearing_app/python-backend/Downloads/bearing_complete/GOOD_20240926_193635.jpg
3161,20240926.0,193644,GOOD,/home/kaizen-ai/Desktop/thrust_bearing_app/python-backend/Downloads/bearing_complete/GOOD_20240926_193644.jpg
3162,20240926.0,193705,GOOD,/home/kaizen-ai/Desktop/thrust_bearing_app/python-backend/Downloads/bearing_complete/GOOD_20240926_193705.jpg
3163,20240926.0,193715,GOOD,/home/kaizen-ai/Desktop/thrust_bearing_app/python-backend/Downloads/bearing_complete/GOOD_20240926_193715.jpg
3164,20240926.0,193724,GOOD,/home/kaizen-ai/Desktop/thrust_bearing_app/python-backend/Downloads/bearing_complete/GOOD_20240926_193724.jpg
3165,20240926.0,193734,GOOD,/home/kaizen-ai/Desktop/thrust_bearing_app/python-backend/Downloads/bearing_complete/GOOD_20240926_193734.jpg
3166,20240926.0,193740,GOOD,/home/kaizen-ai/Desktop/thrust_bearing_app/python-backend/Downloads/bearing_complete/GOOD_20240926_193740.jpg
3167,20240926.0,193750,GOOD,/home/kaizen-ai/Desktop/thrust_bearing_app/python-backend/Downloads/bearing_complete/GOOD_20240926_193750.jpg
3168,20240926.0,193757,GOOD,/home/kaizen-ai/Desktop/thrust_bearing_app/python-backend/Downloads/bearing_complete/GOOD_20240926_193757.jpg
3169,20240926.0,193807,GOOD,/home/kaizen-ai/Desktop/thrust_bearing_app/python-backend/Downloads/bearing_complete/GOOD_20240926_193807.jpg
3170,20240926.0,193818,GOOD,/home/kaizen-ai/Desktop/thrust_bearing_app/python-backend/Downloads/bearing_complete/GOOD_20240926_193818.jpg
3171,20240926.0,193825,GOOD,/home/kaizen-ai/Desktop/thrust_bearing_app/python-backend/Downloads/bearing_complete/GOOD_20240926_193825.jpg
3172,20240926.0,193830,NG,/home/kaizen-ai/Desktop/thrust_bearing_app/python-backend/Downloads/not_complete/NG_20240926_193830.jpg
3173,20240926.0,193850,NG,/home/kaizen-ai/Desktop/thrust_bearing_app/python-backend/Downloads/not_complete/NG_20240926_193850.jpg
3174,20240926.0,193901,GOOD,/home/kaizen-ai/Desktop/thrust_bearing_app/python-backend/Downloads/bearing_complete/GOOD_20240926_193901.jpg
3175,20240926.0,193912,GOOD,/home/kaizen-ai/Desktop/thrust_bearing_app/python-backend/Downloads/bearing_complete/GOOD_20240926_193912.jpg
3176,20240926.0,193936,GOOD,/home/kaizen-ai/Desktop/thrust_bearing_app/python-backend/Downloads/bearing_complete/GOOD_20240926_193936.jpg
3177,20240926.0,194043,NG,/home/kaizen-ai/Desktop/thrust_bearing_app/python-backend/Downloads/not_complete/NG_20240926_194043.jpg
3178,20240926.0,194100,NG,/home/kaizen-ai/Desktop/thrust_bearing_app/python-backend/Downloads/not_complete/NG_20240926_194100.jpg
3179,20240926.0,194136,NG,/home/kaizen-ai/Desktop/thrust_bearing_app/python-backend/Downloads/not_complete/NG_20240926_194136.jpg
3180,20240926.0,194201,NG,/home/kaizen-ai/Desktop/thrust_bearing_app/python-backend/Downloads/not_complete/NG_20240926_194201.jpg
3181,20240926.0,194238,GOOD,/home/kaizen-ai/Desktop/thrust_bearing_app/python-backend/Downloads/bearing_complete/GOOD_20240926_194238.jpg
3182,20240926.0,194247,GOOD,/home/kaizen-ai/Desktop/thrust_bearing_app/python-backend/Downloads/bearing_complete/GOOD_20240926_194247.jpg
3183,20240926.0,194524,GOOD,/home/kaizen-ai/Desktop/thrust_bearing_app/python-backend/Downloads/bearing_complete/GOOD_20240926_194524.jpg
3184,20240926.0,194537,NG,/home/kaizen-ai/Desktop/thrust_bearing_app/python-backend/Downloads/not_complete/NG_20240926_194537.jpg
3185,20240926.0,194553,GOOD,/home/kaizen-ai/Desktop/thrust_bearing_app/python-backend/Downloads/bearing_complete/GOOD_20240926_194553.jpg
3186,20240926.0,194606,NG,/home/kaizen-ai/Desktop/thrust_bearing_app/python-backend/Downloads/not_complete/NG_20240926_194606.jpg
3187,20240926.0,194731,GOOD,/home/kaizen-ai/Desktop/thrust_bearing_app/python-backend/Downloads/bearing_complete/GOOD_20240926_194731.jpg
3188,20240926.0,194748,GOOD,/home/kaizen-ai/Desktop/thrust_bearing_app/python-backend/Downloads/bearing_complete/GOOD_20240926_194748.jpg
3189,20240926.0,194756,GOOD,/home/kaizen-ai/Desktop/thrust_bearing_app/python-backend/Downloads/bearing_complete/GOOD_20240926_194756.jpg
3190,20240926.0,194804,GOOD,/home/kaizen-ai/Desktop/thrust_bearing_app/python-backend/Downloads/bearing_complete/GOOD_20240926_194804.jpg
3191,20240926.0,195652,GOOD,/home/kaizen-ai/Desktop/thrust_bearing_app/python-backend/Downloads/bearing_complete/GOOD_20240926_195652.jpg
3192,20240926.0,195921,GOOD,/home/kaizen-ai/Desktop/thrust_bearing_app/python-backend/Downloads/bearing_complete/GOOD_20240926_195921.jpg
3193,20240926.0,200040,GOOD,/home/kaizen-ai/Desktop/thrust_bearing_app/python-backend/Downloads/bearing_complete/GOOD_20240926_200040.jpg
3194,20240926.0,200227,GOOD,/home/kaizen-ai/Desktop/thrust_bearing_app/python-backend/Downloads/bearing_complete/GOOD_20240926_200227.jpg
3195,20240926.0,200850,GOOD,/home/kaizen-ai/Desktop/thrust_bearing_app/python-backend/Downloads/bearing_complete/GOOD_20240926_200850.jpg
3196,20240926.0,201000,GOOD,/home/kaizen-ai/Desktop/thrust_bearing_app/python-backend/Downloads/bearing_complete/GOOD_20240926_201000.jpg
3197,20240926.0,201051,GOOD,/home/kaizen-ai/Desktop/thrust_bearing_app/python-backend/Downloads/bearing_complete/GOOD_20240926_201051.jpg
3198,20240926.0,201146,GOOD,/home/kaizen-ai/Desktop/thrust_bearing_app/python-backend/Downloads/bearing_complete/GOOD_20240926_201146.jpg
3199,20240926.0,201244,GOOD,/home/kaizen-ai/Desktop/thrust_bearing_app/python-backend/Downloads/bearing_complete/GOOD_20240926_201244.jpg
3200,20240926.0,201351,GOOD,/home/kaizen-ai/Desktop/thrust_bearing_app/python-backend/Downloads/bearing_complete/GOOD_20240926_201351.jpg
3201,20240926.0,201449,GOOD,/home/kaizen-ai/Desktop/thrust_bearing_app/python-backend/Downloads/bearing_complete/GOOD_20240926_201449.jpg
3202,20240926.0,201545,GOOD,/home/kaizen-ai/Desktop/thrust_bearing_app/python-backend/Downloads/bearing_complete/GOOD_20240926_201545.jpg
3203,20240926.0,201646,GOOD,/home/kaizen-ai/Desktop/thrust_bearing_app/python-backend/Downloads/bearing_complete/GOOD_20240926_201646.jpg
3204,20240926.0,201752,NG,/home/kaizen-ai/Desktop/thrust_bearing_app/python-backend/Downloads/not_complete/NG_20240926_201752.jpg
3205,20240926.0,201851,GOOD,/home/kaizen-ai/Desktop/thrust_bearing_app/python-backend/Downloads/bearing_complete/GOOD_20240926_201851.jpg
3206,20240926.0,202000,NG,/home/kaizen-ai/Desktop/thrust_bearing_app/python-backend/Downloads/not_complete/NG_20240926_202000.jpg
3207,20240926.0,202058,GOOD,/home/kaizen-ai/Desktop/thrust_bearing_app/python-backend/Downloads/bearing_complete/GOOD_20240926_202058.jpg
3208,20240926.0,202212,NG,/home/kaizen-ai/Desktop/thrust_bearing_app/python-backend/Downloads/not_complete/NG_20240926_202212.jpg
3209,20240926.0,202307,GOOD,/home/kaizen-ai/Desktop/thrust_bearing_app/python-backend/Downloads/bearing_complete/GOOD_20240926_202307.jpg
3210,20240926.0,202418,GOOD,/home/kaizen-ai/Desktop/thrust_bearing_app/python-backend/Downloads/bearing_complete/GOOD_20240926_202418.jpg
3211,20240926.0,202539,NG,/home/kaizen-ai/Desktop/thrust_bearing_app/python-backend/Downloads/not_complete/NG_20240926_202539.jpg
3212,20240926.0,202629,GOOD,/home/kaizen-ai/Desktop/thrust_bearing_app/python-backend/Downloads/bearing_complete/GOOD_20240926_202629.jpg
3213,20240926.0,202739,NG,/home/kaizen-ai/Desktop/thrust_bearing_app/python-backend/Downloads/not_complete/NG_20240926_202739.jpg
3214,20240926.0,202947,GOOD,/home/kaizen-ai/Desktop/thrust_bearing_app/python-backend/Downloads/bearing_complete/GOOD_20240926_202947.jpg
3215,20240926.0,203046,GOOD,/home/kaizen-ai/Desktop/thrust_bearing_app/python-backend/Downloads/bearing_complete/GOOD_20240926_203046.jpg
3216,20240926.0,203250,NG,/home/kaizen-ai/Desktop/thrust_bearing_app/python-backend/Downloads/not_complete/NG_20240926_203250.jpg
3217,20240926.0,203331,GOOD,/home/kaizen-ai/Desktop/thrust_bearing_app/python-backend/Downloads/bearing_complete/GOOD_20240926_203331.jpg
3218,20240926.0,203436,NG,/home/kaizen-ai/Desktop/thrust_bearing_app/python-backend/Downloads/not_complete/NG_20240926_203436.jpg
3219,20240926.0,203620,NG,/home/kaizen-ai/Desktop/thrust_bearing_app/python-backend/Downloads/not_complete/NG_20240926_203620.jpg
3220,20240926.0,203647,NG,/home/kaizen-ai/Desktop/thrust_bearing_app/python-backend/Downloads/not_complete/NG_20240926_203647.jpg
3221,20240926.0,203804,GOOD,/home/kaizen-ai/Desktop/thrust_bearing_app/python-backend/Downloads/bearing_complete/GOOD_20240926_203804.jpg
3222,20240926.0,203832,GOOD,/home/kaizen-ai/Desktop/thrust_bearing_app/python-backend/Downloads/bearing_complete/GOOD_20240926_203832.jpg
3223,20240926.0,203936,GOOD,/home/kaizen-ai/Desktop/thrust_bearing_app/python-backend/Downloads/bearing_complete/GOOD_20240926_203936.jpg
3224,20240926.0,204020,GOOD,/home/kaizen-ai/Desktop/thrust_bearing_app/python-backend/Downloads/bearing_complete/GOOD_20240926_204020.jpg
3225,20240926.0,204112,GOOD,/home/kaizen-ai/Desktop/thrust_bearing_app/python-backend/Downloads/bearing_complete/GOOD_20240926_204112.jpg
3226,20240926.0,204240,GOOD,/home/kaizen-ai/Desktop/thrust_bearing_app/python-backend/Downloads/bearing_complete/GOOD_20240926_204240.jpg
3227,20240926.0,204350,GOOD,/home/kaizen-ai/Desktop/thrust_bearing_app/python-backend/Downloads/bearing_complete/GOOD_20240926_204350.jpg
3228,20240926.0,204502,NG,/home/kaizen-ai/Desktop/thrust_bearing_app/python-backend/Downloads/not_complete/NG_20240926_204502.jpg
3229,20240926.0,204606,NG,/home/kaizen-ai/Desktop/thrust_bearing_app/python-backend/Downloads/not_complete/NG_20240926_204606.jpg
3230,20240926.0,204656,GOOD,/home/kaizen-ai/Desktop/thrust_bearing_app/python-backend/Downloads/bearing_complete/GOOD_20240926_204656.jpg
3231,20240926.0,204753,GOOD,/home/kaizen-ai/Desktop/thrust_bearing_app/python-backend/Downloads/bearing_complete/GOOD_20240926_204753.jpg
3232,20240926.0,204854,GOOD,/home/kaizen-ai/Desktop/thrust_bearing_app/python-backend/Downloads/bearing_complete/GOOD_20240926_204854.jpg
3233,20240926.0,204947,GOOD,/home/kaizen-ai/Desktop/thrust_bearing_app/python-backend/Downloads/bearing_complete/GOOD_20240926_204947.jpg
3234,20240926.0,205117,NG,/home/kaizen-ai/Desktop/thrust_bearing_app/python-backend/Downloads/not_complete/NG_20240926_205117.jpg
3235,20240926.0,205224,GOOD,/home/kaizen-ai/Desktop/thrust_bearing_app/python-backend/Downloads/bearing_complete/GOOD_20240926_205224.jpg
3236,20240926.0,205317,GOOD,/home/kaizen-ai/Desktop/thrust_bearing_app/python-backend/Downloads/bearing_complete/GOOD_20240926_205317.jpg
3237,20240926.0,205454,GOOD,/home/kaizen-ai/Desktop/thrust_bearing_app/python-backend/Downloads/bearing_complete/GOOD_20240926_205454.jpg
3238,20240926.0,205609,GOOD,/home/kaizen-ai/Desktop/thrust_bearing_app/python-backend/Downloads/bearing_complete/GOOD_20240926_205609.jpg
3239,20240926.0,210059,GOOD,/home/kaizen-ai/Desktop/thrust_bearing_app/python-backend/Downloads/bearing_complete/GOOD_20240926_210059.jpg
3240,20240926.0,210209,NG,/home/kaizen-ai/Desktop/thrust_bearing_app/python-backend/Downloads/not_complete/NG_20240926_210209.jpg
3241,20240926.0,210256,GOOD,/home/kaizen-ai/Desktop/thrust_bearing_app/python-backend/Downloads/bearing_complete/GOOD_20240926_210256.jpg
3242,20240926.0,210431,NG,/home/kaizen-ai/Desktop/thrust_bearing_app/python-backend/Downloads/not_complete/NG_20240926_210431.jpg
3243,20240926.0,210530,GOOD,/home/kaizen-ai/Desktop/thrust_bearing_app/python-backend/Downloads/bearing_complete/GOOD_20240926_210530.jpg
3244,20240926.0,210642,NG,/home/kaizen-ai/Desktop/thrust_bearing_app/python-backend/Downloads/not_complete/NG_20240926_210642.jpg
3245,20240926.0,210750,GOOD,/home/kaizen-ai/Desktop/thrust_bearing_app/python-backend/Downloads/bearing_complete/GOOD_20240926_210750.jpg
3246,20240926.0,210905,NG,/home/kaizen-ai/Desktop/thrust_bearing_app/python-backend/Downloads/not_complete/NG_20240926_210905.jpg
3247,20240927.0,72028,GOOD,/home/kaizen-ai/Desktop/thrust_bearing_app/python-backend/Downloads/bearing_complete/GOOD_20240927_072028.jpg
3248,20240927.0,72144,GOOD,/home/kaizen-ai/Desktop/thrust_bearing_app/python-backend/Downloads/bearing_complete/GOOD_20240927_072144.jpg
3249,20240927.0,72326,GOOD,/home/kaizen-ai/Desktop/thrust_bearing_app/python-backend/Downloads/bearing_complete/GOOD_20240927_072326.jpg
3250,20240927.0,72513,GOOD,/home/kaizen-ai/Desktop/thrust_bearing_app/python-backend/Downloads/bearing_complete/GOOD_20240927_072513.jpg
3251,20240927.0,72752,NG,/home/kaizen-ai/Desktop/thrust_bearing_app/python-backend/Downloads/not_complete/NG_20240927_072752.jpg
3252,20240927.0,72851,GOOD,/home/kaizen-ai/Desktop/thrust_bearing_app/python-backend/Downloads/bearing_complete/GOOD_20240927_072851.jpg
3253,20240927.0,72950,GOOD,/home/kaizen-ai/Desktop/thrust_bearing_app/python-backend/Downloads/bearing_complete/GOOD_20240927_072950.jpg
3254,20240927.0,73046,GOOD,/home/kaizen-ai/Desktop/thrust_bearing_app/python-backend/Downloads/bearing_complete/GOOD_20240927_073046.jpg
3255,20240927.0,73231,GOOD,/home/kaizen-ai/Desktop/thrust_bearing_app/python-backend/Downloads/bearing_complete/GOOD_20240927_073231.jpg
3256,20240927.0,73328,NG,/home/kaizen-ai/Desktop/thrust_bearing_app/python-backend/Downloads/not_complete/NG_20240927_073328.jpg
3257,20240927.0,73442,GOOD,/home/kaizen-ai/Desktop/thrust_bearing_app/python-backend/Downloads/bearing_complete/GOOD_20240927_073442.jpg
3258,20240927.0,73552,NG,/home/kaizen-ai/Desktop/thrust_bearing_app/python-backend/Downloads/not_complete/NG_20240927_073552.jpg
3259,20240927.0,73618,GOOD,/home/kaizen-ai/Desktop/thrust_bearing_app/python-backend/Downloads/bearing_complete/GOOD_20240927_073618.jpg
3260,20240927.0,73710,NG,/home/kaizen-ai/Desktop/thrust_bearing_app/python-backend/Downloads/not_complete/NG_20240927_073710.jpg
3261,20240927.0,73751,GOOD,/home/kaizen-ai/Desktop/thrust_bearing_app/python-backend/Downloads/bearing_complete/GOOD_20240927_073751.jpg
3262,20240927.0,73842,GOOD,/home/kaizen-ai/Desktop/thrust_bearing_app/python-backend/Downloads/bearing_complete/GOOD_20240927_073842.jpg
3263,20240927.0,73932,GOOD,/home/kaizen-ai/Desktop/thrust_bearing_app/python-backend/Downloads/bearing_complete/GOOD_20240927_073932.jpg
3264,20240927.0,74050,GOOD,/home/kaizen-ai/Desktop/thrust_bearing_app/python-backend/Downloads/bearing_complete/GOOD_20240927_074050.jpg
3265,20240927.0,74206,NG,/home/kaizen-ai/Desktop/thrust_bearing_app/python-backend/Downloads/not_complete/NG_20240927_074206.jpg
3266,20240927.0,74318,NG,/home/kaizen-ai/Desktop/thrust_bearing_app/python-backend/Downloads/not_complete/NG_20240927_074318.jpg
3267,20240927.0,74411,GOOD,/home/kaizen-ai/Desktop/thrust_bearing_app/python-backend/Downloads/bearing_complete/GOOD_20240927_074411.jpg
3268,20240927.0,74459,GOOD,/home/kaizen-ai/Desktop/thrust_bearing_app/python-backend/Downloads/bearing_complete/GOOD_20240927_074459.jpg
3269,20240927.0,74556,NG,/home/kaizen-ai/Desktop/thrust_bearing_app/python-backend/Downloads/not_complete/NG_20240927_074556.jpg
3270,20240927.0,74734,GOOD,/home/kaizen-ai/Desktop/thrust_bearing_app/python-backend/Downloads/bearing_complete/GOOD_20240927_074734.jpg
3271,20240927.0,74843,NG,/home/kaizen-ai/Desktop/thrust_bearing_app/python-backend/Downloads/not_complete/NG_20240927_074843.jpg
3272,20240927.0,74941,NG,/home/kaizen-ai/Desktop/thrust_bearing_app/python-backend/Downloads/not_complete/NG_20240927_074941.jpg
3273,20240927.0,75058,GOOD,/home/kaizen-ai/Desktop/thrust_bearing_app/python-backend/Downloads/bearing_complete/GOOD_20240927_075058.jpg
3274,20240927.0,75213,GOOD,/home/kaizen-ai/Desktop/thrust_bearing_app/python-backend/Downloads/bearing_complete/GOOD_20240927_075213.jpg
3275,20240927.0,75323,GOOD,/home/kaizen-ai/Desktop/thrust_bearing_app/python-backend/Downloads/bearing_complete/GOOD_20240927_075323.jpg
3276,20240927.0,75420,GOOD,/home/kaizen-ai/Desktop/thrust_bearing_app/python-backend/Downloads/bearing_complete/GOOD_20240927_075420.jpg
3277,20240927.0,75528,NG,/home/kaizen-ai/Desktop/thrust_bearing_app/python-backend/Downloads/not_complete/NG_20240927_075528.jpg
3278,20240927.0,75701,GOOD,/home/kaizen-ai/Desktop/thrust_bearing_app/python-backend/Downloads/bearing_complete/GOOD_20240927_075701.jpg
3279,20240927.0,75812,GOOD,/home/kaizen-ai/Desktop/thrust_bearing_app/python-backend/Downloads/bearing_complete/GOOD_20240927_075812.jpg
3280,20240927.0,75907,GOOD,/home/kaizen-ai/Desktop/thrust_bearing_app/python-backend/Downloads/bearing_complete/GOOD_20240927_075907.jpg
3281,20240927.0,80007,NG,/home/kaizen-ai/Desktop/thrust_bearing_app/python-backend/Downloads/not_complete/NG_20240927_080007.jpg
3282,20240927.0,80156,NG,/home/kaizen-ai/Desktop/thrust_bearing_app/python-backend/Downloads/not_complete/NG_20240927_080156.jpg
3283,20240927.0,80340,GOOD,/home/kaizen-ai/Desktop/thrust_bearing_app/python-backend/Downloads/bearing_complete/GOOD_20240927_080340.jpg
3284,20240927.0,80438,GOOD,/home/kaizen-ai/Desktop/thrust_bearing_app/python-backend/Downloads/bearing_complete/GOOD_20240927_080438.jpg
3285,20240927.0,80534,GOOD,/home/kaizen-ai/Desktop/thrust_bearing_app/python-backend/Downloads/bearing_complete/GOOD_20240927_080534.jpg
3286,20240927.0,80626,GOOD,/home/kaizen-ai/Desktop/thrust_bearing_app/python-backend/Downloads/bearing_complete/GOOD_20240927_080626.jpg
3287,20240927.0,80809,GOOD,/home/kaizen-ai/Desktop/thrust_bearing_app/python-backend/Downloads/bearing_complete/GOOD_20240927_080809.jpg
3288,20240927.0,80857,GOOD,/home/kaizen-ai/Desktop/thrust_bearing_app/python-backend/Downloads/bearing_complete/GOOD_20240927_080857.jpg
3289,20240927.0,80957,NG,/home/kaizen-ai/Desktop/thrust_bearing_app/python-backend/Downloads/not_complete/NG_20240927_080957.jpg
3290,20240927.0,81055,GOOD,/home/kaizen-ai/Desktop/thrust_bearing_app/python-backend/Downloads/bearing_complete/GOOD_20240927_081055.jpg
3291,20240927.0,81221,GOOD,/home/kaizen-ai/Desktop/thrust_bearing_app/python-backend/Downloads/bearing_complete/GOOD_20240927_081221.jpg
3292,20240927.0,81335,GOOD,/home/kaizen-ai/Desktop/thrust_bearing_app/python-backend/Downloads/bearing_complete/GOOD_20240927_081335.jpg
3293,20240927.0,81354,GOOD,/home/kaizen-ai/Desktop/thrust_bearing_app/python-backend/Downloads/bearing_complete/GOOD_20240927_081354.jpg
3294,20240927.0,81509,GOOD,/home/kaizen-ai/Desktop/thrust_bearing_app/python-backend/Downloads/bearing_complete/GOOD_20240927_081509.jpg
3295,20240927.0,81611,GOOD,/home/kaizen-ai/Desktop/thrust_bearing_app/python-backend/Downloads/bearing_complete/GOOD_20240927_081611.jpg
3296,20240927.0,81716,GOOD,/home/kaizen-ai/Desktop/thrust_bearing_app/python-backend/Downloads/bearing_complete/GOOD_20240927_081716.jpg
3297,20240927.0,81804,GOOD,/home/kaizen-ai/Desktop/thrust_bearing_app/python-backend/Downloads/bearing_complete/GOOD_20240927_081804.jpg
3298,20240927.0,81900,GOOD,/home/kaizen-ai/Desktop/thrust_bearing_app/python-backend/Downloads/bearing_complete/GOOD_20240927_081900.jpg
3299,20240927.0,82012,GOOD,/home/kaizen-ai/Desktop/thrust_bearing_app/python-backend/Downloads/bearing_complete/GOOD_20240927_082012.jpg
3300,20240927.0,82049,GOOD,/home/kaizen-ai/Desktop/thrust_bearing_app/python-backend/Downloads/bearing_complete/GOOD_20240927_082049.jpg
3301,20240927.0,82139,NG,/home/kaizen-ai/Desktop/thrust_bearing_app/python-backend/Downloads/not_complete/NG_20240927_082139.jpg
3302,20240927.0,82253,NG,/home/kaizen-ai/Desktop/thrust_bearing_app/python-backend/Downloads/not_complete/NG_20240927_082253.jpg
3303,20240927.0,82346,GOOD,/home/kaizen-ai/Desktop/thrust_bearing_app/python-backend/Downloads/bearing_complete/GOOD_20240927_082346.jpg
3304,20240927.0,82538,GOOD,/home/kaizen-ai/Desktop/thrust_bearing_app/python-backend/Downloads/bearing_complete/GOOD_20240927_082538.jpg
3305,20240927.0,82721,GOOD,/home/kaizen-ai/Desktop/thrust_bearing_app/python-backend/Downloads/bearing_complete/GOOD_20240927_082721.jpg
3306,20240927.0,82824,GOOD,/home/kaizen-ai/Desktop/thrust_bearing_app/python-backend/Downloads/bearing_complete/GOOD_20240927_082824.jpg
3307,20240927.0,82906,NG,/home/kaizen-ai/Desktop/thrust_bearing_app/python-backend/Downloads/not_complete/NG_20240927_082906.jpg
3308,20240927.0,83010,GOOD,/home/kaizen-ai/Desktop/thrust_bearing_app/python-backend/Downloads/bearing_complete/GOOD_20240927_083010.jpg
3309,20240927.0,83106,GOOD,/home/kaizen-ai/Desktop/thrust_bearing_app/python-backend/Downloads/bearing_complete/GOOD_20240927_083106.jpg
3310,20240927.0,83214,GOOD,/home/kaizen-ai/Desktop/thrust_bearing_app/python-backend/Downloads/bearing_complete/GOOD_20240927_083214.jpg
3311,20240927.0,83309,GOOD,/home/kaizen-ai/Desktop/thrust_bearing_app/python-backend/Downloads/bearing_complete/GOOD_20240927_083309.jpg
3312,20240927.0,83422,GOOD,/home/kaizen-ai/Desktop/thrust_bearing_app/python-backend/Downloads/bearing_complete/GOOD_20240927_083422.jpg
3313,20240927.0,83520,NG,/home/kaizen-ai/Desktop/thrust_bearing_app/python-backend/Downloads/not_complete/NG_20240927_083520.jpg
3314,20240927.0,83622,GOOD,/home/kaizen-ai/Desktop/thrust_bearing_app/python-backend/Downloads/bearing_complete/GOOD_20240927_083622.jpg
3315,20240927.0,83720,GOOD,/home/kaizen-ai/Desktop/thrust_bearing_app/python-backend/Downloads/bearing_complete/GOOD_20240927_083720.jpg
3316,20240927.0,83856,NG,/home/kaizen-ai/Desktop/thrust_bearing_app/python-backend/Downloads/not_complete/NG_20240927_083856.jpg
3317,20240927.0,83938,GOOD,/home/kaizen-ai/Desktop/thrust_bearing_app/python-backend/Downloads/bearing_complete/GOOD_20240927_083938.jpg
3318,20240927.0,84027,GOOD,/home/kaizen-ai/Desktop/thrust_bearing_app/python-backend/Downloads/bearing_complete/GOOD_20240927_084027.jpg
3319,20240927.0,84122,GOOD,/home/kaizen-ai/Desktop/thrust_bearing_app/python-backend/Downloads/bearing_complete/GOOD_20240927_084122.jpg
3320,20240927.0,84213,GOOD,/home/kaizen-ai/Desktop/thrust_bearing_app/python-backend/Downloads/bearing_complete/GOOD_20240927_084213.jpg
3321,20240927.0,84309,GOOD,/home/kaizen-ai/Desktop/thrust_bearing_app/python-backend/Downloads/bearing_complete/GOOD_20240927_084309.jpg
3322,20240927.0,84407,NG,/home/kaizen-ai/Desktop/thrust_bearing_app/python-backend/Downloads/not_complete/NG_20240927_084407.jpg
3323,20240927.0,84536,GOOD,/home/kaizen-ai/Desktop/thrust_bearing_app/python-backend/Downloads/bearing_complete/GOOD_20240927_084536.jpg
3324,20240927.0,84606,NG,/home/kaizen-ai/Desktop/thrust_bearing_app/python-backend/Downloads/not_complete/NG_20240927_084606.jpg
3325,20240927.0,84739,NG,/home/kaizen-ai/Desktop/thrust_bearing_app/python-backend/Downloads/not_complete/NG_20240927_084739.jpg
3326,20240927.0,84822,GOOD,/home/kaizen-ai/Desktop/thrust_bearing_app/python-backend/Downloads/bearing_complete/GOOD_20240927_084822.jpg
3327,20240927.0,84933,NG,/home/kaizen-ai/Desktop/thrust_bearing_app/python-backend/Downloads/not_complete/NG_20240927_084933.jpg
3328,20240927.0,85040,NG,/home/kaizen-ai/Desktop/thrust_bearing_app/python-backend/Downloads/not_complete/NG_20240927_085040.jpg
3329,20240927.0,85131,GOOD,/home/kaizen-ai/Desktop/thrust_bearing_app/python-backend/Downloads/bearing_complete/GOOD_20240927_085131.jpg
3330,20240927.0,85257,GOOD,/home/kaizen-ai/Desktop/thrust_bearing_app/python-backend/Downloads/bearing_complete/GOOD_20240927_085257.jpg
3331,20240927.0,85346,GOOD,/home/kaizen-ai/Desktop/thrust_bearing_app/python-backend/Downloads/bearing_complete/GOOD_20240927_085346.jpg
3332,20240927.0,85439,GOOD,/home/kaizen-ai/Desktop/thrust_bearing_app/python-backend/Downloads/bearing_complete/GOOD_20240927_085439.jpg
3333,20240927.0,85553,GOOD,/home/kaizen-ai/Desktop/thrust_bearing_app/python-backend/Downloads/bearing_complete/GOOD_20240927_085553.jpg
3334,20240927.0,85650,GOOD,/home/kaizen-ai/Desktop/thrust_bearing_app/python-backend/Downloads/bearing_complete/GOOD_20240927_085650.jpg
3335,20240927.0,85748,GOOD,/home/kaizen-ai/Desktop/thrust_bearing_app/python-backend/Downloads/bearing_complete/GOOD_20240927_085748.jpg
3336,20240927.0,85914,GOOD,/home/kaizen-ai/Desktop/thrust_bearing_app/python-backend/Downloads/bearing_complete/GOOD_20240927_085914.jpg
3337,20240927.0,90011,GOOD,/home/kaizen-ai/Desktop/thrust_bearing_app/python-backend/Downloads/bearing_complete/GOOD_20240927_090011.jpg
3338,20240927.0,90136,NG,/home/kaizen-ai/Desktop/thrust_bearing_app/python-backend/Downloads/not_complete/NG_20240927_090136.jpg
3339,20240927.0,90259,GOOD,/home/kaizen-ai/Desktop/thrust_bearing_app/python-backend/Downloads/bearing_complete/GOOD_20240927_090259.jpg
3340,20240927.0,90408,GOOD,/home/kaizen-ai/Desktop/thrust_bearing_app/python-backend/Downloads/bearing_complete/GOOD_20240927_090408.jpg
3341,20240927.0,90500,GOOD,/home/kaizen-ai/Desktop/thrust_bearing_app/python-backend/Downloads/bearing_complete/GOOD_20240927_090500.jpg
3342,20240927.0,90606,GOOD,/home/kaizen-ai/Desktop/thrust_bearing_app/python-backend/Downloads/bearing_complete/GOOD_20240927_090606.jpg
3343,20240927.0,90721,GOOD,/home/kaizen-ai/Desktop/thrust_bearing_app/python-backend/Downloads/bearing_complete/GOOD_20240927_090721.jpg
3344,20240927.0,90815,NG,/home/kaizen-ai/Desktop/thrust_bearing_app/python-backend/Downloads/not_complete/NG_20240927_090815.jpg
3345,20240927.0,91021,GOOD,/home/kaizen-ai/Desktop/thrust_bearing_app/python-backend/Downloads/bearing_complete/GOOD_20240927_091021.jpg
3346,20240927.0,91112,NG,/home/kaizen-ai/Desktop/thrust_bearing_app/python-backend/Downloads/not_complete/NG_20240927_091112.jpg
3347,20240927.0,91201,GOOD,/home/kaizen-ai/Desktop/thrust_bearing_app/python-backend/Downloads/bearing_complete/GOOD_20240927_091201.jpg
3348,20240927.0,91304,NG,/home/kaizen-ai/Desktop/thrust_bearing_app/python-backend/Downloads/not_complete/NG_20240927_091304.jpg
3349,20240927.0,91408,GOOD,/home/kaizen-ai/Desktop/thrust_bearing_app/python-backend/Downloads/bearing_complete/GOOD_20240927_091408.jpg
3350,20240927.0,91502,GOOD,/home/kaizen-ai/Desktop/thrust_bearing_app/python-backend/Downloads/bearing_complete/GOOD_20240927_091502.jpg
3351,20240927.0,91603,GOOD,/home/kaizen-ai/Desktop/thrust_bearing_app/python-backend/Downloads/bearing_complete/GOOD_20240927_091603.jpg
3352,20240927.0,91705,GOOD,/home/kaizen-ai/Desktop/thrust_bearing_app/python-backend/Downloads/bearing_complete/GOOD_20240927_091705.jpg
3353,20240927.0,91807,NG,/home/kaizen-ai/Desktop/thrust_bearing_app/python-backend/Downloads/not_complete/NG_20240927_091807.jpg
3354,20240927.0,91912,GOOD,/home/kaizen-ai/Desktop/thrust_bearing_app/python-backend/Downloads/bearing_complete/GOOD_20240927_091912.jpg
3355,20240927.0,92008,GOOD,/home/kaizen-ai/Desktop/thrust_bearing_app/python-backend/Downloads/bearing_complete/GOOD_20240927_092008.jpg
3356,20240927.0,92101,GOOD,/home/kaizen-ai/Desktop/thrust_bearing_app/python-backend/Downloads/bearing_complete/GOOD_20240927_092101.jpg
3357,20240927.0,92304,GOOD,/home/kaizen-ai/Desktop/thrust_bearing_app/python-backend/Downloads/bearing_complete/GOOD_20240927_092304.jpg
3358,20240927.0,92329,GOOD,/home/kaizen-ai/Desktop/thrust_bearing_app/python-backend/Downloads/bearing_complete/GOOD_20240927_092329.jpg
3359,20240927.0,92440,NG,/home/kaizen-ai/Desktop/thrust_bearing_app/python-backend/Downloads/not_complete/NG_20240927_092440.jpg
3360,20240927.0,92550,GOOD,/home/kaizen-ai/Desktop/thrust_bearing_app/python-backend/Downloads/bearing_complete/GOOD_20240927_092550.jpg
3361,20240927.0,92654,GOOD,/home/kaizen-ai/Desktop/thrust_bearing_app/python-backend/Downloads/bearing_complete/GOOD_20240927_092654.jpg
3362,20240927.0,92752,GOOD,/home/kaizen-ai/Desktop/thrust_bearing_app/python-backend/Downloads/bearing_complete/GOOD_20240927_092752.jpg
3363,20240927.0,92847,GOOD,/home/kaizen-ai/Desktop/thrust_bearing_app/python-backend/Downloads/bearing_complete/GOOD_20240927_092847.jpg
3364,20240927.0,92949,NG,/home/kaizen-ai/Desktop/thrust_bearing_app/python-backend/Downloads/not_complete/NG_20240927_092949.jpg
3365,20240927.0,94103,GOOD,/home/kaizen-ai/Desktop/thrust_bearing_app/python-backend/Downloads/bearing_complete/GOOD_20240927_094103.jpg
3366,20240927.0,94156,GOOD,/home/kaizen-ai/Desktop/thrust_bearing_app/python-backend/Downloads/bearing_complete/GOOD_20240927_094156.jpg
3367,20240927.0,94250,GOOD,/home/kaizen-ai/Desktop/thrust_bearing_app/python-backend/Downloads/bearing_complete/GOOD_20240927_094250.jpg
3368,20240927.0,94419,GOOD,/home/kaizen-ai/Desktop/thrust_bearing_app/python-backend/Downloads/bearing_complete/GOOD_20240927_094419.jpg
3369,20240927.0,94508,GOOD,/home/kaizen-ai/Desktop/thrust_bearing_app/python-backend/Downloads/bearing_complete/GOOD_20240927_094508.jpg
3370,20240927.0,94600,NG,/home/kaizen-ai/Desktop/thrust_bearing_app/python-backend/Downloads/not_complete/NG_20240927_094600.jpg
3371,20240927.0,94657,GOOD,/home/kaizen-ai/Desktop/thrust_bearing_app/python-backend/Downloads/bearing_complete/GOOD_20240927_094657.jpg
3372,20240927.0,94753,GOOD,/home/kaizen-ai/Desktop/thrust_bearing_app/python-backend/Downloads/bearing_complete/GOOD_20240927_094753.jpg
3373,20240927.0,94848,GOOD,/home/kaizen-ai/Desktop/thrust_bearing_app/python-backend/Downloads/bearing_complete/GOOD_20240927_094848.jpg
3374,20240927.0,94950,GOOD,/home/kaizen-ai/Desktop/thrust_bearing_app/python-backend/Downloads/bearing_complete/GOOD_20240927_094950.jpg
3375,20240927.0,95040,NG,/home/kaizen-ai/Desktop/thrust_bearing_app/python-backend/Downloads/not_complete/NG_20240927_095040.jpg
3376,20240927.0,95155,GOOD,/home/kaizen-ai/Desktop/thrust_bearing_app/python-backend/Downloads/bearing_complete/GOOD_20240927_095155.jpg
3377,20240927.0,95256,GOOD,/home/kaizen-ai/Desktop/thrust_bearing_app/python-backend/Downloads/bearing_complete/GOOD_20240927_095256.jpg
3378,20240927.0,95344,GOOD,/home/kaizen-ai/Desktop/thrust_bearing_app/python-backend/Downloads/bearing_complete/GOOD_20240927_095344.jpg
3379,20240927.0,95457,NG,/home/kaizen-ai/Desktop/thrust_bearing_app/python-backend/Downloads/not_complete/NG_20240927_095457.jpg
3380,20240927.0,95600,GOOD,/home/kaizen-ai/Desktop/thrust_bearing_app/python-backend/Downloads/bearing_complete/GOOD_20240927_095600.jpg
3381,20240927.0,95725,GOOD,/home/kaizen-ai/Desktop/thrust_bearing_app/python-backend/Downloads/bearing_complete/GOOD_20240927_095725.jpg
3382,20240927.0,95823,NG,/home/kaizen-ai/Desktop/thrust_bearing_app/python-backend/Downloads/not_complete/NG_20240927_095823.jpg
3383,20240927.0,95932,GOOD,/home/kaizen-ai/Desktop/thrust_bearing_app/python-backend/Downloads/bearing_complete/GOOD_20240927_095932.jpg
3384,20240927.0,100059,GOOD,/home/kaizen-ai/Desktop/thrust_bearing_app/python-backend/Downloads/bearing_complete/GOOD_20240927_100059.jpg
3385,20240927.0,100203,GOOD,/home/kaizen-ai/Desktop/thrust_bearing_app/python-backend/Downloads/bearing_complete/GOOD_20240927_100203.jpg
3386,20240927.0,100328,GOOD,/home/kaizen-ai/Desktop/thrust_bearing_app/python-backend/Downloads/bearing_complete/GOOD_20240927_100328.jpg
3387,20240927.0,100435,GOOD,/home/kaizen-ai/Desktop/thrust_bearing_app/python-backend/Downloads/bearing_complete/GOOD_20240927_100435.jpg
3388,20240927.0,100537,GOOD,/home/kaizen-ai/Desktop/thrust_bearing_app/python-backend/Downloads/bearing_complete/GOOD_20240927_100537.jpg
3389,20240927.0,100632,NG,/home/kaizen-ai/Desktop/thrust_bearing_app/python-backend/Downloads/not_complete/NG_20240927_100632.jpg
3390,20240927.0,100748,GOOD,/home/kaizen-ai/Desktop/thrust_bearing_app/python-backend/Downloads/bearing_complete/GOOD_20240927_100748.jpg
3391,20240927.0,100843,GOOD,/home/kaizen-ai/Desktop/thrust_bearing_app/python-backend/Downloads/bearing_complete/GOOD_20240927_100843.jpg
3392,20240927.0,101013,NG,/home/kaizen-ai/Desktop/thrust_bearing_app/python-backend/Downloads/not_complete/NG_20240927_101013.jpg
3393,20240927.0,101138,GOOD,/home/kaizen-ai/Desktop/thrust_bearing_app/python-backend/Downloads/bearing_complete/GOOD_20240927_101138.jpg
3394,20240927.0,101324,GOOD,/home/kaizen-ai/Desktop/thrust_bearing_app/python-backend/Downloads/bearing_complete/GOOD_20240927_101324.jpg
3395,20240927.0,101434,GOOD,/home/kaizen-ai/Desktop/thrust_bearing_app/python-backend/Downloads/bearing_complete/GOOD_20240927_101434.jpg
3396,20240927.0,101552,GOOD,/home/kaizen-ai/Desktop/thrust_bearing_app/python-backend/Downloads/bearing_complete/GOOD_20240927_101552.jpg
3397,20240927.0,101711,GOOD,/home/kaizen-ai/Desktop/thrust_bearing_app/python-backend/Downloads/bearing_complete/GOOD_20240927_101711.jpg
3398,20240927.0,101908,GOOD,/home/kaizen-ai/Desktop/thrust_bearing_app/python-backend/Downloads/bearing_complete/GOOD_20240927_101908.jpg
3399,20240927.0,102022,NG,/home/kaizen-ai/Desktop/thrust_bearing_app/python-backend/Downloads/not_complete/NG_20240927_102022.jpg
3400,20240927.0,102119,GOOD,/home/kaizen-ai/Desktop/thrust_bearing_app/python-backend/Downloads/bearing_complete/GOOD_20240927_102119.jpg
3401,20240927.0,102215,GOOD,/home/kaizen-ai/Desktop/thrust_bearing_app/python-backend/Downloads/bearing_complete/GOOD_20240927_102215.jpg
3402,20240927.0,102401,GOOD,/home/kaizen-ai/Desktop/thrust_bearing_app/python-backend/Downloads/bearing_complete/GOOD_20240927_102401.jpg
3403,20240927.0,102437,GOOD,/home/kaizen-ai/Desktop/thrust_bearing_app/python-backend/Downloads/bearing_complete/GOOD_20240927_102437.jpg
3404,20240927.0,102541,GOOD,/home/kaizen-ai/Desktop/thrust_bearing_app/python-backend/Downloads/bearing_complete/GOOD_20240927_102541.jpg
3405,20240927.0,102646,GOOD,/home/kaizen-ai/Desktop/thrust_bearing_app/python-backend/Downloads/bearing_complete/GOOD_20240927_102646.jpg
3406,20240927.0,102808,NG,/home/kaizen-ai/Desktop/thrust_bearing_app/python-backend/Downloads/not_complete/NG_20240927_102808.jpg
3407,20240927.0,102902,GOOD,/home/kaizen-ai/Desktop/thrust_bearing_app/python-backend/Downloads/bearing_complete/GOOD_20240927_102902.jpg
3408,20240927.0,103505,NG,/home/kaizen-ai/Desktop/thrust_bearing_app/python-backend/Downloads/not_complete/NG_20240927_103505.jpg
3409,20240927.0,103604,GOOD,/home/kaizen-ai/Desktop/thrust_bearing_app/python-backend/Downloads/bearing_complete/GOOD_20240927_103604.jpg
3410,20240927.0,103706,GOOD,/home/kaizen-ai/Desktop/thrust_bearing_app/python-backend/Downloads/bearing_complete/GOOD_20240927_103706.jpg
3411,20240927.0,131458,GOOD,/home/kaizen-ai/Desktop/thrust_bearing_app/python-backend/Downloads/bearing_complete/GOOD_20240927_131458.jpg
3412,20240927.0,131546,GOOD,/home/kaizen-ai/Desktop/thrust_bearing_app/python-backend/Downloads/bearing_complete/GOOD_20240927_131546.jpg
3413,20240927.0,131822,NG,/home/kaizen-ai/Desktop/thrust_bearing_app/python-backend/Downloads/not_complete/NG_20240927_131822.jpg
3414,20240927.0,131914,GOOD,/home/kaizen-ai/Desktop/thrust_bearing_app/python-backend/Downloads/bearing_complete/GOOD_20240927_131914.jpg
3415,20240927.0,132016,GOOD,/home/kaizen-ai/Desktop/thrust_bearing_app/python-backend/Downloads/bearing_complete/GOOD_20240927_132016.jpg
3416,20240927.0,132124,GOOD,/home/kaizen-ai/Desktop/thrust_bearing_app/python-backend/Downloads/bearing_complete/GOOD_20240927_132124.jpg
3417,20240927.0,132241,GOOD,/home/kaizen-ai/Desktop/thrust_bearing_app/python-backend/Downloads/bearing_complete/GOOD_20240927_132241.jpg
3418,20240927.0,132344,GOOD,/home/kaizen-ai/Desktop/thrust_bearing_app/python-backend/Downloads/bearing_complete/GOOD_20240927_132344.jpg
3419,20240927.0,132428,GOOD,/home/kaizen-ai/Desktop/thrust_bearing_app/python-backend/Downloads/bearing_complete/GOOD_20240927_132428.jpg
3420,20240927.0,132518,GOOD,/home/kaizen-ai/Desktop/thrust_bearing_app/python-backend/Downloads/bearing_complete/GOOD_20240927_132518.jpg
3421,20240927.0,132657,GOOD,/home/kaizen-ai/Desktop/thrust_bearing_app/python-backend/Downloads/bearing_complete/GOOD_20240927_132657.jpg
3422,20240927.0,132756,NG,/home/kaizen-ai/Desktop/thrust_bearing_app/python-backend/Downloads/not_complete/NG_20240927_132756.jpg
3423,20240927.0,132912,GOOD,/home/kaizen-ai/Desktop/thrust_bearing_app/python-backend/Downloads/bearing_complete/GOOD_20240927_132912.jpg
3424,20240927.0,132959,GOOD,/home/kaizen-ai/Desktop/thrust_bearing_app/python-backend/Downloads/bearing_complete/GOOD_20240927_132959.jpg
3425,20240927.0,133112,GOOD,/home/kaizen-ai/Desktop/thrust_bearing_app/python-backend/Downloads/bearing_complete/GOOD_20240927_133112.jpg
3426,20240927.0,133214,GOOD,/home/kaizen-ai/Desktop/thrust_bearing_app/python-backend/Downloads/bearing_complete/GOOD_20240927_133214.jpg
3427,20240927.0,133302,GOOD,/home/kaizen-ai/Desktop/thrust_bearing_app/python-backend/Downloads/bearing_complete/GOOD_20240927_133302.jpg
3428,20240927.0,133403,GOOD,/home/kaizen-ai/Desktop/thrust_bearing_app/python-backend/Downloads/bearing_complete/GOOD_20240927_133403.jpg
3429,20240927.0,133518,GOOD,/home/kaizen-ai/Desktop/thrust_bearing_app/python-backend/Downloads/bearing_complete/GOOD_20240927_133518.jpg
3430,20240927.0,133619,GOOD,/home/kaizen-ai/Desktop/thrust_bearing_app/python-backend/Downloads/bearing_complete/GOOD_20240927_133619.jpg
3431,20240927.0,133751,GOOD,/home/kaizen-ai/Desktop/thrust_bearing_app/python-backend/Downloads/bearing_complete/GOOD_20240927_133751.jpg
3432,20240927.0,133840,GOOD,/home/kaizen-ai/Desktop/thrust_bearing_app/python-backend/Downloads/bearing_complete/GOOD_20240927_133840.jpg
3433,20240927.0,133954,GOOD,/home/kaizen-ai/Desktop/thrust_bearing_app/python-backend/Downloads/bearing_complete/GOOD_20240927_133954.jpg
3434,20240927.0,134136,GOOD,/home/kaizen-ai/Desktop/thrust_bearing_app/python-backend/Downloads/bearing_complete/GOOD_20240927_134136.jpg
3435,20240927.0,134241,NG,/home/kaizen-ai/Desktop/thrust_bearing_app/python-backend/Downloads/not_complete/NG_20240927_134241.jpg
3436,20240927.0,134313,GOOD,/home/kaizen-ai/Desktop/thrust_bearing_app/python-backend/Downloads/bearing_complete/GOOD_20240927_134313.jpg
3437,20240927.0,134407,GOOD,/home/kaizen-ai/Desktop/thrust_bearing_app/python-backend/Downloads/bearing_complete/GOOD_20240927_134407.jpg
3438,20240927.0,134513,GOOD,/home/kaizen-ai/Desktop/thrust_bearing_app/python-backend/Downloads/bearing_complete/GOOD_20240927_134513.jpg
3439,20240927.0,134558,GOOD,/home/kaizen-ai/Desktop/thrust_bearing_app/python-backend/Downloads/bearing_complete/GOOD_20240927_134558.jpg
3440,20240927.0,134649,GOOD,/home/kaizen-ai/Desktop/thrust_bearing_app/python-backend/Downloads/bearing_complete/GOOD_20240927_134649.jpg
3441,20240927.0,134736,GOOD,/home/kaizen-ai/Desktop/thrust_bearing_app/python-backend/Downloads/bearing_complete/GOOD_20240927_134736.jpg
3442,20240927.0,134911,GOOD,/home/kaizen-ai/Desktop/thrust_bearing_app/python-backend/Downloads/bearing_complete/GOOD_20240927_134911.jpg
3443,20240927.0,135010,GOOD,/home/kaizen-ai/Desktop/thrust_bearing_app/python-backend/Downloads/bearing_complete/GOOD_20240927_135010.jpg
3444,20240927.0,135114,GOOD,/home/kaizen-ai/Desktop/thrust_bearing_app/python-backend/Downloads/bearing_complete/GOOD_20240927_135114.jpg
3445,20240927.0,135219,GOOD,/home/kaizen-ai/Desktop/thrust_bearing_app/python-backend/Downloads/bearing_complete/GOOD_20240927_135219.jpg
3446,20240927.0,135329,GOOD,/home/kaizen-ai/Desktop/thrust_bearing_app/python-backend/Downloads/bearing_complete/GOOD_20240927_135329.jpg
3447,20240927.0,135436,NG,/home/kaizen-ai/Desktop/thrust_bearing_app/python-backend/Downloads/not_complete/NG_20240927_135436.jpg
3448,20240927.0,135510,GOOD,/home/kaizen-ai/Desktop/thrust_bearing_app/python-backend/Downloads/bearing_complete/GOOD_20240927_135510.jpg
3449,20240927.0,135636,GOOD,/home/kaizen-ai/Desktop/thrust_bearing_app/python-backend/Downloads/bearing_complete/GOOD_20240927_135636.jpg
3450,20240927.0,135733,GOOD,/home/kaizen-ai/Desktop/thrust_bearing_app/python-backend/Downloads/bearing_complete/GOOD_20240927_135733.jpg
3451,20240927.0,135824,GOOD,/home/kaizen-ai/Desktop/thrust_bearing_app/python-backend/Downloads/bearing_complete/GOOD_20240927_135824.jpg
3452,20240927.0,135929,NG,/home/kaizen-ai/Desktop/thrust_bearing_app/python-backend/Downloads/not_complete/NG_20240927_135929.jpg
3453,20240927.0,140020,GOOD,/home/kaizen-ai/Desktop/thrust_bearing_app/python-backend/Downloads/bearing_complete/GOOD_20240927_140020.jpg
3454,20240927.0,140112,GOOD,/home/kaizen-ai/Desktop/thrust_bearing_app/python-backend/Downloads/bearing_complete/GOOD_20240927_140112.jpg
3455,20240927.0,140216,GOOD,/home/kaizen-ai/Desktop/thrust_bearing_app/python-backend/Downloads/bearing_complete/GOOD_20240927_140216.jpg
3456,20240927.0,140314,GOOD,/home/kaizen-ai/Desktop/thrust_bearing_app/python-backend/Downloads/bearing_complete/GOOD_20240927_140314.jpg
3457,20240927.0,140417,GOOD,/home/kaizen-ai/Desktop/thrust_bearing_app/python-backend/Downloads/bearing_complete/GOOD_20240927_140417.jpg
3458,20240927.0,140509,GOOD,/home/kaizen-ai/Desktop/thrust_bearing_app/python-backend/Downloads/bearing_complete/GOOD_20240927_140509.jpg
3459,20240927.0,140623,GOOD,/home/kaizen-ai/Desktop/thrust_bearing_app/python-backend/Downloads/bearing_complete/GOOD_20240927_140623.jpg
3460,20240927.0,140718,NG,/home/kaizen-ai/Desktop/thrust_bearing_app/python-backend/Downloads/not_complete/NG_20240927_140718.jpg
3461,20240927.0,140830,GOOD,/home/kaizen-ai/Desktop/thrust_bearing_app/python-backend/Downloads/bearing_complete/GOOD_20240927_140830.jpg
3462,20240927.0,140924,GOOD,/home/kaizen-ai/Desktop/thrust_bearing_app/python-backend/Downloads/bearing_complete/GOOD_20240927_140924.jpg
3463,20240927.0,141026,GOOD,/home/kaizen-ai/Desktop/thrust_bearing_app/python-backend/Downloads/bearing_complete/GOOD_20240927_141026.jpg
3464,20240927.0,141133,GOOD,/home/kaizen-ai/Desktop/thrust_bearing_app/python-backend/Downloads/bearing_complete/GOOD_20240927_141133.jpg
3465,20240927.0,141227,GOOD,/home/kaizen-ai/Desktop/thrust_bearing_app/python-backend/Downloads/bearing_complete/GOOD_20240927_141227.jpg
3466,20240927.0,141418,GOOD,/home/kaizen-ai/Desktop/thrust_bearing_app/python-backend/Downloads/bearing_complete/GOOD_20240927_141418.jpg
3467,20240927.0,141600,GOOD,/home/kaizen-ai/Desktop/thrust_bearing_app/python-backend/Downloads/bearing_complete/GOOD_20240927_141600.jpg
3468,20240927.0,141656,GOOD,/home/kaizen-ai/Desktop/thrust_bearing_app/python-backend/Downloads/bearing_complete/GOOD_20240927_141656.jpg
3469,20240927.0,141804,GOOD,/home/kaizen-ai/Desktop/thrust_bearing_app/python-backend/Downloads/bearing_complete/GOOD_20240927_141804.jpg
3470,20240927.0,141902,GOOD,/home/kaizen-ai/Desktop/thrust_bearing_app/python-backend/Downloads/bearing_complete/GOOD_20240927_141902.jpg
3471,20240927.0,142015,GOOD,/home/kaizen-ai/Desktop/thrust_bearing_app/python-backend/Downloads/bearing_complete/GOOD_20240927_142015.jpg
3472,20240927.0,142119,GOOD,/home/kaizen-ai/Desktop/thrust_bearing_app/python-backend/Downloads/bearing_complete/GOOD_20240927_142119.jpg
3473,20240927.0,142239,NG,/home/kaizen-ai/Desktop/thrust_bearing_app/python-backend/Downloads/not_complete/NG_20240927_142239.jpg
3474,20240927.0,142355,NG,/home/kaizen-ai/Desktop/thrust_bearing_app/python-backend/Downloads/not_complete/NG_20240927_142355.jpg
3475,20240927.0,142459,NG,/home/kaizen-ai/Desktop/thrust_bearing_app/python-backend/Downloads/not_complete/NG_20240927_142459.jpg
3476,20240927.0,142601,NG,/home/kaizen-ai/Desktop/thrust_bearing_app/python-backend/Downloads/not_complete/NG_20240927_142601.jpg
3477,20240927.0,142708,NG,/home/kaizen-ai/Desktop/thrust_bearing_app/python-backend/Downloads/not_complete/NG_20240927_142708.jpg
3478,20240927.0,142812,NG,/home/kaizen-ai/Desktop/thrust_bearing_app/python-backend/Downloads/not_complete/NG_20240927_142812.jpg
3479,20240927.0,142924,NG,/home/kaizen-ai/Desktop/thrust_bearing_app/python-backend/Downloads/not_complete/NG_20240927_142924.jpg
3480,20240927.0,142952,NG,/home/kaizen-ai/Desktop/thrust_bearing_app/python-backend/Downloads/not_complete/NG_20240927_142952.jpg
3481,20240927.0,143141,NG,/home/kaizen-ai/Desktop/thrust_bearing_app/python-backend/Downloads/not_complete/NG_20240927_143141.jpg
3482,20240927.0,143204,NG,/home/kaizen-ai/Desktop/thrust_bearing_app/python-backend/Downloads/not_complete/NG_20240927_143204.jpg
3483,20240927.0,143453,GOOD,/home/kaizen-ai/Desktop/thrust_bearing_app/python-backend/Downloads/bearing_complete/GOOD_20240927_143453.jpg
3484,20240927.0,143520,NG,/home/kaizen-ai/Desktop/thrust_bearing_app/python-backend/Downloads/not_complete/NG_20240927_143520.jpg
3485,20240927.0,143547,NG,/home/kaizen-ai/Desktop/thrust_bearing_app/python-backend/Downloads/not_complete/NG_20240927_143547.jpg
3486,20240927.0,143706,NG,/home/kaizen-ai/Desktop/thrust_bearing_app/python-backend/Downloads/not_complete/NG_20240927_143706.jpg
3487,20240927.0,143723,NG,/home/kaizen-ai/Desktop/thrust_bearing_app/python-backend/Downloads/not_complete/NG_20240927_143723.jpg
3488,20240927.0,143752,NG,/home/kaizen-ai/Desktop/thrust_bearing_app/python-backend/Downloads/not_complete/NG_20240927_143752.jpg
3489,20240927.0,143836,NG,/home/kaizen-ai/Desktop/thrust_bearing_app/python-backend/Downloads/not_complete/NG_20240927_143836.jpg
3490,20240927.0,144130,GOOD,/home/kaizen-ai/Desktop/thrust_bearing_app/python-backend/Downloads/bearing_complete/GOOD_20240927_144130.jpg
3491,20240927.0,144225,GOOD,/home/kaizen-ai/Desktop/thrust_bearing_app/python-backend/Downloads/bearing_complete/GOOD_20240927_144225.jpg
3492,20240927.0,144322,GOOD,/home/kaizen-ai/Desktop/thrust_bearing_app/python-backend/Downloads/bearing_complete/GOOD_20240927_144322.jpg
3493,20240927.0,144436,GOOD,/home/kaizen-ai/Desktop/thrust_bearing_app/python-backend/Downloads/bearing_complete/GOOD_20240927_144436.jpg
3494,20240927.0,144539,GOOD,/home/kaizen-ai/Desktop/thrust_bearing_app/python-backend/Downloads/bearing_complete/GOOD_20240927_144539.jpg
3495,20240927.0,144630,GOOD,/home/kaizen-ai/Desktop/thrust_bearing_app/python-backend/Downloads/bearing_complete/GOOD_20240927_144630.jpg
3496,20240927.0,161215,NG,/home/kaizen-ai/Desktop/thrust_bearing_app/python-backend/Downloads/not_complete/NG_20240927_161215.jpg
3497,20240927.0,161654,NG,/home/kaizen-ai/Desktop/thrust_bearing_app/python-backend/Downloads/not_complete/NG_20240927_161654.jpg
3498,20240927.0,161855,NG,/home/kaizen-ai/Desktop/thrust_bearing_app/python-backend/Downloads/not_complete/NG_20240927_161855.jpg
3499,20240927.0,161955,NG,/home/kaizen-ai/Desktop/thrust_bearing_app/python-backend/Downloads/not_complete/NG_20240927_161955.jpg
3500,20240927.0,162105,NG,/home/kaizen-ai/Desktop/thrust_bearing_app/python-backend/Downloads/not_complete/NG_20240927_162105.jpg
3501,20240927.0,162629,NG,/home/kaizen-ai/Desktop/thrust_bearing_app/python-backend/Downloads/not_complete/NG_20240927_162629.jpg
3502,20240927.0,162708,GOOD,/home/kaizen-ai/Desktop/thrust_bearing_app/python-backend/Downloads/bearing_complete/GOOD_20240927_162708.jpg
3503,20240927.0,163406,NG,/home/kaizen-ai/Desktop/thrust_bearing_app/python-backend/Downloads/not_complete/NG_20240927_163406.jpg
3504,20240927.0,163735,GOOD,/home/kaizen-ai/Desktop/thrust_bearing_app/python-backend/Downloads/bearing_complete/GOOD_20240927_163735.jpg
3505,20240927.0,163914,NG,/home/kaizen-ai/Desktop/thrust_bearing_app/python-backend/Downloads/not_complete/NG_20240927_163914.jpg
3506,20240927.0,163943,NG,/home/kaizen-ai/Desktop/thrust_bearing_app/python-backend/Downloads/not_complete/NG_20240927_163943.jpg
3507,20240927.0,164042,NG,/home/kaizen-ai/Desktop/thrust_bearing_app/python-backend/Downloads/not_complete/NG_20240927_164042.jpg
3508,20240927.0,164125,NG,/home/kaizen-ai/Desktop/thrust_bearing_app/python-backend/Downloads/not_complete/NG_20240927_164125.jpg
3509,20240927.0,164150,NG,/home/kaizen-ai/Desktop/thrust_bearing_app/python-backend/Downloads/not_complete/NG_20240927_164150.jpg
3510,20240927.0,164411,NG,/home/kaizen-ai/Desktop/thrust_bearing_app/python-backend/Downloads/not_complete/NG_20240927_164411.jpg
3511,20240927.0,164437,NG,/home/kaizen-ai/Desktop/thrust_bearing_app/python-backend/Downloads/not_complete/NG_20240927_164437.jpg
3512,20240927.0,164529,NG,/home/kaizen-ai/Desktop/thrust_bearing_app/python-backend/Downloads/not_complete/NG_20240927_164529.jpg
3513,20240927.0,164558,NG,/home/kaizen-ai/Desktop/thrust_bearing_app/python-backend/Downloads/not_complete/NG_20240927_164558.jpg
3514,20240927.0,164635,NG,/home/kaizen-ai/Desktop/thrust_bearing_app/python-backend/Downloads/not_complete/NG_20240927_164635.jpg
3515,20240927.0,164805,NG,/home/kaizen-ai/Desktop/thrust_bearing_app/python-backend/Downloads/not_complete/NG_20240927_164805.jpg
3516,20240927.0,164819,NG,/home/kaizen-ai/Desktop/thrust_bearing_app/python-backend/Downloads/not_complete/NG_20240927_164819.jpg
3517,20240927.0,164837,NG,/home/kaizen-ai/Desktop/thrust_bearing_app/python-backend/Downloads/not_complete/NG_20240927_164837.jpg
3518,20240927.0,164852,NG,/home/kaizen-ai/Desktop/thrust_bearing_app/python-backend/Downloads/not_complete/NG_20240927_164852.jpg
3519,20240927.0,164940,NG,/home/kaizen-ai/Desktop/thrust_bearing_app/python-backend/Downloads/not_complete/NG_20240927_164940.jpg
3520,20240927.0,165000,NG,/home/kaizen-ai/Desktop/thrust_bearing_app/python-backend/Downloads/not_complete/NG_20240927_165000.jpg
3521,20240927.0,165015,NG,/home/kaizen-ai/Desktop/thrust_bearing_app/python-backend/Downloads/not_complete/NG_20240927_165015.jpg
3522,20240927.0,165025,NG,/home/kaizen-ai/Desktop/thrust_bearing_app/python-backend/Downloads/not_complete/NG_20240927_165025.jpg
3523,20240927.0,165035,NG,/home/kaizen-ai/Desktop/thrust_bearing_app/python-backend/Downloads/not_complete/NG_20240927_165035.jpg
3524,20240927.0,165045,NG,/home/kaizen-ai/Desktop/thrust_bearing_app/python-backend/Downloads/not_complete/NG_20240927_165045.jpg
3525,20240927.0,165156,NG,/home/kaizen-ai/Desktop/thrust_bearing_app/python-backend/Downloads/not_complete/NG_20240927_165156.jpg
3526,20240927.0,165232,NG,/home/kaizen-ai/Desktop/thrust_bearing_app/python-backend/Downloads/not_complete/NG_20240927_165232.jpg
3527,20240927.0,165243,NG,/home/kaizen-ai/Desktop/thrust_bearing_app/python-backend/Downloads/not_complete/NG_20240927_165243.jpg
3528,20240927.0,165252,NG,/home/kaizen-ai/Desktop/thrust_bearing_app/python-backend/Downloads/not_complete/NG_20240927_165252.jpg
3529,20240927.0,165302,NG,/home/kaizen-ai/Desktop/thrust_bearing_app/python-backend/Downloads/not_complete/NG_20240927_165302.jpg
3530,20240927.0,165404,GOOD,/home/kaizen-ai/Desktop/thrust_bearing_app/python-backend/Downloads/bearing_complete/GOOD_20240927_165404.jpg
3531,20240927.0,165413,GOOD,/home/kaizen-ai/Desktop/thrust_bearing_app/python-backend/Downloads/bearing_complete/GOOD_20240927_165413.jpg
3532,20240927.0,165420,GOOD,/home/kaizen-ai/Desktop/thrust_bearing_app/python-backend/Downloads/bearing_complete/GOOD_20240927_165420.jpg
3533,20240927.0,165429,GOOD,/home/kaizen-ai/Desktop/thrust_bearing_app/python-backend/Downloads/bearing_complete/GOOD_20240927_165429.jpg
3534,20240927.0,165435,NG,/home/kaizen-ai/Desktop/thrust_bearing_app/python-backend/Downloads/not_complete/NG_20240927_165435.jpg
3535,20240927.0,165444,NG,/home/kaizen-ai/Desktop/thrust_bearing_app/python-backend/Downloads/not_complete/NG_20240927_165444.jpg
3536,20240927.0,165452,GOOD,/home/kaizen-ai/Desktop/thrust_bearing_app/python-backend/Downloads/bearing_complete/GOOD_20240927_165452.jpg
3537,20240927.0,165501,NG,/home/kaizen-ai/Desktop/thrust_bearing_app/python-backend/Downloads/not_complete/NG_20240927_165501.jpg
3538,20240927.0,165507,GOOD,/home/kaizen-ai/Desktop/thrust_bearing_app/python-backend/Downloads/bearing_complete/GOOD_20240927_165507.jpg
3539,20240927.0,165515,NG,/home/kaizen-ai/Desktop/thrust_bearing_app/python-backend/Downloads/not_complete/NG_20240927_165515.jpg
3540,20240927.0,165522,GOOD,/home/kaizen-ai/Desktop/thrust_bearing_app/python-backend/Downloads/bearing_complete/GOOD_20240927_165522.jpg
3541,20240927.0,165540,NG,/home/kaizen-ai/Desktop/thrust_bearing_app/python-backend/Downloads/not_complete/NG_20240927_165540.jpg
3542,20240927.0,165546,GOOD,/home/kaizen-ai/Desktop/thrust_bearing_app/python-backend/Downloads/bearing_complete/GOOD_20240927_165546.jpg
3543,20240927.0,165556,GOOD,/home/kaizen-ai/Desktop/thrust_bearing_app/python-backend/Downloads/bearing_complete/GOOD_20240927_165556.jpg
3544,20240927.0,165631,GOOD,/home/kaizen-ai/Desktop/thrust_bearing_app/python-backend/Downloads/bearing_complete/GOOD_20240927_165631.jpg
3545,20240927.0,165650,NG,/home/kaizen-ai/Desktop/thrust_bearing_app/python-backend/Downloads/not_complete/NG_20240927_165650.jpg
3546,20240927.0,165733,NG,/home/kaizen-ai/Desktop/thrust_bearing_app/python-backend/Downloads/not_complete/NG_20240927_165733.jpg
3547,20240927.0,165813,NG,/home/kaizen-ai/Desktop/thrust_bearing_app/python-backend/Downloads/not_complete/NG_20240927_165813.jpg
3548,20240927.0,165906,NG,/home/kaizen-ai/Desktop/thrust_bearing_app/python-backend/Downloads/not_complete/NG_20240927_165906.jpg
3549,20240927.0,170039,NG,/home/kaizen-ai/Desktop/thrust_bearing_app/python-backend/Downloads/not_complete/NG_20240927_170039.jpg
3550,20240927.0,170113,NG,/home/kaizen-ai/Desktop/thrust_bearing_app/python-backend/Downloads/not_complete/NG_20240927_170113.jpg
3551,20240927.0,174516,NG,/home/kaizen-ai/Desktop/thrust_bearing_app/python-backend/Downloads/not_complete/NG_20240927_174516.jpg
3552,20240927.0,174516,original,/home/kaizen-ai/Desktop/thrust_bearing_app/python-backend/Downloads/original_image/original_20240927_174516.jpg
3553,20240927.0,174601,NG,/home/kaizen-ai/Desktop/thrust_bearing_app/python-backend/Downloads/not_complete/NG_20240927_174601.jpg
3554,20240927.0,174601,original,/home/kaizen-ai/Desktop/thrust_bearing_app/python-backend/Downloads/original_image/original_20240927_174601.jpg
3555,20240927.0,174614,NG,/home/kaizen-ai/Desktop/thrust_bearing_app/python-backend/Downloads/not_complete/NG_20240927_174614.jpg
3556,20240927.0,174614,original,/home/kaizen-ai/Desktop/thrust_bearing_app/python-backend/Downloads/original_image/original_20240927_174614.jpg
3557,20240927.0,174640,NG,/home/kaizen-ai/Desktop/thrust_bearing_app/python-backend/Downloads/not_complete/NG_20240927_174640.jpg
3558,20240927.0,174640,original,/home/kaizen-ai/Desktop/thrust_bearing_app/python-backend/Downloads/original_image/original_20240927_174640.jpg
3559,20240927.0,174649,NG,/home/kaizen-ai/Desktop/thrust_bearing_app/python-backend/Downloads/not_complete/NG_20240927_174649.jpg
3560,20240927.0,174649,original,/home/kaizen-ai/Desktop/thrust_bearing_app/python-backend/Downloads/original_image/original_20240927_174649.jpg
3561,20240927.0,174917,NG,/home/kaizen-ai/Desktop/thrust_bearing_app/python-backend/Downloads/not_complete/NG_20240927_174917.jpg
3562,20240927.0,174917,original,/home/kaizen-ai/Desktop/thrust_bearing_app/python-backend/Downloads/original_image/original_20240927_174917.jpg
3563,20240927.0,175229,original,/home/kaizen-ai/Desktop/thrust_bearing_app/python-backend/Downloads/original_image/original_20240927_175229.jpg
3564,20240927.0,175229,NG,/home/kaizen-ai/Desktop/thrust_bearing_app/python-backend/Downloads/not_complete/NG_20240927_175229.jpg
3565,20240927.0,175309,original,/home/kaizen-ai/Desktop/thrust_bearing_app/python-backend/Downloads/original_image/original_20240927_175309.jpg
3566,20240927.0,175309,NG,/home/kaizen-ai/Desktop/thrust_bearing_app/python-backend/Downloads/not_complete/NG_20240927_175309.jpg
3567,20240927.0,175426,original,/home/kaizen-ai/Desktop/thrust_bearing_app/python-backend/Downloads/original_image/original_20240927_175426.jpg
3568,20240927.0,175426,NG,/home/kaizen-ai/Desktop/thrust_bearing_app/python-backend/Downloads/not_complete/NG_20240927_175426.jpg
3569,20240927.0,175442,original,/home/kaizen-ai/Desktop/thrust_bearing_app/python-backend/Downloads/original_image/original_20240927_175442.jpg
3570,20240927.0,175442,NG,/home/kaizen-ai/Desktop/thrust_bearing_app/python-backend/Downloads/not_complete/NG_20240927_175442.jpg
3571,20240927.0,175616,original,/home/kaizen-ai/Desktop/thrust_bearing_app/python-backend/Downloads/original_image/original_20240927_175616.jpg
3572,20240927.0,175616,NG,/home/kaizen-ai/Desktop/thrust_bearing_app/python-backend/Downloads/not_complete/NG_20240927_175616.jpg
3573,20240927.0,180052,original,/home/kaizen-ai/Desktop/thrust_bearing_app/python-backend/Downloads/original_image/original_20240927_180052.jpg
3574,20240927.0,180052,NG,/home/kaizen-ai/Desktop/thrust_bearing_app/python-backend/Downloads/not_complete/NG_20240927_180052.jpg
3575,20240927.0,180122,original,/home/kaizen-ai/Desktop/thrust_bearing_app/python-backend/Downloads/original_image/original_20240927_180122.jpg
3576,20240927.0,180122,NG,/home/kaizen-ai/Desktop/thrust_bearing_app/python-backend/Downloads/not_complete/NG_20240927_180122.jpg
3577,20240927.0,180142,original,/home/kaizen-ai/Desktop/thrust_bearing_app/python-backend/Downloads/original_image/original_20240927_180142.jpg
3578,20240927.0,180142,NG,/home/kaizen-ai/Desktop/thrust_bearing_app/python-backend/Downloads/not_complete/NG_20240927_180142.jpg
3579,20240927.0,180200,original,/home/kaizen-ai/Desktop/thrust_bearing_app/python-backend/Downloads/original_image/original_20240927_180200.jpg
3580,20240927.0,180200,NG,/home/kaizen-ai/Desktop/thrust_bearing_app/python-backend/Downloads/not_complete/NG_20240927_180200.jpg
3581,20240927.0,180214,original,/home/kaizen-ai/Desktop/thrust_bearing_app/python-backend/Downloads/original_image/original_20240927_180214.jpg
3582,20240927.0,180214,NG,/home/kaizen-ai/Desktop/thrust_bearing_app/python-backend/Downloads/not_complete/NG_20240927_180214.jpg
3583,20240927.0,180658,original,/home/kaizen-ai/Desktop/thrust_bearing_app/python-backend/Downloads/original_image/original_20240927_180658.jpg
3584,20240927.0,180658,NG,/home/kaizen-ai/Desktop/thrust_bearing_app/python-backend/Downloads/not_complete/NG_20240927_180658.jpg
3585,20240927.0,180711,original,/home/kaizen-ai/Desktop/thrust_bearing_app/python-backend/Downloads/original_image/original_20240927_180711.jpg
3586,20240927.0,180711,NG,/home/kaizen-ai/Desktop/thrust_bearing_app/python-backend/Downloads/not_complete/NG_20240927_180711.jpg
3587,20240927.0,180741,original,/home/kaizen-ai/Desktop/thrust_bearing_app/python-backend/Downloads/original_image/original_20240927_180741.jpg
3588,20240927.0,180741,NG,/home/kaizen-ai/Desktop/thrust_bearing_app/python-backend/Downloads/not_complete/NG_20240927_180741.jpg
