inspection_id,inspection_date,inspection_time,inspection_result,image_path
1,20240808.0,185813,GOOD,/home/komputer/Desktop/thrust_bearing_app/python-backend/Downloads/Deteksi_oke/GOOD_20240808_185813.jpg
2,20241004.0,201642,NG,/home/kaizen-ai/Desktop/thrust_bearing_app/python-backend/Downloads/not_good_NG4/NG_20241004_201642.jpg
3,20241004.0,201659,GOOD,/home/kaizen-ai/Desktop/thrust_bearing_app/python-backend/Downloads/bearing_complete/GOOD_20241004_201659.jpg
4,20241004.0,202224,GOOD,/home/kaizen-ai/Desktop/thrust_bearing_app/python-backend/Downloads/bearing_complete/GOOD_20241004_202224.jpg
5,20241004.0,202642,GOOD,/home/kaizen-ai/Desktop/thrust_bearing_app/python-backend/Downloads/bearing_complete/GOOD_20241004_202642.jpg
6,20241004.0,210714,GOOD,/home/kaizen-ai/Desktop/thrust_bearing_app/python-backend/Downloads/bearing_complete/GOOD_20241004_210714.jpg
7,20241004.0,210841,GOOD,/home/kaizen-ai/Desktop/thrust_bearing_app/python-backend/Downloads/bearing_complete/GOOD_20241004_210841.jpg
8,20241004.0,211113,GOOD,/home/kaizen-ai/Desktop/thrust_bearing_app/python-backend/Downloads/bearing_complete/GOOD_20241004_211113.jpg
9,20241004.0,211201,GOOD,/home/kaizen-ai/Desktop/thrust_bearing_app/python-backend/Downloads/bearing_complete/GOOD_20241004_211201.jpg
10,20241004.0,211300,GOOD,/home/kaizen-ai/Desktop/thrust_bearing_app/python-backend/Downloads/bearing_complete/GOOD_20241004_211300.jpg
11,20241004.0,211350,GOOD,/home/kaizen-ai/Desktop/thrust_bearing_app/python-backend/Downloads/bearing_complete/GOOD_20241004_211350.jpg
12,20241004.0,211529,GOOD,/home/kaizen-ai/Desktop/thrust_bearing_app/python-backend/Downloads/bearing_complete/GOOD_20241004_211529.jpg
13,20241004.0,211631,GOOD,/home/kaizen-ai/Desktop/thrust_bearing_app/python-backend/Downloads/bearing_complete/GOOD_20241004_211631.jpg
14,20241004.0,211813,GOOD,/home/kaizen-ai/Desktop/thrust_bearing_app/python-backend/Downloads/bearing_complete/GOOD_20241004_211813.jpg
15,20241004.0,211921,GOOD,/home/kaizen-ai/Desktop/thrust_bearing_app/python-backend/Downloads/bearing_complete/GOOD_20241004_211921.jpg
16,20241004.0,212019,GOOD,/home/kaizen-ai/Desktop/thrust_bearing_app/python-backend/Downloads/bearing_complete/GOOD_20241004_212019.jpg
17,20241004.0,212123,GOOD,/home/kaizen-ai/Desktop/thrust_bearing_app/python-backend/Downloads/bearing_complete/GOOD_20241004_212123.jpg
18,20241004.0,212342,GOOD,/home/kaizen-ai/Desktop/thrust_bearing_app/python-backend/Downloads/bearing_complete/GOOD_20241004_212342.jpg
19,20241004.0,212432,GOOD,/home/kaizen-ai/Desktop/thrust_bearing_app/python-backend/Downloads/bearing_complete/GOOD_20241004_212432.jpg
20,20241004.0,212525,NG,/home/kaizen-ai/Desktop/thrust_bearing_app/python-backend/Downloads/not_good_NG1/NG_20241004_212525.jpg
21,20241004.0,212659,GOOD,/home/kaizen-ai/Desktop/thrust_bearing_app/python-backend/Downloads/bearing_complete/GOOD_20241004_212659.jpg
22,20241004.0,212751,GOOD,/home/kaizen-ai/Desktop/thrust_bearing_app/python-backend/Downloads/bearing_complete/GOOD_20241004_212751.jpg
23,20241004.0,212903,GOOD,/home/kaizen-ai/Desktop/thrust_bearing_app/python-backend/Downloads/bearing_complete/GOOD_20241004_212903.jpg
24,20241004.0,213005,GOOD,/home/kaizen-ai/Desktop/thrust_bearing_app/python-backend/Downloads/bearing_complete/GOOD_20241004_213005.jpg
25,20241004.0,213113,GOOD,/home/kaizen-ai/Desktop/thrust_bearing_app/python-backend/Downloads/bearing_complete/GOOD_20241004_213113.jpg
26,20241004.0,213204,NG,/home/kaizen-ai/Desktop/thrust_bearing_app/python-backend/Downloads/not_good_NG1/NG_20241004_213204.jpg
27,20241004.0,213320,GOOD,/home/kaizen-ai/Desktop/thrust_bearing_app/python-backend/Downloads/bearing_complete/GOOD_20241004_213320.jpg
28,20241004.0,213459,GOOD,/home/kaizen-ai/Desktop/thrust_bearing_app/python-backend/Downloads/bearing_complete/GOOD_20241004_213459.jpg
29,20241004.0,213527,GOOD,/home/kaizen-ai/Desktop/thrust_bearing_app/python-backend/Downloads/bearing_complete/GOOD_20241004_213527.jpg
30,20241004.0,213624,GOOD,/home/kaizen-ai/Desktop/thrust_bearing_app/python-backend/Downloads/bearing_complete/GOOD_20241004_213624.jpg
31,20241004.0,213744,GOOD,/home/kaizen-ai/Desktop/thrust_bearing_app/python-backend/Downloads/bearing_complete/GOOD_20241004_213744.jpg
32,20241004.0,213901,GOOD,/home/kaizen-ai/Desktop/thrust_bearing_app/python-backend/Downloads/bearing_complete/GOOD_20241004_213901.jpg
33,20241004.0,213956,GOOD,/home/kaizen-ai/Desktop/thrust_bearing_app/python-backend/Downloads/bearing_complete/GOOD_20241004_213956.jpg
34,20241004.0,214056,GOOD,/home/kaizen-ai/Desktop/thrust_bearing_app/python-backend/Downloads/bearing_complete/GOOD_20241004_214056.jpg
35,20241004.0,214150,GOOD,/home/kaizen-ai/Desktop/thrust_bearing_app/python-backend/Downloads/bearing_complete/GOOD_20241004_214150.jpg
36,20241004.0,214303,GOOD,/home/kaizen-ai/Desktop/thrust_bearing_app/python-backend/Downloads/bearing_complete/GOOD_20241004_214303.jpg
37,20241004.0,214417,GOOD,/home/kaizen-ai/Desktop/thrust_bearing_app/python-backend/Downloads/bearing_complete/GOOD_20241004_214417.jpg
38,20241004.0,214509,GOOD,/home/kaizen-ai/Desktop/thrust_bearing_app/python-backend/Downloads/bearing_complete/GOOD_20241004_214509.jpg
39,20241004.0,214608,GOOD,/home/kaizen-ai/Desktop/thrust_bearing_app/python-backend/Downloads/bearing_complete/GOOD_20241004_214608.jpg
40,20241004.0,214706,GOOD,/home/kaizen-ai/Desktop/thrust_bearing_app/python-backend/Downloads/bearing_complete/GOOD_20241004_214706.jpg
41,20241004.0,214750,GOOD,/home/kaizen-ai/Desktop/thrust_bearing_app/python-backend/Downloads/bearing_complete/GOOD_20241004_214750.jpg
42,20241004.0,214900,GOOD,/home/kaizen-ai/Desktop/thrust_bearing_app/python-backend/Downloads/bearing_complete/GOOD_20241004_214900.jpg
43,20241004.0,214945,NG,/home/kaizen-ai/Desktop/thrust_bearing_app/python-backend/Downloads/not_good_NG3/NG_20241004_214945.jpg
44,20241004.0,215128,GOOD,/home/kaizen-ai/Desktop/thrust_bearing_app/python-backend/Downloads/bearing_complete/GOOD_20241004_215128.jpg
45,20241004.0,215148,GOOD,/home/kaizen-ai/Desktop/thrust_bearing_app/python-backend/Downloads/bearing_complete/GOOD_20241004_215148.jpg
46,20241004.0,215327,GOOD,/home/kaizen-ai/Desktop/thrust_bearing_app/python-backend/Downloads/bearing_complete/GOOD_20241004_215327.jpg
47,20241004.0,215428,GOOD,/home/kaizen-ai/Desktop/thrust_bearing_app/python-backend/Downloads/bearing_complete/GOOD_20241004_215428.jpg
48,20241004.0,215525,GOOD,/home/kaizen-ai/Desktop/thrust_bearing_app/python-backend/Downloads/bearing_complete/GOOD_20241004_215525.jpg
49,20241004.0,215630,GOOD,/home/kaizen-ai/Desktop/thrust_bearing_app/python-backend/Downloads/bearing_complete/GOOD_20241004_215630.jpg
50,20241004.0,215749,GOOD,/home/kaizen-ai/Desktop/thrust_bearing_app/python-backend/Downloads/bearing_complete/GOOD_20241004_215749.jpg
51,20241004.0,215833,GOOD,/home/kaizen-ai/Desktop/thrust_bearing_app/python-backend/Downloads/bearing_complete/GOOD_20241004_215833.jpg
52,20241004.0,215934,GOOD,/home/kaizen-ai/Desktop/thrust_bearing_app/python-backend/Downloads/bearing_complete/GOOD_20241004_215934.jpg
53,20241004.0,221017,GOOD,/home/kaizen-ai/Desktop/thrust_bearing_app/python-backend/Downloads/bearing_complete/GOOD_20241004_221017.jpg
54,20241004.0,221142,GOOD,/home/kaizen-ai/Desktop/thrust_bearing_app/python-backend/Downloads/bearing_complete/GOOD_20241004_221142.jpg
55,20241004.0,221314,GOOD,/home/kaizen-ai/Desktop/thrust_bearing_app/python-backend/Downloads/bearing_complete/GOOD_20241004_221314.jpg
56,20241004.0,221414,GOOD,/home/kaizen-ai/Desktop/thrust_bearing_app/python-backend/Downloads/bearing_complete/GOOD_20241004_221414.jpg
57,20241004.0,221513,GOOD,/home/kaizen-ai/Desktop/thrust_bearing_app/python-backend/Downloads/bearing_complete/GOOD_20241004_221513.jpg
58,20241004.0,221611,GOOD,/home/kaizen-ai/Desktop/thrust_bearing_app/python-backend/Downloads/bearing_complete/GOOD_20241004_221611.jpg
59,20241004.0,221718,GOOD,/home/kaizen-ai/Desktop/thrust_bearing_app/python-backend/Downloads/bearing_complete/GOOD_20241004_221718.jpg
60,20241004.0,221917,NG,/home/kaizen-ai/Desktop/thrust_bearing_app/python-backend/Downloads/not_good_NG1/NG_20241004_221917.jpg
61,20241004.0,222032,GOOD,/home/kaizen-ai/Desktop/thrust_bearing_app/python-backend/Downloads/bearing_complete/GOOD_20241004_222032.jpg
62,20241004.0,222115,GOOD,/home/kaizen-ai/Desktop/thrust_bearing_app/python-backend/Downloads/bearing_complete/GOOD_20241004_222115.jpg
63,20241004.0,222248,GOOD,/home/kaizen-ai/Desktop/thrust_bearing_app/python-backend/Downloads/bearing_complete/GOOD_20241004_222248.jpg
64,20241004.0,222353,GOOD,/home/kaizen-ai/Desktop/thrust_bearing_app/python-backend/Downloads/bearing_complete/GOOD_20241004_222353.jpg
65,20241004.0,222457,GOOD,/home/kaizen-ai/Desktop/thrust_bearing_app/python-backend/Downloads/bearing_complete/GOOD_20241004_222457.jpg
66,20241004.0,222551,GOOD,/home/kaizen-ai/Desktop/thrust_bearing_app/python-backend/Downloads/bearing_complete/GOOD_20241004_222551.jpg
67,20241004.0,222652,GOOD,/home/kaizen-ai/Desktop/thrust_bearing_app/python-backend/Downloads/bearing_complete/GOOD_20241004_222652.jpg
68,20241004.0,222753,GOOD,/home/kaizen-ai/Desktop/thrust_bearing_app/python-backend/Downloads/bearing_complete/GOOD_20241004_222753.jpg
69,20241004.0,222954,GOOD,/home/kaizen-ai/Desktop/thrust_bearing_app/python-backend/Downloads/bearing_complete/GOOD_20241004_222954.jpg
70,20241004.0,223023,GOOD,/home/kaizen-ai/Desktop/thrust_bearing_app/python-backend/Downloads/bearing_complete/GOOD_20241004_223023.jpg
71,20241004.0,223121,GOOD,/home/kaizen-ai/Desktop/thrust_bearing_app/python-backend/Downloads/bearing_complete/GOOD_20241004_223121.jpg
72,20241004.0,223220,GOOD,/home/kaizen-ai/Desktop/thrust_bearing_app/python-backend/Downloads/bearing_complete/GOOD_20241004_223220.jpg
73,20241004.0,223323,GOOD,/home/kaizen-ai/Desktop/thrust_bearing_app/python-backend/Downloads/bearing_complete/GOOD_20241004_223323.jpg
74,20241004.0,223415,GOOD,/home/kaizen-ai/Desktop/thrust_bearing_app/python-backend/Downloads/bearing_complete/GOOD_20241004_223415.jpg
75,20241004.0,223533,GOOD,/home/kaizen-ai/Desktop/thrust_bearing_app/python-backend/Downloads/bearing_complete/GOOD_20241004_223533.jpg
76,20241004.0,223636,GOOD,/home/kaizen-ai/Desktop/thrust_bearing_app/python-backend/Downloads/bearing_complete/GOOD_20241004_223636.jpg
77,20241004.0,223734,GOOD,/home/kaizen-ai/Desktop/thrust_bearing_app/python-backend/Downloads/bearing_complete/GOOD_20241004_223734.jpg
78,20241004.0,223858,NG,/home/kaizen-ai/Desktop/thrust_bearing_app/python-backend/Downloads/not_good_NG3/NG_20241004_223858.jpg
79,20241004.0,223946,GOOD,/home/kaizen-ai/Desktop/thrust_bearing_app/python-backend/Downloads/bearing_complete/GOOD_20241004_223946.jpg
80,20241004.0,224048,GOOD,/home/kaizen-ai/Desktop/thrust_bearing_app/python-backend/Downloads/bearing_complete/GOOD_20241004_224048.jpg
81,20241004.0,224157,GOOD,/home/kaizen-ai/Desktop/thrust_bearing_app/python-backend/Downloads/bearing_complete/GOOD_20241004_224157.jpg
82,20241004.0,224241,GOOD,/home/kaizen-ai/Desktop/thrust_bearing_app/python-backend/Downloads/bearing_complete/GOOD_20241004_224241.jpg
83,20241004.0,224338,GOOD,/home/kaizen-ai/Desktop/thrust_bearing_app/python-backend/Downloads/bearing_complete/GOOD_20241004_224338.jpg
84,20241004.0,224443,GOOD,/home/kaizen-ai/Desktop/thrust_bearing_app/python-backend/Downloads/bearing_complete/GOOD_20241004_224443.jpg
85,20241004.0,224546,GOOD,/home/kaizen-ai/Desktop/thrust_bearing_app/python-backend/Downloads/bearing_complete/GOOD_20241004_224546.jpg
86,20241004.0,224718,GOOD,/home/kaizen-ai/Desktop/thrust_bearing_app/python-backend/Downloads/bearing_complete/GOOD_20241004_224718.jpg
87,20241004.0,224807,GOOD,/home/kaizen-ai/Desktop/thrust_bearing_app/python-backend/Downloads/bearing_complete/GOOD_20241004_224807.jpg
88,20241004.0,224853,GOOD,/home/kaizen-ai/Desktop/thrust_bearing_app/python-backend/Downloads/bearing_complete/GOOD_20241004_224853.jpg
89,20241004.0,224953,GOOD,/home/kaizen-ai/Desktop/thrust_bearing_app/python-backend/Downloads/bearing_complete/GOOD_20241004_224953.jpg
90,20241004.0,225103,GOOD,/home/kaizen-ai/Desktop/thrust_bearing_app/python-backend/Downloads/bearing_complete/GOOD_20241004_225103.jpg
91,20241004.0,225209,GOOD,/home/kaizen-ai/Desktop/thrust_bearing_app/python-backend/Downloads/bearing_complete/GOOD_20241004_225209.jpg
92,20241004.0,225343,GOOD,/home/kaizen-ai/Desktop/thrust_bearing_app/python-backend/Downloads/bearing_complete/GOOD_20241004_225343.jpg
93,20241004.0,225454,GOOD,/home/kaizen-ai/Desktop/thrust_bearing_app/python-backend/Downloads/bearing_complete/GOOD_20241004_225454.jpg
94,20241004.0,225511,GOOD,/home/kaizen-ai/Desktop/thrust_bearing_app/python-backend/Downloads/bearing_complete/GOOD_20241004_225511.jpg
95,20241004.0,225702,GOOD,/home/kaizen-ai/Desktop/thrust_bearing_app/python-backend/Downloads/bearing_complete/GOOD_20241004_225702.jpg
96,20241004.0,225718,GOOD,/home/kaizen-ai/Desktop/thrust_bearing_app/python-backend/Downloads/bearing_complete/GOOD_20241004_225718.jpg
97,20241004.0,225822,GOOD,/home/kaizen-ai/Desktop/thrust_bearing_app/python-backend/Downloads/bearing_complete/GOOD_20241004_225822.jpg
98,20241004.0,225923,GOOD,/home/kaizen-ai/Desktop/thrust_bearing_app/python-backend/Downloads/bearing_complete/GOOD_20241004_225923.jpg
99,20241004.0,230009,GOOD,/home/kaizen-ai/Desktop/thrust_bearing_app/python-backend/Downloads/bearing_complete/GOOD_20241004_230009.jpg
100,20241004.0,230219,NG,/home/kaizen-ai/Desktop/thrust_bearing_app/python-backend/Downloads/not_good_NG1/NG_20241004_230219.jpg
101,20241004.0,230238,GOOD,/home/kaizen-ai/Desktop/thrust_bearing_app/python-backend/Downloads/bearing_complete/GOOD_20241004_230238.jpg
102,20241004.0,230343,GOOD,/home/kaizen-ai/Desktop/thrust_bearing_app/python-backend/Downloads/bearing_complete/GOOD_20241004_230343.jpg
103,20241004.0,230421,GOOD,/home/kaizen-ai/Desktop/thrust_bearing_app/python-backend/Downloads/bearing_complete/GOOD_20241004_230421.jpg
104,20241004.0,230525,GOOD,/home/kaizen-ai/Desktop/thrust_bearing_app/python-backend/Downloads/bearing_complete/GOOD_20241004_230525.jpg
105,20241004.0,230626,GOOD,/home/kaizen-ai/Desktop/thrust_bearing_app/python-backend/Downloads/bearing_complete/GOOD_20241004_230626.jpg
106,20241004.0,230718,GOOD,/home/kaizen-ai/Desktop/thrust_bearing_app/python-backend/Downloads/bearing_complete/GOOD_20241004_230718.jpg
107,20241004.0,230813,GOOD,/home/kaizen-ai/Desktop/thrust_bearing_app/python-backend/Downloads/bearing_complete/GOOD_20241004_230813.jpg
108,20241004.0,231004,GOOD,/home/kaizen-ai/Desktop/thrust_bearing_app/python-backend/Downloads/bearing_complete/GOOD_20241004_231004.jpg
109,20241004.0,231106,GOOD,/home/kaizen-ai/Desktop/thrust_bearing_app/python-backend/Downloads/bearing_complete/GOOD_20241004_231106.jpg
110,20241004.0,231208,GOOD,/home/kaizen-ai/Desktop/thrust_bearing_app/python-backend/Downloads/bearing_complete/GOOD_20241004_231208.jpg
111,20241004.0,231314,GOOD,/home/kaizen-ai/Desktop/thrust_bearing_app/python-backend/Downloads/bearing_complete/GOOD_20241004_231314.jpg
112,20241004.0,231506,GOOD,/home/kaizen-ai/Desktop/thrust_bearing_app/python-backend/Downloads/bearing_complete/GOOD_20241004_231506.jpg
113,20241004.0,231546,GOOD,/home/kaizen-ai/Desktop/thrust_bearing_app/python-backend/Downloads/bearing_complete/GOOD_20241004_231546.jpg
114,20241004.0,231828,NG,/home/kaizen-ai/Desktop/thrust_bearing_app/python-backend/Downloads/not_good_NG3/NG_20241004_231828.jpg
115,20241004.0,231840,GOOD,/home/kaizen-ai/Desktop/thrust_bearing_app/python-backend/Downloads/bearing_complete/GOOD_20241004_231840.jpg
116,20241004.0,231910,GOOD,/home/kaizen-ai/Desktop/thrust_bearing_app/python-backend/Downloads/bearing_complete/GOOD_20241004_231910.jpg
117,20241004.0,232043,GOOD,/home/kaizen-ai/Desktop/thrust_bearing_app/python-backend/Downloads/bearing_complete/GOOD_20241004_232043.jpg
118,20241004.0,232120,GOOD,/home/kaizen-ai/Desktop/thrust_bearing_app/python-backend/Downloads/bearing_complete/GOOD_20241004_232120.jpg
119,20241004.0,232218,GOOD,/home/kaizen-ai/Desktop/thrust_bearing_app/python-backend/Downloads/bearing_complete/GOOD_20241004_232218.jpg
120,20241004.0,232314,GOOD,/home/kaizen-ai/Desktop/thrust_bearing_app/python-backend/Downloads/bearing_complete/GOOD_20241004_232314.jpg
121,20241004.0,232437,GOOD,/home/kaizen-ai/Desktop/thrust_bearing_app/python-backend/Downloads/bearing_complete/GOOD_20241004_232437.jpg
122,20241004.0,232511,GOOD,/home/kaizen-ai/Desktop/thrust_bearing_app/python-backend/Downloads/bearing_complete/GOOD_20241004_232511.jpg
123,20241004.0,232604,GOOD,/home/kaizen-ai/Desktop/thrust_bearing_app/python-backend/Downloads/bearing_complete/GOOD_20241004_232604.jpg
124,20241004.0,232703,GOOD,/home/kaizen-ai/Desktop/thrust_bearing_app/python-backend/Downloads/bearing_complete/GOOD_20241004_232703.jpg
125,20241004.0,232802,GOOD,/home/kaizen-ai/Desktop/thrust_bearing_app/python-backend/Downloads/bearing_complete/GOOD_20241004_232802.jpg
126,20241004.0,232936,GOOD,/home/kaizen-ai/Desktop/thrust_bearing_app/python-backend/Downloads/bearing_complete/GOOD_20241004_232936.jpg
127,20241004.0,233026,GOOD,/home/kaizen-ai/Desktop/thrust_bearing_app/python-backend/Downloads/bearing_complete/GOOD_20241004_233026.jpg
128,20241004.0,233128,GOOD,/home/kaizen-ai/Desktop/thrust_bearing_app/python-backend/Downloads/bearing_complete/GOOD_20241004_233128.jpg
129,20241004.0,233227,GOOD,/home/kaizen-ai/Desktop/thrust_bearing_app/python-backend/Downloads/bearing_complete/GOOD_20241004_233227.jpg
130,20241004.0,233325,GOOD,/home/kaizen-ai/Desktop/thrust_bearing_app/python-backend/Downloads/bearing_complete/GOOD_20241004_233325.jpg
131,20241004.0,233421,GOOD,/home/kaizen-ai/Desktop/thrust_bearing_app/python-backend/Downloads/bearing_complete/GOOD_20241004_233421.jpg
132,20241004.0,233625,GOOD,/home/kaizen-ai/Desktop/thrust_bearing_app/python-backend/Downloads/bearing_complete/GOOD_20241004_233625.jpg
133,20241004.0,233825,GOOD,/home/kaizen-ai/Desktop/thrust_bearing_app/python-backend/Downloads/bearing_complete/GOOD_20241004_233825.jpg
134,20241004.0,233917,GOOD,/home/kaizen-ai/Desktop/thrust_bearing_app/python-backend/Downloads/bearing_complete/GOOD_20241004_233917.jpg
135,20241004.0,234004,GOOD,/home/kaizen-ai/Desktop/thrust_bearing_app/python-backend/Downloads/bearing_complete/GOOD_20241004_234004.jpg
136,20241004.0,234104,GOOD,/home/kaizen-ai/Desktop/thrust_bearing_app/python-backend/Downloads/bearing_complete/GOOD_20241004_234104.jpg
137,20241004.0,234215,GOOD,/home/kaizen-ai/Desktop/thrust_bearing_app/python-backend/Downloads/bearing_complete/GOOD_20241004_234215.jpg
138,20241004.0,234312,GOOD,/home/kaizen-ai/Desktop/thrust_bearing_app/python-backend/Downloads/bearing_complete/GOOD_20241004_234312.jpg
139,20241004.0,234448,GOOD,/home/kaizen-ai/Desktop/thrust_bearing_app/python-backend/Downloads/bearing_complete/GOOD_20241004_234448.jpg
140,20241004.0,234548,NG,/home/kaizen-ai/Desktop/thrust_bearing_app/python-backend/Downloads/not_good_NG3/NG_20241004_234548.jpg
141,20241004.0,234634,GOOD,/home/kaizen-ai/Desktop/thrust_bearing_app/python-backend/Downloads/bearing_complete/GOOD_20241004_234634.jpg
142,20241004.0,234827,GOOD,/home/kaizen-ai/Desktop/thrust_bearing_app/python-backend/Downloads/bearing_complete/GOOD_20241004_234827.jpg
143,20241004.0,234911,GOOD,/home/kaizen-ai/Desktop/thrust_bearing_app/python-backend/Downloads/bearing_complete/GOOD_20241004_234911.jpg
144,20241004.0,235003,GOOD,/home/kaizen-ai/Desktop/thrust_bearing_app/python-backend/Downloads/bearing_complete/GOOD_20241004_235003.jpg
145,20241004.0,235059,GOOD,/home/kaizen-ai/Desktop/thrust_bearing_app/python-backend/Downloads/bearing_complete/GOOD_20241004_235059.jpg
146,20241004.0,235200,GOOD,/home/kaizen-ai/Desktop/thrust_bearing_app/python-backend/Downloads/bearing_complete/GOOD_20241004_235200.jpg
147,20241004.0,235301,GOOD,/home/kaizen-ai/Desktop/thrust_bearing_app/python-backend/Downloads/bearing_complete/GOOD_20241004_235301.jpg
148,20241004.0,235345,GOOD,/home/kaizen-ai/Desktop/thrust_bearing_app/python-backend/Downloads/bearing_complete/GOOD_20241004_235345.jpg
149,20241004.0,235444,NG,/home/kaizen-ai/Desktop/thrust_bearing_app/python-backend/Downloads/not_good_NG2/NG_20241004_235444.jpg
150,20241004.0,235546,GOOD,/home/kaizen-ai/Desktop/thrust_bearing_app/python-backend/Downloads/bearing_complete/GOOD_20241004_235546.jpg
151,20241004.0,235645,GOOD,/home/kaizen-ai/Desktop/thrust_bearing_app/python-backend/Downloads/bearing_complete/GOOD_20241004_235645.jpg
152,20241004.0,235811,GOOD,/home/kaizen-ai/Desktop/thrust_bearing_app/python-backend/Downloads/bearing_complete/GOOD_20241004_235811.jpg
153,20241004.0,235859,GOOD,/home/kaizen-ai/Desktop/thrust_bearing_app/python-backend/Downloads/bearing_complete/GOOD_20241004_235859.jpg
154,20241005.0,3039,GOOD,/home/kaizen-ai/Desktop/thrust_bearing_app/python-backend/Downloads/bearing_complete/GOOD_20241005_003039.jpg
155,20241005.0,3056,GOOD,/home/kaizen-ai/Desktop/thrust_bearing_app/python-backend/Downloads/bearing_complete/GOOD_20241005_003056.jpg
156,20241005.0,3154,GOOD,/home/kaizen-ai/Desktop/thrust_bearing_app/python-backend/Downloads/bearing_complete/GOOD_20241005_003154.jpg
157,20241005.0,3319,NG,/home/kaizen-ai/Desktop/thrust_bearing_app/python-backend/Downloads/not_good_NG2/NG_20241005_003319.jpg
158,20241005.0,3433,GOOD,/home/kaizen-ai/Desktop/thrust_bearing_app/python-backend/Downloads/bearing_complete/GOOD_20241005_003433.jpg
159,20241005.0,3526,GOOD,/home/kaizen-ai/Desktop/thrust_bearing_app/python-backend/Downloads/bearing_complete/GOOD_20241005_003526.jpg
160,20241005.0,3636,GOOD,/home/kaizen-ai/Desktop/thrust_bearing_app/python-backend/Downloads/bearing_complete/GOOD_20241005_003636.jpg
161,20241005.0,3729,GOOD,/home/kaizen-ai/Desktop/thrust_bearing_app/python-backend/Downloads/bearing_complete/GOOD_20241005_003729.jpg
162,20241005.0,3834,GOOD,/home/kaizen-ai/Desktop/thrust_bearing_app/python-backend/Downloads/bearing_complete/GOOD_20241005_003834.jpg
163,20241005.0,3924,GOOD,/home/kaizen-ai/Desktop/thrust_bearing_app/python-backend/Downloads/bearing_complete/GOOD_20241005_003924.jpg
164,20241005.0,4021,GOOD,/home/kaizen-ai/Desktop/thrust_bearing_app/python-backend/Downloads/bearing_complete/GOOD_20241005_004021.jpg
165,20241005.0,4148,GOOD,/home/kaizen-ai/Desktop/thrust_bearing_app/python-backend/Downloads/bearing_complete/GOOD_20241005_004148.jpg
166,20241005.0,4318,GOOD,/home/kaizen-ai/Desktop/thrust_bearing_app/python-backend/Downloads/bearing_complete/GOOD_20241005_004318.jpg
167,20241005.0,4432,GOOD,/home/kaizen-ai/Desktop/thrust_bearing_app/python-backend/Downloads/bearing_complete/GOOD_20241005_004432.jpg
168,20241005.0,4530,GOOD,/home/kaizen-ai/Desktop/thrust_bearing_app/python-backend/Downloads/bearing_complete/GOOD_20241005_004530.jpg
169,20241005.0,4650,GOOD,/home/kaizen-ai/Desktop/thrust_bearing_app/python-backend/Downloads/bearing_complete/GOOD_20241005_004650.jpg
170,20241005.0,4745,GOOD,/home/kaizen-ai/Desktop/thrust_bearing_app/python-backend/Downloads/bearing_complete/GOOD_20241005_004745.jpg
171,20241005.0,4906,GOOD,/home/kaizen-ai/Desktop/thrust_bearing_app/python-backend/Downloads/bearing_complete/GOOD_20241005_004906.jpg
172,20241005.0,4952,GOOD,/home/kaizen-ai/Desktop/thrust_bearing_app/python-backend/Downloads/bearing_complete/GOOD_20241005_004952.jpg
173,20241005.0,5059,GOOD,/home/kaizen-ai/Desktop/thrust_bearing_app/python-backend/Downloads/bearing_complete/GOOD_20241005_005059.jpg
174,20241005.0,5158,GOOD,/home/kaizen-ai/Desktop/thrust_bearing_app/python-backend/Downloads/bearing_complete/GOOD_20241005_005158.jpg
175,20241005.0,5303,GOOD,/home/kaizen-ai/Desktop/thrust_bearing_app/python-backend/Downloads/bearing_complete/GOOD_20241005_005303.jpg
176,20241005.0,5359,GOOD,/home/kaizen-ai/Desktop/thrust_bearing_app/python-backend/Downloads/bearing_complete/GOOD_20241005_005359.jpg
177,20241005.0,5506,GOOD,/home/kaizen-ai/Desktop/thrust_bearing_app/python-backend/Downloads/bearing_complete/GOOD_20241005_005506.jpg
178,20241005.0,5603,GOOD,/home/kaizen-ai/Desktop/thrust_bearing_app/python-backend/Downloads/bearing_complete/GOOD_20241005_005603.jpg
179,20241005.0,5654,GOOD,/home/kaizen-ai/Desktop/thrust_bearing_app/python-backend/Downloads/bearing_complete/GOOD_20241005_005654.jpg
180,20241005.0,5831,GOOD,/home/kaizen-ai/Desktop/thrust_bearing_app/python-backend/Downloads/bearing_complete/GOOD_20241005_005831.jpg
181,20241005.0,5908,GOOD,/home/kaizen-ai/Desktop/thrust_bearing_app/python-backend/Downloads/bearing_complete/GOOD_20241005_005908.jpg
182,20241005.0,5956,GOOD,/home/kaizen-ai/Desktop/thrust_bearing_app/python-backend/Downloads/bearing_complete/GOOD_20241005_005956.jpg
183,20241005.0,10055,NG,/home/kaizen-ai/Desktop/thrust_bearing_app/python-backend/Downloads/not_good_NG1/NG_20241005_010055.jpg
184,20241005.0,10254,GOOD,/home/kaizen-ai/Desktop/thrust_bearing_app/python-backend/Downloads/bearing_complete/GOOD_20241005_010254.jpg
185,20241005.0,10317,GOOD,/home/kaizen-ai/Desktop/thrust_bearing_app/python-backend/Downloads/bearing_complete/GOOD_20241005_010317.jpg
186,20241005.0,10423,GOOD,/home/kaizen-ai/Desktop/thrust_bearing_app/python-backend/Downloads/bearing_complete/GOOD_20241005_010423.jpg
187,20241005.0,10537,GOOD,/home/kaizen-ai/Desktop/thrust_bearing_app/python-backend/Downloads/bearing_complete/GOOD_20241005_010537.jpg
188,20241005.0,10643,GOOD,/home/kaizen-ai/Desktop/thrust_bearing_app/python-backend/Downloads/bearing_complete/GOOD_20241005_010643.jpg
189,20241005.0,10756,GOOD,/home/kaizen-ai/Desktop/thrust_bearing_app/python-backend/Downloads/bearing_complete/GOOD_20241005_010756.jpg
190,20241005.0,10859,GOOD,/home/kaizen-ai/Desktop/thrust_bearing_app/python-backend/Downloads/bearing_complete/GOOD_20241005_010859.jpg
191,20241005.0,11010,GOOD,/home/kaizen-ai/Desktop/thrust_bearing_app/python-backend/Downloads/bearing_complete/GOOD_20241005_011010.jpg
192,20241005.0,11105,GOOD,/home/kaizen-ai/Desktop/thrust_bearing_app/python-backend/Downloads/bearing_complete/GOOD_20241005_011105.jpg
193,20241005.0,11205,GOOD,/home/kaizen-ai/Desktop/thrust_bearing_app/python-backend/Downloads/bearing_complete/GOOD_20241005_011205.jpg
194,20241005.0,11431,GOOD,/home/kaizen-ai/Desktop/thrust_bearing_app/python-backend/Downloads/bearing_complete/GOOD_20241005_011431.jpg
195,20241005.0,11528,GOOD,/home/kaizen-ai/Desktop/thrust_bearing_app/python-backend/Downloads/bearing_complete/GOOD_20241005_011528.jpg
196,20241005.0,11622,GOOD,/home/kaizen-ai/Desktop/thrust_bearing_app/python-backend/Downloads/bearing_complete/GOOD_20241005_011622.jpg
197,20241005.0,11720,GOOD,/home/kaizen-ai/Desktop/thrust_bearing_app/python-backend/Downloads/bearing_complete/GOOD_20241005_011720.jpg
198,20241005.0,11819,GOOD,/home/kaizen-ai/Desktop/thrust_bearing_app/python-backend/Downloads/bearing_complete/GOOD_20241005_011819.jpg
199,20241005.0,11917,GOOD,/home/kaizen-ai/Desktop/thrust_bearing_app/python-backend/Downloads/bearing_complete/GOOD_20241005_011917.jpg
200,20241005.0,12021,GOOD,/home/kaizen-ai/Desktop/thrust_bearing_app/python-backend/Downloads/bearing_complete/GOOD_20241005_012021.jpg
201,20241005.0,12153,GOOD,/home/kaizen-ai/Desktop/thrust_bearing_app/python-backend/Downloads/bearing_complete/GOOD_20241005_012153.jpg
202,20241005.0,12305,GOOD,/home/kaizen-ai/Desktop/thrust_bearing_app/python-backend/Downloads/bearing_complete/GOOD_20241005_012305.jpg
203,20241005.0,12418,GOOD,/home/kaizen-ai/Desktop/thrust_bearing_app/python-backend/Downloads/bearing_complete/GOOD_20241005_012418.jpg
204,20241005.0,12501,GOOD,/home/kaizen-ai/Desktop/thrust_bearing_app/python-backend/Downloads/bearing_complete/GOOD_20241005_012501.jpg
205,20241005.0,12603,GOOD,/home/kaizen-ai/Desktop/thrust_bearing_app/python-backend/Downloads/bearing_complete/GOOD_20241005_012603.jpg
206,20241005.0,12732,GOOD,/home/kaizen-ai/Desktop/thrust_bearing_app/python-backend/Downloads/bearing_complete/GOOD_20241005_012732.jpg
207,20241005.0,12837,GOOD,/home/kaizen-ai/Desktop/thrust_bearing_app/python-backend/Downloads/bearing_complete/GOOD_20241005_012837.jpg
208,20241005.0,12937,GOOD,/home/kaizen-ai/Desktop/thrust_bearing_app/python-backend/Downloads/bearing_complete/GOOD_20241005_012937.jpg
209,20241005.0,13024,GOOD,/home/kaizen-ai/Desktop/thrust_bearing_app/python-backend/Downloads/bearing_complete/GOOD_20241005_013024.jpg
210,20241005.0,13116,GOOD,/home/kaizen-ai/Desktop/thrust_bearing_app/python-backend/Downloads/bearing_complete/GOOD_20241005_013116.jpg
211,20241005.0,13227,GOOD,/home/kaizen-ai/Desktop/thrust_bearing_app/python-backend/Downloads/bearing_complete/GOOD_20241005_013227.jpg
212,20241005.0,13315,GOOD,/home/kaizen-ai/Desktop/thrust_bearing_app/python-backend/Downloads/bearing_complete/GOOD_20241005_013315.jpg
213,20241005.0,13535,GOOD,/home/kaizen-ai/Desktop/thrust_bearing_app/python-backend/Downloads/bearing_complete/GOOD_20241005_013535.jpg
214,20241005.0,13621,GOOD,/home/kaizen-ai/Desktop/thrust_bearing_app/python-backend/Downloads/bearing_complete/GOOD_20241005_013621.jpg
215,20241005.0,13712,GOOD,/home/kaizen-ai/Desktop/thrust_bearing_app/python-backend/Downloads/bearing_complete/GOOD_20241005_013712.jpg
216,20241005.0,13829,GOOD,/home/kaizen-ai/Desktop/thrust_bearing_app/python-backend/Downloads/bearing_complete/GOOD_20241005_013829.jpg
217,20241005.0,13930,GOOD,/home/kaizen-ai/Desktop/thrust_bearing_app/python-backend/Downloads/bearing_complete/GOOD_20241005_013930.jpg
218,20241005.0,14107,GOOD,/home/kaizen-ai/Desktop/thrust_bearing_app/python-backend/Downloads/bearing_complete/GOOD_20241005_014107.jpg
219,20241005.0,14143,GOOD,/home/kaizen-ai/Desktop/thrust_bearing_app/python-backend/Downloads/bearing_complete/GOOD_20241005_014143.jpg
220,20241005.0,14251,GOOD,/home/kaizen-ai/Desktop/thrust_bearing_app/python-backend/Downloads/bearing_complete/GOOD_20241005_014251.jpg
221,20241005.0,14513,GOOD,/home/kaizen-ai/Desktop/thrust_bearing_app/python-backend/Downloads/bearing_complete/GOOD_20241005_014513.jpg
222,20241005.0,14546,GOOD,/home/kaizen-ai/Desktop/thrust_bearing_app/python-backend/Downloads/bearing_complete/GOOD_20241005_014546.jpg
223,20241005.0,14644,GOOD,/home/kaizen-ai/Desktop/thrust_bearing_app/python-backend/Downloads/bearing_complete/GOOD_20241005_014644.jpg
224,20241005.0,14803,GOOD,/home/kaizen-ai/Desktop/thrust_bearing_app/python-backend/Downloads/bearing_complete/GOOD_20241005_014803.jpg
225,20241005.0,14909,GOOD,/home/kaizen-ai/Desktop/thrust_bearing_app/python-backend/Downloads/bearing_complete/GOOD_20241005_014909.jpg
226,20241005.0,15035,GOOD,/home/kaizen-ai/Desktop/thrust_bearing_app/python-backend/Downloads/bearing_complete/GOOD_20241005_015035.jpg
227,20241005.0,15200,GOOD,/home/kaizen-ai/Desktop/thrust_bearing_app/python-backend/Downloads/bearing_complete/GOOD_20241005_015200.jpg
228,20241005.0,15300,GOOD,/home/kaizen-ai/Desktop/thrust_bearing_app/python-backend/Downloads/bearing_complete/GOOD_20241005_015300.jpg
229,20241005.0,15346,GOOD,/home/kaizen-ai/Desktop/thrust_bearing_app/python-backend/Downloads/bearing_complete/GOOD_20241005_015346.jpg
230,20241005.0,15455,GOOD,/home/kaizen-ai/Desktop/thrust_bearing_app/python-backend/Downloads/bearing_complete/GOOD_20241005_015455.jpg
231,20241005.0,15628,GOOD,/home/kaizen-ai/Desktop/thrust_bearing_app/python-backend/Downloads/bearing_complete/GOOD_20241005_015628.jpg
232,20241005.0,15712,GOOD,/home/kaizen-ai/Desktop/thrust_bearing_app/python-backend/Downloads/bearing_complete/GOOD_20241005_015712.jpg
233,20241005.0,15811,GOOD,/home/kaizen-ai/Desktop/thrust_bearing_app/python-backend/Downloads/bearing_complete/GOOD_20241005_015811.jpg
234,20241005.0,15957,GOOD,/home/kaizen-ai/Desktop/thrust_bearing_app/python-backend/Downloads/bearing_complete/GOOD_20241005_015957.jpg
235,20241005.0,20108,GOOD,/home/kaizen-ai/Desktop/thrust_bearing_app/python-backend/Downloads/bearing_complete/GOOD_20241005_020108.jpg
236,20241005.0,20217,GOOD,/home/kaizen-ai/Desktop/thrust_bearing_app/python-backend/Downloads/bearing_complete/GOOD_20241005_020217.jpg
237,20241005.0,20325,GOOD,/home/kaizen-ai/Desktop/thrust_bearing_app/python-backend/Downloads/bearing_complete/GOOD_20241005_020325.jpg
238,20241005.0,20446,GOOD,/home/kaizen-ai/Desktop/thrust_bearing_app/python-backend/Downloads/bearing_complete/GOOD_20241005_020446.jpg
239,20241005.0,20549,GOOD,/home/kaizen-ai/Desktop/thrust_bearing_app/python-backend/Downloads/bearing_complete/GOOD_20241005_020549.jpg
240,20241005.0,20641,GOOD,/home/kaizen-ai/Desktop/thrust_bearing_app/python-backend/Downloads/bearing_complete/GOOD_20241005_020641.jpg
241,20241005.0,20744,GOOD,/home/kaizen-ai/Desktop/thrust_bearing_app/python-backend/Downloads/bearing_complete/GOOD_20241005_020744.jpg
242,20241005.0,20853,GOOD,/home/kaizen-ai/Desktop/thrust_bearing_app/python-backend/Downloads/bearing_complete/GOOD_20241005_020853.jpg
243,20241005.0,20923,GOOD,/home/kaizen-ai/Desktop/thrust_bearing_app/python-backend/Downloads/bearing_complete/GOOD_20241005_020923.jpg
244,20241005.0,21024,GOOD,/home/kaizen-ai/Desktop/thrust_bearing_app/python-backend/Downloads/bearing_complete/GOOD_20241005_021024.jpg
245,20241005.0,21136,GOOD,/home/kaizen-ai/Desktop/thrust_bearing_app/python-backend/Downloads/bearing_complete/GOOD_20241005_021136.jpg
246,20241005.0,21227,GOOD,/home/kaizen-ai/Desktop/thrust_bearing_app/python-backend/Downloads/bearing_complete/GOOD_20241005_021227.jpg
247,20241005.0,21323,GOOD,/home/kaizen-ai/Desktop/thrust_bearing_app/python-backend/Downloads/bearing_complete/GOOD_20241005_021323.jpg
248,20241005.0,21513,GOOD,/home/kaizen-ai/Desktop/thrust_bearing_app/python-backend/Downloads/bearing_complete/GOOD_20241005_021513.jpg
249,20241005.0,21604,GOOD,/home/kaizen-ai/Desktop/thrust_bearing_app/python-backend/Downloads/bearing_complete/GOOD_20241005_021604.jpg
250,20241005.0,21659,GOOD,/home/kaizen-ai/Desktop/thrust_bearing_app/python-backend/Downloads/bearing_complete/GOOD_20241005_021659.jpg
251,20241005.0,21809,GOOD,/home/kaizen-ai/Desktop/thrust_bearing_app/python-backend/Downloads/bearing_complete/GOOD_20241005_021809.jpg
252,20241005.0,21855,GOOD,/home/kaizen-ai/Desktop/thrust_bearing_app/python-backend/Downloads/bearing_complete/GOOD_20241005_021855.jpg
253,20241005.0,21955,GOOD,/home/kaizen-ai/Desktop/thrust_bearing_app/python-backend/Downloads/bearing_complete/GOOD_20241005_021955.jpg
254,20241005.0,22046,GOOD,/home/kaizen-ai/Desktop/thrust_bearing_app/python-backend/Downloads/bearing_complete/GOOD_20241005_022046.jpg
255,20241005.0,22139,GOOD,/home/kaizen-ai/Desktop/thrust_bearing_app/python-backend/Downloads/bearing_complete/GOOD_20241005_022139.jpg
256,20241005.0,22259,GOOD,/home/kaizen-ai/Desktop/thrust_bearing_app/python-backend/Downloads/bearing_complete/GOOD_20241005_022259.jpg
257,20241005.0,22332,GOOD,/home/kaizen-ai/Desktop/thrust_bearing_app/python-backend/Downloads/bearing_complete/GOOD_20241005_022332.jpg
258,20241005.0,22507,GOOD,/home/kaizen-ai/Desktop/thrust_bearing_app/python-backend/Downloads/bearing_complete/GOOD_20241005_022507.jpg
259,20241005.0,22528,GOOD,/home/kaizen-ai/Desktop/thrust_bearing_app/python-backend/Downloads/bearing_complete/GOOD_20241005_022528.jpg
260,20241005.0,22657,GOOD,/home/kaizen-ai/Desktop/thrust_bearing_app/python-backend/Downloads/bearing_complete/GOOD_20241005_022657.jpg
261,20241005.0,22758,GOOD,/home/kaizen-ai/Desktop/thrust_bearing_app/python-backend/Downloads/bearing_complete/GOOD_20241005_022758.jpg
262,20241005.0,22849,GOOD,/home/kaizen-ai/Desktop/thrust_bearing_app/python-backend/Downloads/bearing_complete/GOOD_20241005_022849.jpg
263,20241005.0,23949,GOOD,/home/kaizen-ai/Desktop/thrust_bearing_app/python-backend/Downloads/bearing_complete/GOOD_20241005_023949.jpg
264,20241005.0,24056,GOOD,/home/kaizen-ai/Desktop/thrust_bearing_app/python-backend/Downloads/bearing_complete/GOOD_20241005_024056.jpg
265,20241005.0,24238,GOOD,/home/kaizen-ai/Desktop/thrust_bearing_app/python-backend/Downloads/bearing_complete/GOOD_20241005_024238.jpg
266,20241005.0,24336,GOOD,/home/kaizen-ai/Desktop/thrust_bearing_app/python-backend/Downloads/bearing_complete/GOOD_20241005_024336.jpg
267,20241005.0,24420,GOOD,/home/kaizen-ai/Desktop/thrust_bearing_app/python-backend/Downloads/bearing_complete/GOOD_20241005_024420.jpg
268,20241005.0,24518,GOOD,/home/kaizen-ai/Desktop/thrust_bearing_app/python-backend/Downloads/bearing_complete/GOOD_20241005_024518.jpg
269,20241005.0,24631,GOOD,/home/kaizen-ai/Desktop/thrust_bearing_app/python-backend/Downloads/bearing_complete/GOOD_20241005_024631.jpg
270,20241005.0,24756,GOOD,/home/kaizen-ai/Desktop/thrust_bearing_app/python-backend/Downloads/bearing_complete/GOOD_20241005_024756.jpg
271,20241005.0,24842,GOOD,/home/kaizen-ai/Desktop/thrust_bearing_app/python-backend/Downloads/bearing_complete/GOOD_20241005_024842.jpg
272,20241005.0,24938,GOOD,/home/kaizen-ai/Desktop/thrust_bearing_app/python-backend/Downloads/bearing_complete/GOOD_20241005_024938.jpg
273,20241005.0,25035,GOOD,/home/kaizen-ai/Desktop/thrust_bearing_app/python-backend/Downloads/bearing_complete/GOOD_20241005_025035.jpg
274,20241005.0,25139,GOOD,/home/kaizen-ai/Desktop/thrust_bearing_app/python-backend/Downloads/bearing_complete/GOOD_20241005_025139.jpg
275,20241005.0,25242,GOOD,/home/kaizen-ai/Desktop/thrust_bearing_app/python-backend/Downloads/bearing_complete/GOOD_20241005_025242.jpg
276,20241005.0,25352,GOOD,/home/kaizen-ai/Desktop/thrust_bearing_app/python-backend/Downloads/bearing_complete/GOOD_20241005_025352.jpg
277,20241005.0,25453,GOOD,/home/kaizen-ai/Desktop/thrust_bearing_app/python-backend/Downloads/bearing_complete/GOOD_20241005_025453.jpg
278,20241005.0,25554,GOOD,/home/kaizen-ai/Desktop/thrust_bearing_app/python-backend/Downloads/bearing_complete/GOOD_20241005_025554.jpg
279,20241005.0,25704,GOOD,/home/kaizen-ai/Desktop/thrust_bearing_app/python-backend/Downloads/bearing_complete/GOOD_20241005_025704.jpg
280,20241005.0,25835,GOOD,/home/kaizen-ai/Desktop/thrust_bearing_app/python-backend/Downloads/bearing_complete/GOOD_20241005_025835.jpg
281,20241005.0,25934,GOOD,/home/kaizen-ai/Desktop/thrust_bearing_app/python-backend/Downloads/bearing_complete/GOOD_20241005_025934.jpg
282,20241005.0,30049,GOOD,/home/kaizen-ai/Desktop/thrust_bearing_app/python-backend/Downloads/bearing_complete/GOOD_20241005_030049.jpg
283,20241005.0,30204,GOOD,/home/kaizen-ai/Desktop/thrust_bearing_app/python-backend/Downloads/bearing_complete/GOOD_20241005_030204.jpg
284,20241005.0,30412,GOOD,/home/kaizen-ai/Desktop/thrust_bearing_app/python-backend/Downloads/bearing_complete/GOOD_20241005_030412.jpg
285,20241005.0,30525,GOOD,/home/kaizen-ai/Desktop/thrust_bearing_app/python-backend/Downloads/bearing_complete/GOOD_20241005_030525.jpg
286,20241005.0,30610,GOOD,/home/kaizen-ai/Desktop/thrust_bearing_app/python-backend/Downloads/bearing_complete/GOOD_20241005_030610.jpg
287,20241005.0,30728,GOOD,/home/kaizen-ai/Desktop/thrust_bearing_app/python-backend/Downloads/bearing_complete/GOOD_20241005_030728.jpg
288,20241005.0,30825,GOOD,/home/kaizen-ai/Desktop/thrust_bearing_app/python-backend/Downloads/bearing_complete/GOOD_20241005_030825.jpg
289,20241005.0,30924,GOOD,/home/kaizen-ai/Desktop/thrust_bearing_app/python-backend/Downloads/bearing_complete/GOOD_20241005_030924.jpg
290,20241005.0,31054,GOOD,/home/kaizen-ai/Desktop/thrust_bearing_app/python-backend/Downloads/bearing_complete/GOOD_20241005_031054.jpg
291,20241005.0,31140,GOOD,/home/kaizen-ai/Desktop/thrust_bearing_app/python-backend/Downloads/bearing_complete/GOOD_20241005_031140.jpg
292,20241005.0,31225,GOOD,/home/kaizen-ai/Desktop/thrust_bearing_app/python-backend/Downloads/bearing_complete/GOOD_20241005_031225.jpg
293,20241005.0,31320,GOOD,/home/kaizen-ai/Desktop/thrust_bearing_app/python-backend/Downloads/bearing_complete/GOOD_20241005_031320.jpg
294,20241005.0,31425,GOOD,/home/kaizen-ai/Desktop/thrust_bearing_app/python-backend/Downloads/bearing_complete/GOOD_20241005_031425.jpg
295,20241005.0,31521,GOOD,/home/kaizen-ai/Desktop/thrust_bearing_app/python-backend/Downloads/bearing_complete/GOOD_20241005_031521.jpg
296,20241005.0,31632,GOOD,/home/kaizen-ai/Desktop/thrust_bearing_app/python-backend/Downloads/bearing_complete/GOOD_20241005_031632.jpg
297,20241005.0,31733,GOOD,/home/kaizen-ai/Desktop/thrust_bearing_app/python-backend/Downloads/bearing_complete/GOOD_20241005_031733.jpg
298,20241005.0,31839,NG,/home/kaizen-ai/Desktop/thrust_bearing_app/python-backend/Downloads/not_good_NG2/NG_20241005_031839.jpg
299,20241005.0,31941,GOOD,/home/kaizen-ai/Desktop/thrust_bearing_app/python-backend/Downloads/bearing_complete/GOOD_20241005_031941.jpg
300,20241005.0,32043,GOOD,/home/kaizen-ai/Desktop/thrust_bearing_app/python-backend/Downloads/bearing_complete/GOOD_20241005_032043.jpg
301,20241005.0,32145,GOOD,/home/kaizen-ai/Desktop/thrust_bearing_app/python-backend/Downloads/bearing_complete/GOOD_20241005_032145.jpg
302,20241005.0,32251,GOOD,/home/kaizen-ai/Desktop/thrust_bearing_app/python-backend/Downloads/bearing_complete/GOOD_20241005_032251.jpg
303,20241005.0,32351,GOOD,/home/kaizen-ai/Desktop/thrust_bearing_app/python-backend/Downloads/bearing_complete/GOOD_20241005_032351.jpg
304,20241005.0,32500,GOOD,/home/kaizen-ai/Desktop/thrust_bearing_app/python-backend/Downloads/bearing_complete/GOOD_20241005_032500.jpg
305,20241005.0,32602,GOOD,/home/kaizen-ai/Desktop/thrust_bearing_app/python-backend/Downloads/bearing_complete/GOOD_20241005_032602.jpg
306,20241005.0,32704,GOOD,/home/kaizen-ai/Desktop/thrust_bearing_app/python-backend/Downloads/bearing_complete/GOOD_20241005_032704.jpg
307,20241005.0,32813,GOOD,/home/kaizen-ai/Desktop/thrust_bearing_app/python-backend/Downloads/bearing_complete/GOOD_20241005_032813.jpg
308,20241005.0,33004,GOOD,/home/kaizen-ai/Desktop/thrust_bearing_app/python-backend/Downloads/bearing_complete/GOOD_20241005_033004.jpg
309,20241005.0,33100,GOOD,/home/kaizen-ai/Desktop/thrust_bearing_app/python-backend/Downloads/bearing_complete/GOOD_20241005_033100.jpg
310,20241005.0,33145,GOOD,/home/kaizen-ai/Desktop/thrust_bearing_app/python-backend/Downloads/bearing_complete/GOOD_20241005_033145.jpg
311,20241005.0,33251,GOOD,/home/kaizen-ai/Desktop/thrust_bearing_app/python-backend/Downloads/bearing_complete/GOOD_20241005_033251.jpg
312,20241005.0,33351,GOOD,/home/kaizen-ai/Desktop/thrust_bearing_app/python-backend/Downloads/bearing_complete/GOOD_20241005_033351.jpg
313,20241005.0,33507,GOOD,/home/kaizen-ai/Desktop/thrust_bearing_app/python-backend/Downloads/bearing_complete/GOOD_20241005_033507.jpg
314,20241005.0,33639,GOOD,/home/kaizen-ai/Desktop/thrust_bearing_app/python-backend/Downloads/bearing_complete/GOOD_20241005_033639.jpg
315,20241005.0,33735,GOOD,/home/kaizen-ai/Desktop/thrust_bearing_app/python-backend/Downloads/bearing_complete/GOOD_20241005_033735.jpg
316,20241005.0,33830,GOOD,/home/kaizen-ai/Desktop/thrust_bearing_app/python-backend/Downloads/bearing_complete/GOOD_20241005_033830.jpg
317,20241005.0,33928,GOOD,/home/kaizen-ai/Desktop/thrust_bearing_app/python-backend/Downloads/bearing_complete/GOOD_20241005_033928.jpg
318,20241005.0,34052,GOOD,/home/kaizen-ai/Desktop/thrust_bearing_app/python-backend/Downloads/bearing_complete/GOOD_20241005_034052.jpg
319,20241005.0,34225,GOOD,/home/kaizen-ai/Desktop/thrust_bearing_app/python-backend/Downloads/bearing_complete/GOOD_20241005_034225.jpg
320,20241005.0,34342,GOOD,/home/kaizen-ai/Desktop/thrust_bearing_app/python-backend/Downloads/bearing_complete/GOOD_20241005_034342.jpg
321,20241005.0,34429,GOOD,/home/kaizen-ai/Desktop/thrust_bearing_app/python-backend/Downloads/bearing_complete/GOOD_20241005_034429.jpg
322,20241005.0,34530,GOOD,/home/kaizen-ai/Desktop/thrust_bearing_app/python-backend/Downloads/bearing_complete/GOOD_20241005_034530.jpg
323,20241005.0,34621,GOOD,/home/kaizen-ai/Desktop/thrust_bearing_app/python-backend/Downloads/bearing_complete/GOOD_20241005_034621.jpg
324,20241005.0,34714,GOOD,/home/kaizen-ai/Desktop/thrust_bearing_app/python-backend/Downloads/bearing_complete/GOOD_20241005_034714.jpg
325,20241005.0,34809,GOOD,/home/kaizen-ai/Desktop/thrust_bearing_app/python-backend/Downloads/bearing_complete/GOOD_20241005_034809.jpg
326,20241005.0,34904,GOOD,/home/kaizen-ai/Desktop/thrust_bearing_app/python-backend/Downloads/bearing_complete/GOOD_20241005_034904.jpg
327,20241005.0,35000,GOOD,/home/kaizen-ai/Desktop/thrust_bearing_app/python-backend/Downloads/bearing_complete/GOOD_20241005_035000.jpg
328,20241005.0,35137,GOOD,/home/kaizen-ai/Desktop/thrust_bearing_app/python-backend/Downloads/bearing_complete/GOOD_20241005_035137.jpg
329,20241005.0,35232,GOOD,/home/kaizen-ai/Desktop/thrust_bearing_app/python-backend/Downloads/bearing_complete/GOOD_20241005_035232.jpg
330,20241005.0,35325,GOOD,/home/kaizen-ai/Desktop/thrust_bearing_app/python-backend/Downloads/bearing_complete/GOOD_20241005_035325.jpg
331,20241005.0,35435,GOOD,/home/kaizen-ai/Desktop/thrust_bearing_app/python-backend/Downloads/bearing_complete/GOOD_20241005_035435.jpg
332,20241005.0,35536,GOOD,/home/kaizen-ai/Desktop/thrust_bearing_app/python-backend/Downloads/bearing_complete/GOOD_20241005_035536.jpg
333,20241005.0,35632,GOOD,/home/kaizen-ai/Desktop/thrust_bearing_app/python-backend/Downloads/bearing_complete/GOOD_20241005_035632.jpg
334,20241005.0,35748,GOOD,/home/kaizen-ai/Desktop/thrust_bearing_app/python-backend/Downloads/bearing_complete/GOOD_20241005_035748.jpg
335,20241005.0,35850,GOOD,/home/kaizen-ai/Desktop/thrust_bearing_app/python-backend/Downloads/bearing_complete/GOOD_20241005_035850.jpg
336,20241005.0,40003,GOOD,/home/kaizen-ai/Desktop/thrust_bearing_app/python-backend/Downloads/bearing_complete/GOOD_20241005_040003.jpg
337,20241005.0,40108,GOOD,/home/kaizen-ai/Desktop/thrust_bearing_app/python-backend/Downloads/bearing_complete/GOOD_20241005_040108.jpg
338,20241005.0,40201,GOOD,/home/kaizen-ai/Desktop/thrust_bearing_app/python-backend/Downloads/bearing_complete/GOOD_20241005_040201.jpg
339,20241005.0,40322,GOOD,/home/kaizen-ai/Desktop/thrust_bearing_app/python-backend/Downloads/bearing_complete/GOOD_20241005_040322.jpg
340,20241005.0,40504,GOOD,/home/kaizen-ai/Desktop/thrust_bearing_app/python-backend/Downloads/bearing_complete/GOOD_20241005_040504.jpg
341,20241005.0,40550,GOOD,/home/kaizen-ai/Desktop/thrust_bearing_app/python-backend/Downloads/bearing_complete/GOOD_20241005_040550.jpg
342,20241005.0,40706,GOOD,/home/kaizen-ai/Desktop/thrust_bearing_app/python-backend/Downloads/bearing_complete/GOOD_20241005_040706.jpg
343,20241005.0,40810,GOOD,/home/kaizen-ai/Desktop/thrust_bearing_app/python-backend/Downloads/bearing_complete/GOOD_20241005_040810.jpg
344,20241005.0,40906,GOOD,/home/kaizen-ai/Desktop/thrust_bearing_app/python-backend/Downloads/bearing_complete/GOOD_20241005_040906.jpg
345,20241005.0,41001,GOOD,/home/kaizen-ai/Desktop/thrust_bearing_app/python-backend/Downloads/bearing_complete/GOOD_20241005_041001.jpg
346,20241005.0,41220,GOOD,/home/kaizen-ai/Desktop/thrust_bearing_app/python-backend/Downloads/bearing_complete/GOOD_20241005_041220.jpg
347,20241005.0,41337,GOOD,/home/kaizen-ai/Desktop/thrust_bearing_app/python-backend/Downloads/bearing_complete/GOOD_20241005_041337.jpg
348,20241005.0,41407,GOOD,/home/kaizen-ai/Desktop/thrust_bearing_app/python-backend/Downloads/bearing_complete/GOOD_20241005_041407.jpg
349,20241005.0,41505,GOOD,/home/kaizen-ai/Desktop/thrust_bearing_app/python-backend/Downloads/bearing_complete/GOOD_20241005_041505.jpg
350,20241005.0,41630,GOOD,/home/kaizen-ai/Desktop/thrust_bearing_app/python-backend/Downloads/bearing_complete/GOOD_20241005_041630.jpg
351,20241005.0,41715,GOOD,/home/kaizen-ai/Desktop/thrust_bearing_app/python-backend/Downloads/bearing_complete/GOOD_20241005_041715.jpg
352,20241005.0,41810,GOOD,/home/kaizen-ai/Desktop/thrust_bearing_app/python-backend/Downloads/bearing_complete/GOOD_20241005_041810.jpg
353,20241005.0,41931,GOOD,/home/kaizen-ai/Desktop/thrust_bearing_app/python-backend/Downloads/bearing_complete/GOOD_20241005_041931.jpg
354,20241005.0,42021,GOOD,/home/kaizen-ai/Desktop/thrust_bearing_app/python-backend/Downloads/bearing_complete/GOOD_20241005_042021.jpg
355,20241005.0,42123,GOOD,/home/kaizen-ai/Desktop/thrust_bearing_app/python-backend/Downloads/bearing_complete/GOOD_20241005_042123.jpg
356,20241005.0,42216,GOOD,/home/kaizen-ai/Desktop/thrust_bearing_app/python-backend/Downloads/bearing_complete/GOOD_20241005_042216.jpg
357,20241005.0,42307,GOOD,/home/kaizen-ai/Desktop/thrust_bearing_app/python-backend/Downloads/bearing_complete/GOOD_20241005_042307.jpg
358,20241005.0,42417,GOOD,/home/kaizen-ai/Desktop/thrust_bearing_app/python-backend/Downloads/bearing_complete/GOOD_20241005_042417.jpg
359,20241005.0,42525,GOOD,/home/kaizen-ai/Desktop/thrust_bearing_app/python-backend/Downloads/bearing_complete/GOOD_20241005_042525.jpg
360,20241005.0,42636,GOOD,/home/kaizen-ai/Desktop/thrust_bearing_app/python-backend/Downloads/bearing_complete/GOOD_20241005_042636.jpg
361,20241005.0,42712,GOOD,/home/kaizen-ai/Desktop/thrust_bearing_app/python-backend/Downloads/bearing_complete/GOOD_20241005_042712.jpg
362,20241005.0,42807,GOOD,/home/kaizen-ai/Desktop/thrust_bearing_app/python-backend/Downloads/bearing_complete/GOOD_20241005_042807.jpg
363,20241005.0,42909,GOOD,/home/kaizen-ai/Desktop/thrust_bearing_app/python-backend/Downloads/bearing_complete/GOOD_20241005_042909.jpg
364,20241005.0,50010,GOOD,/home/kaizen-ai/Desktop/thrust_bearing_app/python-backend/Downloads/bearing_complete/GOOD_20241005_050010.jpg
365,20241005.0,50119,GOOD,/home/kaizen-ai/Desktop/thrust_bearing_app/python-backend/Downloads/bearing_complete/GOOD_20241005_050119.jpg
366,20241005.0,50307,GOOD,/home/kaizen-ai/Desktop/thrust_bearing_app/python-backend/Downloads/bearing_complete/GOOD_20241005_050307.jpg
367,20241005.0,50404,GOOD,/home/kaizen-ai/Desktop/thrust_bearing_app/python-backend/Downloads/bearing_complete/GOOD_20241005_050404.jpg
368,20241005.0,50512,GOOD,/home/kaizen-ai/Desktop/thrust_bearing_app/python-backend/Downloads/bearing_complete/GOOD_20241005_050512.jpg
369,20241005.0,50612,GOOD,/home/kaizen-ai/Desktop/thrust_bearing_app/python-backend/Downloads/bearing_complete/GOOD_20241005_050612.jpg
370,20241005.0,50713,GOOD,/home/kaizen-ai/Desktop/thrust_bearing_app/python-backend/Downloads/bearing_complete/GOOD_20241005_050713.jpg
371,20241005.0,50822,GOOD,/home/kaizen-ai/Desktop/thrust_bearing_app/python-backend/Downloads/bearing_complete/GOOD_20241005_050822.jpg
372,20241005.0,51115,GOOD,/home/kaizen-ai/Desktop/thrust_bearing_app/python-backend/Downloads/bearing_complete/GOOD_20241005_051115.jpg
373,20241005.0,51211,GOOD,/home/kaizen-ai/Desktop/thrust_bearing_app/python-backend/Downloads/bearing_complete/GOOD_20241005_051211.jpg
374,20241005.0,51316,GOOD,/home/kaizen-ai/Desktop/thrust_bearing_app/python-backend/Downloads/bearing_complete/GOOD_20241005_051316.jpg
375,20241005.0,51445,GOOD,/home/kaizen-ai/Desktop/thrust_bearing_app/python-backend/Downloads/bearing_complete/GOOD_20241005_051445.jpg
376,20241005.0,51641,GOOD,/home/kaizen-ai/Desktop/thrust_bearing_app/python-backend/Downloads/bearing_complete/GOOD_20241005_051641.jpg
377,20241005.0,51734,GOOD,/home/kaizen-ai/Desktop/thrust_bearing_app/python-backend/Downloads/bearing_complete/GOOD_20241005_051734.jpg
378,20241005.0,51823,GOOD,/home/kaizen-ai/Desktop/thrust_bearing_app/python-backend/Downloads/bearing_complete/GOOD_20241005_051823.jpg
379,20241005.0,51919,GOOD,/home/kaizen-ai/Desktop/thrust_bearing_app/python-backend/Downloads/bearing_complete/GOOD_20241005_051919.jpg
380,20241005.0,52030,GOOD,/home/kaizen-ai/Desktop/thrust_bearing_app/python-backend/Downloads/bearing_complete/GOOD_20241005_052030.jpg
381,20241005.0,52125,GOOD,/home/kaizen-ai/Desktop/thrust_bearing_app/python-backend/Downloads/bearing_complete/GOOD_20241005_052125.jpg
382,20241005.0,52245,GOOD,/home/kaizen-ai/Desktop/thrust_bearing_app/python-backend/Downloads/bearing_complete/GOOD_20241005_052245.jpg
383,20241005.0,52346,GOOD,/home/kaizen-ai/Desktop/thrust_bearing_app/python-backend/Downloads/bearing_complete/GOOD_20241005_052346.jpg
384,20241005.0,52500,GOOD,/home/kaizen-ai/Desktop/thrust_bearing_app/python-backend/Downloads/bearing_complete/GOOD_20241005_052500.jpg
385,20241005.0,52555,GOOD,/home/kaizen-ai/Desktop/thrust_bearing_app/python-backend/Downloads/bearing_complete/GOOD_20241005_052555.jpg
386,20241005.0,52725,GOOD,/home/kaizen-ai/Desktop/thrust_bearing_app/python-backend/Downloads/bearing_complete/GOOD_20241005_052725.jpg
387,20241005.0,52841,GOOD,/home/kaizen-ai/Desktop/thrust_bearing_app/python-backend/Downloads/bearing_complete/GOOD_20241005_052841.jpg
388,20241005.0,52930,GOOD,/home/kaizen-ai/Desktop/thrust_bearing_app/python-backend/Downloads/bearing_complete/GOOD_20241005_052930.jpg
389,20241005.0,53021,GOOD,/home/kaizen-ai/Desktop/thrust_bearing_app/python-backend/Downloads/bearing_complete/GOOD_20241005_053021.jpg
390,20241005.0,53128,GOOD,/home/kaizen-ai/Desktop/thrust_bearing_app/python-backend/Downloads/bearing_complete/GOOD_20241005_053128.jpg
391,20241005.0,53241,GOOD,/home/kaizen-ai/Desktop/thrust_bearing_app/python-backend/Downloads/bearing_complete/GOOD_20241005_053241.jpg
392,20241005.0,53322,GOOD,/home/kaizen-ai/Desktop/thrust_bearing_app/python-backend/Downloads/bearing_complete/GOOD_20241005_053322.jpg
393,20241005.0,53447,GOOD,/home/kaizen-ai/Desktop/thrust_bearing_app/python-backend/Downloads/bearing_complete/GOOD_20241005_053447.jpg
394,20241007.0,72710,GOOD,/home/kaizen-ai/Desktop/thrust_bearing_app/python-backend/Downloads/bearing_complete/GOOD_20241007_072710.jpg
395,20241007.0,72725,GOOD,/home/kaizen-ai/Desktop/thrust_bearing_app/python-backend/Downloads/bearing_complete/GOOD_20241007_072725.jpg
396,20241007.0,73005,GOOD,/home/kaizen-ai/Desktop/thrust_bearing_app/python-backend/Downloads/bearing_complete/GOOD_20241007_073005.jpg
397,20241007.0,73145,GOOD,/home/kaizen-ai/Desktop/thrust_bearing_app/python-backend/Downloads/bearing_complete/GOOD_20241007_073145.jpg
398,20241007.0,73231,GOOD,/home/kaizen-ai/Desktop/thrust_bearing_app/python-backend/Downloads/bearing_complete/GOOD_20241007_073231.jpg
399,20241007.0,73348,GOOD,/home/kaizen-ai/Desktop/thrust_bearing_app/python-backend/Downloads/bearing_complete/GOOD_20241007_073348.jpg
400,20241007.0,73459,GOOD,/home/kaizen-ai/Desktop/thrust_bearing_app/python-backend/Downloads/bearing_complete/GOOD_20241007_073459.jpg
401,20241007.0,73610,GOOD,/home/kaizen-ai/Desktop/thrust_bearing_app/python-backend/Downloads/bearing_complete/GOOD_20241007_073610.jpg
402,20241007.0,73704,GOOD,/home/kaizen-ai/Desktop/thrust_bearing_app/python-backend/Downloads/bearing_complete/GOOD_20241007_073704.jpg
403,20241007.0,73829,GOOD,/home/kaizen-ai/Desktop/thrust_bearing_app/python-backend/Downloads/bearing_complete/GOOD_20241007_073829.jpg
404,20241007.0,73927,GOOD,/home/kaizen-ai/Desktop/thrust_bearing_app/python-backend/Downloads/bearing_complete/GOOD_20241007_073927.jpg
405,20241007.0,74036,NG,/home/kaizen-ai/Desktop/thrust_bearing_app/python-backend/Downloads/not_good_NG2/NG_20241007_074036.jpg
406,20241007.0,74150,GOOD,/home/kaizen-ai/Desktop/thrust_bearing_app/python-backend/Downloads/bearing_complete/GOOD_20241007_074150.jpg
407,20241007.0,74247,GOOD,/home/kaizen-ai/Desktop/thrust_bearing_app/python-backend/Downloads/bearing_complete/GOOD_20241007_074247.jpg
408,20241007.0,74347,GOOD,/home/kaizen-ai/Desktop/thrust_bearing_app/python-backend/Downloads/bearing_complete/GOOD_20241007_074347.jpg
409,20241007.0,74438,GOOD,/home/kaizen-ai/Desktop/thrust_bearing_app/python-backend/Downloads/bearing_complete/GOOD_20241007_074438.jpg
410,20241007.0,74553,GOOD,/home/kaizen-ai/Desktop/thrust_bearing_app/python-backend/Downloads/bearing_complete/GOOD_20241007_074553.jpg
411,20241007.0,74655,GOOD,/home/kaizen-ai/Desktop/thrust_bearing_app/python-backend/Downloads/bearing_complete/GOOD_20241007_074655.jpg
412,20241007.0,74751,NG,/home/kaizen-ai/Desktop/thrust_bearing_app/python-backend/Downloads/not_good_NG2/NG_20241007_074751.jpg
413,20241007.0,74850,GOOD,/home/kaizen-ai/Desktop/thrust_bearing_app/python-backend/Downloads/bearing_complete/GOOD_20241007_074850.jpg
414,20241007.0,74951,GOOD,/home/kaizen-ai/Desktop/thrust_bearing_app/python-backend/Downloads/bearing_complete/GOOD_20241007_074951.jpg
415,20241007.0,75100,GOOD,/home/kaizen-ai/Desktop/thrust_bearing_app/python-backend/Downloads/bearing_complete/GOOD_20241007_075100.jpg
416,20241007.0,75144,GOOD,/home/kaizen-ai/Desktop/thrust_bearing_app/python-backend/Downloads/bearing_complete/GOOD_20241007_075144.jpg
417,20241007.0,75242,GOOD,/home/kaizen-ai/Desktop/thrust_bearing_app/python-backend/Downloads/bearing_complete/GOOD_20241007_075242.jpg
418,20241007.0,75346,NG,/home/kaizen-ai/Desktop/thrust_bearing_app/python-backend/Downloads/not_good_NG1/NG_20241007_075346.jpg
419,20241007.0,75526,GOOD,/home/kaizen-ai/Desktop/thrust_bearing_app/python-backend/Downloads/bearing_complete/GOOD_20241007_075526.jpg
420,20241007.0,75623,GOOD,/home/kaizen-ai/Desktop/thrust_bearing_app/python-backend/Downloads/bearing_complete/GOOD_20241007_075623.jpg
421,20241007.0,75737,GOOD,/home/kaizen-ai/Desktop/thrust_bearing_app/python-backend/Downloads/bearing_complete/GOOD_20241007_075737.jpg
422,20241007.0,80004,GOOD,/home/kaizen-ai/Desktop/thrust_bearing_app/python-backend/Downloads/bearing_complete/GOOD_20241007_080004.jpg
423,20241007.0,80157,GOOD,/home/kaizen-ai/Desktop/thrust_bearing_app/python-backend/Downloads/bearing_complete/GOOD_20241007_080157.jpg
424,20241007.0,80303,GOOD,/home/kaizen-ai/Desktop/thrust_bearing_app/python-backend/Downloads/bearing_complete/GOOD_20241007_080303.jpg
425,20241007.0,80359,GOOD,/home/kaizen-ai/Desktop/thrust_bearing_app/python-backend/Downloads/bearing_complete/GOOD_20241007_080359.jpg
426,20241007.0,80447,GOOD,/home/kaizen-ai/Desktop/thrust_bearing_app/python-backend/Downloads/bearing_complete/GOOD_20241007_080447.jpg
427,20241007.0,80607,GOOD,/home/kaizen-ai/Desktop/thrust_bearing_app/python-backend/Downloads/bearing_complete/GOOD_20241007_080607.jpg
428,20241007.0,80656,GOOD,/home/kaizen-ai/Desktop/thrust_bearing_app/python-backend/Downloads/bearing_complete/GOOD_20241007_080656.jpg
429,20241007.0,80751,GOOD,/home/kaizen-ai/Desktop/thrust_bearing_app/python-backend/Downloads/bearing_complete/GOOD_20241007_080751.jpg
430,20241007.0,80843,GOOD,/home/kaizen-ai/Desktop/thrust_bearing_app/python-backend/Downloads/bearing_complete/GOOD_20241007_080843.jpg
431,20241007.0,81024,GOOD,/home/kaizen-ai/Desktop/thrust_bearing_app/python-backend/Downloads/bearing_complete/GOOD_20241007_081024.jpg
432,20241007.0,81145,GOOD,/home/kaizen-ai/Desktop/thrust_bearing_app/python-backend/Downloads/bearing_complete/GOOD_20241007_081145.jpg
433,20241007.0,81335,GOOD,/home/kaizen-ai/Desktop/thrust_bearing_app/python-backend/Downloads/bearing_complete/GOOD_20241007_081335.jpg
434,20241007.0,81434,NG,/home/kaizen-ai/Desktop/thrust_bearing_app/python-backend/Downloads/not_good_NG1/NG_20241007_081434.jpg
435,20241007.0,81528,GOOD,/home/kaizen-ai/Desktop/thrust_bearing_app/python-backend/Downloads/bearing_complete/GOOD_20241007_081528.jpg
436,20241007.0,81700,GOOD,/home/kaizen-ai/Desktop/thrust_bearing_app/python-backend/Downloads/bearing_complete/GOOD_20241007_081700.jpg
437,20241007.0,81733,GOOD,/home/kaizen-ai/Desktop/thrust_bearing_app/python-backend/Downloads/bearing_complete/GOOD_20241007_081733.jpg
438,20241007.0,81848,GOOD,/home/kaizen-ai/Desktop/thrust_bearing_app/python-backend/Downloads/bearing_complete/GOOD_20241007_081848.jpg
439,20241007.0,81945,GOOD,/home/kaizen-ai/Desktop/thrust_bearing_app/python-backend/Downloads/bearing_complete/GOOD_20241007_081945.jpg
440,20241007.0,82117,GOOD,/home/kaizen-ai/Desktop/thrust_bearing_app/python-backend/Downloads/bearing_complete/GOOD_20241007_082117.jpg
441,20241007.0,82159,GOOD,/home/kaizen-ai/Desktop/thrust_bearing_app/python-backend/Downloads/bearing_complete/GOOD_20241007_082159.jpg
442,20241007.0,82303,NG,/home/kaizen-ai/Desktop/thrust_bearing_app/python-backend/Downloads/not_good_NG3/NG_20241007_082303.jpg
443,20241007.0,82410,GOOD,/home/kaizen-ai/Desktop/thrust_bearing_app/python-backend/Downloads/bearing_complete/GOOD_20241007_082410.jpg
444,20241007.0,82501,GOOD,/home/kaizen-ai/Desktop/thrust_bearing_app/python-backend/Downloads/bearing_complete/GOOD_20241007_082501.jpg
445,20241007.0,82556,GOOD,/home/kaizen-ai/Desktop/thrust_bearing_app/python-backend/Downloads/bearing_complete/GOOD_20241007_082556.jpg
446,20241007.0,82700,GOOD,/home/kaizen-ai/Desktop/thrust_bearing_app/python-backend/Downloads/bearing_complete/GOOD_20241007_082700.jpg
447,20241007.0,82758,GOOD,/home/kaizen-ai/Desktop/thrust_bearing_app/python-backend/Downloads/bearing_complete/GOOD_20241007_082758.jpg
448,20241007.0,82851,GOOD,/home/kaizen-ai/Desktop/thrust_bearing_app/python-backend/Downloads/bearing_complete/GOOD_20241007_082851.jpg
449,20241007.0,83023,GOOD,/home/kaizen-ai/Desktop/thrust_bearing_app/python-backend/Downloads/bearing_complete/GOOD_20241007_083023.jpg
450,20241007.0,83121,GOOD,/home/kaizen-ai/Desktop/thrust_bearing_app/python-backend/Downloads/bearing_complete/GOOD_20241007_083121.jpg
451,20241007.0,83257,GOOD,/home/kaizen-ai/Desktop/thrust_bearing_app/python-backend/Downloads/bearing_complete/GOOD_20241007_083257.jpg
452,20241007.0,83409,GOOD,/home/kaizen-ai/Desktop/thrust_bearing_app/python-backend/Downloads/bearing_complete/GOOD_20241007_083409.jpg
453,20241007.0,83504,GOOD,/home/kaizen-ai/Desktop/thrust_bearing_app/python-backend/Downloads/bearing_complete/GOOD_20241007_083504.jpg
454,20241007.0,83611,GOOD,/home/kaizen-ai/Desktop/thrust_bearing_app/python-backend/Downloads/bearing_complete/GOOD_20241007_083611.jpg
455,20241007.0,83658,GOOD,/home/kaizen-ai/Desktop/thrust_bearing_app/python-backend/Downloads/bearing_complete/GOOD_20241007_083658.jpg
456,20241007.0,83754,GOOD,/home/kaizen-ai/Desktop/thrust_bearing_app/python-backend/Downloads/bearing_complete/GOOD_20241007_083754.jpg
457,20241007.0,83851,GOOD,/home/kaizen-ai/Desktop/thrust_bearing_app/python-backend/Downloads/bearing_complete/GOOD_20241007_083851.jpg
458,20241007.0,84007,GOOD,/home/kaizen-ai/Desktop/thrust_bearing_app/python-backend/Downloads/bearing_complete/GOOD_20241007_084007.jpg
459,20241007.0,84055,NG,/home/kaizen-ai/Desktop/thrust_bearing_app/python-backend/Downloads/not_good_NG1/NG_20241007_084055.jpg
460,20241007.0,84140,GOOD,/home/kaizen-ai/Desktop/thrust_bearing_app/python-backend/Downloads/bearing_complete/GOOD_20241007_084140.jpg
461,20241007.0,84250,GOOD,/home/kaizen-ai/Desktop/thrust_bearing_app/python-backend/Downloads/bearing_complete/GOOD_20241007_084250.jpg
462,20241007.0,84415,GOOD,/home/kaizen-ai/Desktop/thrust_bearing_app/python-backend/Downloads/bearing_complete/GOOD_20241007_084415.jpg
463,20241007.0,84450,GOOD,/home/kaizen-ai/Desktop/thrust_bearing_app/python-backend/Downloads/bearing_complete/GOOD_20241007_084450.jpg
464,20241007.0,84541,GOOD,/home/kaizen-ai/Desktop/thrust_bearing_app/python-backend/Downloads/bearing_complete/GOOD_20241007_084541.jpg
465,20241007.0,84634,GOOD,/home/kaizen-ai/Desktop/thrust_bearing_app/python-backend/Downloads/bearing_complete/GOOD_20241007_084634.jpg
466,20241007.0,84842,GOOD,/home/kaizen-ai/Desktop/thrust_bearing_app/python-backend/Downloads/bearing_complete/GOOD_20241007_084842.jpg
467,20241007.0,84951,GOOD,/home/kaizen-ai/Desktop/thrust_bearing_app/python-backend/Downloads/bearing_complete/GOOD_20241007_084951.jpg
468,20241007.0,85051,GOOD,/home/kaizen-ai/Desktop/thrust_bearing_app/python-backend/Downloads/bearing_complete/GOOD_20241007_085051.jpg
469,20241007.0,85154,GOOD,/home/kaizen-ai/Desktop/thrust_bearing_app/python-backend/Downloads/bearing_complete/GOOD_20241007_085154.jpg
470,20241007.0,85241,GOOD,/home/kaizen-ai/Desktop/thrust_bearing_app/python-backend/Downloads/bearing_complete/GOOD_20241007_085241.jpg
471,20241007.0,85337,GOOD,/home/kaizen-ai/Desktop/thrust_bearing_app/python-backend/Downloads/bearing_complete/GOOD_20241007_085337.jpg
472,20241007.0,85500,GOOD,/home/kaizen-ai/Desktop/thrust_bearing_app/python-backend/Downloads/bearing_complete/GOOD_20241007_085500.jpg
473,20241007.0,85600,GOOD,/home/kaizen-ai/Desktop/thrust_bearing_app/python-backend/Downloads/bearing_complete/GOOD_20241007_085600.jpg
474,20241007.0,85700,GOOD,/home/kaizen-ai/Desktop/thrust_bearing_app/python-backend/Downloads/bearing_complete/GOOD_20241007_085700.jpg
475,20241007.0,85750,NG,/home/kaizen-ai/Desktop/thrust_bearing_app/python-backend/Downloads/not_good_NG3/NG_20241007_085750.jpg
476,20241007.0,85849,GOOD,/home/kaizen-ai/Desktop/thrust_bearing_app/python-backend/Downloads/bearing_complete/GOOD_20241007_085849.jpg
477,20241007.0,90007,GOOD,/home/kaizen-ai/Desktop/thrust_bearing_app/python-backend/Downloads/bearing_complete/GOOD_20241007_090007.jpg
478,20241007.0,90100,GOOD,/home/kaizen-ai/Desktop/thrust_bearing_app/python-backend/Downloads/bearing_complete/GOOD_20241007_090100.jpg
479,20241007.0,90213,GOOD,/home/kaizen-ai/Desktop/thrust_bearing_app/python-backend/Downloads/bearing_complete/GOOD_20241007_090213.jpg
480,20241007.0,90303,GOOD,/home/kaizen-ai/Desktop/thrust_bearing_app/python-backend/Downloads/bearing_complete/GOOD_20241007_090303.jpg
481,20241007.0,90410,GOOD,/home/kaizen-ai/Desktop/thrust_bearing_app/python-backend/Downloads/bearing_complete/GOOD_20241007_090410.jpg
482,20241007.0,90503,GOOD,/home/kaizen-ai/Desktop/thrust_bearing_app/python-backend/Downloads/bearing_complete/GOOD_20241007_090503.jpg
483,20241007.0,90602,GOOD,/home/kaizen-ai/Desktop/thrust_bearing_app/python-backend/Downloads/bearing_complete/GOOD_20241007_090602.jpg
484,20241007.0,90659,GOOD,/home/kaizen-ai/Desktop/thrust_bearing_app/python-backend/Downloads/bearing_complete/GOOD_20241007_090659.jpg
485,20241007.0,90749,GOOD,/home/kaizen-ai/Desktop/thrust_bearing_app/python-backend/Downloads/bearing_complete/GOOD_20241007_090749.jpg
486,20241007.0,90846,GOOD,/home/kaizen-ai/Desktop/thrust_bearing_app/python-backend/Downloads/bearing_complete/GOOD_20241007_090846.jpg
487,20241007.0,90948,GOOD,/home/kaizen-ai/Desktop/thrust_bearing_app/python-backend/Downloads/bearing_complete/GOOD_20241007_090948.jpg
488,20241007.0,91129,NG,/home/kaizen-ai/Desktop/thrust_bearing_app/python-backend/Downloads/not_good_NG1/NG_20241007_091129.jpg
489,20241007.0,91231,GOOD,/home/kaizen-ai/Desktop/thrust_bearing_app/python-backend/Downloads/bearing_complete/GOOD_20241007_091231.jpg
490,20241007.0,91328,GOOD,/home/kaizen-ai/Desktop/thrust_bearing_app/python-backend/Downloads/bearing_complete/GOOD_20241007_091328.jpg
491,20241007.0,91501,GOOD,/home/kaizen-ai/Desktop/thrust_bearing_app/python-backend/Downloads/bearing_complete/GOOD_20241007_091501.jpg
492,20241007.0,91559,GOOD,/home/kaizen-ai/Desktop/thrust_bearing_app/python-backend/Downloads/bearing_complete/GOOD_20241007_091559.jpg
493,20241007.0,91656,GOOD,/home/kaizen-ai/Desktop/thrust_bearing_app/python-backend/Downloads/bearing_complete/GOOD_20241007_091656.jpg
494,20241007.0,91753,GOOD,/home/kaizen-ai/Desktop/thrust_bearing_app/python-backend/Downloads/bearing_complete/GOOD_20241007_091753.jpg
495,20241007.0,91852,NG,/home/kaizen-ai/Desktop/thrust_bearing_app/python-backend/Downloads/not_good_NG2/NG_20241007_091852.jpg
496,20241007.0,92006,GOOD,/home/kaizen-ai/Desktop/thrust_bearing_app/python-backend/Downloads/bearing_complete/GOOD_20241007_092006.jpg
497,20241007.0,92051,GOOD,/home/kaizen-ai/Desktop/thrust_bearing_app/python-backend/Downloads/bearing_complete/GOOD_20241007_092051.jpg
498,20241007.0,92212,GOOD,/home/kaizen-ai/Desktop/thrust_bearing_app/python-backend/Downloads/bearing_complete/GOOD_20241007_092212.jpg
499,20241007.0,92305,GOOD,/home/kaizen-ai/Desktop/thrust_bearing_app/python-backend/Downloads/bearing_complete/GOOD_20241007_092305.jpg
500,20241007.0,92434,GOOD,/home/kaizen-ai/Desktop/thrust_bearing_app/python-backend/Downloads/bearing_complete/GOOD_20241007_092434.jpg
501,20241007.0,92518,GOOD,/home/kaizen-ai/Desktop/thrust_bearing_app/python-backend/Downloads/bearing_complete/GOOD_20241007_092518.jpg
502,20241007.0,92651,GOOD,/home/kaizen-ai/Desktop/thrust_bearing_app/python-backend/Downloads/bearing_complete/GOOD_20241007_092651.jpg
503,20241007.0,92731,GOOD,/home/kaizen-ai/Desktop/thrust_bearing_app/python-backend/Downloads/bearing_complete/GOOD_20241007_092731.jpg
504,20241007.0,92826,GOOD,/home/kaizen-ai/Desktop/thrust_bearing_app/python-backend/Downloads/bearing_complete/GOOD_20241007_092826.jpg
505,20241007.0,92926,GOOD,/home/kaizen-ai/Desktop/thrust_bearing_app/python-backend/Downloads/bearing_complete/GOOD_20241007_092926.jpg
506,20241007.0,94009,GOOD,/home/kaizen-ai/Desktop/thrust_bearing_app/python-backend/Downloads/bearing_complete/GOOD_20241007_094009.jpg
507,20241007.0,94052,GOOD,/home/kaizen-ai/Desktop/thrust_bearing_app/python-backend/Downloads/bearing_complete/GOOD_20241007_094052.jpg
508,20241007.0,94200,GOOD,/home/kaizen-ai/Desktop/thrust_bearing_app/python-backend/Downloads/bearing_complete/GOOD_20241007_094200.jpg
509,20241007.0,94259,GOOD,/home/kaizen-ai/Desktop/thrust_bearing_app/python-backend/Downloads/bearing_complete/GOOD_20241007_094259.jpg
510,20241007.0,94431,GOOD,/home/kaizen-ai/Desktop/thrust_bearing_app/python-backend/Downloads/bearing_complete/GOOD_20241007_094431.jpg
511,20241007.0,94504,GOOD,/home/kaizen-ai/Desktop/thrust_bearing_app/python-backend/Downloads/bearing_complete/GOOD_20241007_094504.jpg
512,20241007.0,94618,GOOD,/home/kaizen-ai/Desktop/thrust_bearing_app/python-backend/Downloads/bearing_complete/GOOD_20241007_094618.jpg
513,20241007.0,94709,GOOD,/home/kaizen-ai/Desktop/thrust_bearing_app/python-backend/Downloads/bearing_complete/GOOD_20241007_094709.jpg
514,20241007.0,94811,GOOD,/home/kaizen-ai/Desktop/thrust_bearing_app/python-backend/Downloads/bearing_complete/GOOD_20241007_094811.jpg
515,20241007.0,95019,GOOD,/home/kaizen-ai/Desktop/thrust_bearing_app/python-backend/Downloads/bearing_complete/GOOD_20241007_095019.jpg
516,20241007.0,95101,NG,/home/kaizen-ai/Desktop/thrust_bearing_app/python-backend/Downloads/not_good_NG1/NG_20241007_095101.jpg
517,20241007.0,95117,GOOD,/home/kaizen-ai/Desktop/thrust_bearing_app/python-backend/Downloads/bearing_complete/GOOD_20241007_095117.jpg
518,20241007.0,95201,GOOD,/home/kaizen-ai/Desktop/thrust_bearing_app/python-backend/Downloads/bearing_complete/GOOD_20241007_095201.jpg
519,20241007.0,95307,GOOD,/home/kaizen-ai/Desktop/thrust_bearing_app/python-backend/Downloads/bearing_complete/GOOD_20241007_095307.jpg
520,20241007.0,95402,GOOD,/home/kaizen-ai/Desktop/thrust_bearing_app/python-backend/Downloads/bearing_complete/GOOD_20241007_095402.jpg
521,20241007.0,95505,GOOD,/home/kaizen-ai/Desktop/thrust_bearing_app/python-backend/Downloads/bearing_complete/GOOD_20241007_095505.jpg
522,20241007.0,95556,GOOD,/home/kaizen-ai/Desktop/thrust_bearing_app/python-backend/Downloads/bearing_complete/GOOD_20241007_095556.jpg
523,20241007.0,95709,GOOD,/home/kaizen-ai/Desktop/thrust_bearing_app/python-backend/Downloads/bearing_complete/GOOD_20241007_095709.jpg
524,20241007.0,95808,GOOD,/home/kaizen-ai/Desktop/thrust_bearing_app/python-backend/Downloads/bearing_complete/GOOD_20241007_095808.jpg
525,20241007.0,95931,GOOD,/home/kaizen-ai/Desktop/thrust_bearing_app/python-backend/Downloads/bearing_complete/GOOD_20241007_095931.jpg
526,20241007.0,100044,GOOD,/home/kaizen-ai/Desktop/thrust_bearing_app/python-backend/Downloads/bearing_complete/GOOD_20241007_100044.jpg
527,20241007.0,100142,GOOD,/home/kaizen-ai/Desktop/thrust_bearing_app/python-backend/Downloads/bearing_complete/GOOD_20241007_100142.jpg
528,20241007.0,100249,GOOD,/home/kaizen-ai/Desktop/thrust_bearing_app/python-backend/Downloads/bearing_complete/GOOD_20241007_100249.jpg
529,20241007.0,100447,GOOD,/home/kaizen-ai/Desktop/thrust_bearing_app/python-backend/Downloads/bearing_complete/GOOD_20241007_100447.jpg
530,20241007.0,100548,NG,/home/kaizen-ai/Desktop/thrust_bearing_app/python-backend/Downloads/not_good_NG1/NG_20241007_100548.jpg
531,20241007.0,100648,GOOD,/home/kaizen-ai/Desktop/thrust_bearing_app/python-backend/Downloads/bearing_complete/GOOD_20241007_100648.jpg
532,20241007.0,100748,GOOD,/home/kaizen-ai/Desktop/thrust_bearing_app/python-backend/Downloads/bearing_complete/GOOD_20241007_100748.jpg
533,20241007.0,100838,GOOD,/home/kaizen-ai/Desktop/thrust_bearing_app/python-backend/Downloads/bearing_complete/GOOD_20241007_100838.jpg
534,20241007.0,100936,GOOD,/home/kaizen-ai/Desktop/thrust_bearing_app/python-backend/Downloads/bearing_complete/GOOD_20241007_100936.jpg
535,20241007.0,101027,GOOD,/home/kaizen-ai/Desktop/thrust_bearing_app/python-backend/Downloads/bearing_complete/GOOD_20241007_101027.jpg
536,20241007.0,101130,GOOD,/home/kaizen-ai/Desktop/thrust_bearing_app/python-backend/Downloads/bearing_complete/GOOD_20241007_101130.jpg
537,20241007.0,101327,GOOD,/home/kaizen-ai/Desktop/thrust_bearing_app/python-backend/Downloads/bearing_complete/GOOD_20241007_101327.jpg
538,20241007.0,101445,GOOD,/home/kaizen-ai/Desktop/thrust_bearing_app/python-backend/Downloads/bearing_complete/GOOD_20241007_101445.jpg
539,20241007.0,101553,GOOD,/home/kaizen-ai/Desktop/thrust_bearing_app/python-backend/Downloads/bearing_complete/GOOD_20241007_101553.jpg
540,20241007.0,101639,GOOD,/home/kaizen-ai/Desktop/thrust_bearing_app/python-backend/Downloads/bearing_complete/GOOD_20241007_101639.jpg
541,20241007.0,101745,GOOD,/home/kaizen-ai/Desktop/thrust_bearing_app/python-backend/Downloads/bearing_complete/GOOD_20241007_101745.jpg
542,20241007.0,101841,GOOD,/home/kaizen-ai/Desktop/thrust_bearing_app/python-backend/Downloads/bearing_complete/GOOD_20241007_101841.jpg
543,20241007.0,101957,GOOD,/home/kaizen-ai/Desktop/thrust_bearing_app/python-backend/Downloads/bearing_complete/GOOD_20241007_101957.jpg
544,20241007.0,102138,GOOD,/home/kaizen-ai/Desktop/thrust_bearing_app/python-backend/Downloads/bearing_complete/GOOD_20241007_102138.jpg
545,20241007.0,102237,GOOD,/home/kaizen-ai/Desktop/thrust_bearing_app/python-backend/Downloads/bearing_complete/GOOD_20241007_102237.jpg
546,20241007.0,102345,NG,/home/kaizen-ai/Desktop/thrust_bearing_app/python-backend/Downloads/not_good_NG1/NG_20241007_102345.jpg
547,20241007.0,102500,GOOD,/home/kaizen-ai/Desktop/thrust_bearing_app/python-backend/Downloads/bearing_complete/GOOD_20241007_102500.jpg
548,20241007.0,102610,GOOD,/home/kaizen-ai/Desktop/thrust_bearing_app/python-backend/Downloads/bearing_complete/GOOD_20241007_102610.jpg
549,20241007.0,102729,GOOD,/home/kaizen-ai/Desktop/thrust_bearing_app/python-backend/Downloads/bearing_complete/GOOD_20241007_102729.jpg
550,20241007.0,102830,GOOD,/home/kaizen-ai/Desktop/thrust_bearing_app/python-backend/Downloads/bearing_complete/GOOD_20241007_102830.jpg
551,20241007.0,102935,GOOD,/home/kaizen-ai/Desktop/thrust_bearing_app/python-backend/Downloads/bearing_complete/GOOD_20241007_102935.jpg
552,20241007.0,103046,GOOD,/home/kaizen-ai/Desktop/thrust_bearing_app/python-backend/Downloads/bearing_complete/GOOD_20241007_103046.jpg
553,20241007.0,103134,GOOD,/home/kaizen-ai/Desktop/thrust_bearing_app/python-backend/Downloads/bearing_complete/GOOD_20241007_103134.jpg
554,20241007.0,103228,GOOD,/home/kaizen-ai/Desktop/thrust_bearing_app/python-backend/Downloads/bearing_complete/GOOD_20241007_103228.jpg
555,20241007.0,103335,NG,/home/kaizen-ai/Desktop/thrust_bearing_app/python-backend/Downloads/not_good_NG4/NG_20241007_103335.jpg
556,20241007.0,103543,GOOD,/home/kaizen-ai/Desktop/thrust_bearing_app/python-backend/Downloads/bearing_complete/GOOD_20241007_103543.jpg
557,20241007.0,103643,GOOD,/home/kaizen-ai/Desktop/thrust_bearing_app/python-backend/Downloads/bearing_complete/GOOD_20241007_103643.jpg
558,20241007.0,103811,GOOD,/home/kaizen-ai/Desktop/thrust_bearing_app/python-backend/Downloads/bearing_complete/GOOD_20241007_103811.jpg
559,20241007.0,103854,GOOD,/home/kaizen-ai/Desktop/thrust_bearing_app/python-backend/Downloads/bearing_complete/GOOD_20241007_103854.jpg
560,20241007.0,103947,GOOD,/home/kaizen-ai/Desktop/thrust_bearing_app/python-backend/Downloads/bearing_complete/GOOD_20241007_103947.jpg
561,20241007.0,104040,GOOD,/home/kaizen-ai/Desktop/thrust_bearing_app/python-backend/Downloads/bearing_complete/GOOD_20241007_104040.jpg
562,20241007.0,104142,GOOD,/home/kaizen-ai/Desktop/thrust_bearing_app/python-backend/Downloads/bearing_complete/GOOD_20241007_104142.jpg
563,20241007.0,104226,GOOD,/home/kaizen-ai/Desktop/thrust_bearing_app/python-backend/Downloads/bearing_complete/GOOD_20241007_104226.jpg
564,20241007.0,104359,GOOD,/home/kaizen-ai/Desktop/thrust_bearing_app/python-backend/Downloads/bearing_complete/GOOD_20241007_104359.jpg
565,20241007.0,104442,GOOD,/home/kaizen-ai/Desktop/thrust_bearing_app/python-backend/Downloads/bearing_complete/GOOD_20241007_104442.jpg
566,20241007.0,104559,GOOD,/home/kaizen-ai/Desktop/thrust_bearing_app/python-backend/Downloads/bearing_complete/GOOD_20241007_104559.jpg
567,20241007.0,104657,GOOD,/home/kaizen-ai/Desktop/thrust_bearing_app/python-backend/Downloads/bearing_complete/GOOD_20241007_104657.jpg
568,20241007.0,104749,GOOD,/home/kaizen-ai/Desktop/thrust_bearing_app/python-backend/Downloads/bearing_complete/GOOD_20241007_104749.jpg
569,20241007.0,104826,GOOD,/home/kaizen-ai/Desktop/thrust_bearing_app/python-backend/Downloads/bearing_complete/GOOD_20241007_104826.jpg
570,20241007.0,104919,GOOD,/home/kaizen-ai/Desktop/thrust_bearing_app/python-backend/Downloads/bearing_complete/GOOD_20241007_104919.jpg
571,20241007.0,105038,GOOD,/home/kaizen-ai/Desktop/thrust_bearing_app/python-backend/Downloads/bearing_complete/GOOD_20241007_105038.jpg
572,20241007.0,105153,GOOD,/home/kaizen-ai/Desktop/thrust_bearing_app/python-backend/Downloads/bearing_complete/GOOD_20241007_105153.jpg
573,20241007.0,105247,GOOD,/home/kaizen-ai/Desktop/thrust_bearing_app/python-backend/Downloads/bearing_complete/GOOD_20241007_105247.jpg
574,20241007.0,105400,NG,/home/kaizen-ai/Desktop/thrust_bearing_app/python-backend/Downloads/not_good_NG1/NG_20241007_105400.jpg
575,20241007.0,105447,GOOD,/home/kaizen-ai/Desktop/thrust_bearing_app/python-backend/Downloads/bearing_complete/GOOD_20241007_105447.jpg
576,20241007.0,105543,GOOD,/home/kaizen-ai/Desktop/thrust_bearing_app/python-backend/Downloads/bearing_complete/GOOD_20241007_105543.jpg
577,20241007.0,105704,GOOD,/home/kaizen-ai/Desktop/thrust_bearing_app/python-backend/Downloads/bearing_complete/GOOD_20241007_105704.jpg
578,20241007.0,105756,GOOD,/home/kaizen-ai/Desktop/thrust_bearing_app/python-backend/Downloads/bearing_complete/GOOD_20241007_105756.jpg
579,20241007.0,105912,GOOD,/home/kaizen-ai/Desktop/thrust_bearing_app/python-backend/Downloads/bearing_complete/GOOD_20241007_105912.jpg
580,20241007.0,110010,GOOD,/home/kaizen-ai/Desktop/thrust_bearing_app/python-backend/Downloads/bearing_complete/GOOD_20241007_110010.jpg
581,20241007.0,110117,GOOD,/home/kaizen-ai/Desktop/thrust_bearing_app/python-backend/Downloads/bearing_complete/GOOD_20241007_110117.jpg
582,20241007.0,110239,GOOD,/home/kaizen-ai/Desktop/thrust_bearing_app/python-backend/Downloads/bearing_complete/GOOD_20241007_110239.jpg
583,20241007.0,110340,GOOD,/home/kaizen-ai/Desktop/thrust_bearing_app/python-backend/Downloads/bearing_complete/GOOD_20241007_110340.jpg
584,20241007.0,110425,GOOD,/home/kaizen-ai/Desktop/thrust_bearing_app/python-backend/Downloads/bearing_complete/GOOD_20241007_110425.jpg
585,20241007.0,110547,GOOD,/home/kaizen-ai/Desktop/thrust_bearing_app/python-backend/Downloads/bearing_complete/GOOD_20241007_110547.jpg
586,20241007.0,110734,GOOD,/home/kaizen-ai/Desktop/thrust_bearing_app/python-backend/Downloads/bearing_complete/GOOD_20241007_110734.jpg
587,20241007.0,110823,GOOD,/home/kaizen-ai/Desktop/thrust_bearing_app/python-backend/Downloads/bearing_complete/GOOD_20241007_110823.jpg
588,20241007.0,110947,GOOD,/home/kaizen-ai/Desktop/thrust_bearing_app/python-backend/Downloads/bearing_complete/GOOD_20241007_110947.jpg
589,20241007.0,111030,NG,/home/kaizen-ai/Desktop/thrust_bearing_app/python-backend/Downloads/not_good_NG1/NG_20241007_111030.jpg
590,20241007.0,111126,GOOD,/home/kaizen-ai/Desktop/thrust_bearing_app/python-backend/Downloads/bearing_complete/GOOD_20241007_111126.jpg
591,20241007.0,111318,GOOD,/home/kaizen-ai/Desktop/thrust_bearing_app/python-backend/Downloads/bearing_complete/GOOD_20241007_111318.jpg
592,20241007.0,111344,GOOD,/home/kaizen-ai/Desktop/thrust_bearing_app/python-backend/Downloads/bearing_complete/GOOD_20241007_111344.jpg
593,20241007.0,111444,GOOD,/home/kaizen-ai/Desktop/thrust_bearing_app/python-backend/Downloads/bearing_complete/GOOD_20241007_111444.jpg
594,20241007.0,111540,GOOD,/home/kaizen-ai/Desktop/thrust_bearing_app/python-backend/Downloads/bearing_complete/GOOD_20241007_111540.jpg
595,20241007.0,111648,GOOD,/home/kaizen-ai/Desktop/thrust_bearing_app/python-backend/Downloads/bearing_complete/GOOD_20241007_111648.jpg
596,20241007.0,111747,NG,/home/kaizen-ai/Desktop/thrust_bearing_app/python-backend/Downloads/not_good_NG3/NG_20241007_111747.jpg
597,20241007.0,111852,GOOD,/home/kaizen-ai/Desktop/thrust_bearing_app/python-backend/Downloads/bearing_complete/GOOD_20241007_111852.jpg
598,20241007.0,112007,GOOD,/home/kaizen-ai/Desktop/thrust_bearing_app/python-backend/Downloads/bearing_complete/GOOD_20241007_112007.jpg
599,20241007.0,112111,GOOD,/home/kaizen-ai/Desktop/thrust_bearing_app/python-backend/Downloads/bearing_complete/GOOD_20241007_112111.jpg
600,20241007.0,112154,GOOD,/home/kaizen-ai/Desktop/thrust_bearing_app/python-backend/Downloads/bearing_complete/GOOD_20241007_112154.jpg
601,20241007.0,112322,GOOD,/home/kaizen-ai/Desktop/thrust_bearing_app/python-backend/Downloads/bearing_complete/GOOD_20241007_112322.jpg
602,20241007.0,112422,GOOD,/home/kaizen-ai/Desktop/thrust_bearing_app/python-backend/Downloads/bearing_complete/GOOD_20241007_112422.jpg
603,20241007.0,112520,NG,/home/kaizen-ai/Desktop/thrust_bearing_app/python-backend/Downloads/not_good_NG2/NG_20241007_112520.jpg
604,20241007.0,112625,GOOD,/home/kaizen-ai/Desktop/thrust_bearing_app/python-backend/Downloads/bearing_complete/GOOD_20241007_112625.jpg
605,20241007.0,112726,GOOD,/home/kaizen-ai/Desktop/thrust_bearing_app/python-backend/Downloads/bearing_complete/GOOD_20241007_112726.jpg
606,20241007.0,112827,GOOD,/home/kaizen-ai/Desktop/thrust_bearing_app/python-backend/Downloads/bearing_complete/GOOD_20241007_112827.jpg
607,20241007.0,112927,GOOD,/home/kaizen-ai/Desktop/thrust_bearing_app/python-backend/Downloads/bearing_complete/GOOD_20241007_112927.jpg
608,20241007.0,113034,GOOD,/home/kaizen-ai/Desktop/thrust_bearing_app/python-backend/Downloads/bearing_complete/GOOD_20241007_113034.jpg
609,20241007.0,113137,GOOD,/home/kaizen-ai/Desktop/thrust_bearing_app/python-backend/Downloads/bearing_complete/GOOD_20241007_113137.jpg
610,20241007.0,113243,NG,/home/kaizen-ai/Desktop/thrust_bearing_app/python-backend/Downloads/not_good_NG2/NG_20241007_113243.jpg
611,20241007.0,113354,GOOD,/home/kaizen-ai/Desktop/thrust_bearing_app/python-backend/Downloads/bearing_complete/GOOD_20241007_113354.jpg
612,20241007.0,113452,GOOD,/home/kaizen-ai/Desktop/thrust_bearing_app/python-backend/Downloads/bearing_complete/GOOD_20241007_113452.jpg
613,20241007.0,113555,GOOD,/home/kaizen-ai/Desktop/thrust_bearing_app/python-backend/Downloads/bearing_complete/GOOD_20241007_113555.jpg
614,20241007.0,113705,GOOD,/home/kaizen-ai/Desktop/thrust_bearing_app/python-backend/Downloads/bearing_complete/GOOD_20241007_113705.jpg
615,20241007.0,113759,GOOD,/home/kaizen-ai/Desktop/thrust_bearing_app/python-backend/Downloads/bearing_complete/GOOD_20241007_113759.jpg
616,20241007.0,113922,GOOD,/home/kaizen-ai/Desktop/thrust_bearing_app/python-backend/Downloads/bearing_complete/GOOD_20241007_113922.jpg
617,20241007.0,114030,GOOD,/home/kaizen-ai/Desktop/thrust_bearing_app/python-backend/Downloads/bearing_complete/GOOD_20241007_114030.jpg
618,20241007.0,114131,GOOD,/home/kaizen-ai/Desktop/thrust_bearing_app/python-backend/Downloads/bearing_complete/GOOD_20241007_114131.jpg
619,20241007.0,114223,GOOD,/home/kaizen-ai/Desktop/thrust_bearing_app/python-backend/Downloads/bearing_complete/GOOD_20241007_114223.jpg
620,20241007.0,114351,GOOD,/home/kaizen-ai/Desktop/thrust_bearing_app/python-backend/Downloads/bearing_complete/GOOD_20241007_114351.jpg
621,20241007.0,114447,GOOD,/home/kaizen-ai/Desktop/thrust_bearing_app/python-backend/Downloads/bearing_complete/GOOD_20241007_114447.jpg
622,20241007.0,123049,GOOD,/home/kaizen-ai/Desktop/thrust_bearing_app/python-backend/Downloads/bearing_complete/GOOD_20241007_123049.jpg
623,20241007.0,123150,GOOD,/home/kaizen-ai/Desktop/thrust_bearing_app/python-backend/Downloads/bearing_complete/GOOD_20241007_123150.jpg
624,20241007.0,123232,GOOD,/home/kaizen-ai/Desktop/thrust_bearing_app/python-backend/Downloads/bearing_complete/GOOD_20241007_123232.jpg
625,20241007.0,123338,GOOD,/home/kaizen-ai/Desktop/thrust_bearing_app/python-backend/Downloads/bearing_complete/GOOD_20241007_123338.jpg
626,20241007.0,123447,GOOD,/home/kaizen-ai/Desktop/thrust_bearing_app/python-backend/Downloads/bearing_complete/GOOD_20241007_123447.jpg
627,20241007.0,123547,GOOD,/home/kaizen-ai/Desktop/thrust_bearing_app/python-backend/Downloads/bearing_complete/GOOD_20241007_123547.jpg
628,20241007.0,123645,GOOD,/home/kaizen-ai/Desktop/thrust_bearing_app/python-backend/Downloads/bearing_complete/GOOD_20241007_123645.jpg
629,20241007.0,123745,GOOD,/home/kaizen-ai/Desktop/thrust_bearing_app/python-backend/Downloads/bearing_complete/GOOD_20241007_123745.jpg
630,20241007.0,123837,GOOD,/home/kaizen-ai/Desktop/thrust_bearing_app/python-backend/Downloads/bearing_complete/GOOD_20241007_123837.jpg
631,20241007.0,123935,GOOD,/home/kaizen-ai/Desktop/thrust_bearing_app/python-backend/Downloads/bearing_complete/GOOD_20241007_123935.jpg
632,20241007.0,124058,GOOD,/home/kaizen-ai/Desktop/thrust_bearing_app/python-backend/Downloads/bearing_complete/GOOD_20241007_124058.jpg
633,20241007.0,124206,GOOD,/home/kaizen-ai/Desktop/thrust_bearing_app/python-backend/Downloads/bearing_complete/GOOD_20241007_124206.jpg
634,20241007.0,124301,GOOD,/home/kaizen-ai/Desktop/thrust_bearing_app/python-backend/Downloads/bearing_complete/GOOD_20241007_124301.jpg
635,20241007.0,124431,GOOD,/home/kaizen-ai/Desktop/thrust_bearing_app/python-backend/Downloads/bearing_complete/GOOD_20241007_124431.jpg
636,20241007.0,124523,GOOD,/home/kaizen-ai/Desktop/thrust_bearing_app/python-backend/Downloads/bearing_complete/GOOD_20241007_124523.jpg
637,20241007.0,124732,GOOD,/home/kaizen-ai/Desktop/thrust_bearing_app/python-backend/Downloads/bearing_complete/GOOD_20241007_124732.jpg
638,20241007.0,124827,GOOD,/home/kaizen-ai/Desktop/thrust_bearing_app/python-backend/Downloads/bearing_complete/GOOD_20241007_124827.jpg
639,20241007.0,124928,GOOD,/home/kaizen-ai/Desktop/thrust_bearing_app/python-backend/Downloads/bearing_complete/GOOD_20241007_124928.jpg
640,20241007.0,125036,GOOD,/home/kaizen-ai/Desktop/thrust_bearing_app/python-backend/Downloads/bearing_complete/GOOD_20241007_125036.jpg
641,20241007.0,125209,GOOD,/home/kaizen-ai/Desktop/thrust_bearing_app/python-backend/Downloads/bearing_complete/GOOD_20241007_125209.jpg
642,20241007.0,125303,GOOD,/home/kaizen-ai/Desktop/thrust_bearing_app/python-backend/Downloads/bearing_complete/GOOD_20241007_125303.jpg
643,20241007.0,125406,GOOD,/home/kaizen-ai/Desktop/thrust_bearing_app/python-backend/Downloads/bearing_complete/GOOD_20241007_125406.jpg
644,20241007.0,125504,GOOD,/home/kaizen-ai/Desktop/thrust_bearing_app/python-backend/Downloads/bearing_complete/GOOD_20241007_125504.jpg
645,20241007.0,125726,GOOD,/home/kaizen-ai/Desktop/thrust_bearing_app/python-backend/Downloads/bearing_complete/GOOD_20241007_125726.jpg
646,20241007.0,125841,GOOD,/home/kaizen-ai/Desktop/thrust_bearing_app/python-backend/Downloads/bearing_complete/GOOD_20241007_125841.jpg
647,20241007.0,125924,GOOD,/home/kaizen-ai/Desktop/thrust_bearing_app/python-backend/Downloads/bearing_complete/GOOD_20241007_125924.jpg
648,20241007.0,130039,GOOD,/home/kaizen-ai/Desktop/thrust_bearing_app/python-backend/Downloads/bearing_complete/GOOD_20241007_130039.jpg
649,20241007.0,130140,GOOD,/home/kaizen-ai/Desktop/thrust_bearing_app/python-backend/Downloads/bearing_complete/GOOD_20241007_130140.jpg
650,20241007.0,130235,GOOD,/home/kaizen-ai/Desktop/thrust_bearing_app/python-backend/Downloads/bearing_complete/GOOD_20241007_130235.jpg
651,20241007.0,130414,GOOD,/home/kaizen-ai/Desktop/thrust_bearing_app/python-backend/Downloads/bearing_complete/GOOD_20241007_130414.jpg
652,20241007.0,130503,GOOD,/home/kaizen-ai/Desktop/thrust_bearing_app/python-backend/Downloads/bearing_complete/GOOD_20241007_130503.jpg
653,20241007.0,130600,GOOD,/home/kaizen-ai/Desktop/thrust_bearing_app/python-backend/Downloads/bearing_complete/GOOD_20241007_130600.jpg
654,20241007.0,130710,NG,/home/kaizen-ai/Desktop/thrust_bearing_app/python-backend/Downloads/not_good_NG1/NG_20241007_130710.jpg
655,20241007.0,130804,GOOD,/home/kaizen-ai/Desktop/thrust_bearing_app/python-backend/Downloads/bearing_complete/GOOD_20241007_130804.jpg
656,20241007.0,130908,GOOD,/home/kaizen-ai/Desktop/thrust_bearing_app/python-backend/Downloads/bearing_complete/GOOD_20241007_130908.jpg
657,20241007.0,130954,GOOD,/home/kaizen-ai/Desktop/thrust_bearing_app/python-backend/Downloads/bearing_complete/GOOD_20241007_130954.jpg
658,20241007.0,131114,GOOD,/home/kaizen-ai/Desktop/thrust_bearing_app/python-backend/Downloads/bearing_complete/GOOD_20241007_131114.jpg
659,20241007.0,131206,GOOD,/home/kaizen-ai/Desktop/thrust_bearing_app/python-backend/Downloads/bearing_complete/GOOD_20241007_131206.jpg
660,20241007.0,131307,GOOD,/home/kaizen-ai/Desktop/thrust_bearing_app/python-backend/Downloads/bearing_complete/GOOD_20241007_131307.jpg
661,20241007.0,131421,GOOD,/home/kaizen-ai/Desktop/thrust_bearing_app/python-backend/Downloads/bearing_complete/GOOD_20241007_131421.jpg
662,20241007.0,131533,GOOD,/home/kaizen-ai/Desktop/thrust_bearing_app/python-backend/Downloads/bearing_complete/GOOD_20241007_131533.jpg
663,20241007.0,131640,GOOD,/home/kaizen-ai/Desktop/thrust_bearing_app/python-backend/Downloads/bearing_complete/GOOD_20241007_131640.jpg
664,20241007.0,131729,GOOD,/home/kaizen-ai/Desktop/thrust_bearing_app/python-backend/Downloads/bearing_complete/GOOD_20241007_131729.jpg
665,20241007.0,131842,NG,/home/kaizen-ai/Desktop/thrust_bearing_app/python-backend/Downloads/not_good_NG1/NG_20241007_131842.jpg
666,20241007.0,131924,GOOD,/home/kaizen-ai/Desktop/thrust_bearing_app/python-backend/Downloads/bearing_complete/GOOD_20241007_131924.jpg
667,20241007.0,132037,GOOD,/home/kaizen-ai/Desktop/thrust_bearing_app/python-backend/Downloads/bearing_complete/GOOD_20241007_132037.jpg
668,20241007.0,132241,GOOD,/home/kaizen-ai/Desktop/thrust_bearing_app/python-backend/Downloads/bearing_complete/GOOD_20241007_132241.jpg
669,20241007.0,132355,GOOD,/home/kaizen-ai/Desktop/thrust_bearing_app/python-backend/Downloads/bearing_complete/GOOD_20241007_132355.jpg
670,20241007.0,132454,NG,/home/kaizen-ai/Desktop/thrust_bearing_app/python-backend/Downloads/not_good_NG1/NG_20241007_132454.jpg
671,20241007.0,132559,GOOD,/home/kaizen-ai/Desktop/thrust_bearing_app/python-backend/Downloads/bearing_complete/GOOD_20241007_132559.jpg
672,20241007.0,132711,GOOD,/home/kaizen-ai/Desktop/thrust_bearing_app/python-backend/Downloads/bearing_complete/GOOD_20241007_132711.jpg
673,20241007.0,132813,GOOD,/home/kaizen-ai/Desktop/thrust_bearing_app/python-backend/Downloads/bearing_complete/GOOD_20241007_132813.jpg
674,20241007.0,132933,GOOD,/home/kaizen-ai/Desktop/thrust_bearing_app/python-backend/Downloads/bearing_complete/GOOD_20241007_132933.jpg
675,20241007.0,133030,NG,/home/kaizen-ai/Desktop/thrust_bearing_app/python-backend/Downloads/not_good_NG1/NG_20241007_133030.jpg
676,20241007.0,133126,GOOD,/home/kaizen-ai/Desktop/thrust_bearing_app/python-backend/Downloads/bearing_complete/GOOD_20241007_133126.jpg
677,20241007.0,133247,GOOD,/home/kaizen-ai/Desktop/thrust_bearing_app/python-backend/Downloads/bearing_complete/GOOD_20241007_133247.jpg
678,20241007.0,133358,GOOD,/home/kaizen-ai/Desktop/thrust_bearing_app/python-backend/Downloads/bearing_complete/GOOD_20241007_133358.jpg
679,20241007.0,133514,GOOD,/home/kaizen-ai/Desktop/thrust_bearing_app/python-backend/Downloads/bearing_complete/GOOD_20241007_133514.jpg
680,20241007.0,133622,GOOD,/home/kaizen-ai/Desktop/thrust_bearing_app/python-backend/Downloads/bearing_complete/GOOD_20241007_133622.jpg
681,20241007.0,133733,GOOD,/home/kaizen-ai/Desktop/thrust_bearing_app/python-backend/Downloads/bearing_complete/GOOD_20241007_133733.jpg
682,20241007.0,133831,GOOD,/home/kaizen-ai/Desktop/thrust_bearing_app/python-backend/Downloads/bearing_complete/GOOD_20241007_133831.jpg
683,20241007.0,133933,GOOD,/home/kaizen-ai/Desktop/thrust_bearing_app/python-backend/Downloads/bearing_complete/GOOD_20241007_133933.jpg
684,20241007.0,134048,GOOD,/home/kaizen-ai/Desktop/thrust_bearing_app/python-backend/Downloads/bearing_complete/GOOD_20241007_134048.jpg
685,20241007.0,134149,GOOD,/home/kaizen-ai/Desktop/thrust_bearing_app/python-backend/Downloads/bearing_complete/GOOD_20241007_134149.jpg
686,20241007.0,134256,GOOD,/home/kaizen-ai/Desktop/thrust_bearing_app/python-backend/Downloads/bearing_complete/GOOD_20241007_134256.jpg
687,20241007.0,134405,GOOD,/home/kaizen-ai/Desktop/thrust_bearing_app/python-backend/Downloads/bearing_complete/GOOD_20241007_134405.jpg
688,20241007.0,134547,GOOD,/home/kaizen-ai/Desktop/thrust_bearing_app/python-backend/Downloads/bearing_complete/GOOD_20241007_134547.jpg
689,20241007.0,134710,GOOD,/home/kaizen-ai/Desktop/thrust_bearing_app/python-backend/Downloads/bearing_complete/GOOD_20241007_134710.jpg
690,20241007.0,134809,GOOD,/home/kaizen-ai/Desktop/thrust_bearing_app/python-backend/Downloads/bearing_complete/GOOD_20241007_134809.jpg
691,20241007.0,134922,GOOD,/home/kaizen-ai/Desktop/thrust_bearing_app/python-backend/Downloads/bearing_complete/GOOD_20241007_134922.jpg
692,20241007.0,135017,GOOD,/home/kaizen-ai/Desktop/thrust_bearing_app/python-backend/Downloads/bearing_complete/GOOD_20241007_135017.jpg
693,20241007.0,135111,GOOD,/home/kaizen-ai/Desktop/thrust_bearing_app/python-backend/Downloads/bearing_complete/GOOD_20241007_135111.jpg
694,20241007.0,135220,NG,/home/kaizen-ai/Desktop/thrust_bearing_app/python-backend/Downloads/not_good_NG1/NG_20241007_135220.jpg
695,20241007.0,135345,NG,/home/kaizen-ai/Desktop/thrust_bearing_app/python-backend/Downloads/not_good_NG2/NG_20241007_135345.jpg
696,20241007.0,135452,GOOD,/home/kaizen-ai/Desktop/thrust_bearing_app/python-backend/Downloads/bearing_complete/GOOD_20241007_135452.jpg
697,20241007.0,135600,GOOD,/home/kaizen-ai/Desktop/thrust_bearing_app/python-backend/Downloads/bearing_complete/GOOD_20241007_135600.jpg
698,20241007.0,135659,GOOD,/home/kaizen-ai/Desktop/thrust_bearing_app/python-backend/Downloads/bearing_complete/GOOD_20241007_135659.jpg
699,20241007.0,135803,GOOD,/home/kaizen-ai/Desktop/thrust_bearing_app/python-backend/Downloads/bearing_complete/GOOD_20241007_135803.jpg
700,20241007.0,135847,GOOD,/home/kaizen-ai/Desktop/thrust_bearing_app/python-backend/Downloads/bearing_complete/GOOD_20241007_135847.jpg
701,20241007.0,135950,GOOD,/home/kaizen-ai/Desktop/thrust_bearing_app/python-backend/Downloads/bearing_complete/GOOD_20241007_135950.jpg
702,20241007.0,141048,GOOD,/home/kaizen-ai/Desktop/thrust_bearing_app/python-backend/Downloads/bearing_complete/GOOD_20241007_141048.jpg
703,20241007.0,141134,GOOD,/home/kaizen-ai/Desktop/thrust_bearing_app/python-backend/Downloads/bearing_complete/GOOD_20241007_141134.jpg
704,20241007.0,141229,GOOD,/home/kaizen-ai/Desktop/thrust_bearing_app/python-backend/Downloads/bearing_complete/GOOD_20241007_141229.jpg
705,20241007.0,141427,GOOD,/home/kaizen-ai/Desktop/thrust_bearing_app/python-backend/Downloads/bearing_complete/GOOD_20241007_141427.jpg
706,20241007.0,141525,GOOD,/home/kaizen-ai/Desktop/thrust_bearing_app/python-backend/Downloads/bearing_complete/GOOD_20241007_141525.jpg
707,20241007.0,141618,GOOD,/home/kaizen-ai/Desktop/thrust_bearing_app/python-backend/Downloads/bearing_complete/GOOD_20241007_141618.jpg
708,20241007.0,141719,GOOD,/home/kaizen-ai/Desktop/thrust_bearing_app/python-backend/Downloads/bearing_complete/GOOD_20241007_141719.jpg
709,20241007.0,141825,GOOD,/home/kaizen-ai/Desktop/thrust_bearing_app/python-backend/Downloads/bearing_complete/GOOD_20241007_141825.jpg
710,20241007.0,141916,NG,/home/kaizen-ai/Desktop/thrust_bearing_app/python-backend/Downloads/not_good_NG1/NG_20241007_141916.jpg
711,20241007.0,142017,GOOD,/home/kaizen-ai/Desktop/thrust_bearing_app/python-backend/Downloads/bearing_complete/GOOD_20241007_142017.jpg
712,20241007.0,142107,GOOD,/home/kaizen-ai/Desktop/thrust_bearing_app/python-backend/Downloads/bearing_complete/GOOD_20241007_142107.jpg
713,20241007.0,142210,NG,/home/kaizen-ai/Desktop/thrust_bearing_app/python-backend/Downloads/not_good_NG1/NG_20241007_142210.jpg
714,20241007.0,142343,GOOD,/home/kaizen-ai/Desktop/thrust_bearing_app/python-backend/Downloads/bearing_complete/GOOD_20241007_142343.jpg
715,20241007.0,142433,GOOD,/home/kaizen-ai/Desktop/thrust_bearing_app/python-backend/Downloads/bearing_complete/GOOD_20241007_142433.jpg
716,20241007.0,142553,GOOD,/home/kaizen-ai/Desktop/thrust_bearing_app/python-backend/Downloads/bearing_complete/GOOD_20241007_142553.jpg
717,20241007.0,142647,GOOD,/home/kaizen-ai/Desktop/thrust_bearing_app/python-backend/Downloads/bearing_complete/GOOD_20241007_142647.jpg
718,20241007.0,142740,GOOD,/home/kaizen-ai/Desktop/thrust_bearing_app/python-backend/Downloads/bearing_complete/GOOD_20241007_142740.jpg
719,20241007.0,142927,GOOD,/home/kaizen-ai/Desktop/thrust_bearing_app/python-backend/Downloads/bearing_complete/GOOD_20241007_142927.jpg
720,20241007.0,142950,GOOD,/home/kaizen-ai/Desktop/thrust_bearing_app/python-backend/Downloads/bearing_complete/GOOD_20241007_142950.jpg
721,20241007.0,143050,GOOD,/home/kaizen-ai/Desktop/thrust_bearing_app/python-backend/Downloads/bearing_complete/GOOD_20241007_143050.jpg
722,20241007.0,143225,GOOD,/home/kaizen-ai/Desktop/thrust_bearing_app/python-backend/Downloads/bearing_complete/GOOD_20241007_143225.jpg
723,20241007.0,143322,GOOD,/home/kaizen-ai/Desktop/thrust_bearing_app/python-backend/Downloads/bearing_complete/GOOD_20241007_143322.jpg
724,20241007.0,143411,GOOD,/home/kaizen-ai/Desktop/thrust_bearing_app/python-backend/Downloads/bearing_complete/GOOD_20241007_143411.jpg
725,20241007.0,143510,GOOD,/home/kaizen-ai/Desktop/thrust_bearing_app/python-backend/Downloads/bearing_complete/GOOD_20241007_143510.jpg
726,20241007.0,143616,GOOD,/home/kaizen-ai/Desktop/thrust_bearing_app/python-backend/Downloads/bearing_complete/GOOD_20241007_143616.jpg
727,20241007.0,143717,GOOD,/home/kaizen-ai/Desktop/thrust_bearing_app/python-backend/Downloads/bearing_complete/GOOD_20241007_143717.jpg
728,20241007.0,143821,GOOD,/home/kaizen-ai/Desktop/thrust_bearing_app/python-backend/Downloads/bearing_complete/GOOD_20241007_143821.jpg
729,20241007.0,143929,GOOD,/home/kaizen-ai/Desktop/thrust_bearing_app/python-backend/Downloads/bearing_complete/GOOD_20241007_143929.jpg
730,20241007.0,144028,GOOD,/home/kaizen-ai/Desktop/thrust_bearing_app/python-backend/Downloads/bearing_complete/GOOD_20241007_144028.jpg
731,20241007.0,144222,GOOD,/home/kaizen-ai/Desktop/thrust_bearing_app/python-backend/Downloads/bearing_complete/GOOD_20241007_144222.jpg
732,20241007.0,144258,GOOD,/home/kaizen-ai/Desktop/thrust_bearing_app/python-backend/Downloads/bearing_complete/GOOD_20241007_144258.jpg
733,20241007.0,144351,GOOD,/home/kaizen-ai/Desktop/thrust_bearing_app/python-backend/Downloads/bearing_complete/GOOD_20241007_144351.jpg
734,20241007.0,144420,NG,/home/kaizen-ai/Desktop/thrust_bearing_app/python-backend/Downloads/not_good_NG1/NG_20241007_144420.jpg
735,20241007.0,144537,GOOD,/home/kaizen-ai/Desktop/thrust_bearing_app/python-backend/Downloads/bearing_complete/GOOD_20241007_144537.jpg
736,20241007.0,144636,GOOD,/home/kaizen-ai/Desktop/thrust_bearing_app/python-backend/Downloads/bearing_complete/GOOD_20241007_144636.jpg
737,20241007.0,144734,GOOD,/home/kaizen-ai/Desktop/thrust_bearing_app/python-backend/Downloads/bearing_complete/GOOD_20241007_144734.jpg
738,20241007.0,144756,NG,/home/kaizen-ai/Desktop/thrust_bearing_app/python-backend/Downloads/not_good_NG3/NG_20241007_144756.jpg
739,20241007.0,144930,GOOD,/home/kaizen-ai/Desktop/thrust_bearing_app/python-backend/Downloads/bearing_complete/GOOD_20241007_144930.jpg
740,20241007.0,145001,GOOD,/home/kaizen-ai/Desktop/thrust_bearing_app/python-backend/Downloads/bearing_complete/GOOD_20241007_145001.jpg
741,20241007.0,145100,GOOD,/home/kaizen-ai/Desktop/thrust_bearing_app/python-backend/Downloads/bearing_complete/GOOD_20241007_145100.jpg
742,20241007.0,145159,GOOD,/home/kaizen-ai/Desktop/thrust_bearing_app/python-backend/Downloads/bearing_complete/GOOD_20241007_145159.jpg
743,20241007.0,145255,GOOD,/home/kaizen-ai/Desktop/thrust_bearing_app/python-backend/Downloads/bearing_complete/GOOD_20241007_145255.jpg
744,20241007.0,145347,GOOD,/home/kaizen-ai/Desktop/thrust_bearing_app/python-backend/Downloads/bearing_complete/GOOD_20241007_145347.jpg
745,20241007.0,145523,GOOD,/home/kaizen-ai/Desktop/thrust_bearing_app/python-backend/Downloads/bearing_complete/GOOD_20241007_145523.jpg
746,20241007.0,145644,GOOD,/home/kaizen-ai/Desktop/thrust_bearing_app/python-backend/Downloads/bearing_complete/GOOD_20241007_145644.jpg
747,20241007.0,145705,GOOD,/home/kaizen-ai/Desktop/thrust_bearing_app/python-backend/Downloads/bearing_complete/GOOD_20241007_145705.jpg
748,20241007.0,145841,GOOD,/home/kaizen-ai/Desktop/thrust_bearing_app/python-backend/Downloads/bearing_complete/GOOD_20241007_145841.jpg
749,20241007.0,145943,GOOD,/home/kaizen-ai/Desktop/thrust_bearing_app/python-backend/Downloads/bearing_complete/GOOD_20241007_145943.jpg
750,20241007.0,150056,GOOD,/home/kaizen-ai/Desktop/thrust_bearing_app/python-backend/Downloads/bearing_complete/GOOD_20241007_150056.jpg
751,20241007.0,150154,GOOD,/home/kaizen-ai/Desktop/thrust_bearing_app/python-backend/Downloads/bearing_complete/GOOD_20241007_150154.jpg
752,20241007.0,150310,GOOD,/home/kaizen-ai/Desktop/thrust_bearing_app/python-backend/Downloads/bearing_complete/GOOD_20241007_150310.jpg
753,20241007.0,150431,GOOD,/home/kaizen-ai/Desktop/thrust_bearing_app/python-backend/Downloads/bearing_complete/GOOD_20241007_150431.jpg
754,20241007.0,150518,NG,/home/kaizen-ai/Desktop/thrust_bearing_app/python-backend/Downloads/not_good_NG1/NG_20241007_150518.jpg
755,20241007.0,150616,GOOD,/home/kaizen-ai/Desktop/thrust_bearing_app/python-backend/Downloads/bearing_complete/GOOD_20241007_150616.jpg
756,20241007.0,150705,GOOD,/home/kaizen-ai/Desktop/thrust_bearing_app/python-backend/Downloads/bearing_complete/GOOD_20241007_150705.jpg
757,20241007.0,150827,GOOD,/home/kaizen-ai/Desktop/thrust_bearing_app/python-backend/Downloads/bearing_complete/GOOD_20241007_150827.jpg
758,20241007.0,150946,GOOD,/home/kaizen-ai/Desktop/thrust_bearing_app/python-backend/Downloads/bearing_complete/GOOD_20241007_150946.jpg
759,20241007.0,151211,GOOD,/home/kaizen-ai/Desktop/thrust_bearing_app/python-backend/Downloads/bearing_complete/GOOD_20241007_151211.jpg
760,20241007.0,151307,GOOD,/home/kaizen-ai/Desktop/thrust_bearing_app/python-backend/Downloads/bearing_complete/GOOD_20241007_151307.jpg
761,20241007.0,151410,GOOD,/home/kaizen-ai/Desktop/thrust_bearing_app/python-backend/Downloads/bearing_complete/GOOD_20241007_151410.jpg
762,20241007.0,151457,GOOD,/home/kaizen-ai/Desktop/thrust_bearing_app/python-backend/Downloads/bearing_complete/GOOD_20241007_151457.jpg
763,20241007.0,151549,GOOD,/home/kaizen-ai/Desktop/thrust_bearing_app/python-backend/Downloads/bearing_complete/GOOD_20241007_151549.jpg
764,20241007.0,152832,NG,/home/kaizen-ai/Desktop/thrust_bearing_app/python-backend/Downloads/not_good_NG4/NG_20241007_152832.jpg
765,20241007.0,152846,GOOD,/home/kaizen-ai/Desktop/thrust_bearing_app/python-backend/Downloads/bearing_complete/GOOD_20241007_152846.jpg
766,20241007.0,153007,GOOD,/home/kaizen-ai/Desktop/thrust_bearing_app/python-backend/Downloads/bearing_complete/GOOD_20241007_153007.jpg
767,20241007.0,153126,GOOD,/home/kaizen-ai/Desktop/thrust_bearing_app/python-backend/Downloads/bearing_complete/GOOD_20241007_153126.jpg
768,20241007.0,153224,GOOD,/home/kaizen-ai/Desktop/thrust_bearing_app/python-backend/Downloads/bearing_complete/GOOD_20241007_153224.jpg
769,20241007.0,153422,NG,/home/kaizen-ai/Desktop/thrust_bearing_app/python-backend/Downloads/not_good_NG1/NG_20241007_153422.jpg
770,20241007.0,153524,GOOD,/home/kaizen-ai/Desktop/thrust_bearing_app/python-backend/Downloads/bearing_complete/GOOD_20241007_153524.jpg
771,20241007.0,153736,GOOD,/home/kaizen-ai/Desktop/thrust_bearing_app/python-backend/Downloads/bearing_complete/GOOD_20241007_153736.jpg
772,20241007.0,210605,GOOD,/home/kaizen-ai/Desktop/thrust_bearing_app/python-backend/Downloads/bearing_complete/GOOD_20241007_210605.jpg
773,20241007.0,210717,GOOD,/home/kaizen-ai/Desktop/thrust_bearing_app/python-backend/Downloads/bearing_complete/GOOD_20241007_210717.jpg
774,20241007.0,210844,GOOD,/home/kaizen-ai/Desktop/thrust_bearing_app/python-backend/Downloads/bearing_complete/GOOD_20241007_210844.jpg
775,20241007.0,211034,GOOD,/home/kaizen-ai/Desktop/thrust_bearing_app/python-backend/Downloads/bearing_complete/GOOD_20241007_211034.jpg
776,20241007.0,211249,GOOD,/home/kaizen-ai/Desktop/thrust_bearing_app/python-backend/Downloads/bearing_complete/GOOD_20241007_211249.jpg
777,20241007.0,211352,GOOD,/home/kaizen-ai/Desktop/thrust_bearing_app/python-backend/Downloads/bearing_complete/GOOD_20241007_211352.jpg
778,20241007.0,211532,GOOD,/home/kaizen-ai/Desktop/thrust_bearing_app/python-backend/Downloads/bearing_complete/GOOD_20241007_211532.jpg
779,20241007.0,211615,GOOD,/home/kaizen-ai/Desktop/thrust_bearing_app/python-backend/Downloads/bearing_complete/GOOD_20241007_211615.jpg
780,20241007.0,211744,GOOD,/home/kaizen-ai/Desktop/thrust_bearing_app/python-backend/Downloads/bearing_complete/GOOD_20241007_211744.jpg
781,20241007.0,211856,GOOD,/home/kaizen-ai/Desktop/thrust_bearing_app/python-backend/Downloads/bearing_complete/GOOD_20241007_211856.jpg
782,20241007.0,212001,GOOD,/home/kaizen-ai/Desktop/thrust_bearing_app/python-backend/Downloads/bearing_complete/GOOD_20241007_212001.jpg
783,20241007.0,212119,GOOD,/home/kaizen-ai/Desktop/thrust_bearing_app/python-backend/Downloads/bearing_complete/GOOD_20241007_212119.jpg
784,20241007.0,212232,GOOD,/home/kaizen-ai/Desktop/thrust_bearing_app/python-backend/Downloads/bearing_complete/GOOD_20241007_212232.jpg
785,20241007.0,212337,GOOD,/home/kaizen-ai/Desktop/thrust_bearing_app/python-backend/Downloads/bearing_complete/GOOD_20241007_212337.jpg
786,20241007.0,212442,GOOD,/home/kaizen-ai/Desktop/thrust_bearing_app/python-backend/Downloads/bearing_complete/GOOD_20241007_212442.jpg
787,20241007.0,212524,GOOD,/home/kaizen-ai/Desktop/thrust_bearing_app/python-backend/Downloads/bearing_complete/GOOD_20241007_212524.jpg
788,20241007.0,212625,GOOD,/home/kaizen-ai/Desktop/thrust_bearing_app/python-backend/Downloads/bearing_complete/GOOD_20241007_212625.jpg
789,20241007.0,212725,GOOD,/home/kaizen-ai/Desktop/thrust_bearing_app/python-backend/Downloads/bearing_complete/GOOD_20241007_212725.jpg
790,20241007.0,212833,GOOD,/home/kaizen-ai/Desktop/thrust_bearing_app/python-backend/Downloads/bearing_complete/GOOD_20241007_212833.jpg
791,20241007.0,212930,GOOD,/home/kaizen-ai/Desktop/thrust_bearing_app/python-backend/Downloads/bearing_complete/GOOD_20241007_212930.jpg
792,20241007.0,213026,GOOD,/home/kaizen-ai/Desktop/thrust_bearing_app/python-backend/Downloads/bearing_complete/GOOD_20241007_213026.jpg
793,20241007.0,213141,GOOD,/home/kaizen-ai/Desktop/thrust_bearing_app/python-backend/Downloads/bearing_complete/GOOD_20241007_213141.jpg
794,20241007.0,213240,GOOD,/home/kaizen-ai/Desktop/thrust_bearing_app/python-backend/Downloads/bearing_complete/GOOD_20241007_213240.jpg
795,20241007.0,213339,GOOD,/home/kaizen-ai/Desktop/thrust_bearing_app/python-backend/Downloads/bearing_complete/GOOD_20241007_213339.jpg
796,20241007.0,213455,GOOD,/home/kaizen-ai/Desktop/thrust_bearing_app/python-backend/Downloads/bearing_complete/GOOD_20241007_213455.jpg
797,20241007.0,213600,GOOD,/home/kaizen-ai/Desktop/thrust_bearing_app/python-backend/Downloads/bearing_complete/GOOD_20241007_213600.jpg
798,20241007.0,213706,GOOD,/home/kaizen-ai/Desktop/thrust_bearing_app/python-backend/Downloads/bearing_complete/GOOD_20241007_213706.jpg
799,20241007.0,213835,GOOD,/home/kaizen-ai/Desktop/thrust_bearing_app/python-backend/Downloads/bearing_complete/GOOD_20241007_213835.jpg
800,20241007.0,213929,NG,/home/kaizen-ai/Desktop/thrust_bearing_app/python-backend/Downloads/not_good_NG1/NG_20241007_213929.jpg
801,20241007.0,214040,GOOD,/home/kaizen-ai/Desktop/thrust_bearing_app/python-backend/Downloads/bearing_complete/GOOD_20241007_214040.jpg
802,20241007.0,214137,NG,/home/kaizen-ai/Desktop/thrust_bearing_app/python-backend/Downloads/not_good_NG1/NG_20241007_214137.jpg
803,20241007.0,214243,NG,/home/kaizen-ai/Desktop/thrust_bearing_app/python-backend/Downloads/not_good_NG1/NG_20241007_214243.jpg
804,20241007.0,214332,NG,/home/kaizen-ai/Desktop/thrust_bearing_app/python-backend/Downloads/not_good_NG1/NG_20241007_214332.jpg
805,20241007.0,214444,GOOD,/home/kaizen-ai/Desktop/thrust_bearing_app/python-backend/Downloads/bearing_complete/GOOD_20241007_214444.jpg
806,20241007.0,214618,NG,/home/kaizen-ai/Desktop/thrust_bearing_app/python-backend/Downloads/not_good_NG2/NG_20241007_214618.jpg
807,20241007.0,214715,GOOD,/home/kaizen-ai/Desktop/thrust_bearing_app/python-backend/Downloads/bearing_complete/GOOD_20241007_214715.jpg
808,20241007.0,214826,GOOD,/home/kaizen-ai/Desktop/thrust_bearing_app/python-backend/Downloads/bearing_complete/GOOD_20241007_214826.jpg
809,20241007.0,214932,GOOD,/home/kaizen-ai/Desktop/thrust_bearing_app/python-backend/Downloads/bearing_complete/GOOD_20241007_214932.jpg
810,20241007.0,215037,GOOD,/home/kaizen-ai/Desktop/thrust_bearing_app/python-backend/Downloads/bearing_complete/GOOD_20241007_215037.jpg
811,20241007.0,215128,GOOD,/home/kaizen-ai/Desktop/thrust_bearing_app/python-backend/Downloads/bearing_complete/GOOD_20241007_215128.jpg
812,20241007.0,215231,GOOD,/home/kaizen-ai/Desktop/thrust_bearing_app/python-backend/Downloads/bearing_complete/GOOD_20241007_215231.jpg
813,20241007.0,215333,GOOD,/home/kaizen-ai/Desktop/thrust_bearing_app/python-backend/Downloads/bearing_complete/GOOD_20241007_215333.jpg
814,20241007.0,215447,GOOD,/home/kaizen-ai/Desktop/thrust_bearing_app/python-backend/Downloads/bearing_complete/GOOD_20241007_215447.jpg
815,20241007.0,215618,GOOD,/home/kaizen-ai/Desktop/thrust_bearing_app/python-backend/Downloads/bearing_complete/GOOD_20241007_215618.jpg
816,20241007.0,215715,GOOD,/home/kaizen-ai/Desktop/thrust_bearing_app/python-backend/Downloads/bearing_complete/GOOD_20241007_215715.jpg
817,20241007.0,215809,GOOD,/home/kaizen-ai/Desktop/thrust_bearing_app/python-backend/Downloads/bearing_complete/GOOD_20241007_215809.jpg
818,20241007.0,215853,GOOD,/home/kaizen-ai/Desktop/thrust_bearing_app/python-backend/Downloads/bearing_complete/GOOD_20241007_215853.jpg
819,20241007.0,215956,GOOD,/home/kaizen-ai/Desktop/thrust_bearing_app/python-backend/Downloads/bearing_complete/GOOD_20241007_215956.jpg
820,20241007.0,221013,GOOD,/home/kaizen-ai/Desktop/thrust_bearing_app/python-backend/Downloads/bearing_complete/GOOD_20241007_221013.jpg
821,20241007.0,221108,GOOD,/home/kaizen-ai/Desktop/thrust_bearing_app/python-backend/Downloads/bearing_complete/GOOD_20241007_221108.jpg
822,20241007.0,221224,GOOD,/home/kaizen-ai/Desktop/thrust_bearing_app/python-backend/Downloads/bearing_complete/GOOD_20241007_221224.jpg
823,20241007.0,221351,GOOD,/home/kaizen-ai/Desktop/thrust_bearing_app/python-backend/Downloads/bearing_complete/GOOD_20241007_221351.jpg
824,20241007.0,221550,GOOD,/home/kaizen-ai/Desktop/thrust_bearing_app/python-backend/Downloads/bearing_complete/GOOD_20241007_221550.jpg
825,20241007.0,221720,GOOD,/home/kaizen-ai/Desktop/thrust_bearing_app/python-backend/Downloads/bearing_complete/GOOD_20241007_221720.jpg
826,20241007.0,221820,GOOD,/home/kaizen-ai/Desktop/thrust_bearing_app/python-backend/Downloads/bearing_complete/GOOD_20241007_221820.jpg
827,20241007.0,221923,GOOD,/home/kaizen-ai/Desktop/thrust_bearing_app/python-backend/Downloads/bearing_complete/GOOD_20241007_221923.jpg
828,20241007.0,222025,NG,/home/kaizen-ai/Desktop/thrust_bearing_app/python-backend/Downloads/not_good_NG1/NG_20241007_222025.jpg
829,20241007.0,222135,GOOD,/home/kaizen-ai/Desktop/thrust_bearing_app/python-backend/Downloads/bearing_complete/GOOD_20241007_222135.jpg
830,20241007.0,222243,GOOD,/home/kaizen-ai/Desktop/thrust_bearing_app/python-backend/Downloads/bearing_complete/GOOD_20241007_222243.jpg
831,20241007.0,222355,GOOD,/home/kaizen-ai/Desktop/thrust_bearing_app/python-backend/Downloads/bearing_complete/GOOD_20241007_222355.jpg
832,20241007.0,222505,GOOD,/home/kaizen-ai/Desktop/thrust_bearing_app/python-backend/Downloads/bearing_complete/GOOD_20241007_222505.jpg
833,20241007.0,222620,GOOD,/home/kaizen-ai/Desktop/thrust_bearing_app/python-backend/Downloads/bearing_complete/GOOD_20241007_222620.jpg
834,20241007.0,222711,GOOD,/home/kaizen-ai/Desktop/thrust_bearing_app/python-backend/Downloads/bearing_complete/GOOD_20241007_222711.jpg
835,20241007.0,222802,GOOD,/home/kaizen-ai/Desktop/thrust_bearing_app/python-backend/Downloads/bearing_complete/GOOD_20241007_222802.jpg
836,20241007.0,222853,GOOD,/home/kaizen-ai/Desktop/thrust_bearing_app/python-backend/Downloads/bearing_complete/GOOD_20241007_222853.jpg
837,20241007.0,223003,GOOD,/home/kaizen-ai/Desktop/thrust_bearing_app/python-backend/Downloads/bearing_complete/GOOD_20241007_223003.jpg
838,20241007.0,223148,GOOD,/home/kaizen-ai/Desktop/thrust_bearing_app/python-backend/Downloads/bearing_complete/GOOD_20241007_223148.jpg
839,20241007.0,223240,GOOD,/home/kaizen-ai/Desktop/thrust_bearing_app/python-backend/Downloads/bearing_complete/GOOD_20241007_223240.jpg
840,20241007.0,223344,GOOD,/home/kaizen-ai/Desktop/thrust_bearing_app/python-backend/Downloads/bearing_complete/GOOD_20241007_223344.jpg
841,20241007.0,223443,GOOD,/home/kaizen-ai/Desktop/thrust_bearing_app/python-backend/Downloads/bearing_complete/GOOD_20241007_223443.jpg
842,20241007.0,223547,GOOD,/home/kaizen-ai/Desktop/thrust_bearing_app/python-backend/Downloads/bearing_complete/GOOD_20241007_223547.jpg
843,20241007.0,223654,GOOD,/home/kaizen-ai/Desktop/thrust_bearing_app/python-backend/Downloads/bearing_complete/GOOD_20241007_223654.jpg
844,20241007.0,223746,NG,/home/kaizen-ai/Desktop/thrust_bearing_app/python-backend/Downloads/not_good_NG1/NG_20241007_223746.jpg
845,20241007.0,223913,GOOD,/home/kaizen-ai/Desktop/thrust_bearing_app/python-backend/Downloads/bearing_complete/GOOD_20241007_223913.jpg
846,20241007.0,224013,GOOD,/home/kaizen-ai/Desktop/thrust_bearing_app/python-backend/Downloads/bearing_complete/GOOD_20241007_224013.jpg
847,20241007.0,224120,GOOD,/home/kaizen-ai/Desktop/thrust_bearing_app/python-backend/Downloads/bearing_complete/GOOD_20241007_224120.jpg
848,20241007.0,224211,GOOD,/home/kaizen-ai/Desktop/thrust_bearing_app/python-backend/Downloads/bearing_complete/GOOD_20241007_224211.jpg
849,20241007.0,224301,GOOD,/home/kaizen-ai/Desktop/thrust_bearing_app/python-backend/Downloads/bearing_complete/GOOD_20241007_224301.jpg
850,20241007.0,224421,GOOD,/home/kaizen-ai/Desktop/thrust_bearing_app/python-backend/Downloads/bearing_complete/GOOD_20241007_224421.jpg
851,20241007.0,224533,GOOD,/home/kaizen-ai/Desktop/thrust_bearing_app/python-backend/Downloads/bearing_complete/GOOD_20241007_224533.jpg
852,20241007.0,224607,GOOD,/home/kaizen-ai/Desktop/thrust_bearing_app/python-backend/Downloads/bearing_complete/GOOD_20241007_224607.jpg
853,20241007.0,224700,GOOD,/home/kaizen-ai/Desktop/thrust_bearing_app/python-backend/Downloads/bearing_complete/GOOD_20241007_224700.jpg
854,20241007.0,224819,NG,/home/kaizen-ai/Desktop/thrust_bearing_app/python-backend/Downloads/not_good_NG1/NG_20241007_224819.jpg
855,20241007.0,224923,GOOD,/home/kaizen-ai/Desktop/thrust_bearing_app/python-backend/Downloads/bearing_complete/GOOD_20241007_224923.jpg
856,20241007.0,225028,GOOD,/home/kaizen-ai/Desktop/thrust_bearing_app/python-backend/Downloads/bearing_complete/GOOD_20241007_225028.jpg
857,20241007.0,225124,GOOD,/home/kaizen-ai/Desktop/thrust_bearing_app/python-backend/Downloads/bearing_complete/GOOD_20241007_225124.jpg
858,20241007.0,225244,GOOD,/home/kaizen-ai/Desktop/thrust_bearing_app/python-backend/Downloads/bearing_complete/GOOD_20241007_225244.jpg
859,20241007.0,225340,GOOD,/home/kaizen-ai/Desktop/thrust_bearing_app/python-backend/Downloads/bearing_complete/GOOD_20241007_225340.jpg
860,20241007.0,225442,NG,/home/kaizen-ai/Desktop/thrust_bearing_app/python-backend/Downloads/not_good_NG1/NG_20241007_225442.jpg
861,20241007.0,225556,GOOD,/home/kaizen-ai/Desktop/thrust_bearing_app/python-backend/Downloads/bearing_complete/GOOD_20241007_225556.jpg
862,20241007.0,225655,GOOD,/home/kaizen-ai/Desktop/thrust_bearing_app/python-backend/Downloads/bearing_complete/GOOD_20241007_225655.jpg
863,20241007.0,225812,GOOD,/home/kaizen-ai/Desktop/thrust_bearing_app/python-backend/Downloads/bearing_complete/GOOD_20241007_225812.jpg
864,20241007.0,225910,GOOD,/home/kaizen-ai/Desktop/thrust_bearing_app/python-backend/Downloads/bearing_complete/GOOD_20241007_225910.jpg
865,20241007.0,230025,GOOD,/home/kaizen-ai/Desktop/thrust_bearing_app/python-backend/Downloads/bearing_complete/GOOD_20241007_230025.jpg
866,20241007.0,230120,GOOD,/home/kaizen-ai/Desktop/thrust_bearing_app/python-backend/Downloads/bearing_complete/GOOD_20241007_230120.jpg
867,20241007.0,230229,GOOD,/home/kaizen-ai/Desktop/thrust_bearing_app/python-backend/Downloads/bearing_complete/GOOD_20241007_230229.jpg
868,20241007.0,230332,NG,/home/kaizen-ai/Desktop/thrust_bearing_app/python-backend/Downloads/not_good_NG1/NG_20241007_230332.jpg
869,20241007.0,230429,GOOD,/home/kaizen-ai/Desktop/thrust_bearing_app/python-backend/Downloads/bearing_complete/GOOD_20241007_230429.jpg
870,20241007.0,230625,GOOD,/home/kaizen-ai/Desktop/thrust_bearing_app/python-backend/Downloads/bearing_complete/GOOD_20241007_230625.jpg
871,20241007.0,230728,GOOD,/home/kaizen-ai/Desktop/thrust_bearing_app/python-backend/Downloads/bearing_complete/GOOD_20241007_230728.jpg
872,20241007.0,230843,GOOD,/home/kaizen-ai/Desktop/thrust_bearing_app/python-backend/Downloads/bearing_complete/GOOD_20241007_230843.jpg
873,20241007.0,230950,GOOD,/home/kaizen-ai/Desktop/thrust_bearing_app/python-backend/Downloads/bearing_complete/GOOD_20241007_230950.jpg
874,20241007.0,231109,GOOD,/home/kaizen-ai/Desktop/thrust_bearing_app/python-backend/Downloads/bearing_complete/GOOD_20241007_231109.jpg
875,20241007.0,231202,GOOD,/home/kaizen-ai/Desktop/thrust_bearing_app/python-backend/Downloads/bearing_complete/GOOD_20241007_231202.jpg
876,20241007.0,231337,GOOD,/home/kaizen-ai/Desktop/thrust_bearing_app/python-backend/Downloads/bearing_complete/GOOD_20241007_231337.jpg
877,20241007.0,231424,GOOD,/home/kaizen-ai/Desktop/thrust_bearing_app/python-backend/Downloads/bearing_complete/GOOD_20241007_231424.jpg
878,20241007.0,231631,GOOD,/home/kaizen-ai/Desktop/thrust_bearing_app/python-backend/Downloads/bearing_complete/GOOD_20241007_231631.jpg
879,20241007.0,231716,GOOD,/home/kaizen-ai/Desktop/thrust_bearing_app/python-backend/Downloads/bearing_complete/GOOD_20241007_231716.jpg
880,20241007.0,231808,GOOD,/home/kaizen-ai/Desktop/thrust_bearing_app/python-backend/Downloads/bearing_complete/GOOD_20241007_231808.jpg
881,20241007.0,231911,GOOD,/home/kaizen-ai/Desktop/thrust_bearing_app/python-backend/Downloads/bearing_complete/GOOD_20241007_231911.jpg
882,20241007.0,232021,GOOD,/home/kaizen-ai/Desktop/thrust_bearing_app/python-backend/Downloads/bearing_complete/GOOD_20241007_232021.jpg
883,20241007.0,232152,GOOD,/home/kaizen-ai/Desktop/thrust_bearing_app/python-backend/Downloads/bearing_complete/GOOD_20241007_232152.jpg
884,20241007.0,232252,GOOD,/home/kaizen-ai/Desktop/thrust_bearing_app/python-backend/Downloads/bearing_complete/GOOD_20241007_232252.jpg
885,20241007.0,232402,GOOD,/home/kaizen-ai/Desktop/thrust_bearing_app/python-backend/Downloads/bearing_complete/GOOD_20241007_232402.jpg
886,20241007.0,232455,GOOD,/home/kaizen-ai/Desktop/thrust_bearing_app/python-backend/Downloads/bearing_complete/GOOD_20241007_232455.jpg
887,20241007.0,232555,GOOD,/home/kaizen-ai/Desktop/thrust_bearing_app/python-backend/Downloads/bearing_complete/GOOD_20241007_232555.jpg
888,20241007.0,232630,NG,/home/kaizen-ai/Desktop/thrust_bearing_app/python-backend/Downloads/not_good_NG1/NG_20241007_232630.jpg
889,20241007.0,232739,NG,/home/kaizen-ai/Desktop/thrust_bearing_app/python-backend/Downloads/not_good_NG1/NG_20241007_232739.jpg
890,20241007.0,232848,NG,/home/kaizen-ai/Desktop/thrust_bearing_app/python-backend/Downloads/not_good_NG1/NG_20241007_232848.jpg
891,20241007.0,232938,GOOD,/home/kaizen-ai/Desktop/thrust_bearing_app/python-backend/Downloads/bearing_complete/GOOD_20241007_232938.jpg
892,20241007.0,233052,GOOD,/home/kaizen-ai/Desktop/thrust_bearing_app/python-backend/Downloads/bearing_complete/GOOD_20241007_233052.jpg
893,20241007.0,233139,GOOD,/home/kaizen-ai/Desktop/thrust_bearing_app/python-backend/Downloads/bearing_complete/GOOD_20241007_233139.jpg
894,20241007.0,233233,GOOD,/home/kaizen-ai/Desktop/thrust_bearing_app/python-backend/Downloads/bearing_complete/GOOD_20241007_233233.jpg
895,20241007.0,233347,GOOD,/home/kaizen-ai/Desktop/thrust_bearing_app/python-backend/Downloads/bearing_complete/GOOD_20241007_233347.jpg
896,20241007.0,233455,NG,/home/kaizen-ai/Desktop/thrust_bearing_app/python-backend/Downloads/not_good_NG1/NG_20241007_233455.jpg
897,20241007.0,233633,NG,/home/kaizen-ai/Desktop/thrust_bearing_app/python-backend/Downloads/not_good_NG1/NG_20241007_233633.jpg
898,20241007.0,233734,GOOD,/home/kaizen-ai/Desktop/thrust_bearing_app/python-backend/Downloads/bearing_complete/GOOD_20241007_233734.jpg
899,20241007.0,233839,GOOD,/home/kaizen-ai/Desktop/thrust_bearing_app/python-backend/Downloads/bearing_complete/GOOD_20241007_233839.jpg
900,20241007.0,233949,GOOD,/home/kaizen-ai/Desktop/thrust_bearing_app/python-backend/Downloads/bearing_complete/GOOD_20241007_233949.jpg
901,20241007.0,234041,GOOD,/home/kaizen-ai/Desktop/thrust_bearing_app/python-backend/Downloads/bearing_complete/GOOD_20241007_234041.jpg
902,20241007.0,234147,NG,/home/kaizen-ai/Desktop/thrust_bearing_app/python-backend/Downloads/not_good_NG2/NG_20241007_234147.jpg
903,20241007.0,234257,NG,/home/kaizen-ai/Desktop/thrust_bearing_app/python-backend/Downloads/not_good_NG2/NG_20241007_234257.jpg
904,20241007.0,234405,NG,/home/kaizen-ai/Desktop/thrust_bearing_app/python-backend/Downloads/not_good_NG1/NG_20241007_234405.jpg
905,20241007.0,234450,GOOD,/home/kaizen-ai/Desktop/thrust_bearing_app/python-backend/Downloads/bearing_complete/GOOD_20241007_234450.jpg
906,20241007.0,234552,NG,/home/kaizen-ai/Desktop/thrust_bearing_app/python-backend/Downloads/not_good_NG1/NG_20241007_234552.jpg
907,20241007.0,234654,GOOD,/home/kaizen-ai/Desktop/thrust_bearing_app/python-backend/Downloads/bearing_complete/GOOD_20241007_234654.jpg
908,20241007.0,234750,GOOD,/home/kaizen-ai/Desktop/thrust_bearing_app/python-backend/Downloads/bearing_complete/GOOD_20241007_234750.jpg
909,20241007.0,234849,GOOD,/home/kaizen-ai/Desktop/thrust_bearing_app/python-backend/Downloads/bearing_complete/GOOD_20241007_234849.jpg
910,20241007.0,234955,GOOD,/home/kaizen-ai/Desktop/thrust_bearing_app/python-backend/Downloads/bearing_complete/GOOD_20241007_234955.jpg
911,20241007.0,235045,GOOD,/home/kaizen-ai/Desktop/thrust_bearing_app/python-backend/Downloads/bearing_complete/GOOD_20241007_235045.jpg
912,20241007.0,235142,GOOD,/home/kaizen-ai/Desktop/thrust_bearing_app/python-backend/Downloads/bearing_complete/GOOD_20241007_235142.jpg
913,20241007.0,235253,GOOD,/home/kaizen-ai/Desktop/thrust_bearing_app/python-backend/Downloads/bearing_complete/GOOD_20241007_235253.jpg
914,20241007.0,235404,GOOD,/home/kaizen-ai/Desktop/thrust_bearing_app/python-backend/Downloads/bearing_complete/GOOD_20241007_235404.jpg
915,20241007.0,235509,NG,/home/kaizen-ai/Desktop/thrust_bearing_app/python-backend/Downloads/not_good_NG1/NG_20241007_235509.jpg
916,20241007.0,235633,GOOD,/home/kaizen-ai/Desktop/thrust_bearing_app/python-backend/Downloads/bearing_complete/GOOD_20241007_235633.jpg
917,20241007.0,235758,NG,/home/kaizen-ai/Desktop/thrust_bearing_app/python-backend/Downloads/not_good_NG1/NG_20241007_235758.jpg
918,20241007.0,235842,NG,/home/kaizen-ai/Desktop/thrust_bearing_app/python-backend/Downloads/not_good_NG3/NG_20241007_235842.jpg
919,20241007.0,235937,NG,/home/kaizen-ai/Desktop/thrust_bearing_app/python-backend/Downloads/not_good_NG2/NG_20241007_235937.jpg
920,20241008.0,16,GOOD,/home/kaizen-ai/Desktop/thrust_bearing_app/python-backend/Downloads/bearing_complete/GOOD_20241008_000016.jpg
921,20241008.0,3149,GOOD,/home/kaizen-ai/Desktop/thrust_bearing_app/python-backend/Downloads/bearing_complete/GOOD_20241008_003149.jpg
922,20241008.0,3243,NG,/home/kaizen-ai/Desktop/thrust_bearing_app/python-backend/Downloads/not_good_NG1/NG_20241008_003243.jpg
923,20241008.0,3345,GOOD,/home/kaizen-ai/Desktop/thrust_bearing_app/python-backend/Downloads/bearing_complete/GOOD_20241008_003345.jpg
924,20241008.0,3451,GOOD,/home/kaizen-ai/Desktop/thrust_bearing_app/python-backend/Downloads/bearing_complete/GOOD_20241008_003451.jpg
925,20241008.0,3702,NG,/home/kaizen-ai/Desktop/thrust_bearing_app/python-backend/Downloads/not_good_NG1/NG_20241008_003702.jpg
926,20241008.0,3859,GOOD,/home/kaizen-ai/Desktop/thrust_bearing_app/python-backend/Downloads/bearing_complete/GOOD_20241008_003859.jpg
927,20241008.0,3947,GOOD,/home/kaizen-ai/Desktop/thrust_bearing_app/python-backend/Downloads/bearing_complete/GOOD_20241008_003947.jpg
928,20241008.0,4048,GOOD,/home/kaizen-ai/Desktop/thrust_bearing_app/python-backend/Downloads/bearing_complete/GOOD_20241008_004048.jpg
929,20241008.0,4203,NG,/home/kaizen-ai/Desktop/thrust_bearing_app/python-backend/Downloads/not_good_NG1/NG_20241008_004203.jpg
930,20241008.0,4251,GOOD,/home/kaizen-ai/Desktop/thrust_bearing_app/python-backend/Downloads/bearing_complete/GOOD_20241008_004251.jpg
931,20241008.0,4351,GOOD,/home/kaizen-ai/Desktop/thrust_bearing_app/python-backend/Downloads/bearing_complete/GOOD_20241008_004351.jpg
932,20241008.0,4448,GOOD,/home/kaizen-ai/Desktop/thrust_bearing_app/python-backend/Downloads/bearing_complete/GOOD_20241008_004448.jpg
933,20241008.0,4547,NG,/home/kaizen-ai/Desktop/thrust_bearing_app/python-backend/Downloads/not_good_NG3/NG_20241008_004547.jpg
934,20241008.0,4712,GOOD,/home/kaizen-ai/Desktop/thrust_bearing_app/python-backend/Downloads/bearing_complete/GOOD_20241008_004712.jpg
935,20241008.0,4817,GOOD,/home/kaizen-ai/Desktop/thrust_bearing_app/python-backend/Downloads/bearing_complete/GOOD_20241008_004817.jpg
936,20241008.0,4922,GOOD,/home/kaizen-ai/Desktop/thrust_bearing_app/python-backend/Downloads/bearing_complete/GOOD_20241008_004922.jpg
937,20241008.0,5045,GOOD,/home/kaizen-ai/Desktop/thrust_bearing_app/python-backend/Downloads/bearing_complete/GOOD_20241008_005045.jpg
938,20241008.0,5153,GOOD,/home/kaizen-ai/Desktop/thrust_bearing_app/python-backend/Downloads/bearing_complete/GOOD_20241008_005153.jpg
939,20241008.0,5248,NG,/home/kaizen-ai/Desktop/thrust_bearing_app/python-backend/Downloads/not_good_NG1/NG_20241008_005248.jpg
940,20241008.0,5337,GOOD,/home/kaizen-ai/Desktop/thrust_bearing_app/python-backend/Downloads/bearing_complete/GOOD_20241008_005337.jpg
941,20241008.0,5422,GOOD,/home/kaizen-ai/Desktop/thrust_bearing_app/python-backend/Downloads/bearing_complete/GOOD_20241008_005422.jpg
942,20241008.0,5539,GOOD,/home/kaizen-ai/Desktop/thrust_bearing_app/python-backend/Downloads/bearing_complete/GOOD_20241008_005539.jpg
943,20241008.0,5640,GOOD,/home/kaizen-ai/Desktop/thrust_bearing_app/python-backend/Downloads/bearing_complete/GOOD_20241008_005640.jpg
944,20241008.0,5801,GOOD,/home/kaizen-ai/Desktop/thrust_bearing_app/python-backend/Downloads/bearing_complete/GOOD_20241008_005801.jpg
945,20241008.0,5853,NG,/home/kaizen-ai/Desktop/thrust_bearing_app/python-backend/Downloads/not_good_NG1/NG_20241008_005853.jpg
946,20241008.0,10050,GOOD,/home/kaizen-ai/Desktop/thrust_bearing_app/python-backend/Downloads/bearing_complete/GOOD_20241008_010050.jpg
947,20241008.0,10229,GOOD,/home/kaizen-ai/Desktop/thrust_bearing_app/python-backend/Downloads/bearing_complete/GOOD_20241008_010229.jpg
948,20241008.0,10332,NG,/home/kaizen-ai/Desktop/thrust_bearing_app/python-backend/Downloads/not_good_NG1/NG_20241008_010332.jpg
949,20241008.0,10416,GOOD,/home/kaizen-ai/Desktop/thrust_bearing_app/python-backend/Downloads/bearing_complete/GOOD_20241008_010416.jpg
950,20241008.0,10529,GOOD,/home/kaizen-ai/Desktop/thrust_bearing_app/python-backend/Downloads/bearing_complete/GOOD_20241008_010529.jpg
951,20241008.0,10626,NG,/home/kaizen-ai/Desktop/thrust_bearing_app/python-backend/Downloads/not_good_NG1/NG_20241008_010626.jpg
952,20241008.0,10656,GOOD,/home/kaizen-ai/Desktop/thrust_bearing_app/python-backend/Downloads/bearing_complete/GOOD_20241008_010656.jpg
953,20241008.0,10753,GOOD,/home/kaizen-ai/Desktop/thrust_bearing_app/python-backend/Downloads/bearing_complete/GOOD_20241008_010753.jpg
954,20241008.0,10839,NG,/home/kaizen-ai/Desktop/thrust_bearing_app/python-backend/Downloads/not_good_NG1/NG_20241008_010839.jpg
955,20241008.0,11010,GOOD,/home/kaizen-ai/Desktop/thrust_bearing_app/python-backend/Downloads/bearing_complete/GOOD_20241008_011010.jpg
956,20241008.0,11107,GOOD,/home/kaizen-ai/Desktop/thrust_bearing_app/python-backend/Downloads/bearing_complete/GOOD_20241008_011107.jpg
957,20241008.0,11231,GOOD,/home/kaizen-ai/Desktop/thrust_bearing_app/python-backend/Downloads/bearing_complete/GOOD_20241008_011231.jpg
958,20241008.0,11316,GOOD,/home/kaizen-ai/Desktop/thrust_bearing_app/python-backend/Downloads/bearing_complete/GOOD_20241008_011316.jpg
959,20241008.0,11426,GOOD,/home/kaizen-ai/Desktop/thrust_bearing_app/python-backend/Downloads/bearing_complete/GOOD_20241008_011426.jpg
960,20241008.0,11527,GOOD,/home/kaizen-ai/Desktop/thrust_bearing_app/python-backend/Downloads/bearing_complete/GOOD_20241008_011527.jpg
961,20241008.0,11625,GOOD,/home/kaizen-ai/Desktop/thrust_bearing_app/python-backend/Downloads/bearing_complete/GOOD_20241008_011625.jpg
962,20241008.0,11734,GOOD,/home/kaizen-ai/Desktop/thrust_bearing_app/python-backend/Downloads/bearing_complete/GOOD_20241008_011734.jpg
963,20241008.0,11847,GOOD,/home/kaizen-ai/Desktop/thrust_bearing_app/python-backend/Downloads/bearing_complete/GOOD_20241008_011847.jpg
964,20241008.0,11953,GOOD,/home/kaizen-ai/Desktop/thrust_bearing_app/python-backend/Downloads/bearing_complete/GOOD_20241008_011953.jpg
965,20241008.0,12105,GOOD,/home/kaizen-ai/Desktop/thrust_bearing_app/python-backend/Downloads/bearing_complete/GOOD_20241008_012105.jpg
966,20241008.0,12217,GOOD,/home/kaizen-ai/Desktop/thrust_bearing_app/python-backend/Downloads/bearing_complete/GOOD_20241008_012217.jpg
967,20241008.0,12317,NG,/home/kaizen-ai/Desktop/thrust_bearing_app/python-backend/Downloads/not_good_NG1/NG_20241008_012317.jpg
968,20241008.0,12437,GOOD,/home/kaizen-ai/Desktop/thrust_bearing_app/python-backend/Downloads/bearing_complete/GOOD_20241008_012437.jpg
969,20241008.0,12528,GOOD,/home/kaizen-ai/Desktop/thrust_bearing_app/python-backend/Downloads/bearing_complete/GOOD_20241008_012528.jpg
970,20241008.0,12625,GOOD,/home/kaizen-ai/Desktop/thrust_bearing_app/python-backend/Downloads/bearing_complete/GOOD_20241008_012625.jpg
971,20241008.0,12808,NG,/home/kaizen-ai/Desktop/thrust_bearing_app/python-backend/Downloads/not_good_NG1/NG_20241008_012808.jpg
972,20241008.0,12942,GOOD,/home/kaizen-ai/Desktop/thrust_bearing_app/python-backend/Downloads/bearing_complete/GOOD_20241008_012942.jpg
973,20241008.0,13130,GOOD,/home/kaizen-ai/Desktop/thrust_bearing_app/python-backend/Downloads/bearing_complete/GOOD_20241008_013130.jpg
974,20241008.0,13231,GOOD,/home/kaizen-ai/Desktop/thrust_bearing_app/python-backend/Downloads/bearing_complete/GOOD_20241008_013231.jpg
975,20241008.0,13331,NG,/home/kaizen-ai/Desktop/thrust_bearing_app/python-backend/Downloads/not_good_NG1/NG_20241008_013331.jpg
976,20241008.0,13425,GOOD,/home/kaizen-ai/Desktop/thrust_bearing_app/python-backend/Downloads/bearing_complete/GOOD_20241008_013425.jpg
977,20241008.0,13526,GOOD,/home/kaizen-ai/Desktop/thrust_bearing_app/python-backend/Downloads/bearing_complete/GOOD_20241008_013526.jpg
978,20241008.0,13708,GOOD,/home/kaizen-ai/Desktop/thrust_bearing_app/python-backend/Downloads/bearing_complete/GOOD_20241008_013708.jpg
979,20241008.0,13817,GOOD,/home/kaizen-ai/Desktop/thrust_bearing_app/python-backend/Downloads/bearing_complete/GOOD_20241008_013817.jpg
980,20241008.0,13907,GOOD,/home/kaizen-ai/Desktop/thrust_bearing_app/python-backend/Downloads/bearing_complete/GOOD_20241008_013907.jpg
981,20241008.0,14006,GOOD,/home/kaizen-ai/Desktop/thrust_bearing_app/python-backend/Downloads/bearing_complete/GOOD_20241008_014006.jpg
982,20241008.0,14138,NG,/home/kaizen-ai/Desktop/thrust_bearing_app/python-backend/Downloads/not_good_NG1/NG_20241008_014138.jpg
983,20241008.0,14241,GOOD,/home/kaizen-ai/Desktop/thrust_bearing_app/python-backend/Downloads/bearing_complete/GOOD_20241008_014241.jpg
984,20241008.0,14337,GOOD,/home/kaizen-ai/Desktop/thrust_bearing_app/python-backend/Downloads/bearing_complete/GOOD_20241008_014337.jpg
985,20241008.0,14446,GOOD,/home/kaizen-ai/Desktop/thrust_bearing_app/python-backend/Downloads/bearing_complete/GOOD_20241008_014446.jpg
986,20241008.0,14606,GOOD,/home/kaizen-ai/Desktop/thrust_bearing_app/python-backend/Downloads/bearing_complete/GOOD_20241008_014606.jpg
987,20241008.0,14711,NG,/home/kaizen-ai/Desktop/thrust_bearing_app/python-backend/Downloads/not_good_NG1/NG_20241008_014711.jpg
988,20241008.0,14842,GOOD,/home/kaizen-ai/Desktop/thrust_bearing_app/python-backend/Downloads/bearing_complete/GOOD_20241008_014842.jpg
989,20241008.0,14931,GOOD,/home/kaizen-ai/Desktop/thrust_bearing_app/python-backend/Downloads/bearing_complete/GOOD_20241008_014931.jpg
990,20241008.0,15035,NG,/home/kaizen-ai/Desktop/thrust_bearing_app/python-backend/Downloads/not_good_NG1/NG_20241008_015035.jpg
991,20241008.0,15147,GOOD,/home/kaizen-ai/Desktop/thrust_bearing_app/python-backend/Downloads/bearing_complete/GOOD_20241008_015147.jpg
992,20241008.0,15243,GOOD,/home/kaizen-ai/Desktop/thrust_bearing_app/python-backend/Downloads/bearing_complete/GOOD_20241008_015243.jpg
993,20241008.0,15424,GOOD,/home/kaizen-ai/Desktop/thrust_bearing_app/python-backend/Downloads/bearing_complete/GOOD_20241008_015424.jpg
994,20241008.0,15521,GOOD,/home/kaizen-ai/Desktop/thrust_bearing_app/python-backend/Downloads/bearing_complete/GOOD_20241008_015521.jpg
995,20241008.0,15636,NG,/home/kaizen-ai/Desktop/thrust_bearing_app/python-backend/Downloads/not_good_NG1/NG_20241008_015636.jpg
996,20241008.0,15753,GOOD,/home/kaizen-ai/Desktop/thrust_bearing_app/python-backend/Downloads/bearing_complete/GOOD_20241008_015753.jpg
997,20241008.0,15945,NG,/home/kaizen-ai/Desktop/thrust_bearing_app/python-backend/Downloads/not_good_NG2/NG_20241008_015945.jpg
998,20241008.0,20042,GOOD,/home/kaizen-ai/Desktop/thrust_bearing_app/python-backend/Downloads/bearing_complete/GOOD_20241008_020042.jpg
999,20241008.0,20136,GOOD,/home/kaizen-ai/Desktop/thrust_bearing_app/python-backend/Downloads/bearing_complete/GOOD_20241008_020136.jpg
1000,20241008.0,20208,GOOD,/home/kaizen-ai/Desktop/thrust_bearing_app/python-backend/Downloads/bearing_complete/GOOD_20241008_020208.jpg
1001,20241008.0,20257,GOOD,/home/kaizen-ai/Desktop/thrust_bearing_app/python-backend/Downloads/bearing_complete/GOOD_20241008_020257.jpg
1002,20241008.0,20357,NG,/home/kaizen-ai/Desktop/thrust_bearing_app/python-backend/Downloads/not_good_NG1/NG_20241008_020357.jpg
1003,20241008.0,20505,GOOD,/home/kaizen-ai/Desktop/thrust_bearing_app/python-backend/Downloads/bearing_complete/GOOD_20241008_020505.jpg
1004,20241008.0,20633,NG,/home/kaizen-ai/Desktop/thrust_bearing_app/python-backend/Downloads/not_good_NG4/NG_20241008_020633.jpg
1005,20241008.0,20718,GOOD,/home/kaizen-ai/Desktop/thrust_bearing_app/python-backend/Downloads/bearing_complete/GOOD_20241008_020718.jpg
1006,20241008.0,20816,GOOD,/home/kaizen-ai/Desktop/thrust_bearing_app/python-backend/Downloads/bearing_complete/GOOD_20241008_020816.jpg
1007,20241008.0,20917,GOOD,/home/kaizen-ai/Desktop/thrust_bearing_app/python-backend/Downloads/bearing_complete/GOOD_20241008_020917.jpg
1008,20241008.0,21036,NG,/home/kaizen-ai/Desktop/thrust_bearing_app/python-backend/Downloads/not_good_NG1/NG_20241008_021036.jpg
1009,20241008.0,21124,GOOD,/home/kaizen-ai/Desktop/thrust_bearing_app/python-backend/Downloads/bearing_complete/GOOD_20241008_021124.jpg
1010,20241008.0,21228,GOOD,/home/kaizen-ai/Desktop/thrust_bearing_app/python-backend/Downloads/bearing_complete/GOOD_20241008_021228.jpg
1011,20241008.0,21351,NG,/home/kaizen-ai/Desktop/thrust_bearing_app/python-backend/Downloads/not_good_NG1/NG_20241008_021351.jpg
1012,20241008.0,21435,GOOD,/home/kaizen-ai/Desktop/thrust_bearing_app/python-backend/Downloads/bearing_complete/GOOD_20241008_021435.jpg
1013,20241008.0,21625,GOOD,/home/kaizen-ai/Desktop/thrust_bearing_app/python-backend/Downloads/bearing_complete/GOOD_20241008_021625.jpg
1014,20241008.0,21741,NG,/home/kaizen-ai/Desktop/thrust_bearing_app/python-backend/Downloads/not_good_NG1/NG_20241008_021741.jpg
1015,20241008.0,21844,GOOD,/home/kaizen-ai/Desktop/thrust_bearing_app/python-backend/Downloads/bearing_complete/GOOD_20241008_021844.jpg
1016,20241008.0,22013,GOOD,/home/kaizen-ai/Desktop/thrust_bearing_app/python-backend/Downloads/bearing_complete/GOOD_20241008_022013.jpg
1017,20241008.0,22108,GOOD,/home/kaizen-ai/Desktop/thrust_bearing_app/python-backend/Downloads/bearing_complete/GOOD_20241008_022108.jpg
1018,20241008.0,22155,GOOD,/home/kaizen-ai/Desktop/thrust_bearing_app/python-backend/Downloads/bearing_complete/GOOD_20241008_022155.jpg
1019,20241008.0,22311,GOOD,/home/kaizen-ai/Desktop/thrust_bearing_app/python-backend/Downloads/bearing_complete/GOOD_20241008_022311.jpg
1020,20241008.0,22411,GOOD,/home/kaizen-ai/Desktop/thrust_bearing_app/python-backend/Downloads/bearing_complete/GOOD_20241008_022411.jpg
1021,20241008.0,22530,NG,/home/kaizen-ai/Desktop/thrust_bearing_app/python-backend/Downloads/not_good_NG1/NG_20241008_022530.jpg
1022,20241008.0,22618,GOOD,/home/kaizen-ai/Desktop/thrust_bearing_app/python-backend/Downloads/bearing_complete/GOOD_20241008_022618.jpg
1023,20241008.0,22711,GOOD,/home/kaizen-ai/Desktop/thrust_bearing_app/python-backend/Downloads/bearing_complete/GOOD_20241008_022711.jpg
1024,20241008.0,22805,GOOD,/home/kaizen-ai/Desktop/thrust_bearing_app/python-backend/Downloads/bearing_complete/GOOD_20241008_022805.jpg
1025,20241008.0,22916,NG,/home/kaizen-ai/Desktop/thrust_bearing_app/python-backend/Downloads/not_good_NG1/NG_20241008_022916.jpg
1026,20241008.0,23000,GOOD,/home/kaizen-ai/Desktop/thrust_bearing_app/python-backend/Downloads/bearing_complete/GOOD_20241008_023000.jpg
1027,20241008.0,24013,NG,/home/kaizen-ai/Desktop/thrust_bearing_app/python-backend/Downloads/not_good_NG2/NG_20241008_024013.jpg
1028,20241008.0,24207,GOOD,/home/kaizen-ai/Desktop/thrust_bearing_app/python-backend/Downloads/bearing_complete/GOOD_20241008_024207.jpg
1029,20241008.0,24338,NG,/home/kaizen-ai/Desktop/thrust_bearing_app/python-backend/Downloads/not_good_NG1/NG_20241008_024338.jpg
1030,20241008.0,24520,GOOD,/home/kaizen-ai/Desktop/thrust_bearing_app/python-backend/Downloads/bearing_complete/GOOD_20241008_024520.jpg
1031,20241008.0,24622,GOOD,/home/kaizen-ai/Desktop/thrust_bearing_app/python-backend/Downloads/bearing_complete/GOOD_20241008_024622.jpg
1032,20241008.0,24738,GOOD,/home/kaizen-ai/Desktop/thrust_bearing_app/python-backend/Downloads/bearing_complete/GOOD_20241008_024738.jpg
1033,20241008.0,24855,GOOD,/home/kaizen-ai/Desktop/thrust_bearing_app/python-backend/Downloads/bearing_complete/GOOD_20241008_024855.jpg
1034,20241008.0,24956,GOOD,/home/kaizen-ai/Desktop/thrust_bearing_app/python-backend/Downloads/bearing_complete/GOOD_20241008_024956.jpg
1035,20241008.0,25049,GOOD,/home/kaizen-ai/Desktop/thrust_bearing_app/python-backend/Downloads/bearing_complete/GOOD_20241008_025049.jpg
1036,20241008.0,25153,NG,/home/kaizen-ai/Desktop/thrust_bearing_app/python-backend/Downloads/not_good_NG1/NG_20241008_025153.jpg
1037,20241008.0,25245,GOOD,/home/kaizen-ai/Desktop/thrust_bearing_app/python-backend/Downloads/bearing_complete/GOOD_20241008_025245.jpg
1038,20241008.0,25424,GOOD,/home/kaizen-ai/Desktop/thrust_bearing_app/python-backend/Downloads/bearing_complete/GOOD_20241008_025424.jpg
1039,20241008.0,25443,NG,/home/kaizen-ai/Desktop/thrust_bearing_app/python-backend/Downloads/not_good_NG1/NG_20241008_025443.jpg
1040,20241008.0,25610,GOOD,/home/kaizen-ai/Desktop/thrust_bearing_app/python-backend/Downloads/bearing_complete/GOOD_20241008_025610.jpg
1041,20241008.0,25737,NG,/home/kaizen-ai/Desktop/thrust_bearing_app/python-backend/Downloads/not_good_NG1/NG_20241008_025737.jpg
1042,20241008.0,25832,GOOD,/home/kaizen-ai/Desktop/thrust_bearing_app/python-backend/Downloads/bearing_complete/GOOD_20241008_025832.jpg
1043,20241008.0,25927,GOOD,/home/kaizen-ai/Desktop/thrust_bearing_app/python-backend/Downloads/bearing_complete/GOOD_20241008_025927.jpg
1044,20241008.0,30045,NG,/home/kaizen-ai/Desktop/thrust_bearing_app/python-backend/Downloads/not_good_NG2/NG_20241008_030045.jpg
1045,20241008.0,30149,GOOD,/home/kaizen-ai/Desktop/thrust_bearing_app/python-backend/Downloads/bearing_complete/GOOD_20241008_030149.jpg
1046,20241008.0,30310,NG,/home/kaizen-ai/Desktop/thrust_bearing_app/python-backend/Downloads/not_good_NG1/NG_20241008_030310.jpg
1047,20241008.0,30409,NG,/home/kaizen-ai/Desktop/thrust_bearing_app/python-backend/Downloads/not_good_NG1/NG_20241008_030409.jpg
1048,20241008.0,30444,NG,/home/kaizen-ai/Desktop/thrust_bearing_app/python-backend/Downloads/not_good_NG2/NG_20241008_030444.jpg
1049,20241008.0,30545,NG,/home/kaizen-ai/Desktop/thrust_bearing_app/python-backend/Downloads/not_good_NG1/NG_20241008_030545.jpg
1050,20241008.0,30700,NG,/home/kaizen-ai/Desktop/thrust_bearing_app/python-backend/Downloads/not_good_NG1/NG_20241008_030700.jpg
1051,20241008.0,30750,GOOD,/home/kaizen-ai/Desktop/thrust_bearing_app/python-backend/Downloads/bearing_complete/GOOD_20241008_030750.jpg
1052,20241008.0,30849,NG,/home/kaizen-ai/Desktop/thrust_bearing_app/python-backend/Downloads/not_good_NG1/NG_20241008_030849.jpg
1053,20241008.0,30942,GOOD,/home/kaizen-ai/Desktop/thrust_bearing_app/python-backend/Downloads/bearing_complete/GOOD_20241008_030942.jpg
1054,20241008.0,31048,GOOD,/home/kaizen-ai/Desktop/thrust_bearing_app/python-backend/Downloads/bearing_complete/GOOD_20241008_031048.jpg
1055,20241008.0,31149,GOOD,/home/kaizen-ai/Desktop/thrust_bearing_app/python-backend/Downloads/bearing_complete/GOOD_20241008_031149.jpg
1056,20241008.0,31316,GOOD,/home/kaizen-ai/Desktop/thrust_bearing_app/python-backend/Downloads/bearing_complete/GOOD_20241008_031316.jpg
1057,20241008.0,31459,GOOD,/home/kaizen-ai/Desktop/thrust_bearing_app/python-backend/Downloads/bearing_complete/GOOD_20241008_031459.jpg
1058,20241008.0,31615,GOOD,/home/kaizen-ai/Desktop/thrust_bearing_app/python-backend/Downloads/bearing_complete/GOOD_20241008_031615.jpg
1059,20241008.0,31724,GOOD,/home/kaizen-ai/Desktop/thrust_bearing_app/python-backend/Downloads/bearing_complete/GOOD_20241008_031724.jpg
1060,20241008.0,31816,NG,/home/kaizen-ai/Desktop/thrust_bearing_app/python-backend/Downloads/not_good_NG1/NG_20241008_031816.jpg
1061,20241008.0,31940,GOOD,/home/kaizen-ai/Desktop/thrust_bearing_app/python-backend/Downloads/bearing_complete/GOOD_20241008_031940.jpg
1062,20241008.0,32034,GOOD,/home/kaizen-ai/Desktop/thrust_bearing_app/python-backend/Downloads/bearing_complete/GOOD_20241008_032034.jpg
1063,20241008.0,32156,NG,/home/kaizen-ai/Desktop/thrust_bearing_app/python-backend/Downloads/not_good_NG1/NG_20241008_032156.jpg
1064,20241008.0,32247,GOOD,/home/kaizen-ai/Desktop/thrust_bearing_app/python-backend/Downloads/bearing_complete/GOOD_20241008_032247.jpg
1065,20241008.0,32355,NG,/home/kaizen-ai/Desktop/thrust_bearing_app/python-backend/Downloads/not_good_NG1/NG_20241008_032355.jpg
1066,20241008.0,32448,GOOD,/home/kaizen-ai/Desktop/thrust_bearing_app/python-backend/Downloads/bearing_complete/GOOD_20241008_032448.jpg
1067,20241008.0,32549,GOOD,/home/kaizen-ai/Desktop/thrust_bearing_app/python-backend/Downloads/bearing_complete/GOOD_20241008_032549.jpg
1068,20241008.0,32705,GOOD,/home/kaizen-ai/Desktop/thrust_bearing_app/python-backend/Downloads/bearing_complete/GOOD_20241008_032705.jpg
1069,20241008.0,32813,GOOD,/home/kaizen-ai/Desktop/thrust_bearing_app/python-backend/Downloads/bearing_complete/GOOD_20241008_032813.jpg
1070,20241008.0,32956,GOOD,/home/kaizen-ai/Desktop/thrust_bearing_app/python-backend/Downloads/bearing_complete/GOOD_20241008_032956.jpg
1071,20241008.0,33023,GOOD,/home/kaizen-ai/Desktop/thrust_bearing_app/python-backend/Downloads/bearing_complete/GOOD_20241008_033023.jpg
1072,20241008.0,33119,GOOD,/home/kaizen-ai/Desktop/thrust_bearing_app/python-backend/Downloads/bearing_complete/GOOD_20241008_033119.jpg
1073,20241008.0,33214,GOOD,/home/kaizen-ai/Desktop/thrust_bearing_app/python-backend/Downloads/bearing_complete/GOOD_20241008_033214.jpg
1074,20241008.0,33357,GOOD,/home/kaizen-ai/Desktop/thrust_bearing_app/python-backend/Downloads/bearing_complete/GOOD_20241008_033357.jpg
1075,20241008.0,33433,NG,/home/kaizen-ai/Desktop/thrust_bearing_app/python-backend/Downloads/not_good_NG1/NG_20241008_033433.jpg
1076,20241008.0,33542,NG,/home/kaizen-ai/Desktop/thrust_bearing_app/python-backend/Downloads/not_good_NG1/NG_20241008_033542.jpg
1077,20241008.0,33706,GOOD,/home/kaizen-ai/Desktop/thrust_bearing_app/python-backend/Downloads/bearing_complete/GOOD_20241008_033706.jpg
1078,20241008.0,33759,GOOD,/home/kaizen-ai/Desktop/thrust_bearing_app/python-backend/Downloads/bearing_complete/GOOD_20241008_033759.jpg
1079,20241008.0,33910,NG,/home/kaizen-ai/Desktop/thrust_bearing_app/python-backend/Downloads/not_good_NG1/NG_20241008_033910.jpg
1080,20241008.0,34017,GOOD,/home/kaizen-ai/Desktop/thrust_bearing_app/python-backend/Downloads/bearing_complete/GOOD_20241008_034017.jpg
1081,20241008.0,34130,GOOD,/home/kaizen-ai/Desktop/thrust_bearing_app/python-backend/Downloads/bearing_complete/GOOD_20241008_034130.jpg
1082,20241008.0,34246,GOOD,/home/kaizen-ai/Desktop/thrust_bearing_app/python-backend/Downloads/bearing_complete/GOOD_20241008_034246.jpg
1083,20241008.0,34424,GOOD,/home/kaizen-ai/Desktop/thrust_bearing_app/python-backend/Downloads/bearing_complete/GOOD_20241008_034424.jpg
1084,20241008.0,34524,GOOD,/home/kaizen-ai/Desktop/thrust_bearing_app/python-backend/Downloads/bearing_complete/GOOD_20241008_034524.jpg
1085,20241008.0,34633,GOOD,/home/kaizen-ai/Desktop/thrust_bearing_app/python-backend/Downloads/bearing_complete/GOOD_20241008_034633.jpg
1086,20241008.0,34743,NG,/home/kaizen-ai/Desktop/thrust_bearing_app/python-backend/Downloads/not_good_NG1/NG_20241008_034743.jpg
1087,20241008.0,34836,GOOD,/home/kaizen-ai/Desktop/thrust_bearing_app/python-backend/Downloads/bearing_complete/GOOD_20241008_034836.jpg
1088,20241008.0,35008,NG,/home/kaizen-ai/Desktop/thrust_bearing_app/python-backend/Downloads/not_good_NG1/NG_20241008_035008.jpg
1089,20241008.0,35103,GOOD,/home/kaizen-ai/Desktop/thrust_bearing_app/python-backend/Downloads/bearing_complete/GOOD_20241008_035103.jpg
1090,20241008.0,35205,GOOD,/home/kaizen-ai/Desktop/thrust_bearing_app/python-backend/Downloads/bearing_complete/GOOD_20241008_035205.jpg
1091,20241008.0,35249,GOOD,/home/kaizen-ai/Desktop/thrust_bearing_app/python-backend/Downloads/bearing_complete/GOOD_20241008_035249.jpg
1092,20241008.0,35346,GOOD,/home/kaizen-ai/Desktop/thrust_bearing_app/python-backend/Downloads/bearing_complete/GOOD_20241008_035346.jpg
1093,20241008.0,35530,GOOD,/home/kaizen-ai/Desktop/thrust_bearing_app/python-backend/Downloads/bearing_complete/GOOD_20241008_035530.jpg
1094,20241008.0,35623,GOOD,/home/kaizen-ai/Desktop/thrust_bearing_app/python-backend/Downloads/bearing_complete/GOOD_20241008_035623.jpg
1095,20241008.0,35709,GOOD,/home/kaizen-ai/Desktop/thrust_bearing_app/python-backend/Downloads/bearing_complete/GOOD_20241008_035709.jpg
1096,20241008.0,35817,NG,/home/kaizen-ai/Desktop/thrust_bearing_app/python-backend/Downloads/not_good_NG2/NG_20241008_035817.jpg
1097,20241008.0,35945,GOOD,/home/kaizen-ai/Desktop/thrust_bearing_app/python-backend/Downloads/bearing_complete/GOOD_20241008_035945.jpg
1098,20241008.0,40021,GOOD,/home/kaizen-ai/Desktop/thrust_bearing_app/python-backend/Downloads/bearing_complete/GOOD_20241008_040021.jpg
1099,20241008.0,40119,GOOD,/home/kaizen-ai/Desktop/thrust_bearing_app/python-backend/Downloads/bearing_complete/GOOD_20241008_040119.jpg
1100,20241008.0,40233,GOOD,/home/kaizen-ai/Desktop/thrust_bearing_app/python-backend/Downloads/bearing_complete/GOOD_20241008_040233.jpg
1101,20241008.0,40320,GOOD,/home/kaizen-ai/Desktop/thrust_bearing_app/python-backend/Downloads/bearing_complete/GOOD_20241008_040320.jpg
1102,20241008.0,40433,GOOD,/home/kaizen-ai/Desktop/thrust_bearing_app/python-backend/Downloads/bearing_complete/GOOD_20241008_040433.jpg
1103,20241008.0,40622,NG,/home/kaizen-ai/Desktop/thrust_bearing_app/python-backend/Downloads/not_good_NG1/NG_20241008_040622.jpg
1104,20241008.0,40709,GOOD,/home/kaizen-ai/Desktop/thrust_bearing_app/python-backend/Downloads/bearing_complete/GOOD_20241008_040709.jpg
1105,20241008.0,40818,GOOD,/home/kaizen-ai/Desktop/thrust_bearing_app/python-backend/Downloads/bearing_complete/GOOD_20241008_040818.jpg
1106,20241008.0,40853,GOOD,/home/kaizen-ai/Desktop/thrust_bearing_app/python-backend/Downloads/bearing_complete/GOOD_20241008_040853.jpg
1107,20241008.0,41028,GOOD,/home/kaizen-ai/Desktop/thrust_bearing_app/python-backend/Downloads/bearing_complete/GOOD_20241008_041028.jpg
1108,20241008.0,41303,NG,/home/kaizen-ai/Desktop/thrust_bearing_app/python-backend/Downloads/not_good_NG1/NG_20241008_041303.jpg
1109,20241008.0,41406,GOOD,/home/kaizen-ai/Desktop/thrust_bearing_app/python-backend/Downloads/bearing_complete/GOOD_20241008_041406.jpg
1110,20241008.0,41533,GOOD,/home/kaizen-ai/Desktop/thrust_bearing_app/python-backend/Downloads/bearing_complete/GOOD_20241008_041533.jpg
1111,20241008.0,41628,NG,/home/kaizen-ai/Desktop/thrust_bearing_app/python-backend/Downloads/not_good_NG1/NG_20241008_041628.jpg
1112,20241008.0,41748,GOOD,/home/kaizen-ai/Desktop/thrust_bearing_app/python-backend/Downloads/bearing_complete/GOOD_20241008_041748.jpg
1113,20241008.0,41855,GOOD,/home/kaizen-ai/Desktop/thrust_bearing_app/python-backend/Downloads/bearing_complete/GOOD_20241008_041855.jpg
1114,20241008.0,42003,GOOD,/home/kaizen-ai/Desktop/thrust_bearing_app/python-backend/Downloads/bearing_complete/GOOD_20241008_042003.jpg
1115,20241008.0,42023,GOOD,/home/kaizen-ai/Desktop/thrust_bearing_app/python-backend/Downloads/bearing_complete/GOOD_20241008_042023.jpg
1116,20241008.0,42137,GOOD,/home/kaizen-ai/Desktop/thrust_bearing_app/python-backend/Downloads/bearing_complete/GOOD_20241008_042137.jpg
1117,20241008.0,42244,NG,/home/kaizen-ai/Desktop/thrust_bearing_app/python-backend/Downloads/not_good_NG1/NG_20241008_042244.jpg
1118,20241008.0,42342,NG,/home/kaizen-ai/Desktop/thrust_bearing_app/python-backend/Downloads/not_good_NG1/NG_20241008_042342.jpg
1119,20241008.0,42446,GOOD,/home/kaizen-ai/Desktop/thrust_bearing_app/python-backend/Downloads/bearing_complete/GOOD_20241008_042446.jpg
1120,20241008.0,42600,GOOD,/home/kaizen-ai/Desktop/thrust_bearing_app/python-backend/Downloads/bearing_complete/GOOD_20241008_042600.jpg
1121,20241008.0,42706,GOOD,/home/kaizen-ai/Desktop/thrust_bearing_app/python-backend/Downloads/bearing_complete/GOOD_20241008_042706.jpg
1122,20241008.0,42810,GOOD,/home/kaizen-ai/Desktop/thrust_bearing_app/python-backend/Downloads/bearing_complete/GOOD_20241008_042810.jpg
1123,20241008.0,42846,NG,/home/kaizen-ai/Desktop/thrust_bearing_app/python-backend/Downloads/not_good_NG1/NG_20241008_042846.jpg
1124,20241008.0,42950,NG,/home/kaizen-ai/Desktop/thrust_bearing_app/python-backend/Downloads/not_good_NG1/NG_20241008_042950.jpg
1125,20241008.0,50037,GOOD,/home/kaizen-ai/Desktop/thrust_bearing_app/python-backend/Downloads/bearing_complete/GOOD_20241008_050037.jpg
1126,20241008.0,50158,GOOD,/home/kaizen-ai/Desktop/thrust_bearing_app/python-backend/Downloads/bearing_complete/GOOD_20241008_050158.jpg
1127,20241008.0,50259,GOOD,/home/kaizen-ai/Desktop/thrust_bearing_app/python-backend/Downloads/bearing_complete/GOOD_20241008_050259.jpg
1128,20241008.0,50405,GOOD,/home/kaizen-ai/Desktop/thrust_bearing_app/python-backend/Downloads/bearing_complete/GOOD_20241008_050405.jpg
1129,20241008.0,50510,NG,/home/kaizen-ai/Desktop/thrust_bearing_app/python-backend/Downloads/not_good_NG1/NG_20241008_050510.jpg
1130,20241008.0,50637,GOOD,/home/kaizen-ai/Desktop/thrust_bearing_app/python-backend/Downloads/bearing_complete/GOOD_20241008_050637.jpg
1131,20241008.0,50733,GOOD,/home/kaizen-ai/Desktop/thrust_bearing_app/python-backend/Downloads/bearing_complete/GOOD_20241008_050733.jpg
1132,20241008.0,50836,GOOD,/home/kaizen-ai/Desktop/thrust_bearing_app/python-backend/Downloads/bearing_complete/GOOD_20241008_050836.jpg
1133,20241008.0,50959,GOOD,/home/kaizen-ai/Desktop/thrust_bearing_app/python-backend/Downloads/bearing_complete/GOOD_20241008_050959.jpg
1134,20241008.0,51052,GOOD,/home/kaizen-ai/Desktop/thrust_bearing_app/python-backend/Downloads/bearing_complete/GOOD_20241008_051052.jpg
1135,20241008.0,51202,GOOD,/home/kaizen-ai/Desktop/thrust_bearing_app/python-backend/Downloads/bearing_complete/GOOD_20241008_051202.jpg
1136,20241008.0,51307,GOOD,/home/kaizen-ai/Desktop/thrust_bearing_app/python-backend/Downloads/bearing_complete/GOOD_20241008_051307.jpg
1137,20241008.0,51414,GOOD,/home/kaizen-ai/Desktop/thrust_bearing_app/python-backend/Downloads/bearing_complete/GOOD_20241008_051414.jpg
1138,20241008.0,51526,GOOD,/home/kaizen-ai/Desktop/thrust_bearing_app/python-backend/Downloads/bearing_complete/GOOD_20241008_051526.jpg
1139,20241008.0,51613,GOOD,/home/kaizen-ai/Desktop/thrust_bearing_app/python-backend/Downloads/bearing_complete/GOOD_20241008_051613.jpg
1140,20241008.0,51736,GOOD,/home/kaizen-ai/Desktop/thrust_bearing_app/python-backend/Downloads/bearing_complete/GOOD_20241008_051736.jpg
1141,20241008.0,51843,GOOD,/home/kaizen-ai/Desktop/thrust_bearing_app/python-backend/Downloads/bearing_complete/GOOD_20241008_051843.jpg
1142,20241008.0,52004,GOOD,/home/kaizen-ai/Desktop/thrust_bearing_app/python-backend/Downloads/bearing_complete/GOOD_20241008_052004.jpg
1143,20241008.0,52059,GOOD,/home/kaizen-ai/Desktop/thrust_bearing_app/python-backend/Downloads/bearing_complete/GOOD_20241008_052059.jpg
1144,20241008.0,52152,NG,/home/kaizen-ai/Desktop/thrust_bearing_app/python-backend/Downloads/not_good_NG1/NG_20241008_052152.jpg
1145,20241008.0,52303,GOOD,/home/kaizen-ai/Desktop/thrust_bearing_app/python-backend/Downloads/bearing_complete/GOOD_20241008_052303.jpg
1146,20241008.0,52425,GOOD,/home/kaizen-ai/Desktop/thrust_bearing_app/python-backend/Downloads/bearing_complete/GOOD_20241008_052425.jpg
1147,20241008.0,52532,GOOD,/home/kaizen-ai/Desktop/thrust_bearing_app/python-backend/Downloads/bearing_complete/GOOD_20241008_052532.jpg
1148,20241008.0,52625,GOOD,/home/kaizen-ai/Desktop/thrust_bearing_app/python-backend/Downloads/bearing_complete/GOOD_20241008_052625.jpg
1149,20241008.0,52727,GOOD,/home/kaizen-ai/Desktop/thrust_bearing_app/python-backend/Downloads/bearing_complete/GOOD_20241008_052727.jpg
1150,20241008.0,52832,GOOD,/home/kaizen-ai/Desktop/thrust_bearing_app/python-backend/Downloads/bearing_complete/GOOD_20241008_052832.jpg
1151,20241008.0,52930,GOOD,/home/kaizen-ai/Desktop/thrust_bearing_app/python-backend/Downloads/bearing_complete/GOOD_20241008_052930.jpg
1152,20241008.0,53024,GOOD,/home/kaizen-ai/Desktop/thrust_bearing_app/python-backend/Downloads/bearing_complete/GOOD_20241008_053024.jpg
1153,20241008.0,53146,GOOD,/home/kaizen-ai/Desktop/thrust_bearing_app/python-backend/Downloads/bearing_complete/GOOD_20241008_053146.jpg
1154,20241008.0,53258,GOOD,/home/kaizen-ai/Desktop/thrust_bearing_app/python-backend/Downloads/bearing_complete/GOOD_20241008_053258.jpg
1155,20241008.0,53401,GOOD,/home/kaizen-ai/Desktop/thrust_bearing_app/python-backend/Downloads/bearing_complete/GOOD_20241008_053401.jpg
1156,20241008.0,53517,GOOD,/home/kaizen-ai/Desktop/thrust_bearing_app/python-backend/Downloads/bearing_complete/GOOD_20241008_053517.jpg
1157,20241008.0,53718,GOOD,/home/kaizen-ai/Desktop/thrust_bearing_app/python-backend/Downloads/bearing_complete/GOOD_20241008_053718.jpg
1158,20241008.0,53821,GOOD,/home/kaizen-ai/Desktop/thrust_bearing_app/python-backend/Downloads/bearing_complete/GOOD_20241008_053821.jpg
1159,20241008.0,53911,GOOD,/home/kaizen-ai/Desktop/thrust_bearing_app/python-backend/Downloads/bearing_complete/GOOD_20241008_053911.jpg
1160,20241008.0,54016,NG,/home/kaizen-ai/Desktop/thrust_bearing_app/python-backend/Downloads/not_good_NG1/NG_20241008_054016.jpg
1161,20241008.0,54129,GOOD,/home/kaizen-ai/Desktop/thrust_bearing_app/python-backend/Downloads/bearing_complete/GOOD_20241008_054129.jpg
1162,20241008.0,54226,NG,/home/kaizen-ai/Desktop/thrust_bearing_app/python-backend/Downloads/not_good_NG1/NG_20241008_054226.jpg
1163,20241008.0,54341,GOOD,/home/kaizen-ai/Desktop/thrust_bearing_app/python-backend/Downloads/bearing_complete/GOOD_20241008_054341.jpg
1164,20241008.0,54446,GOOD,/home/kaizen-ai/Desktop/thrust_bearing_app/python-backend/Downloads/bearing_complete/GOOD_20241008_054446.jpg
1165,20241008.0,54549,GOOD,/home/kaizen-ai/Desktop/thrust_bearing_app/python-backend/Downloads/bearing_complete/GOOD_20241008_054549.jpg
1166,20241008.0,54713,GOOD,/home/kaizen-ai/Desktop/thrust_bearing_app/python-backend/Downloads/bearing_complete/GOOD_20241008_054713.jpg
1167,20241008.0,54813,GOOD,/home/kaizen-ai/Desktop/thrust_bearing_app/python-backend/Downloads/bearing_complete/GOOD_20241008_054813.jpg
1168,20241008.0,54920,GOOD,/home/kaizen-ai/Desktop/thrust_bearing_app/python-backend/Downloads/bearing_complete/GOOD_20241008_054920.jpg
1169,20241008.0,55036,NG,/home/kaizen-ai/Desktop/thrust_bearing_app/python-backend/Downloads/not_good_NG1/NG_20241008_055036.jpg
1170,20241008.0,55132,GOOD,/home/kaizen-ai/Desktop/thrust_bearing_app/python-backend/Downloads/bearing_complete/GOOD_20241008_055132.jpg
1171,20241008.0,55302,GOOD,/home/kaizen-ai/Desktop/thrust_bearing_app/python-backend/Downloads/bearing_complete/GOOD_20241008_055302.jpg
1172,20241008.0,55354,GOOD,/home/kaizen-ai/Desktop/thrust_bearing_app/python-backend/Downloads/bearing_complete/GOOD_20241008_055354.jpg
1173,20241008.0,55502,GOOD,/home/kaizen-ai/Desktop/thrust_bearing_app/python-backend/Downloads/bearing_complete/GOOD_20241008_055502.jpg
1174,20241008.0,55559,GOOD,/home/kaizen-ai/Desktop/thrust_bearing_app/python-backend/Downloads/bearing_complete/GOOD_20241008_055559.jpg
1175,20241008.0,55728,NG,/home/kaizen-ai/Desktop/thrust_bearing_app/python-backend/Downloads/not_good_NG1/NG_20241008_055728.jpg
1176,20241008.0,55816,GOOD,/home/kaizen-ai/Desktop/thrust_bearing_app/python-backend/Downloads/bearing_complete/GOOD_20241008_055816.jpg
1177,20241008.0,55914,GOOD,/home/kaizen-ai/Desktop/thrust_bearing_app/python-backend/Downloads/bearing_complete/GOOD_20241008_055914.jpg
1178,20241008.0,60037,GOOD,/home/kaizen-ai/Desktop/thrust_bearing_app/python-backend/Downloads/bearing_complete/GOOD_20241008_060037.jpg
1179,20241008.0,60135,GOOD,/home/kaizen-ai/Desktop/thrust_bearing_app/python-backend/Downloads/bearing_complete/GOOD_20241008_060135.jpg
1180,20241008.0,60235,GOOD,/home/kaizen-ai/Desktop/thrust_bearing_app/python-backend/Downloads/bearing_complete/GOOD_20241008_060235.jpg
1181,20241008.0,60402,GOOD,/home/kaizen-ai/Desktop/thrust_bearing_app/python-backend/Downloads/bearing_complete/GOOD_20241008_060402.jpg
1182,20241008.0,72044,GOOD,/home/kaizen-ai/Desktop/thrust_bearing_app/python-backend/Downloads/bearing_complete/GOOD_20241008_072044.jpg
1183,20241008.0,72340,GOOD,/home/kaizen-ai/Desktop/thrust_bearing_app/python-backend/Downloads/bearing_complete/GOOD_20241008_072340.jpg
1184,20241008.0,72518,GOOD,/home/kaizen-ai/Desktop/thrust_bearing_app/python-backend/Downloads/bearing_complete/GOOD_20241008_072518.jpg
1185,20241008.0,72627,GOOD,/home/kaizen-ai/Desktop/thrust_bearing_app/python-backend/Downloads/bearing_complete/GOOD_20241008_072627.jpg
1186,20241008.0,72730,GOOD,/home/kaizen-ai/Desktop/thrust_bearing_app/python-backend/Downloads/bearing_complete/GOOD_20241008_072730.jpg
1187,20241008.0,72902,NG,/home/kaizen-ai/Desktop/thrust_bearing_app/python-backend/Downloads/not_good_NG2/NG_20241008_072902.jpg
1188,20241008.0,73000,GOOD,/home/kaizen-ai/Desktop/thrust_bearing_app/python-backend/Downloads/bearing_complete/GOOD_20241008_073000.jpg
1189,20241008.0,73032,GOOD,/home/kaizen-ai/Desktop/thrust_bearing_app/python-backend/Downloads/bearing_complete/GOOD_20241008_073032.jpg
1190,20241008.0,73132,GOOD,/home/kaizen-ai/Desktop/thrust_bearing_app/python-backend/Downloads/bearing_complete/GOOD_20241008_073132.jpg
1191,20241008.0,73245,GOOD,/home/kaizen-ai/Desktop/thrust_bearing_app/python-backend/Downloads/bearing_complete/GOOD_20241008_073245.jpg
1192,20241008.0,73340,GOOD,/home/kaizen-ai/Desktop/thrust_bearing_app/python-backend/Downloads/bearing_complete/GOOD_20241008_073340.jpg
1193,20241008.0,73503,GOOD,/home/kaizen-ai/Desktop/thrust_bearing_app/python-backend/Downloads/bearing_complete/GOOD_20241008_073503.jpg
1194,20241008.0,73559,GOOD,/home/kaizen-ai/Desktop/thrust_bearing_app/python-backend/Downloads/bearing_complete/GOOD_20241008_073559.jpg
1195,20241008.0,73709,GOOD,/home/kaizen-ai/Desktop/thrust_bearing_app/python-backend/Downloads/bearing_complete/GOOD_20241008_073709.jpg
1196,20241008.0,73802,GOOD,/home/kaizen-ai/Desktop/thrust_bearing_app/python-backend/Downloads/bearing_complete/GOOD_20241008_073802.jpg
1197,20241008.0,73913,GOOD,/home/kaizen-ai/Desktop/thrust_bearing_app/python-backend/Downloads/bearing_complete/GOOD_20241008_073913.jpg
1198,20241008.0,74023,GOOD,/home/kaizen-ai/Desktop/thrust_bearing_app/python-backend/Downloads/bearing_complete/GOOD_20241008_074023.jpg
1199,20241008.0,74130,GOOD,/home/kaizen-ai/Desktop/thrust_bearing_app/python-backend/Downloads/bearing_complete/GOOD_20241008_074130.jpg
1200,20241008.0,74234,GOOD,/home/kaizen-ai/Desktop/thrust_bearing_app/python-backend/Downloads/bearing_complete/GOOD_20241008_074234.jpg
1201,20241008.0,74326,GOOD,/home/kaizen-ai/Desktop/thrust_bearing_app/python-backend/Downloads/bearing_complete/GOOD_20241008_074326.jpg
1202,20241008.0,74435,GOOD,/home/kaizen-ai/Desktop/thrust_bearing_app/python-backend/Downloads/bearing_complete/GOOD_20241008_074435.jpg
1203,20241008.0,74541,GOOD,/home/kaizen-ai/Desktop/thrust_bearing_app/python-backend/Downloads/bearing_complete/GOOD_20241008_074541.jpg
1204,20241008.0,74647,GOOD,/home/kaizen-ai/Desktop/thrust_bearing_app/python-backend/Downloads/bearing_complete/GOOD_20241008_074647.jpg
1205,20241008.0,74828,GOOD,/home/kaizen-ai/Desktop/thrust_bearing_app/python-backend/Downloads/bearing_complete/GOOD_20241008_074828.jpg
1206,20241008.0,74914,GOOD,/home/kaizen-ai/Desktop/thrust_bearing_app/python-backend/Downloads/bearing_complete/GOOD_20241008_074914.jpg
1207,20241008.0,75040,GOOD,/home/kaizen-ai/Desktop/thrust_bearing_app/python-backend/Downloads/bearing_complete/GOOD_20241008_075040.jpg
1208,20241008.0,75156,GOOD,/home/kaizen-ai/Desktop/thrust_bearing_app/python-backend/Downloads/bearing_complete/GOOD_20241008_075156.jpg
1209,20241008.0,75251,GOOD,/home/kaizen-ai/Desktop/thrust_bearing_app/python-backend/Downloads/bearing_complete/GOOD_20241008_075251.jpg
1210,20241008.0,75401,NG,/home/kaizen-ai/Desktop/thrust_bearing_app/python-backend/Downloads/not_good_NG3/NG_20241008_075401.jpg
1211,20241008.0,75528,GOOD,/home/kaizen-ai/Desktop/thrust_bearing_app/python-backend/Downloads/bearing_complete/GOOD_20241008_075528.jpg
1212,20241008.0,75625,GOOD,/home/kaizen-ai/Desktop/thrust_bearing_app/python-backend/Downloads/bearing_complete/GOOD_20241008_075625.jpg
1213,20241008.0,75729,GOOD,/home/kaizen-ai/Desktop/thrust_bearing_app/python-backend/Downloads/bearing_complete/GOOD_20241008_075729.jpg
1214,20241008.0,75831,GOOD,/home/kaizen-ai/Desktop/thrust_bearing_app/python-backend/Downloads/bearing_complete/GOOD_20241008_075831.jpg
1215,20241008.0,75933,GOOD,/home/kaizen-ai/Desktop/thrust_bearing_app/python-backend/Downloads/bearing_complete/GOOD_20241008_075933.jpg
1216,20241008.0,80037,GOOD,/home/kaizen-ai/Desktop/thrust_bearing_app/python-backend/Downloads/bearing_complete/GOOD_20241008_080037.jpg
1217,20241008.0,80139,GOOD,/home/kaizen-ai/Desktop/thrust_bearing_app/python-backend/Downloads/bearing_complete/GOOD_20241008_080139.jpg
1218,20241008.0,80246,GOOD,/home/kaizen-ai/Desktop/thrust_bearing_app/python-backend/Downloads/bearing_complete/GOOD_20241008_080246.jpg
1219,20241008.0,80355,GOOD,/home/kaizen-ai/Desktop/thrust_bearing_app/python-backend/Downloads/bearing_complete/GOOD_20241008_080355.jpg
1220,20241008.0,80453,GOOD,/home/kaizen-ai/Desktop/thrust_bearing_app/python-backend/Downloads/bearing_complete/GOOD_20241008_080453.jpg
1221,20241008.0,80550,GOOD,/home/kaizen-ai/Desktop/thrust_bearing_app/python-backend/Downloads/bearing_complete/GOOD_20241008_080550.jpg
1222,20241008.0,80651,GOOD,/home/kaizen-ai/Desktop/thrust_bearing_app/python-backend/Downloads/bearing_complete/GOOD_20241008_080651.jpg
1223,20241008.0,80754,GOOD,/home/kaizen-ai/Desktop/thrust_bearing_app/python-backend/Downloads/bearing_complete/GOOD_20241008_080754.jpg
1224,20241008.0,80854,GOOD,/home/kaizen-ai/Desktop/thrust_bearing_app/python-backend/Downloads/bearing_complete/GOOD_20241008_080854.jpg
1225,20241008.0,81006,GOOD,/home/kaizen-ai/Desktop/thrust_bearing_app/python-backend/Downloads/bearing_complete/GOOD_20241008_081006.jpg
1226,20241008.0,81104,GOOD,/home/kaizen-ai/Desktop/thrust_bearing_app/python-backend/Downloads/bearing_complete/GOOD_20241008_081104.jpg
1227,20241008.0,81224,GOOD,/home/kaizen-ai/Desktop/thrust_bearing_app/python-backend/Downloads/bearing_complete/GOOD_20241008_081224.jpg
1228,20241008.0,81315,GOOD,/home/kaizen-ai/Desktop/thrust_bearing_app/python-backend/Downloads/bearing_complete/GOOD_20241008_081315.jpg
1229,20241008.0,81424,GOOD,/home/kaizen-ai/Desktop/thrust_bearing_app/python-backend/Downloads/bearing_complete/GOOD_20241008_081424.jpg
1230,20241008.0,81536,GOOD,/home/kaizen-ai/Desktop/thrust_bearing_app/python-backend/Downloads/bearing_complete/GOOD_20241008_081536.jpg
1231,20241008.0,81629,GOOD,/home/kaizen-ai/Desktop/thrust_bearing_app/python-backend/Downloads/bearing_complete/GOOD_20241008_081629.jpg
1232,20241008.0,81722,GOOD,/home/kaizen-ai/Desktop/thrust_bearing_app/python-backend/Downloads/bearing_complete/GOOD_20241008_081722.jpg
1233,20241008.0,81827,GOOD,/home/kaizen-ai/Desktop/thrust_bearing_app/python-backend/Downloads/bearing_complete/GOOD_20241008_081827.jpg
1234,20241008.0,81925,NG,/home/kaizen-ai/Desktop/thrust_bearing_app/python-backend/Downloads/not_good_NG3/NG_20241008_081925.jpg
1235,20241008.0,82047,GOOD,/home/kaizen-ai/Desktop/thrust_bearing_app/python-backend/Downloads/bearing_complete/GOOD_20241008_082047.jpg
1236,20241008.0,82140,GOOD,/home/kaizen-ai/Desktop/thrust_bearing_app/python-backend/Downloads/bearing_complete/GOOD_20241008_082140.jpg
1237,20241008.0,82239,NG,/home/kaizen-ai/Desktop/thrust_bearing_app/python-backend/Downloads/not_good_NG3/NG_20241008_082239.jpg
1238,20241008.0,82335,GOOD,/home/kaizen-ai/Desktop/thrust_bearing_app/python-backend/Downloads/bearing_complete/GOOD_20241008_082335.jpg
1239,20241008.0,82442,GOOD,/home/kaizen-ai/Desktop/thrust_bearing_app/python-backend/Downloads/bearing_complete/GOOD_20241008_082442.jpg
1240,20241008.0,82549,GOOD,/home/kaizen-ai/Desktop/thrust_bearing_app/python-backend/Downloads/bearing_complete/GOOD_20241008_082549.jpg
1241,20241008.0,82652,GOOD,/home/kaizen-ai/Desktop/thrust_bearing_app/python-backend/Downloads/bearing_complete/GOOD_20241008_082652.jpg
1242,20241008.0,82744,GOOD,/home/kaizen-ai/Desktop/thrust_bearing_app/python-backend/Downloads/bearing_complete/GOOD_20241008_082744.jpg
1243,20241008.0,82840,GOOD,/home/kaizen-ai/Desktop/thrust_bearing_app/python-backend/Downloads/bearing_complete/GOOD_20241008_082840.jpg
1244,20241008.0,82950,GOOD,/home/kaizen-ai/Desktop/thrust_bearing_app/python-backend/Downloads/bearing_complete/GOOD_20241008_082950.jpg
1245,20241008.0,83047,GOOD,/home/kaizen-ai/Desktop/thrust_bearing_app/python-backend/Downloads/bearing_complete/GOOD_20241008_083047.jpg
1246,20241008.0,83156,NG,/home/kaizen-ai/Desktop/thrust_bearing_app/python-backend/Downloads/not_good_NG3/NG_20241008_083156.jpg
1247,20241008.0,83255,GOOD,/home/kaizen-ai/Desktop/thrust_bearing_app/python-backend/Downloads/bearing_complete/GOOD_20241008_083255.jpg
1248,20241008.0,83355,GOOD,/home/kaizen-ai/Desktop/thrust_bearing_app/python-backend/Downloads/bearing_complete/GOOD_20241008_083355.jpg
1249,20241008.0,83709,GOOD,/home/kaizen-ai/Desktop/thrust_bearing_app/python-backend/Downloads/bearing_complete/GOOD_20241008_083709.jpg
1250,20241008.0,83754,GOOD,/home/kaizen-ai/Desktop/thrust_bearing_app/python-backend/Downloads/bearing_complete/GOOD_20241008_083754.jpg
1251,20241008.0,83849,GOOD,/home/kaizen-ai/Desktop/thrust_bearing_app/python-backend/Downloads/bearing_complete/GOOD_20241008_083849.jpg
1252,20241008.0,84004,GOOD,/home/kaizen-ai/Desktop/thrust_bearing_app/python-backend/Downloads/bearing_complete/GOOD_20241008_084004.jpg
1253,20241008.0,84114,NG,/home/kaizen-ai/Desktop/thrust_bearing_app/python-backend/Downloads/not_good_NG3/NG_20241008_084114.jpg
1254,20241008.0,84135,GOOD,/home/kaizen-ai/Desktop/thrust_bearing_app/python-backend/Downloads/bearing_complete/GOOD_20241008_084135.jpg
1255,20241008.0,84248,GOOD,/home/kaizen-ai/Desktop/thrust_bearing_app/python-backend/Downloads/bearing_complete/GOOD_20241008_084248.jpg
1256,20241008.0,84442,NG,/home/kaizen-ai/Desktop/thrust_bearing_app/python-backend/Downloads/not_good_NG2/NG_20241008_084442.jpg
1257,20241008.0,84536,GOOD,/home/kaizen-ai/Desktop/thrust_bearing_app/python-backend/Downloads/bearing_complete/GOOD_20241008_084536.jpg
1258,20241008.0,84616,GOOD,/home/kaizen-ai/Desktop/thrust_bearing_app/python-backend/Downloads/bearing_complete/GOOD_20241008_084616.jpg
1259,20241008.0,84724,GOOD,/home/kaizen-ai/Desktop/thrust_bearing_app/python-backend/Downloads/bearing_complete/GOOD_20241008_084724.jpg
1260,20241008.0,84825,GOOD,/home/kaizen-ai/Desktop/thrust_bearing_app/python-backend/Downloads/bearing_complete/GOOD_20241008_084825.jpg
1261,20241008.0,84907,GOOD,/home/kaizen-ai/Desktop/thrust_bearing_app/python-backend/Downloads/bearing_complete/GOOD_20241008_084907.jpg
1262,20241008.0,84953,GOOD,/home/kaizen-ai/Desktop/thrust_bearing_app/python-backend/Downloads/bearing_complete/GOOD_20241008_084953.jpg
1263,20241008.0,85117,GOOD,/home/kaizen-ai/Desktop/thrust_bearing_app/python-backend/Downloads/bearing_complete/GOOD_20241008_085117.jpg
1264,20241008.0,85221,GOOD,/home/kaizen-ai/Desktop/thrust_bearing_app/python-backend/Downloads/bearing_complete/GOOD_20241008_085221.jpg
1265,20241008.0,85311,GOOD,/home/kaizen-ai/Desktop/thrust_bearing_app/python-backend/Downloads/bearing_complete/GOOD_20241008_085311.jpg
1266,20241008.0,85409,GOOD,/home/kaizen-ai/Desktop/thrust_bearing_app/python-backend/Downloads/bearing_complete/GOOD_20241008_085409.jpg
1267,20241008.0,85514,GOOD,/home/kaizen-ai/Desktop/thrust_bearing_app/python-backend/Downloads/bearing_complete/GOOD_20241008_085514.jpg
1268,20241008.0,85619,GOOD,/home/kaizen-ai/Desktop/thrust_bearing_app/python-backend/Downloads/bearing_complete/GOOD_20241008_085619.jpg
1269,20241008.0,85719,GOOD,/home/kaizen-ai/Desktop/thrust_bearing_app/python-backend/Downloads/bearing_complete/GOOD_20241008_085719.jpg
1270,20241008.0,85821,GOOD,/home/kaizen-ai/Desktop/thrust_bearing_app/python-backend/Downloads/bearing_complete/GOOD_20241008_085821.jpg
1271,20241008.0,85918,NG,/home/kaizen-ai/Desktop/thrust_bearing_app/python-backend/Downloads/not_good_NG3/NG_20241008_085918.jpg
1272,20241008.0,90019,GOOD,/home/kaizen-ai/Desktop/thrust_bearing_app/python-backend/Downloads/bearing_complete/GOOD_20241008_090019.jpg
1273,20241008.0,90127,GOOD,/home/kaizen-ai/Desktop/thrust_bearing_app/python-backend/Downloads/bearing_complete/GOOD_20241008_090127.jpg
1274,20241008.0,90206,GOOD,/home/kaizen-ai/Desktop/thrust_bearing_app/python-backend/Downloads/bearing_complete/GOOD_20241008_090206.jpg
1275,20241008.0,90301,GOOD,/home/kaizen-ai/Desktop/thrust_bearing_app/python-backend/Downloads/bearing_complete/GOOD_20241008_090301.jpg
1276,20241008.0,90407,GOOD,/home/kaizen-ai/Desktop/thrust_bearing_app/python-backend/Downloads/bearing_complete/GOOD_20241008_090407.jpg
1277,20241008.0,90558,GOOD,/home/kaizen-ai/Desktop/thrust_bearing_app/python-backend/Downloads/bearing_complete/GOOD_20241008_090558.jpg
1278,20241008.0,90656,GOOD,/home/kaizen-ai/Desktop/thrust_bearing_app/python-backend/Downloads/bearing_complete/GOOD_20241008_090656.jpg
1279,20241008.0,90744,GOOD,/home/kaizen-ai/Desktop/thrust_bearing_app/python-backend/Downloads/bearing_complete/GOOD_20241008_090744.jpg
1280,20241008.0,90841,NG,/home/kaizen-ai/Desktop/thrust_bearing_app/python-backend/Downloads/not_good_NG3/NG_20241008_090841.jpg
1281,20241008.0,91011,GOOD,/home/kaizen-ai/Desktop/thrust_bearing_app/python-backend/Downloads/bearing_complete/GOOD_20241008_091011.jpg
1282,20241008.0,91115,GOOD,/home/kaizen-ai/Desktop/thrust_bearing_app/python-backend/Downloads/bearing_complete/GOOD_20241008_091115.jpg
1283,20241008.0,91203,GOOD,/home/kaizen-ai/Desktop/thrust_bearing_app/python-backend/Downloads/bearing_complete/GOOD_20241008_091203.jpg
1284,20241008.0,91316,GOOD,/home/kaizen-ai/Desktop/thrust_bearing_app/python-backend/Downloads/bearing_complete/GOOD_20241008_091316.jpg
1285,20241008.0,91447,GOOD,/home/kaizen-ai/Desktop/thrust_bearing_app/python-backend/Downloads/bearing_complete/GOOD_20241008_091447.jpg
1286,20241008.0,91538,GOOD,/home/kaizen-ai/Desktop/thrust_bearing_app/python-backend/Downloads/bearing_complete/GOOD_20241008_091538.jpg
1287,20241008.0,91636,GOOD,/home/kaizen-ai/Desktop/thrust_bearing_app/python-backend/Downloads/bearing_complete/GOOD_20241008_091636.jpg
1288,20241008.0,91749,GOOD,/home/kaizen-ai/Desktop/thrust_bearing_app/python-backend/Downloads/bearing_complete/GOOD_20241008_091749.jpg
1289,20241008.0,91850,GOOD,/home/kaizen-ai/Desktop/thrust_bearing_app/python-backend/Downloads/bearing_complete/GOOD_20241008_091850.jpg
1290,20241008.0,91935,GOOD,/home/kaizen-ai/Desktop/thrust_bearing_app/python-backend/Downloads/bearing_complete/GOOD_20241008_091935.jpg
1291,20241008.0,92015,GOOD,/home/kaizen-ai/Desktop/thrust_bearing_app/python-backend/Downloads/bearing_complete/GOOD_20241008_092015.jpg
1292,20241008.0,92143,GOOD,/home/kaizen-ai/Desktop/thrust_bearing_app/python-backend/Downloads/bearing_complete/GOOD_20241008_092143.jpg
1293,20241008.0,92242,GOOD,/home/kaizen-ai/Desktop/thrust_bearing_app/python-backend/Downloads/bearing_complete/GOOD_20241008_092242.jpg
1294,20241008.0,92424,GOOD,/home/kaizen-ai/Desktop/thrust_bearing_app/python-backend/Downloads/bearing_complete/GOOD_20241008_092424.jpg
1295,20241008.0,92521,GOOD,/home/kaizen-ai/Desktop/thrust_bearing_app/python-backend/Downloads/bearing_complete/GOOD_20241008_092521.jpg
1296,20241008.0,92622,GOOD,/home/kaizen-ai/Desktop/thrust_bearing_app/python-backend/Downloads/bearing_complete/GOOD_20241008_092622.jpg
1297,20241008.0,92714,GOOD,/home/kaizen-ai/Desktop/thrust_bearing_app/python-backend/Downloads/bearing_complete/GOOD_20241008_092714.jpg
1298,20241008.0,92839,GOOD,/home/kaizen-ai/Desktop/thrust_bearing_app/python-backend/Downloads/bearing_complete/GOOD_20241008_092839.jpg
1299,20241008.0,92933,GOOD,/home/kaizen-ai/Desktop/thrust_bearing_app/python-backend/Downloads/bearing_complete/GOOD_20241008_092933.jpg
1300,20241008.0,94018,GOOD,/home/kaizen-ai/Desktop/thrust_bearing_app/python-backend/Downloads/bearing_complete/GOOD_20241008_094018.jpg
1301,20241008.0,94045,GOOD,/home/kaizen-ai/Desktop/thrust_bearing_app/python-backend/Downloads/bearing_complete/GOOD_20241008_094045.jpg
1302,20241008.0,94148,GOOD,/home/kaizen-ai/Desktop/thrust_bearing_app/python-backend/Downloads/bearing_complete/GOOD_20241008_094148.jpg
1303,20241008.0,94256,GOOD,/home/kaizen-ai/Desktop/thrust_bearing_app/python-backend/Downloads/bearing_complete/GOOD_20241008_094256.jpg
1304,20241008.0,94405,NG,/home/kaizen-ai/Desktop/thrust_bearing_app/python-backend/Downloads/not_good_NG2/NG_20241008_094405.jpg
1305,20241008.0,94509,GOOD,/home/kaizen-ai/Desktop/thrust_bearing_app/python-backend/Downloads/bearing_complete/GOOD_20241008_094509.jpg
1306,20241008.0,94703,GOOD,/home/kaizen-ai/Desktop/thrust_bearing_app/python-backend/Downloads/bearing_complete/GOOD_20241008_094703.jpg
1307,20241008.0,94833,GOOD,/home/kaizen-ai/Desktop/thrust_bearing_app/python-backend/Downloads/bearing_complete/GOOD_20241008_094833.jpg
1308,20241008.0,94923,GOOD,/home/kaizen-ai/Desktop/thrust_bearing_app/python-backend/Downloads/bearing_complete/GOOD_20241008_094923.jpg
1309,20241008.0,95010,GOOD,/home/kaizen-ai/Desktop/thrust_bearing_app/python-backend/Downloads/bearing_complete/GOOD_20241008_095010.jpg
1310,20241008.0,95113,NG,/home/kaizen-ai/Desktop/thrust_bearing_app/python-backend/Downloads/not_good_NG1/NG_20241008_095113.jpg
1311,20241008.0,95247,GOOD,/home/kaizen-ai/Desktop/thrust_bearing_app/python-backend/Downloads/bearing_complete/GOOD_20241008_095247.jpg
1312,20241008.0,95344,GOOD,/home/kaizen-ai/Desktop/thrust_bearing_app/python-backend/Downloads/bearing_complete/GOOD_20241008_095344.jpg
1313,20241008.0,95512,GOOD,/home/kaizen-ai/Desktop/thrust_bearing_app/python-backend/Downloads/bearing_complete/GOOD_20241008_095512.jpg
1314,20241008.0,95601,GOOD,/home/kaizen-ai/Desktop/thrust_bearing_app/python-backend/Downloads/bearing_complete/GOOD_20241008_095601.jpg
1315,20241008.0,95707,GOOD,/home/kaizen-ai/Desktop/thrust_bearing_app/python-backend/Downloads/bearing_complete/GOOD_20241008_095707.jpg
1316,20241008.0,95805,GOOD,/home/kaizen-ai/Desktop/thrust_bearing_app/python-backend/Downloads/bearing_complete/GOOD_20241008_095805.jpg
1317,20241008.0,95912,GOOD,/home/kaizen-ai/Desktop/thrust_bearing_app/python-backend/Downloads/bearing_complete/GOOD_20241008_095912.jpg
1318,20241008.0,95957,NG,/home/kaizen-ai/Desktop/thrust_bearing_app/python-backend/Downloads/not_good_NG2/NG_20241008_095957.jpg
1319,20241008.0,100128,NG,/home/kaizen-ai/Desktop/thrust_bearing_app/python-backend/Downloads/not_good_NG3/NG_20241008_100128.jpg
1320,20241008.0,100216,GOOD,/home/kaizen-ai/Desktop/thrust_bearing_app/python-backend/Downloads/bearing_complete/GOOD_20241008_100216.jpg
1321,20241008.0,100305,GOOD,/home/kaizen-ai/Desktop/thrust_bearing_app/python-backend/Downloads/bearing_complete/GOOD_20241008_100305.jpg
1322,20241008.0,100447,GOOD,/home/kaizen-ai/Desktop/thrust_bearing_app/python-backend/Downloads/bearing_complete/GOOD_20241008_100447.jpg
1323,20241008.0,100547,GOOD,/home/kaizen-ai/Desktop/thrust_bearing_app/python-backend/Downloads/bearing_complete/GOOD_20241008_100547.jpg
1324,20241008.0,100640,GOOD,/home/kaizen-ai/Desktop/thrust_bearing_app/python-backend/Downloads/bearing_complete/GOOD_20241008_100640.jpg
1325,20241008.0,100743,GOOD,/home/kaizen-ai/Desktop/thrust_bearing_app/python-backend/Downloads/bearing_complete/GOOD_20241008_100743.jpg
1326,20241008.0,100857,GOOD,/home/kaizen-ai/Desktop/thrust_bearing_app/python-backend/Downloads/bearing_complete/GOOD_20241008_100857.jpg
1327,20241008.0,101004,GOOD,/home/kaizen-ai/Desktop/thrust_bearing_app/python-backend/Downloads/bearing_complete/GOOD_20241008_101004.jpg
1328,20241008.0,101113,GOOD,/home/kaizen-ai/Desktop/thrust_bearing_app/python-backend/Downloads/bearing_complete/GOOD_20241008_101113.jpg
1329,20241008.0,101215,GOOD,/home/kaizen-ai/Desktop/thrust_bearing_app/python-backend/Downloads/bearing_complete/GOOD_20241008_101215.jpg
1330,20241008.0,101354,GOOD,/home/kaizen-ai/Desktop/thrust_bearing_app/python-backend/Downloads/bearing_complete/GOOD_20241008_101354.jpg
1331,20241008.0,101518,NG,/home/kaizen-ai/Desktop/thrust_bearing_app/python-backend/Downloads/not_good_NG2/NG_20241008_101518.jpg
1332,20241008.0,101610,GOOD,/home/kaizen-ai/Desktop/thrust_bearing_app/python-backend/Downloads/bearing_complete/GOOD_20241008_101610.jpg
1333,20241008.0,101712,GOOD,/home/kaizen-ai/Desktop/thrust_bearing_app/python-backend/Downloads/bearing_complete/GOOD_20241008_101712.jpg
1334,20241008.0,101810,GOOD,/home/kaizen-ai/Desktop/thrust_bearing_app/python-backend/Downloads/bearing_complete/GOOD_20241008_101810.jpg
1335,20241008.0,101922,GOOD,/home/kaizen-ai/Desktop/thrust_bearing_app/python-backend/Downloads/bearing_complete/GOOD_20241008_101922.jpg
1336,20241008.0,102018,GOOD,/home/kaizen-ai/Desktop/thrust_bearing_app/python-backend/Downloads/bearing_complete/GOOD_20241008_102018.jpg
1337,20241008.0,102113,GOOD,/home/kaizen-ai/Desktop/thrust_bearing_app/python-backend/Downloads/bearing_complete/GOOD_20241008_102113.jpg
1338,20241008.0,102213,GOOD,/home/kaizen-ai/Desktop/thrust_bearing_app/python-backend/Downloads/bearing_complete/GOOD_20241008_102213.jpg
1339,20241008.0,102309,GOOD,/home/kaizen-ai/Desktop/thrust_bearing_app/python-backend/Downloads/bearing_complete/GOOD_20241008_102309.jpg
1340,20241008.0,102405,NG,/home/kaizen-ai/Desktop/thrust_bearing_app/python-backend/Downloads/not_good_NG3/NG_20241008_102405.jpg
1341,20241008.0,102655,GOOD,/home/kaizen-ai/Desktop/thrust_bearing_app/python-backend/Downloads/bearing_complete/GOOD_20241008_102655.jpg
1342,20241008.0,102731,NG,/home/kaizen-ai/Desktop/thrust_bearing_app/python-backend/Downloads/not_good_NG3/NG_20241008_102731.jpg
1343,20241008.0,102843,GOOD,/home/kaizen-ai/Desktop/thrust_bearing_app/python-backend/Downloads/bearing_complete/GOOD_20241008_102843.jpg
1344,20241008.0,102936,NG,/home/kaizen-ai/Desktop/thrust_bearing_app/python-backend/Downloads/not_good_NG2/NG_20241008_102936.jpg
1345,20241008.0,103030,GOOD,/home/kaizen-ai/Desktop/thrust_bearing_app/python-backend/Downloads/bearing_complete/GOOD_20241008_103030.jpg
1346,20241008.0,103138,GOOD,/home/kaizen-ai/Desktop/thrust_bearing_app/python-backend/Downloads/bearing_complete/GOOD_20241008_103138.jpg
1347,20241008.0,103225,GOOD,/home/kaizen-ai/Desktop/thrust_bearing_app/python-backend/Downloads/bearing_complete/GOOD_20241008_103225.jpg
1348,20241008.0,103411,GOOD,/home/kaizen-ai/Desktop/thrust_bearing_app/python-backend/Downloads/bearing_complete/GOOD_20241008_103411.jpg
1349,20241008.0,103511,GOOD,/home/kaizen-ai/Desktop/thrust_bearing_app/python-backend/Downloads/bearing_complete/GOOD_20241008_103511.jpg
1350,20241008.0,103615,GOOD,/home/kaizen-ai/Desktop/thrust_bearing_app/python-backend/Downloads/bearing_complete/GOOD_20241008_103615.jpg
1351,20241008.0,103736,GOOD,/home/kaizen-ai/Desktop/thrust_bearing_app/python-backend/Downloads/bearing_complete/GOOD_20241008_103736.jpg
1352,20241008.0,103841,GOOD,/home/kaizen-ai/Desktop/thrust_bearing_app/python-backend/Downloads/bearing_complete/GOOD_20241008_103841.jpg
1353,20241008.0,103945,GOOD,/home/kaizen-ai/Desktop/thrust_bearing_app/python-backend/Downloads/bearing_complete/GOOD_20241008_103945.jpg
1354,20241008.0,104102,GOOD,/home/kaizen-ai/Desktop/thrust_bearing_app/python-backend/Downloads/bearing_complete/GOOD_20241008_104102.jpg
1355,20241008.0,104156,GOOD,/home/kaizen-ai/Desktop/thrust_bearing_app/python-backend/Downloads/bearing_complete/GOOD_20241008_104156.jpg
1356,20241008.0,104257,GOOD,/home/kaizen-ai/Desktop/thrust_bearing_app/python-backend/Downloads/bearing_complete/GOOD_20241008_104257.jpg
1357,20241008.0,104405,GOOD,/home/kaizen-ai/Desktop/thrust_bearing_app/python-backend/Downloads/bearing_complete/GOOD_20241008_104405.jpg
1358,20241008.0,104509,GOOD,/home/kaizen-ai/Desktop/thrust_bearing_app/python-backend/Downloads/bearing_complete/GOOD_20241008_104509.jpg
1359,20241008.0,104617,GOOD,/home/kaizen-ai/Desktop/thrust_bearing_app/python-backend/Downloads/bearing_complete/GOOD_20241008_104617.jpg
1360,20241008.0,104726,NG,/home/kaizen-ai/Desktop/thrust_bearing_app/python-backend/Downloads/not_good_NG3/NG_20241008_104726.jpg
1361,20241008.0,104834,GOOD,/home/kaizen-ai/Desktop/thrust_bearing_app/python-backend/Downloads/bearing_complete/GOOD_20241008_104834.jpg
1362,20241008.0,104948,GOOD,/home/kaizen-ai/Desktop/thrust_bearing_app/python-backend/Downloads/bearing_complete/GOOD_20241008_104948.jpg
1363,20241008.0,105100,GOOD,/home/kaizen-ai/Desktop/thrust_bearing_app/python-backend/Downloads/bearing_complete/GOOD_20241008_105100.jpg
1364,20241008.0,105213,GOOD,/home/kaizen-ai/Desktop/thrust_bearing_app/python-backend/Downloads/bearing_complete/GOOD_20241008_105213.jpg
1365,20241008.0,105312,GOOD,/home/kaizen-ai/Desktop/thrust_bearing_app/python-backend/Downloads/bearing_complete/GOOD_20241008_105312.jpg
1366,20241008.0,105404,GOOD,/home/kaizen-ai/Desktop/thrust_bearing_app/python-backend/Downloads/bearing_complete/GOOD_20241008_105404.jpg
1367,20241008.0,105456,GOOD,/home/kaizen-ai/Desktop/thrust_bearing_app/python-backend/Downloads/bearing_complete/GOOD_20241008_105456.jpg
1368,20241008.0,105550,GOOD,/home/kaizen-ai/Desktop/thrust_bearing_app/python-backend/Downloads/bearing_complete/GOOD_20241008_105550.jpg
1369,20241008.0,105642,GOOD,/home/kaizen-ai/Desktop/thrust_bearing_app/python-backend/Downloads/bearing_complete/GOOD_20241008_105642.jpg
1370,20241008.0,105745,GOOD,/home/kaizen-ai/Desktop/thrust_bearing_app/python-backend/Downloads/bearing_complete/GOOD_20241008_105745.jpg
1371,20241008.0,105849,GOOD,/home/kaizen-ai/Desktop/thrust_bearing_app/python-backend/Downloads/bearing_complete/GOOD_20241008_105849.jpg
1372,20241008.0,105943,GOOD,/home/kaizen-ai/Desktop/thrust_bearing_app/python-backend/Downloads/bearing_complete/GOOD_20241008_105943.jpg
1373,20241008.0,110115,GOOD,/home/kaizen-ai/Desktop/thrust_bearing_app/python-backend/Downloads/bearing_complete/GOOD_20241008_110115.jpg
1374,20241008.0,110211,GOOD,/home/kaizen-ai/Desktop/thrust_bearing_app/python-backend/Downloads/bearing_complete/GOOD_20241008_110211.jpg
1375,20241008.0,110319,GOOD,/home/kaizen-ai/Desktop/thrust_bearing_app/python-backend/Downloads/bearing_complete/GOOD_20241008_110319.jpg
1376,20241008.0,110421,GOOD,/home/kaizen-ai/Desktop/thrust_bearing_app/python-backend/Downloads/bearing_complete/GOOD_20241008_110421.jpg
1377,20241008.0,110526,GOOD,/home/kaizen-ai/Desktop/thrust_bearing_app/python-backend/Downloads/bearing_complete/GOOD_20241008_110526.jpg
1378,20241008.0,110612,GOOD,/home/kaizen-ai/Desktop/thrust_bearing_app/python-backend/Downloads/bearing_complete/GOOD_20241008_110612.jpg
1379,20241008.0,110707,GOOD,/home/kaizen-ai/Desktop/thrust_bearing_app/python-backend/Downloads/bearing_complete/GOOD_20241008_110707.jpg
1380,20241008.0,110901,NG,/home/kaizen-ai/Desktop/thrust_bearing_app/python-backend/Downloads/not_good_NG3/NG_20241008_110901.jpg
1381,20241008.0,110959,NG,/home/kaizen-ai/Desktop/thrust_bearing_app/python-backend/Downloads/not_good_NG3/NG_20241008_110959.jpg
1382,20241008.0,111056,GOOD,/home/kaizen-ai/Desktop/thrust_bearing_app/python-backend/Downloads/bearing_complete/GOOD_20241008_111056.jpg
1383,20241008.0,111152,GOOD,/home/kaizen-ai/Desktop/thrust_bearing_app/python-backend/Downloads/bearing_complete/GOOD_20241008_111152.jpg
1384,20241008.0,111234,GOOD,/home/kaizen-ai/Desktop/thrust_bearing_app/python-backend/Downloads/bearing_complete/GOOD_20241008_111234.jpg
1385,20241008.0,111335,GOOD,/home/kaizen-ai/Desktop/thrust_bearing_app/python-backend/Downloads/bearing_complete/GOOD_20241008_111335.jpg
1386,20241008.0,111508,GOOD,/home/kaizen-ai/Desktop/thrust_bearing_app/python-backend/Downloads/bearing_complete/GOOD_20241008_111508.jpg
1387,20241008.0,111545,NG,/home/kaizen-ai/Desktop/thrust_bearing_app/python-backend/Downloads/not_good_NG3/NG_20241008_111545.jpg
1388,20241008.0,111640,GOOD,/home/kaizen-ai/Desktop/thrust_bearing_app/python-backend/Downloads/bearing_complete/GOOD_20241008_111640.jpg
1389,20241008.0,111752,GOOD,/home/kaizen-ai/Desktop/thrust_bearing_app/python-backend/Downloads/bearing_complete/GOOD_20241008_111752.jpg
1390,20241008.0,111900,GOOD,/home/kaizen-ai/Desktop/thrust_bearing_app/python-backend/Downloads/bearing_complete/GOOD_20241008_111900.jpg
1391,20241008.0,112004,GOOD,/home/kaizen-ai/Desktop/thrust_bearing_app/python-backend/Downloads/bearing_complete/GOOD_20241008_112004.jpg
1392,20241008.0,112128,GOOD,/home/kaizen-ai/Desktop/thrust_bearing_app/python-backend/Downloads/bearing_complete/GOOD_20241008_112128.jpg
1393,20241008.0,112210,GOOD,/home/kaizen-ai/Desktop/thrust_bearing_app/python-backend/Downloads/bearing_complete/GOOD_20241008_112210.jpg
1394,20241008.0,112333,GOOD,/home/kaizen-ai/Desktop/thrust_bearing_app/python-backend/Downloads/bearing_complete/GOOD_20241008_112333.jpg
1395,20241008.0,112412,GOOD,/home/kaizen-ai/Desktop/thrust_bearing_app/python-backend/Downloads/bearing_complete/GOOD_20241008_112412.jpg
1396,20241008.0,112503,GOOD,/home/kaizen-ai/Desktop/thrust_bearing_app/python-backend/Downloads/bearing_complete/GOOD_20241008_112503.jpg
1397,20241008.0,112632,GOOD,/home/kaizen-ai/Desktop/thrust_bearing_app/python-backend/Downloads/bearing_complete/GOOD_20241008_112632.jpg
1398,20241008.0,112732,GOOD,/home/kaizen-ai/Desktop/thrust_bearing_app/python-backend/Downloads/bearing_complete/GOOD_20241008_112732.jpg
1399,20241008.0,112832,GOOD,/home/kaizen-ai/Desktop/thrust_bearing_app/python-backend/Downloads/bearing_complete/GOOD_20241008_112832.jpg
1400,20241008.0,112934,GOOD,/home/kaizen-ai/Desktop/thrust_bearing_app/python-backend/Downloads/bearing_complete/GOOD_20241008_112934.jpg
1401,20241008.0,113049,GOOD,/home/kaizen-ai/Desktop/thrust_bearing_app/python-backend/Downloads/bearing_complete/GOOD_20241008_113049.jpg
1402,20241008.0,113222,NG,/home/kaizen-ai/Desktop/thrust_bearing_app/python-backend/Downloads/not_good_NG3/NG_20241008_113222.jpg
1403,20241008.0,113322,GOOD,/home/kaizen-ai/Desktop/thrust_bearing_app/python-backend/Downloads/bearing_complete/GOOD_20241008_113322.jpg
1404,20241008.0,113528,GOOD,/home/kaizen-ai/Desktop/thrust_bearing_app/python-backend/Downloads/bearing_complete/GOOD_20241008_113528.jpg
1405,20241008.0,113638,GOOD,/home/kaizen-ai/Desktop/thrust_bearing_app/python-backend/Downloads/bearing_complete/GOOD_20241008_113638.jpg
1406,20241008.0,113724,GOOD,/home/kaizen-ai/Desktop/thrust_bearing_app/python-backend/Downloads/bearing_complete/GOOD_20241008_113724.jpg
1407,20241008.0,113833,NG,/home/kaizen-ai/Desktop/thrust_bearing_app/python-backend/Downloads/not_good_NG1/NG_20241008_113833.jpg
1408,20241008.0,114023,GOOD,/home/kaizen-ai/Desktop/thrust_bearing_app/python-backend/Downloads/bearing_complete/GOOD_20241008_114023.jpg
1409,20241008.0,114207,GOOD,/home/kaizen-ai/Desktop/thrust_bearing_app/python-backend/Downloads/bearing_complete/GOOD_20241008_114207.jpg
1410,20241008.0,114240,GOOD,/home/kaizen-ai/Desktop/thrust_bearing_app/python-backend/Downloads/bearing_complete/GOOD_20241008_114240.jpg
1411,20241008.0,114335,GOOD,/home/kaizen-ai/Desktop/thrust_bearing_app/python-backend/Downloads/bearing_complete/GOOD_20241008_114335.jpg
1412,20241008.0,114437,GOOD,/home/kaizen-ai/Desktop/thrust_bearing_app/python-backend/Downloads/bearing_complete/GOOD_20241008_114437.jpg
1413,20241008.0,123035,GOOD,/home/kaizen-ai/Desktop/thrust_bearing_app/python-backend/Downloads/bearing_complete/GOOD_20241008_123035.jpg
1414,20241008.0,123112,GOOD,/home/kaizen-ai/Desktop/thrust_bearing_app/python-backend/Downloads/bearing_complete/GOOD_20241008_123112.jpg
1415,20241008.0,123226,GOOD,/home/kaizen-ai/Desktop/thrust_bearing_app/python-backend/Downloads/bearing_complete/GOOD_20241008_123226.jpg
1416,20241008.0,123348,GOOD,/home/kaizen-ai/Desktop/thrust_bearing_app/python-backend/Downloads/bearing_complete/GOOD_20241008_123348.jpg
1417,20241008.0,123441,GOOD,/home/kaizen-ai/Desktop/thrust_bearing_app/python-backend/Downloads/bearing_complete/GOOD_20241008_123441.jpg
1418,20241008.0,123620,GOOD,/home/kaizen-ai/Desktop/thrust_bearing_app/python-backend/Downloads/bearing_complete/GOOD_20241008_123620.jpg
1419,20241008.0,123716,GOOD,/home/kaizen-ai/Desktop/thrust_bearing_app/python-backend/Downloads/bearing_complete/GOOD_20241008_123716.jpg
1420,20241008.0,123806,GOOD,/home/kaizen-ai/Desktop/thrust_bearing_app/python-backend/Downloads/bearing_complete/GOOD_20241008_123806.jpg
1421,20241008.0,123905,GOOD,/home/kaizen-ai/Desktop/thrust_bearing_app/python-backend/Downloads/bearing_complete/GOOD_20241008_123905.jpg
1422,20241008.0,123958,GOOD,/home/kaizen-ai/Desktop/thrust_bearing_app/python-backend/Downloads/bearing_complete/GOOD_20241008_123958.jpg
1423,20241008.0,124110,GOOD,/home/kaizen-ai/Desktop/thrust_bearing_app/python-backend/Downloads/bearing_complete/GOOD_20241008_124110.jpg
1424,20241008.0,124200,GOOD,/home/kaizen-ai/Desktop/thrust_bearing_app/python-backend/Downloads/bearing_complete/GOOD_20241008_124200.jpg
1425,20241008.0,124302,GOOD,/home/kaizen-ai/Desktop/thrust_bearing_app/python-backend/Downloads/bearing_complete/GOOD_20241008_124302.jpg
1426,20241008.0,124414,GOOD,/home/kaizen-ai/Desktop/thrust_bearing_app/python-backend/Downloads/bearing_complete/GOOD_20241008_124414.jpg
1427,20241008.0,124502,GOOD,/home/kaizen-ai/Desktop/thrust_bearing_app/python-backend/Downloads/bearing_complete/GOOD_20241008_124502.jpg
1428,20241008.0,124611,NG,/home/kaizen-ai/Desktop/thrust_bearing_app/python-backend/Downloads/not_good_NG3/NG_20241008_124611.jpg
1429,20241008.0,124720,GOOD,/home/kaizen-ai/Desktop/thrust_bearing_app/python-backend/Downloads/bearing_complete/GOOD_20241008_124720.jpg
1430,20241008.0,124905,GOOD,/home/kaizen-ai/Desktop/thrust_bearing_app/python-backend/Downloads/bearing_complete/GOOD_20241008_124905.jpg
1431,20241008.0,124957,GOOD,/home/kaizen-ai/Desktop/thrust_bearing_app/python-backend/Downloads/bearing_complete/GOOD_20241008_124957.jpg
1432,20241008.0,125048,GOOD,/home/kaizen-ai/Desktop/thrust_bearing_app/python-backend/Downloads/bearing_complete/GOOD_20241008_125048.jpg
1433,20241008.0,125139,NG,/home/kaizen-ai/Desktop/thrust_bearing_app/python-backend/Downloads/not_good_NG3/NG_20241008_125139.jpg
1434,20241008.0,125231,GOOD,/home/kaizen-ai/Desktop/thrust_bearing_app/python-backend/Downloads/bearing_complete/GOOD_20241008_125231.jpg
1435,20241008.0,125332,GOOD,/home/kaizen-ai/Desktop/thrust_bearing_app/python-backend/Downloads/bearing_complete/GOOD_20241008_125332.jpg
1436,20241008.0,125438,GOOD,/home/kaizen-ai/Desktop/thrust_bearing_app/python-backend/Downloads/bearing_complete/GOOD_20241008_125438.jpg
1437,20241008.0,125541,GOOD,/home/kaizen-ai/Desktop/thrust_bearing_app/python-backend/Downloads/bearing_complete/GOOD_20241008_125541.jpg
1438,20241008.0,125645,GOOD,/home/kaizen-ai/Desktop/thrust_bearing_app/python-backend/Downloads/bearing_complete/GOOD_20241008_125645.jpg
1439,20241008.0,125741,GOOD,/home/kaizen-ai/Desktop/thrust_bearing_app/python-backend/Downloads/bearing_complete/GOOD_20241008_125741.jpg
1440,20241008.0,125847,GOOD,/home/kaizen-ai/Desktop/thrust_bearing_app/python-backend/Downloads/bearing_complete/GOOD_20241008_125847.jpg
1441,20241008.0,125940,GOOD,/home/kaizen-ai/Desktop/thrust_bearing_app/python-backend/Downloads/bearing_complete/GOOD_20241008_125940.jpg
1442,20241008.0,130053,NG,/home/kaizen-ai/Desktop/thrust_bearing_app/python-backend/Downloads/not_good_NG2/NG_20241008_130053.jpg
1443,20241008.0,130207,GOOD,/home/kaizen-ai/Desktop/thrust_bearing_app/python-backend/Downloads/bearing_complete/GOOD_20241008_130207.jpg
1444,20241008.0,130320,NG,/home/kaizen-ai/Desktop/thrust_bearing_app/python-backend/Downloads/not_good_NG3/NG_20241008_130320.jpg
1445,20241008.0,130424,GOOD,/home/kaizen-ai/Desktop/thrust_bearing_app/python-backend/Downloads/bearing_complete/GOOD_20241008_130424.jpg
1446,20241008.0,130529,GOOD,/home/kaizen-ai/Desktop/thrust_bearing_app/python-backend/Downloads/bearing_complete/GOOD_20241008_130529.jpg
1447,20241008.0,130620,GOOD,/home/kaizen-ai/Desktop/thrust_bearing_app/python-backend/Downloads/bearing_complete/GOOD_20241008_130620.jpg
1448,20241008.0,130752,GOOD,/home/kaizen-ai/Desktop/thrust_bearing_app/python-backend/Downloads/bearing_complete/GOOD_20241008_130752.jpg
1449,20241008.0,130906,NG,/home/kaizen-ai/Desktop/thrust_bearing_app/python-backend/Downloads/not_good_NG3/NG_20241008_130906.jpg
1450,20241008.0,131010,GOOD,/home/kaizen-ai/Desktop/thrust_bearing_app/python-backend/Downloads/bearing_complete/GOOD_20241008_131010.jpg
1451,20241008.0,131125,GOOD,/home/kaizen-ai/Desktop/thrust_bearing_app/python-backend/Downloads/bearing_complete/GOOD_20241008_131125.jpg
1452,20241008.0,131248,GOOD,/home/kaizen-ai/Desktop/thrust_bearing_app/python-backend/Downloads/bearing_complete/GOOD_20241008_131248.jpg
1453,20241008.0,131345,GOOD,/home/kaizen-ai/Desktop/thrust_bearing_app/python-backend/Downloads/bearing_complete/GOOD_20241008_131345.jpg
1454,20241008.0,131517,GOOD,/home/kaizen-ai/Desktop/thrust_bearing_app/python-backend/Downloads/bearing_complete/GOOD_20241008_131517.jpg
1455,20241008.0,131555,GOOD,/home/kaizen-ai/Desktop/thrust_bearing_app/python-backend/Downloads/bearing_complete/GOOD_20241008_131555.jpg
1456,20241008.0,131711,NG,/home/kaizen-ai/Desktop/thrust_bearing_app/python-backend/Downloads/not_good_NG2/NG_20241008_131711.jpg
1457,20241008.0,131850,GOOD,/home/kaizen-ai/Desktop/thrust_bearing_app/python-backend/Downloads/bearing_complete/GOOD_20241008_131850.jpg
1458,20241008.0,131911,GOOD,/home/kaizen-ai/Desktop/thrust_bearing_app/python-backend/Downloads/bearing_complete/GOOD_20241008_131911.jpg
1459,20241008.0,132036,NG,/home/kaizen-ai/Desktop/thrust_bearing_app/python-backend/Downloads/not_good_NG3/NG_20241008_132036.jpg
1460,20241008.0,132127,GOOD,/home/kaizen-ai/Desktop/thrust_bearing_app/python-backend/Downloads/bearing_complete/GOOD_20241008_132127.jpg
1461,20241008.0,132212,GOOD,/home/kaizen-ai/Desktop/thrust_bearing_app/python-backend/Downloads/bearing_complete/GOOD_20241008_132212.jpg
1462,20241008.0,132305,GOOD,/home/kaizen-ai/Desktop/thrust_bearing_app/python-backend/Downloads/bearing_complete/GOOD_20241008_132305.jpg
1463,20241008.0,132404,GOOD,/home/kaizen-ai/Desktop/thrust_bearing_app/python-backend/Downloads/bearing_complete/GOOD_20241008_132404.jpg
1464,20241008.0,132510,GOOD,/home/kaizen-ai/Desktop/thrust_bearing_app/python-backend/Downloads/bearing_complete/GOOD_20241008_132510.jpg
1465,20241008.0,132618,GOOD,/home/kaizen-ai/Desktop/thrust_bearing_app/python-backend/Downloads/bearing_complete/GOOD_20241008_132618.jpg
1466,20241008.0,132717,GOOD,/home/kaizen-ai/Desktop/thrust_bearing_app/python-backend/Downloads/bearing_complete/GOOD_20241008_132717.jpg
1467,20241008.0,132820,GOOD,/home/kaizen-ai/Desktop/thrust_bearing_app/python-backend/Downloads/bearing_complete/GOOD_20241008_132820.jpg
1468,20241008.0,132944,GOOD,/home/kaizen-ai/Desktop/thrust_bearing_app/python-backend/Downloads/bearing_complete/GOOD_20241008_132944.jpg
1469,20241008.0,133047,NG,/home/kaizen-ai/Desktop/thrust_bearing_app/python-backend/Downloads/not_good_NG3/NG_20241008_133047.jpg
1470,20241008.0,133141,GOOD,/home/kaizen-ai/Desktop/thrust_bearing_app/python-backend/Downloads/bearing_complete/GOOD_20241008_133141.jpg
1471,20241008.0,133235,GOOD,/home/kaizen-ai/Desktop/thrust_bearing_app/python-backend/Downloads/bearing_complete/GOOD_20241008_133235.jpg
1472,20241008.0,133332,NG,/home/kaizen-ai/Desktop/thrust_bearing_app/python-backend/Downloads/not_good_NG3/NG_20241008_133332.jpg
1473,20241008.0,133431,GOOD,/home/kaizen-ai/Desktop/thrust_bearing_app/python-backend/Downloads/bearing_complete/GOOD_20241008_133431.jpg
1474,20241008.0,133521,GOOD,/home/kaizen-ai/Desktop/thrust_bearing_app/python-backend/Downloads/bearing_complete/GOOD_20241008_133521.jpg
1475,20241008.0,133641,GOOD,/home/kaizen-ai/Desktop/thrust_bearing_app/python-backend/Downloads/bearing_complete/GOOD_20241008_133641.jpg
1476,20241008.0,133756,GOOD,/home/kaizen-ai/Desktop/thrust_bearing_app/python-backend/Downloads/bearing_complete/GOOD_20241008_133756.jpg
1477,20241008.0,133903,NG,/home/kaizen-ai/Desktop/thrust_bearing_app/python-backend/Downloads/not_good_NG3/NG_20241008_133903.jpg
1478,20241008.0,133959,GOOD,/home/kaizen-ai/Desktop/thrust_bearing_app/python-backend/Downloads/bearing_complete/GOOD_20241008_133959.jpg
1479,20241008.0,134051,GOOD,/home/kaizen-ai/Desktop/thrust_bearing_app/python-backend/Downloads/bearing_complete/GOOD_20241008_134051.jpg
1480,20241008.0,134147,GOOD,/home/kaizen-ai/Desktop/thrust_bearing_app/python-backend/Downloads/bearing_complete/GOOD_20241008_134147.jpg
1481,20241008.0,134247,GOOD,/home/kaizen-ai/Desktop/thrust_bearing_app/python-backend/Downloads/bearing_complete/GOOD_20241008_134247.jpg
1482,20241008.0,134349,GOOD,/home/kaizen-ai/Desktop/thrust_bearing_app/python-backend/Downloads/bearing_complete/GOOD_20241008_134349.jpg
1483,20241008.0,134440,GOOD,/home/kaizen-ai/Desktop/thrust_bearing_app/python-backend/Downloads/bearing_complete/GOOD_20241008_134440.jpg
1484,20241008.0,134627,NG,/home/kaizen-ai/Desktop/thrust_bearing_app/python-backend/Downloads/not_good_NG3/NG_20241008_134627.jpg
1485,20241008.0,134801,GOOD,/home/kaizen-ai/Desktop/thrust_bearing_app/python-backend/Downloads/bearing_complete/GOOD_20241008_134801.jpg
1486,20241008.0,134939,GOOD,/home/kaizen-ai/Desktop/thrust_bearing_app/python-backend/Downloads/bearing_complete/GOOD_20241008_134939.jpg
1487,20241008.0,135050,GOOD,/home/kaizen-ai/Desktop/thrust_bearing_app/python-backend/Downloads/bearing_complete/GOOD_20241008_135050.jpg
1488,20241008.0,135143,GOOD,/home/kaizen-ai/Desktop/thrust_bearing_app/python-backend/Downloads/bearing_complete/GOOD_20241008_135143.jpg
1489,20241008.0,135252,GOOD,/home/kaizen-ai/Desktop/thrust_bearing_app/python-backend/Downloads/bearing_complete/GOOD_20241008_135252.jpg
1490,20241008.0,135348,GOOD,/home/kaizen-ai/Desktop/thrust_bearing_app/python-backend/Downloads/bearing_complete/GOOD_20241008_135348.jpg
1491,20241008.0,135441,NG,/home/kaizen-ai/Desktop/thrust_bearing_app/python-backend/Downloads/not_good_NG3/NG_20241008_135441.jpg
1492,20241008.0,140001,GOOD,/home/kaizen-ai/Desktop/thrust_bearing_app/python-backend/Downloads/bearing_complete/GOOD_20241008_140001.jpg
1493,20241008.0,140915,NG,/home/kaizen-ai/Desktop/thrust_bearing_app/python-backend/Downloads/not_good_NG3/NG_20241008_140915.jpg
1494,20241008.0,141014,GOOD,/home/kaizen-ai/Desktop/thrust_bearing_app/python-backend/Downloads/bearing_complete/GOOD_20241008_141014.jpg
1495,20241008.0,141049,GOOD,/home/kaizen-ai/Desktop/thrust_bearing_app/python-backend/Downloads/bearing_complete/GOOD_20241008_141049.jpg
1496,20241008.0,141151,GOOD,/home/kaizen-ai/Desktop/thrust_bearing_app/python-backend/Downloads/bearing_complete/GOOD_20241008_141151.jpg
1497,20241008.0,141254,GOOD,/home/kaizen-ai/Desktop/thrust_bearing_app/python-backend/Downloads/bearing_complete/GOOD_20241008_141254.jpg
1498,20241008.0,141346,GOOD,/home/kaizen-ai/Desktop/thrust_bearing_app/python-backend/Downloads/bearing_complete/GOOD_20241008_141346.jpg
1499,20241008.0,141433,GOOD,/home/kaizen-ai/Desktop/thrust_bearing_app/python-backend/Downloads/bearing_complete/GOOD_20241008_141433.jpg
1500,20241008.0,141511,NG,/home/kaizen-ai/Desktop/thrust_bearing_app/python-backend/Downloads/not_good_NG3/NG_20241008_141511.jpg
1501,20241008.0,141559,GOOD,/home/kaizen-ai/Desktop/thrust_bearing_app/python-backend/Downloads/bearing_complete/GOOD_20241008_141559.jpg
1502,20241008.0,141648,GOOD,/home/kaizen-ai/Desktop/thrust_bearing_app/python-backend/Downloads/bearing_complete/GOOD_20241008_141648.jpg
1503,20241008.0,141753,GOOD,/home/kaizen-ai/Desktop/thrust_bearing_app/python-backend/Downloads/bearing_complete/GOOD_20241008_141753.jpg
1504,20241008.0,141907,GOOD,/home/kaizen-ai/Desktop/thrust_bearing_app/python-backend/Downloads/bearing_complete/GOOD_20241008_141907.jpg
1505,20241008.0,142016,GOOD,/home/kaizen-ai/Desktop/thrust_bearing_app/python-backend/Downloads/bearing_complete/GOOD_20241008_142016.jpg
1506,20241008.0,142056,NG,/home/kaizen-ai/Desktop/thrust_bearing_app/python-backend/Downloads/not_good_NG1/NG_20241008_142056.jpg
1507,20241008.0,142248,GOOD,/home/kaizen-ai/Desktop/thrust_bearing_app/python-backend/Downloads/bearing_complete/GOOD_20241008_142248.jpg
1508,20241008.0,142343,GOOD,/home/kaizen-ai/Desktop/thrust_bearing_app/python-backend/Downloads/bearing_complete/GOOD_20241008_142343.jpg
1509,20241008.0,142443,GOOD,/home/kaizen-ai/Desktop/thrust_bearing_app/python-backend/Downloads/bearing_complete/GOOD_20241008_142443.jpg
1510,20241008.0,142603,GOOD,/home/kaizen-ai/Desktop/thrust_bearing_app/python-backend/Downloads/bearing_complete/GOOD_20241008_142603.jpg
1511,20241008.0,142737,NG,/home/kaizen-ai/Desktop/thrust_bearing_app/python-backend/Downloads/not_good_NG3/NG_20241008_142737.jpg
1512,20241008.0,142833,GOOD,/home/kaizen-ai/Desktop/thrust_bearing_app/python-backend/Downloads/bearing_complete/GOOD_20241008_142833.jpg
1513,20241008.0,143017,GOOD,/home/kaizen-ai/Desktop/thrust_bearing_app/python-backend/Downloads/bearing_complete/GOOD_20241008_143017.jpg
1514,20241008.0,143105,GOOD,/home/kaizen-ai/Desktop/thrust_bearing_app/python-backend/Downloads/bearing_complete/GOOD_20241008_143105.jpg
1515,20241008.0,143155,GOOD,/home/kaizen-ai/Desktop/thrust_bearing_app/python-backend/Downloads/bearing_complete/GOOD_20241008_143155.jpg
1516,20241008.0,143245,GOOD,/home/kaizen-ai/Desktop/thrust_bearing_app/python-backend/Downloads/bearing_complete/GOOD_20241008_143245.jpg
1517,20241008.0,143416,GOOD,/home/kaizen-ai/Desktop/thrust_bearing_app/python-backend/Downloads/bearing_complete/GOOD_20241008_143416.jpg
1518,20241008.0,143549,NG,/home/kaizen-ai/Desktop/thrust_bearing_app/python-backend/Downloads/not_good_NG2/NG_20241008_143549.jpg
1519,20241008.0,143650,GOOD,/home/kaizen-ai/Desktop/thrust_bearing_app/python-backend/Downloads/bearing_complete/GOOD_20241008_143650.jpg
1520,20241008.0,143737,GOOD,/home/kaizen-ai/Desktop/thrust_bearing_app/python-backend/Downloads/bearing_complete/GOOD_20241008_143737.jpg
1521,20241008.0,143853,GOOD,/home/kaizen-ai/Desktop/thrust_bearing_app/python-backend/Downloads/bearing_complete/GOOD_20241008_143853.jpg
1522,20241008.0,143946,GOOD,/home/kaizen-ai/Desktop/thrust_bearing_app/python-backend/Downloads/bearing_complete/GOOD_20241008_143946.jpg
1523,20241008.0,144024,NG,/home/kaizen-ai/Desktop/thrust_bearing_app/python-backend/Downloads/not_good_NG3/NG_20241008_144024.jpg
1524,20241008.0,144139,GOOD,/home/kaizen-ai/Desktop/thrust_bearing_app/python-backend/Downloads/bearing_complete/GOOD_20241008_144139.jpg
1525,20241008.0,144212,GOOD,/home/kaizen-ai/Desktop/thrust_bearing_app/python-backend/Downloads/bearing_complete/GOOD_20241008_144212.jpg
1526,20241008.0,144358,NG,/home/kaizen-ai/Desktop/thrust_bearing_app/python-backend/Downloads/not_good_NG3/NG_20241008_144358.jpg
1527,20241008.0,144441,GOOD,/home/kaizen-ai/Desktop/thrust_bearing_app/python-backend/Downloads/bearing_complete/GOOD_20241008_144441.jpg
1528,20241008.0,144544,NG,/home/kaizen-ai/Desktop/thrust_bearing_app/python-backend/Downloads/not_good_NG1/NG_20241008_144544.jpg
1529,20241008.0,144641,GOOD,/home/kaizen-ai/Desktop/thrust_bearing_app/python-backend/Downloads/bearing_complete/GOOD_20241008_144641.jpg
1530,20241008.0,144735,GOOD,/home/kaizen-ai/Desktop/thrust_bearing_app/python-backend/Downloads/bearing_complete/GOOD_20241008_144735.jpg
1531,20241008.0,144824,GOOD,/home/kaizen-ai/Desktop/thrust_bearing_app/python-backend/Downloads/bearing_complete/GOOD_20241008_144824.jpg
1532,20241008.0,144936,GOOD,/home/kaizen-ai/Desktop/thrust_bearing_app/python-backend/Downloads/bearing_complete/GOOD_20241008_144936.jpg
1533,20241008.0,145042,GOOD,/home/kaizen-ai/Desktop/thrust_bearing_app/python-backend/Downloads/bearing_complete/GOOD_20241008_145042.jpg
1534,20241008.0,145142,NG,/home/kaizen-ai/Desktop/thrust_bearing_app/python-backend/Downloads/not_good_NG3/NG_20241008_145142.jpg
1535,20241008.0,145247,GOOD,/home/kaizen-ai/Desktop/thrust_bearing_app/python-backend/Downloads/bearing_complete/GOOD_20241008_145247.jpg
1536,20241008.0,145344,NG,/home/kaizen-ai/Desktop/thrust_bearing_app/python-backend/Downloads/not_good_NG2/NG_20241008_145344.jpg
1537,20241008.0,145445,GOOD,/home/kaizen-ai/Desktop/thrust_bearing_app/python-backend/Downloads/bearing_complete/GOOD_20241008_145445.jpg
1538,20241008.0,145536,GOOD,/home/kaizen-ai/Desktop/thrust_bearing_app/python-backend/Downloads/bearing_complete/GOOD_20241008_145536.jpg
1539,20241008.0,145652,GOOD,/home/kaizen-ai/Desktop/thrust_bearing_app/python-backend/Downloads/bearing_complete/GOOD_20241008_145652.jpg
1540,20241008.0,145838,GOOD,/home/kaizen-ai/Desktop/thrust_bearing_app/python-backend/Downloads/bearing_complete/GOOD_20241008_145838.jpg
1541,20241008.0,145937,NG,/home/kaizen-ai/Desktop/thrust_bearing_app/python-backend/Downloads/not_good_NG2/NG_20241008_145937.jpg
1542,20241008.0,150037,GOOD,/home/kaizen-ai/Desktop/thrust_bearing_app/python-backend/Downloads/bearing_complete/GOOD_20241008_150037.jpg
1543,20241008.0,150131,NG,/home/kaizen-ai/Desktop/thrust_bearing_app/python-backend/Downloads/not_good_NG3/NG_20241008_150131.jpg
1544,20241008.0,150239,GOOD,/home/kaizen-ai/Desktop/thrust_bearing_app/python-backend/Downloads/bearing_complete/GOOD_20241008_150239.jpg
1545,20241008.0,150324,GOOD,/home/kaizen-ai/Desktop/thrust_bearing_app/python-backend/Downloads/bearing_complete/GOOD_20241008_150324.jpg
1546,20241008.0,150431,GOOD,/home/kaizen-ai/Desktop/thrust_bearing_app/python-backend/Downloads/bearing_complete/GOOD_20241008_150431.jpg
1547,20241008.0,150530,NG,/home/kaizen-ai/Desktop/thrust_bearing_app/python-backend/Downloads/not_good_NG3/NG_20241008_150530.jpg
1548,20241008.0,150616,GOOD,/home/kaizen-ai/Desktop/thrust_bearing_app/python-backend/Downloads/bearing_complete/GOOD_20241008_150616.jpg
1549,20241008.0,150751,GOOD,/home/kaizen-ai/Desktop/thrust_bearing_app/python-backend/Downloads/bearing_complete/GOOD_20241008_150751.jpg
1550,20241008.0,150902,NG,/home/kaizen-ai/Desktop/thrust_bearing_app/python-backend/Downloads/not_good_NG2/NG_20241008_150902.jpg
1551,20241008.0,151007,NG,/home/kaizen-ai/Desktop/thrust_bearing_app/python-backend/Downloads/not_good_NG3/NG_20241008_151007.jpg
1552,20241008.0,151112,GOOD,/home/kaizen-ai/Desktop/thrust_bearing_app/python-backend/Downloads/bearing_complete/GOOD_20241008_151112.jpg
1553,20241008.0,151214,GOOD,/home/kaizen-ai/Desktop/thrust_bearing_app/python-backend/Downloads/bearing_complete/GOOD_20241008_151214.jpg
1554,20241008.0,151313,GOOD,/home/kaizen-ai/Desktop/thrust_bearing_app/python-backend/Downloads/bearing_complete/GOOD_20241008_151313.jpg
1555,20241008.0,151428,GOOD,/home/kaizen-ai/Desktop/thrust_bearing_app/python-backend/Downloads/bearing_complete/GOOD_20241008_151428.jpg
1556,20241008.0,151546,GOOD,/home/kaizen-ai/Desktop/thrust_bearing_app/python-backend/Downloads/bearing_complete/GOOD_20241008_151546.jpg
1557,20241008.0,151654,NG,/home/kaizen-ai/Desktop/thrust_bearing_app/python-backend/Downloads/not_good_NG1/NG_20241008_151654.jpg
1558,20241008.0,151759,GOOD,/home/kaizen-ai/Desktop/thrust_bearing_app/python-backend/Downloads/bearing_complete/GOOD_20241008_151759.jpg
1559,20241008.0,152124,GOOD,/home/kaizen-ai/Desktop/thrust_bearing_app/python-backend/Downloads/bearing_complete/GOOD_20241008_152124.jpg
1560,20241008.0,152218,GOOD,/home/kaizen-ai/Desktop/thrust_bearing_app/python-backend/Downloads/bearing_complete/GOOD_20241008_152218.jpg
1561,20241008.0,152306,GOOD,/home/kaizen-ai/Desktop/thrust_bearing_app/python-backend/Downloads/bearing_complete/GOOD_20241008_152306.jpg
1562,20241008.0,152357,GOOD,/home/kaizen-ai/Desktop/thrust_bearing_app/python-backend/Downloads/bearing_complete/GOOD_20241008_152357.jpg
1563,20241008.0,152506,GOOD,/home/kaizen-ai/Desktop/thrust_bearing_app/python-backend/Downloads/bearing_complete/GOOD_20241008_152506.jpg
1564,20241008.0,152634,NG,/home/kaizen-ai/Desktop/thrust_bearing_app/python-backend/Downloads/not_good_NG3/NG_20241008_152634.jpg
1565,20241008.0,204634,NG,/home/kaizen-ai/Desktop/thrust_bearing_app/python-backend/Downloads/not_good_NG4/NG_20241008_204634.jpg
1566,20241008.0,210657,GOOD,/home/kaizen-ai/Desktop/thrust_bearing_app/python-backend/Downloads/bearing_complete/GOOD_20241008_210657.jpg
1567,20241008.0,210905,GOOD,/home/kaizen-ai/Desktop/thrust_bearing_app/python-backend/Downloads/bearing_complete/GOOD_20241008_210905.jpg
1568,20241008.0,211155,GOOD,/home/kaizen-ai/Desktop/thrust_bearing_app/python-backend/Downloads/bearing_complete/GOOD_20241008_211155.jpg
1569,20241008.0,211318,GOOD,/home/kaizen-ai/Desktop/thrust_bearing_app/python-backend/Downloads/bearing_complete/GOOD_20241008_211318.jpg
1570,20241008.0,211408,NG,/home/kaizen-ai/Desktop/thrust_bearing_app/python-backend/Downloads/not_good_NG2/NG_20241008_211408.jpg
1571,20241008.0,211521,GOOD,/home/kaizen-ai/Desktop/thrust_bearing_app/python-backend/Downloads/bearing_complete/GOOD_20241008_211521.jpg
1572,20241008.0,211634,NG,/home/kaizen-ai/Desktop/thrust_bearing_app/python-backend/Downloads/not_good_NG2/NG_20241008_211634.jpg
1573,20241008.0,211753,GOOD,/home/kaizen-ai/Desktop/thrust_bearing_app/python-backend/Downloads/bearing_complete/GOOD_20241008_211753.jpg
1574,20241008.0,211842,GOOD,/home/kaizen-ai/Desktop/thrust_bearing_app/python-backend/Downloads/bearing_complete/GOOD_20241008_211842.jpg
1575,20241008.0,211939,GOOD,/home/kaizen-ai/Desktop/thrust_bearing_app/python-backend/Downloads/bearing_complete/GOOD_20241008_211939.jpg
1576,20241008.0,212042,GOOD,/home/kaizen-ai/Desktop/thrust_bearing_app/python-backend/Downloads/bearing_complete/GOOD_20241008_212042.jpg
1577,20241008.0,212152,NG,/home/kaizen-ai/Desktop/thrust_bearing_app/python-backend/Downloads/not_good_NG1/NG_20241008_212152.jpg
1578,20241008.0,212303,GOOD,/home/kaizen-ai/Desktop/thrust_bearing_app/python-backend/Downloads/bearing_complete/GOOD_20241008_212303.jpg
1579,20241008.0,212425,GOOD,/home/kaizen-ai/Desktop/thrust_bearing_app/python-backend/Downloads/bearing_complete/GOOD_20241008_212425.jpg
1580,20241008.0,212522,GOOD,/home/kaizen-ai/Desktop/thrust_bearing_app/python-backend/Downloads/bearing_complete/GOOD_20241008_212522.jpg
1581,20241008.0,212623,NG,/home/kaizen-ai/Desktop/thrust_bearing_app/python-backend/Downloads/not_good_NG1/NG_20241008_212623.jpg
1582,20241008.0,212802,GOOD,/home/kaizen-ai/Desktop/thrust_bearing_app/python-backend/Downloads/bearing_complete/GOOD_20241008_212802.jpg
1583,20241008.0,212859,GOOD,/home/kaizen-ai/Desktop/thrust_bearing_app/python-backend/Downloads/bearing_complete/GOOD_20241008_212859.jpg
1584,20241008.0,213008,GOOD,/home/kaizen-ai/Desktop/thrust_bearing_app/python-backend/Downloads/bearing_complete/GOOD_20241008_213008.jpg
1585,20241008.0,213102,NG,/home/kaizen-ai/Desktop/thrust_bearing_app/python-backend/Downloads/not_good_NG1/NG_20241008_213102.jpg
1586,20241008.0,213209,GOOD,/home/kaizen-ai/Desktop/thrust_bearing_app/python-backend/Downloads/bearing_complete/GOOD_20241008_213209.jpg
1587,20241008.0,213315,GOOD,/home/kaizen-ai/Desktop/thrust_bearing_app/python-backend/Downloads/bearing_complete/GOOD_20241008_213315.jpg
1588,20241008.0,213417,GOOD,/home/kaizen-ai/Desktop/thrust_bearing_app/python-backend/Downloads/bearing_complete/GOOD_20241008_213417.jpg
1589,20241008.0,213526,GOOD,/home/kaizen-ai/Desktop/thrust_bearing_app/python-backend/Downloads/bearing_complete/GOOD_20241008_213526.jpg
1590,20241008.0,213627,GOOD,/home/kaizen-ai/Desktop/thrust_bearing_app/python-backend/Downloads/bearing_complete/GOOD_20241008_213627.jpg
1591,20241008.0,213727,GOOD,/home/kaizen-ai/Desktop/thrust_bearing_app/python-backend/Downloads/bearing_complete/GOOD_20241008_213727.jpg
1592,20241008.0,213830,GOOD,/home/kaizen-ai/Desktop/thrust_bearing_app/python-backend/Downloads/bearing_complete/GOOD_20241008_213830.jpg
1593,20241008.0,213940,GOOD,/home/kaizen-ai/Desktop/thrust_bearing_app/python-backend/Downloads/bearing_complete/GOOD_20241008_213940.jpg
1594,20241008.0,214119,NG,/home/kaizen-ai/Desktop/thrust_bearing_app/python-backend/Downloads/not_good_NG1/NG_20241008_214119.jpg
1595,20241008.0,214224,NG,/home/kaizen-ai/Desktop/thrust_bearing_app/python-backend/Downloads/not_good_NG1/NG_20241008_214224.jpg
1596,20241008.0,214321,GOOD,/home/kaizen-ai/Desktop/thrust_bearing_app/python-backend/Downloads/bearing_complete/GOOD_20241008_214321.jpg
1597,20241008.0,214434,GOOD,/home/kaizen-ai/Desktop/thrust_bearing_app/python-backend/Downloads/bearing_complete/GOOD_20241008_214434.jpg
1598,20241008.0,214537,GOOD,/home/kaizen-ai/Desktop/thrust_bearing_app/python-backend/Downloads/bearing_complete/GOOD_20241008_214537.jpg
1599,20241008.0,214636,NG,/home/kaizen-ai/Desktop/thrust_bearing_app/python-backend/Downloads/not_good_NG2/NG_20241008_214636.jpg
1600,20241008.0,214727,GOOD,/home/kaizen-ai/Desktop/thrust_bearing_app/python-backend/Downloads/bearing_complete/GOOD_20241008_214727.jpg
1601,20241008.0,214842,NG,/home/kaizen-ai/Desktop/thrust_bearing_app/python-backend/Downloads/not_good_NG3/NG_20241008_214842.jpg
1602,20241008.0,214954,GOOD,/home/kaizen-ai/Desktop/thrust_bearing_app/python-backend/Downloads/bearing_complete/GOOD_20241008_214954.jpg
1603,20241008.0,215049,NG,/home/kaizen-ai/Desktop/thrust_bearing_app/python-backend/Downloads/not_good_NG2/NG_20241008_215049.jpg
1604,20241008.0,215143,NG,/home/kaizen-ai/Desktop/thrust_bearing_app/python-backend/Downloads/not_good_NG3/NG_20241008_215143.jpg
1605,20241008.0,215308,NG,/home/kaizen-ai/Desktop/thrust_bearing_app/python-backend/Downloads/not_good_NG2/NG_20241008_215308.jpg
1606,20241008.0,215451,GOOD,/home/kaizen-ai/Desktop/thrust_bearing_app/python-backend/Downloads/bearing_complete/GOOD_20241008_215451.jpg
1607,20241008.0,215541,GOOD,/home/kaizen-ai/Desktop/thrust_bearing_app/python-backend/Downloads/bearing_complete/GOOD_20241008_215541.jpg
1608,20241008.0,215631,GOOD,/home/kaizen-ai/Desktop/thrust_bearing_app/python-backend/Downloads/bearing_complete/GOOD_20241008_215631.jpg
1609,20241008.0,215759,NG,/home/kaizen-ai/Desktop/thrust_bearing_app/python-backend/Downloads/not_good_NG1/NG_20241008_215759.jpg
1610,20241008.0,215902,NG,/home/kaizen-ai/Desktop/thrust_bearing_app/python-backend/Downloads/not_good_NG1/NG_20241008_215902.jpg
1611,20241008.0,220002,GOOD,/home/kaizen-ai/Desktop/thrust_bearing_app/python-backend/Downloads/bearing_complete/GOOD_20241008_220002.jpg
1612,20241008.0,221040,NG,/home/kaizen-ai/Desktop/thrust_bearing_app/python-backend/Downloads/not_good_NG1/NG_20241008_221040.jpg
1613,20241008.0,221147,GOOD,/home/kaizen-ai/Desktop/thrust_bearing_app/python-backend/Downloads/bearing_complete/GOOD_20241008_221147.jpg
1614,20241008.0,221247,NG,/home/kaizen-ai/Desktop/thrust_bearing_app/python-backend/Downloads/not_good_NG2/NG_20241008_221247.jpg
1615,20241008.0,221436,GOOD,/home/kaizen-ai/Desktop/thrust_bearing_app/python-backend/Downloads/bearing_complete/GOOD_20241008_221436.jpg
1616,20241008.0,221550,GOOD,/home/kaizen-ai/Desktop/thrust_bearing_app/python-backend/Downloads/bearing_complete/GOOD_20241008_221550.jpg
1617,20241008.0,221702,NG,/home/kaizen-ai/Desktop/thrust_bearing_app/python-backend/Downloads/not_good_NG2/NG_20241008_221702.jpg
1618,20241008.0,221811,GOOD,/home/kaizen-ai/Desktop/thrust_bearing_app/python-backend/Downloads/bearing_complete/GOOD_20241008_221811.jpg
1619,20241008.0,221922,GOOD,/home/kaizen-ai/Desktop/thrust_bearing_app/python-backend/Downloads/bearing_complete/GOOD_20241008_221922.jpg
1620,20241008.0,222040,GOOD,/home/kaizen-ai/Desktop/thrust_bearing_app/python-backend/Downloads/bearing_complete/GOOD_20241008_222040.jpg
1621,20241008.0,222136,GOOD,/home/kaizen-ai/Desktop/thrust_bearing_app/python-backend/Downloads/bearing_complete/GOOD_20241008_222136.jpg
1622,20241008.0,222245,GOOD,/home/kaizen-ai/Desktop/thrust_bearing_app/python-backend/Downloads/bearing_complete/GOOD_20241008_222245.jpg
1623,20241008.0,222352,GOOD,/home/kaizen-ai/Desktop/thrust_bearing_app/python-backend/Downloads/bearing_complete/GOOD_20241008_222352.jpg
1624,20241008.0,222502,NG,/home/kaizen-ai/Desktop/thrust_bearing_app/python-backend/Downloads/not_good_NG1/NG_20241008_222502.jpg
1625,20241008.0,222558,GOOD,/home/kaizen-ai/Desktop/thrust_bearing_app/python-backend/Downloads/bearing_complete/GOOD_20241008_222558.jpg
1626,20241008.0,222800,GOOD,/home/kaizen-ai/Desktop/thrust_bearing_app/python-backend/Downloads/bearing_complete/GOOD_20241008_222800.jpg
1627,20241009.0,14245,GOOD,/home/kaizen-ai/Desktop/thrust_bearing_app/python-backend/Downloads/bearing_complete/GOOD_20241009_014245.jpg
1628,20241009.0,14344,NG,/home/kaizen-ai/Desktop/thrust_bearing_app/python-backend/Downloads/not_good_NG1/NG_20241009_014344.jpg
1629,20241009.0,14446,GOOD,/home/kaizen-ai/Desktop/thrust_bearing_app/python-backend/Downloads/bearing_complete/GOOD_20241009_014446.jpg
1630,20241009.0,14546,GOOD,/home/kaizen-ai/Desktop/thrust_bearing_app/python-backend/Downloads/bearing_complete/GOOD_20241009_014546.jpg
1631,20241009.0,14644,GOOD,/home/kaizen-ai/Desktop/thrust_bearing_app/python-backend/Downloads/bearing_complete/GOOD_20241009_014644.jpg
1632,20241009.0,14800,GOOD,/home/kaizen-ai/Desktop/thrust_bearing_app/python-backend/Downloads/bearing_complete/GOOD_20241009_014800.jpg
1633,20241009.0,14917,GOOD,/home/kaizen-ai/Desktop/thrust_bearing_app/python-backend/Downloads/bearing_complete/GOOD_20241009_014917.jpg
1634,20241009.0,15014,NG,/home/kaizen-ai/Desktop/thrust_bearing_app/python-backend/Downloads/not_good_NG1/NG_20241009_015014.jpg
1635,20241009.0,15111,GOOD,/home/kaizen-ai/Desktop/thrust_bearing_app/python-backend/Downloads/bearing_complete/GOOD_20241009_015111.jpg
1636,20241009.0,15159,GOOD,/home/kaizen-ai/Desktop/thrust_bearing_app/python-backend/Downloads/bearing_complete/GOOD_20241009_015159.jpg
1637,20241009.0,15245,GOOD,/home/kaizen-ai/Desktop/thrust_bearing_app/python-backend/Downloads/bearing_complete/GOOD_20241009_015245.jpg
1638,20241009.0,15337,NG,/home/kaizen-ai/Desktop/thrust_bearing_app/python-backend/Downloads/not_good_NG3/NG_20241009_015337.jpg
1639,20241009.0,15508,GOOD,/home/kaizen-ai/Desktop/thrust_bearing_app/python-backend/Downloads/bearing_complete/GOOD_20241009_015508.jpg
1640,20241009.0,15603,GOOD,/home/kaizen-ai/Desktop/thrust_bearing_app/python-backend/Downloads/bearing_complete/GOOD_20241009_015603.jpg
1641,20241009.0,15705,GOOD,/home/kaizen-ai/Desktop/thrust_bearing_app/python-backend/Downloads/bearing_complete/GOOD_20241009_015705.jpg
1642,20241009.0,15819,NG,/home/kaizen-ai/Desktop/thrust_bearing_app/python-backend/Downloads/not_good_NG1/NG_20241009_015819.jpg
1643,20241009.0,15927,GOOD,/home/kaizen-ai/Desktop/thrust_bearing_app/python-backend/Downloads/bearing_complete/GOOD_20241009_015927.jpg
1644,20241009.0,20029,NG,/home/kaizen-ai/Desktop/thrust_bearing_app/python-backend/Downloads/not_good_NG1/NG_20241009_020029.jpg
1645,20241009.0,20126,GOOD,/home/kaizen-ai/Desktop/thrust_bearing_app/python-backend/Downloads/bearing_complete/GOOD_20241009_020126.jpg
1646,20241009.0,20245,GOOD,/home/kaizen-ai/Desktop/thrust_bearing_app/python-backend/Downloads/bearing_complete/GOOD_20241009_020245.jpg
1647,20241009.0,20335,NG,/home/kaizen-ai/Desktop/thrust_bearing_app/python-backend/Downloads/not_good_NG1/NG_20241009_020335.jpg
1648,20241009.0,20448,NG,/home/kaizen-ai/Desktop/thrust_bearing_app/python-backend/Downloads/not_good_NG1/NG_20241009_020448.jpg
1649,20241009.0,20549,GOOD,/home/kaizen-ai/Desktop/thrust_bearing_app/python-backend/Downloads/bearing_complete/GOOD_20241009_020549.jpg
1650,20241009.0,20657,GOOD,/home/kaizen-ai/Desktop/thrust_bearing_app/python-backend/Downloads/bearing_complete/GOOD_20241009_020657.jpg
1651,20241009.0,20803,GOOD,/home/kaizen-ai/Desktop/thrust_bearing_app/python-backend/Downloads/bearing_complete/GOOD_20241009_020803.jpg
1652,20241009.0,20900,GOOD,/home/kaizen-ai/Desktop/thrust_bearing_app/python-backend/Downloads/bearing_complete/GOOD_20241009_020900.jpg
1653,20241009.0,20957,GOOD,/home/kaizen-ai/Desktop/thrust_bearing_app/python-backend/Downloads/bearing_complete/GOOD_20241009_020957.jpg
1654,20241009.0,21105,GOOD,/home/kaizen-ai/Desktop/thrust_bearing_app/python-backend/Downloads/bearing_complete/GOOD_20241009_021105.jpg
1655,20241009.0,21124,GOOD,/home/kaizen-ai/Desktop/thrust_bearing_app/python-backend/Downloads/bearing_complete/GOOD_20241009_021124.jpg
1656,20241009.0,21229,NG,/home/kaizen-ai/Desktop/thrust_bearing_app/python-backend/Downloads/not_good_NG1/NG_20241009_021229.jpg
1657,20241009.0,21339,GOOD,/home/kaizen-ai/Desktop/thrust_bearing_app/python-backend/Downloads/bearing_complete/GOOD_20241009_021339.jpg
1658,20241009.0,21520,NG,/home/kaizen-ai/Desktop/thrust_bearing_app/python-backend/Downloads/not_good_NG1/NG_20241009_021520.jpg
1659,20241009.0,21625,NG,/home/kaizen-ai/Desktop/thrust_bearing_app/python-backend/Downloads/not_good_NG2/NG_20241009_021625.jpg
1660,20241009.0,21731,NG,/home/kaizen-ai/Desktop/thrust_bearing_app/python-backend/Downloads/not_good_NG2/NG_20241009_021731.jpg
1661,20241009.0,21911,NG,/home/kaizen-ai/Desktop/thrust_bearing_app/python-backend/Downloads/not_good_NG2/NG_20241009_021911.jpg
1662,20241009.0,22010,NG,/home/kaizen-ai/Desktop/thrust_bearing_app/python-backend/Downloads/not_good_NG2/NG_20241009_022010.jpg
1663,20241009.0,22108,NG,/home/kaizen-ai/Desktop/thrust_bearing_app/python-backend/Downloads/not_good_NG2/NG_20241009_022108.jpg
1664,20241009.0,22210,NG,/home/kaizen-ai/Desktop/thrust_bearing_app/python-backend/Downloads/not_good_NG1/NG_20241009_022210.jpg
1665,20241009.0,22317,NG,/home/kaizen-ai/Desktop/thrust_bearing_app/python-backend/Downloads/not_good_NG1/NG_20241009_022317.jpg
1666,20241009.0,22417,GOOD,/home/kaizen-ai/Desktop/thrust_bearing_app/python-backend/Downloads/bearing_complete/GOOD_20241009_022417.jpg
1667,20241009.0,22514,GOOD,/home/kaizen-ai/Desktop/thrust_bearing_app/python-backend/Downloads/bearing_complete/GOOD_20241009_022514.jpg
1668,20241009.0,22627,NG,/home/kaizen-ai/Desktop/thrust_bearing_app/python-backend/Downloads/not_good_NG1/NG_20241009_022627.jpg
1669,20241009.0,22803,GOOD,/home/kaizen-ai/Desktop/thrust_bearing_app/python-backend/Downloads/bearing_complete/GOOD_20241009_022803.jpg
1670,20241009.0,22828,NG,/home/kaizen-ai/Desktop/thrust_bearing_app/python-backend/Downloads/not_good_NG1/NG_20241009_022828.jpg
1671,20241009.0,22941,GOOD,/home/kaizen-ai/Desktop/thrust_bearing_app/python-backend/Downloads/bearing_complete/GOOD_20241009_022941.jpg
1672,20241009.0,24000,NG,/home/kaizen-ai/Desktop/thrust_bearing_app/python-backend/Downloads/not_good_NG1/NG_20241009_024000.jpg
1673,20241009.0,24226,NG,/home/kaizen-ai/Desktop/thrust_bearing_app/python-backend/Downloads/not_good_NG2/NG_20241009_024226.jpg
1674,20241009.0,24345,GOOD,/home/kaizen-ai/Desktop/thrust_bearing_app/python-backend/Downloads/bearing_complete/GOOD_20241009_024345.jpg
1675,20241009.0,24452,NG,/home/kaizen-ai/Desktop/thrust_bearing_app/python-backend/Downloads/not_good_NG1/NG_20241009_024452.jpg
1676,20241009.0,24608,NG,/home/kaizen-ai/Desktop/thrust_bearing_app/python-backend/Downloads/not_good_NG1/NG_20241009_024608.jpg
1677,20241009.0,24725,NG,/home/kaizen-ai/Desktop/thrust_bearing_app/python-backend/Downloads/not_good_NG1/NG_20241009_024725.jpg
1678,20241009.0,24816,GOOD,/home/kaizen-ai/Desktop/thrust_bearing_app/python-backend/Downloads/bearing_complete/GOOD_20241009_024816.jpg
1679,20241009.0,24923,GOOD,/home/kaizen-ai/Desktop/thrust_bearing_app/python-backend/Downloads/bearing_complete/GOOD_20241009_024923.jpg
1680,20241009.0,25017,GOOD,/home/kaizen-ai/Desktop/thrust_bearing_app/python-backend/Downloads/bearing_complete/GOOD_20241009_025017.jpg
1681,20241009.0,25227,NG,/home/kaizen-ai/Desktop/thrust_bearing_app/python-backend/Downloads/not_good_NG1/NG_20241009_025227.jpg
1682,20241009.0,25323,NG,/home/kaizen-ai/Desktop/thrust_bearing_app/python-backend/Downloads/not_good_NG1/NG_20241009_025323.jpg
1683,20241009.0,25413,GOOD,/home/kaizen-ai/Desktop/thrust_bearing_app/python-backend/Downloads/bearing_complete/GOOD_20241009_025413.jpg
1684,20241009.0,25457,GOOD,/home/kaizen-ai/Desktop/thrust_bearing_app/python-backend/Downloads/bearing_complete/GOOD_20241009_025457.jpg
1685,20241009.0,25558,NG,/home/kaizen-ai/Desktop/thrust_bearing_app/python-backend/Downloads/not_good_NG1/NG_20241009_025558.jpg
1686,20241009.0,25706,NG,/home/kaizen-ai/Desktop/thrust_bearing_app/python-backend/Downloads/not_good_NG1/NG_20241009_025706.jpg
1687,20241009.0,25800,NG,/home/kaizen-ai/Desktop/thrust_bearing_app/python-backend/Downloads/not_good_NG2/NG_20241009_025800.jpg
1688,20241009.0,25907,GOOD,/home/kaizen-ai/Desktop/thrust_bearing_app/python-backend/Downloads/bearing_complete/GOOD_20241009_025907.jpg
1689,20241009.0,30009,NG,/home/kaizen-ai/Desktop/thrust_bearing_app/python-backend/Downloads/not_good_NG1/NG_20241009_030009.jpg
1690,20241009.0,30113,GOOD,/home/kaizen-ai/Desktop/thrust_bearing_app/python-backend/Downloads/bearing_complete/GOOD_20241009_030113.jpg
1691,20241009.0,30212,NG,/home/kaizen-ai/Desktop/thrust_bearing_app/python-backend/Downloads/not_good_NG2/NG_20241009_030212.jpg
1692,20241009.0,30318,NG,/home/kaizen-ai/Desktop/thrust_bearing_app/python-backend/Downloads/not_good_NG3/NG_20241009_030318.jpg
1693,20241009.0,30431,GOOD,/home/kaizen-ai/Desktop/thrust_bearing_app/python-backend/Downloads/bearing_complete/GOOD_20241009_030431.jpg
1694,20241009.0,30534,GOOD,/home/kaizen-ai/Desktop/thrust_bearing_app/python-backend/Downloads/bearing_complete/GOOD_20241009_030534.jpg
1695,20241009.0,30651,NG,/home/kaizen-ai/Desktop/thrust_bearing_app/python-backend/Downloads/not_good_NG1/NG_20241009_030651.jpg
1696,20241009.0,30744,GOOD,/home/kaizen-ai/Desktop/thrust_bearing_app/python-backend/Downloads/bearing_complete/GOOD_20241009_030744.jpg
1697,20241009.0,30906,GOOD,/home/kaizen-ai/Desktop/thrust_bearing_app/python-backend/Downloads/bearing_complete/GOOD_20241009_030906.jpg
1698,20241009.0,31043,GOOD,/home/kaizen-ai/Desktop/thrust_bearing_app/python-backend/Downloads/bearing_complete/GOOD_20241009_031043.jpg
1699,20241009.0,31137,NG,/home/kaizen-ai/Desktop/thrust_bearing_app/python-backend/Downloads/not_good_NG3/NG_20241009_031137.jpg
1700,20241009.0,31221,NG,/home/kaizen-ai/Desktop/thrust_bearing_app/python-backend/Downloads/not_good_NG3/NG_20241009_031221.jpg
1701,20241009.0,31321,NG,/home/kaizen-ai/Desktop/thrust_bearing_app/python-backend/Downloads/not_good_NG1/NG_20241009_031321.jpg
1702,20241009.0,31427,GOOD,/home/kaizen-ai/Desktop/thrust_bearing_app/python-backend/Downloads/bearing_complete/GOOD_20241009_031427.jpg
1703,20241009.0,31524,GOOD,/home/kaizen-ai/Desktop/thrust_bearing_app/python-backend/Downloads/bearing_complete/GOOD_20241009_031524.jpg
1704,20241009.0,31559,NG,/home/kaizen-ai/Desktop/thrust_bearing_app/python-backend/Downloads/not_good_NG4/NG_20241009_031559.jpg
1705,20241009.0,31756,NG,/home/kaizen-ai/Desktop/thrust_bearing_app/python-backend/Downloads/not_good_NG1/NG_20241009_031756.jpg
1706,20241009.0,31854,NG,/home/kaizen-ai/Desktop/thrust_bearing_app/python-backend/Downloads/not_good_NG3/NG_20241009_031854.jpg
1707,20241009.0,31951,NG,/home/kaizen-ai/Desktop/thrust_bearing_app/python-backend/Downloads/not_good_NG2/NG_20241009_031951.jpg
1708,20241009.0,32101,NG,/home/kaizen-ai/Desktop/thrust_bearing_app/python-backend/Downloads/not_good_NG2/NG_20241009_032101.jpg
1709,20241009.0,32225,GOOD,/home/kaizen-ai/Desktop/thrust_bearing_app/python-backend/Downloads/bearing_complete/GOOD_20241009_032225.jpg
1710,20241009.0,32410,NG,/home/kaizen-ai/Desktop/thrust_bearing_app/python-backend/Downloads/not_good_NG2/NG_20241009_032410.jpg
1711,20241009.0,32442,NG,/home/kaizen-ai/Desktop/thrust_bearing_app/python-backend/Downloads/not_good_NG1/NG_20241009_032442.jpg
1712,20241009.0,32545,GOOD,/home/kaizen-ai/Desktop/thrust_bearing_app/python-backend/Downloads/bearing_complete/GOOD_20241009_032545.jpg
1713,20241009.0,32712,NG,/home/kaizen-ai/Desktop/thrust_bearing_app/python-backend/Downloads/not_good_NG1/NG_20241009_032712.jpg
1714,20241009.0,32750,GOOD,/home/kaizen-ai/Desktop/thrust_bearing_app/python-backend/Downloads/bearing_complete/GOOD_20241009_032750.jpg
1715,20241009.0,32856,GOOD,/home/kaizen-ai/Desktop/thrust_bearing_app/python-backend/Downloads/bearing_complete/GOOD_20241009_032856.jpg
1716,20241009.0,32957,NG,/home/kaizen-ai/Desktop/thrust_bearing_app/python-backend/Downloads/not_good_NG1/NG_20241009_032957.jpg
1717,20241009.0,33146,NG,/home/kaizen-ai/Desktop/thrust_bearing_app/python-backend/Downloads/not_good_NG3/NG_20241009_033146.jpg
1718,20241009.0,33255,GOOD,/home/kaizen-ai/Desktop/thrust_bearing_app/python-backend/Downloads/bearing_complete/GOOD_20241009_033255.jpg
1719,20241009.0,33410,GOOD,/home/kaizen-ai/Desktop/thrust_bearing_app/python-backend/Downloads/bearing_complete/GOOD_20241009_033410.jpg
1720,20241009.0,33508,GOOD,/home/kaizen-ai/Desktop/thrust_bearing_app/python-backend/Downloads/bearing_complete/GOOD_20241009_033508.jpg
1721,20241009.0,33712,GOOD,/home/kaizen-ai/Desktop/thrust_bearing_app/python-backend/Downloads/bearing_complete/GOOD_20241009_033712.jpg
1722,20241009.0,33820,NG,/home/kaizen-ai/Desktop/thrust_bearing_app/python-backend/Downloads/not_good_NG1/NG_20241009_033820.jpg
1723,20241009.0,33900,NG,/home/kaizen-ai/Desktop/thrust_bearing_app/python-backend/Downloads/not_good_NG1/NG_20241009_033900.jpg
1724,20241009.0,34017,GOOD,/home/kaizen-ai/Desktop/thrust_bearing_app/python-backend/Downloads/bearing_complete/GOOD_20241009_034017.jpg
1725,20241009.0,34119,GOOD,/home/kaizen-ai/Desktop/thrust_bearing_app/python-backend/Downloads/bearing_complete/GOOD_20241009_034119.jpg
1726,20241009.0,34227,GOOD,/home/kaizen-ai/Desktop/thrust_bearing_app/python-backend/Downloads/bearing_complete/GOOD_20241009_034227.jpg
1727,20241009.0,34349,NG,/home/kaizen-ai/Desktop/thrust_bearing_app/python-backend/Downloads/not_good_NG2/NG_20241009_034349.jpg
1728,20241009.0,34455,GOOD,/home/kaizen-ai/Desktop/thrust_bearing_app/python-backend/Downloads/bearing_complete/GOOD_20241009_034455.jpg
1729,20241009.0,34600,GOOD,/home/kaizen-ai/Desktop/thrust_bearing_app/python-backend/Downloads/bearing_complete/GOOD_20241009_034600.jpg
1730,20241009.0,34705,GOOD,/home/kaizen-ai/Desktop/thrust_bearing_app/python-backend/Downloads/bearing_complete/GOOD_20241009_034705.jpg
1731,20241009.0,34811,GOOD,/home/kaizen-ai/Desktop/thrust_bearing_app/python-backend/Downloads/bearing_complete/GOOD_20241009_034811.jpg
1732,20241009.0,34928,GOOD,/home/kaizen-ai/Desktop/thrust_bearing_app/python-backend/Downloads/bearing_complete/GOOD_20241009_034928.jpg
1733,20241009.0,35030,GOOD,/home/kaizen-ai/Desktop/thrust_bearing_app/python-backend/Downloads/bearing_complete/GOOD_20241009_035030.jpg
1734,20241009.0,35201,NG,/home/kaizen-ai/Desktop/thrust_bearing_app/python-backend/Downloads/not_good_NG3/NG_20241009_035201.jpg
1735,20241009.0,35302,NG,/home/kaizen-ai/Desktop/thrust_bearing_app/python-backend/Downloads/not_good_NG1/NG_20241009_035302.jpg
1736,20241009.0,35412,GOOD,/home/kaizen-ai/Desktop/thrust_bearing_app/python-backend/Downloads/bearing_complete/GOOD_20241009_035412.jpg
1737,20241009.0,35507,GOOD,/home/kaizen-ai/Desktop/thrust_bearing_app/python-backend/Downloads/bearing_complete/GOOD_20241009_035507.jpg
1738,20241009.0,35624,NG,/home/kaizen-ai/Desktop/thrust_bearing_app/python-backend/Downloads/not_good_NG2/NG_20241009_035624.jpg
1739,20241009.0,35730,GOOD,/home/kaizen-ai/Desktop/thrust_bearing_app/python-backend/Downloads/bearing_complete/GOOD_20241009_035730.jpg
1740,20241009.0,35830,GOOD,/home/kaizen-ai/Desktop/thrust_bearing_app/python-backend/Downloads/bearing_complete/GOOD_20241009_035830.jpg
1741,20241009.0,35931,GOOD,/home/kaizen-ai/Desktop/thrust_bearing_app/python-backend/Downloads/bearing_complete/GOOD_20241009_035931.jpg
1742,20241009.0,40045,NG,/home/kaizen-ai/Desktop/thrust_bearing_app/python-backend/Downloads/not_good_NG1/NG_20241009_040045.jpg
1743,20241009.0,40150,GOOD,/home/kaizen-ai/Desktop/thrust_bearing_app/python-backend/Downloads/bearing_complete/GOOD_20241009_040150.jpg
1744,20241009.0,40310,GOOD,/home/kaizen-ai/Desktop/thrust_bearing_app/python-backend/Downloads/bearing_complete/GOOD_20241009_040310.jpg
1745,20241009.0,40415,GOOD,/home/kaizen-ai/Desktop/thrust_bearing_app/python-backend/Downloads/bearing_complete/GOOD_20241009_040415.jpg
1746,20241009.0,40543,GOOD,/home/kaizen-ai/Desktop/thrust_bearing_app/python-backend/Downloads/bearing_complete/GOOD_20241009_040543.jpg
1747,20241009.0,40705,NG,/home/kaizen-ai/Desktop/thrust_bearing_app/python-backend/Downloads/not_good_NG1/NG_20241009_040705.jpg
1748,20241009.0,40749,GOOD,/home/kaizen-ai/Desktop/thrust_bearing_app/python-backend/Downloads/bearing_complete/GOOD_20241009_040749.jpg
1749,20241009.0,40836,NG,/home/kaizen-ai/Desktop/thrust_bearing_app/python-backend/Downloads/not_good_NG2/NG_20241009_040836.jpg
1750,20241009.0,41002,NG,/home/kaizen-ai/Desktop/thrust_bearing_app/python-backend/Downloads/not_good_NG3/NG_20241009_041002.jpg
1751,20241009.0,41051,GOOD,/home/kaizen-ai/Desktop/thrust_bearing_app/python-backend/Downloads/bearing_complete/GOOD_20241009_041051.jpg
1752,20241009.0,41145,GOOD,/home/kaizen-ai/Desktop/thrust_bearing_app/python-backend/Downloads/bearing_complete/GOOD_20241009_041145.jpg
1753,20241009.0,41246,NG,/home/kaizen-ai/Desktop/thrust_bearing_app/python-backend/Downloads/not_good_NG2/NG_20241009_041246.jpg
1754,20241009.0,41406,NG,/home/kaizen-ai/Desktop/thrust_bearing_app/python-backend/Downloads/not_good_NG2/NG_20241009_041406.jpg
1755,20241009.0,41504,NG,/home/kaizen-ai/Desktop/thrust_bearing_app/python-backend/Downloads/not_good_NG3/NG_20241009_041504.jpg
1756,20241009.0,41616,NG,/home/kaizen-ai/Desktop/thrust_bearing_app/python-backend/Downloads/not_good_NG3/NG_20241009_041616.jpg
1757,20241009.0,41705,GOOD,/home/kaizen-ai/Desktop/thrust_bearing_app/python-backend/Downloads/bearing_complete/GOOD_20241009_041705.jpg
1758,20241009.0,41754,NG,/home/kaizen-ai/Desktop/thrust_bearing_app/python-backend/Downloads/not_good_NG2/NG_20241009_041754.jpg
1759,20241009.0,41904,NG,/home/kaizen-ai/Desktop/thrust_bearing_app/python-backend/Downloads/not_good_NG1/NG_20241009_041904.jpg
1760,20241009.0,42029,GOOD,/home/kaizen-ai/Desktop/thrust_bearing_app/python-backend/Downloads/bearing_complete/GOOD_20241009_042029.jpg
1761,20241009.0,42118,GOOD,/home/kaizen-ai/Desktop/thrust_bearing_app/python-backend/Downloads/bearing_complete/GOOD_20241009_042118.jpg
1762,20241009.0,42245,GOOD,/home/kaizen-ai/Desktop/thrust_bearing_app/python-backend/Downloads/bearing_complete/GOOD_20241009_042245.jpg
1763,20241009.0,42403,GOOD,/home/kaizen-ai/Desktop/thrust_bearing_app/python-backend/Downloads/bearing_complete/GOOD_20241009_042403.jpg
1764,20241009.0,42526,GOOD,/home/kaizen-ai/Desktop/thrust_bearing_app/python-backend/Downloads/bearing_complete/GOOD_20241009_042526.jpg
1765,20241009.0,42656,GOOD,/home/kaizen-ai/Desktop/thrust_bearing_app/python-backend/Downloads/bearing_complete/GOOD_20241009_042656.jpg
1766,20241009.0,42752,GOOD,/home/kaizen-ai/Desktop/thrust_bearing_app/python-backend/Downloads/bearing_complete/GOOD_20241009_042752.jpg
1767,20241009.0,42932,NG,/home/kaizen-ai/Desktop/thrust_bearing_app/python-backend/Downloads/not_good_NG1/NG_20241009_042932.jpg
1768,20241009.0,43047,GOOD,/home/kaizen-ai/Desktop/thrust_bearing_app/python-backend/Downloads/bearing_complete/GOOD_20241009_043047.jpg
1769,20241009.0,50041,GOOD,/home/kaizen-ai/Desktop/thrust_bearing_app/python-backend/Downloads/bearing_complete/GOOD_20241009_050041.jpg
1770,20241009.0,50134,GOOD,/home/kaizen-ai/Desktop/thrust_bearing_app/python-backend/Downloads/bearing_complete/GOOD_20241009_050134.jpg
1771,20241009.0,50252,GOOD,/home/kaizen-ai/Desktop/thrust_bearing_app/python-backend/Downloads/bearing_complete/GOOD_20241009_050252.jpg
1772,20241009.0,50414,NG,/home/kaizen-ai/Desktop/thrust_bearing_app/python-backend/Downloads/not_good_NG3/NG_20241009_050414.jpg
1773,20241009.0,50521,GOOD,/home/kaizen-ai/Desktop/thrust_bearing_app/python-backend/Downloads/bearing_complete/GOOD_20241009_050521.jpg
1774,20241009.0,50641,NG,/home/kaizen-ai/Desktop/thrust_bearing_app/python-backend/Downloads/not_good_NG1/NG_20241009_050641.jpg
1775,20241009.0,50730,GOOD,/home/kaizen-ai/Desktop/thrust_bearing_app/python-backend/Downloads/bearing_complete/GOOD_20241009_050730.jpg
1776,20241009.0,50905,GOOD,/home/kaizen-ai/Desktop/thrust_bearing_app/python-backend/Downloads/bearing_complete/GOOD_20241009_050905.jpg
1777,20241009.0,51009,NG,/home/kaizen-ai/Desktop/thrust_bearing_app/python-backend/Downloads/not_good_NG2/NG_20241009_051009.jpg
1778,20241009.0,51106,NG,/home/kaizen-ai/Desktop/thrust_bearing_app/python-backend/Downloads/not_good_NG3/NG_20241009_051106.jpg
1779,20241009.0,51205,NG,/home/kaizen-ai/Desktop/thrust_bearing_app/python-backend/Downloads/not_good_NG1/NG_20241009_051205.jpg
1780,20241009.0,51256,GOOD,/home/kaizen-ai/Desktop/thrust_bearing_app/python-backend/Downloads/bearing_complete/GOOD_20241009_051256.jpg
1781,20241009.0,51354,NG,/home/kaizen-ai/Desktop/thrust_bearing_app/python-backend/Downloads/not_good_NG2/NG_20241009_051354.jpg
1782,20241009.0,51517,NG,/home/kaizen-ai/Desktop/thrust_bearing_app/python-backend/Downloads/not_good_NG2/NG_20241009_051517.jpg
1783,20241009.0,51618,GOOD,/home/kaizen-ai/Desktop/thrust_bearing_app/python-backend/Downloads/bearing_complete/GOOD_20241009_051618.jpg
1784,20241009.0,51717,GOOD,/home/kaizen-ai/Desktop/thrust_bearing_app/python-backend/Downloads/bearing_complete/GOOD_20241009_051717.jpg
1785,20241009.0,51831,GOOD,/home/kaizen-ai/Desktop/thrust_bearing_app/python-backend/Downloads/bearing_complete/GOOD_20241009_051831.jpg
1786,20241009.0,51924,GOOD,/home/kaizen-ai/Desktop/thrust_bearing_app/python-backend/Downloads/bearing_complete/GOOD_20241009_051924.jpg
1787,20241009.0,52014,GOOD,/home/kaizen-ai/Desktop/thrust_bearing_app/python-backend/Downloads/bearing_complete/GOOD_20241009_052014.jpg
1788,20241009.0,52314,GOOD,/home/kaizen-ai/Desktop/thrust_bearing_app/python-backend/Downloads/bearing_complete/GOOD_20241009_052314.jpg
1789,20241009.0,52349,NG,/home/kaizen-ai/Desktop/thrust_bearing_app/python-backend/Downloads/not_good_NG1/NG_20241009_052349.jpg
1790,20241009.0,52444,NG,/home/kaizen-ai/Desktop/thrust_bearing_app/python-backend/Downloads/not_good_NG1/NG_20241009_052444.jpg
1791,20241009.0,52550,NG,/home/kaizen-ai/Desktop/thrust_bearing_app/python-backend/Downloads/not_good_NG2/NG_20241009_052550.jpg
1792,20241009.0,52759,GOOD,/home/kaizen-ai/Desktop/thrust_bearing_app/python-backend/Downloads/bearing_complete/GOOD_20241009_052759.jpg
1793,20241009.0,52852,NG,/home/kaizen-ai/Desktop/thrust_bearing_app/python-backend/Downloads/not_good_NG1/NG_20241009_052852.jpg
1794,20241009.0,52958,GOOD,/home/kaizen-ai/Desktop/thrust_bearing_app/python-backend/Downloads/bearing_complete/GOOD_20241009_052958.jpg
1795,20241009.0,53047,GOOD,/home/kaizen-ai/Desktop/thrust_bearing_app/python-backend/Downloads/bearing_complete/GOOD_20241009_053047.jpg
1796,20241009.0,53139,NG,/home/kaizen-ai/Desktop/thrust_bearing_app/python-backend/Downloads/not_good_NG3/NG_20241009_053139.jpg
1797,20241009.0,53237,GOOD,/home/kaizen-ai/Desktop/thrust_bearing_app/python-backend/Downloads/bearing_complete/GOOD_20241009_053237.jpg
1798,20241009.0,53343,NG,/home/kaizen-ai/Desktop/thrust_bearing_app/python-backend/Downloads/not_good_NG1/NG_20241009_053343.jpg
1799,20241009.0,53443,GOOD,/home/kaizen-ai/Desktop/thrust_bearing_app/python-backend/Downloads/bearing_complete/GOOD_20241009_053443.jpg
1800,20241009.0,53543,GOOD,/home/kaizen-ai/Desktop/thrust_bearing_app/python-backend/Downloads/bearing_complete/GOOD_20241009_053543.jpg
1801,20241009.0,53632,GOOD,/home/kaizen-ai/Desktop/thrust_bearing_app/python-backend/Downloads/bearing_complete/GOOD_20241009_053632.jpg
1802,20241009.0,53733,NG,/home/kaizen-ai/Desktop/thrust_bearing_app/python-backend/Downloads/not_good_NG1/NG_20241009_053733.jpg
1803,20241009.0,53826,GOOD,/home/kaizen-ai/Desktop/thrust_bearing_app/python-backend/Downloads/bearing_complete/GOOD_20241009_053826.jpg
1804,20241009.0,53928,NG,/home/kaizen-ai/Desktop/thrust_bearing_app/python-backend/Downloads/not_good_NG1/NG_20241009_053928.jpg
1805,20241009.0,72014,NG,/home/kaizen-ai/Desktop/thrust_bearing_app/python-backend/Downloads/not_good_NG3/NG_20241009_072014.jpg
1806,20241009.0,72200,NG,/home/kaizen-ai/Desktop/thrust_bearing_app/python-backend/Downloads/not_good_NG3/NG_20241009_072200.jpg
1807,20241009.0,72332,NG,/home/kaizen-ai/Desktop/thrust_bearing_app/python-backend/Downloads/not_good_NG3/NG_20241009_072332.jpg
1808,20241009.0,72434,GOOD,/home/kaizen-ai/Desktop/thrust_bearing_app/python-backend/Downloads/bearing_complete/GOOD_20241009_072434.jpg
1809,20241009.0,72534,GOOD,/home/kaizen-ai/Desktop/thrust_bearing_app/python-backend/Downloads/bearing_complete/GOOD_20241009_072534.jpg
1810,20241009.0,72648,GOOD,/home/kaizen-ai/Desktop/thrust_bearing_app/python-backend/Downloads/bearing_complete/GOOD_20241009_072648.jpg
1811,20241009.0,72802,GOOD,/home/kaizen-ai/Desktop/thrust_bearing_app/python-backend/Downloads/bearing_complete/GOOD_20241009_072802.jpg
1812,20241009.0,72938,NG,/home/kaizen-ai/Desktop/thrust_bearing_app/python-backend/Downloads/not_good_NG3/NG_20241009_072938.jpg
1813,20241009.0,73036,NG,/home/kaizen-ai/Desktop/thrust_bearing_app/python-backend/Downloads/not_good_NG3/NG_20241009_073036.jpg
1814,20241009.0,73136,NG,/home/kaizen-ai/Desktop/thrust_bearing_app/python-backend/Downloads/not_good_NG3/NG_20241009_073136.jpg
1815,20241009.0,73243,NG,/home/kaizen-ai/Desktop/thrust_bearing_app/python-backend/Downloads/not_good_NG3/NG_20241009_073243.jpg
1816,20241009.0,73328,GOOD,/home/kaizen-ai/Desktop/thrust_bearing_app/python-backend/Downloads/bearing_complete/GOOD_20241009_073328.jpg
1817,20241009.0,73433,NG,/home/kaizen-ai/Desktop/thrust_bearing_app/python-backend/Downloads/not_good_NG3/NG_20241009_073433.jpg
1818,20241009.0,73611,NG,/home/kaizen-ai/Desktop/thrust_bearing_app/python-backend/Downloads/not_good_NG3/NG_20241009_073611.jpg
1819,20241009.0,73718,GOOD,/home/kaizen-ai/Desktop/thrust_bearing_app/python-backend/Downloads/bearing_complete/GOOD_20241009_073718.jpg
1820,20241009.0,73755,GOOD,/home/kaizen-ai/Desktop/thrust_bearing_app/python-backend/Downloads/bearing_complete/GOOD_20241009_073755.jpg
1821,20241009.0,73919,GOOD,/home/kaizen-ai/Desktop/thrust_bearing_app/python-backend/Downloads/bearing_complete/GOOD_20241009_073919.jpg
1822,20241009.0,74021,GOOD,/home/kaizen-ai/Desktop/thrust_bearing_app/python-backend/Downloads/bearing_complete/GOOD_20241009_074021.jpg
1823,20241009.0,74123,NG,/home/kaizen-ai/Desktop/thrust_bearing_app/python-backend/Downloads/not_good_NG3/NG_20241009_074123.jpg
1824,20241009.0,74224,GOOD,/home/kaizen-ai/Desktop/thrust_bearing_app/python-backend/Downloads/bearing_complete/GOOD_20241009_074224.jpg
1825,20241009.0,74330,GOOD,/home/kaizen-ai/Desktop/thrust_bearing_app/python-backend/Downloads/bearing_complete/GOOD_20241009_074330.jpg
1826,20241009.0,74435,GOOD,/home/kaizen-ai/Desktop/thrust_bearing_app/python-backend/Downloads/bearing_complete/GOOD_20241009_074435.jpg
1827,20241009.0,74650,GOOD,/home/kaizen-ai/Desktop/thrust_bearing_app/python-backend/Downloads/bearing_complete/GOOD_20241009_074650.jpg
1828,20241009.0,74801,NG,/home/kaizen-ai/Desktop/thrust_bearing_app/python-backend/Downloads/not_good_NG3/NG_20241009_074801.jpg
1829,20241009.0,74832,GOOD,/home/kaizen-ai/Desktop/thrust_bearing_app/python-backend/Downloads/bearing_complete/GOOD_20241009_074832.jpg
1830,20241009.0,75207,GOOD,/home/kaizen-ai/Desktop/thrust_bearing_app/python-backend/Downloads/bearing_complete/GOOD_20241009_075207.jpg
1831,20241009.0,75302,GOOD,/home/kaizen-ai/Desktop/thrust_bearing_app/python-backend/Downloads/bearing_complete/GOOD_20241009_075302.jpg
1832,20241009.0,75346,GOOD,/home/kaizen-ai/Desktop/thrust_bearing_app/python-backend/Downloads/bearing_complete/GOOD_20241009_075346.jpg
1833,20241009.0,75438,GOOD,/home/kaizen-ai/Desktop/thrust_bearing_app/python-backend/Downloads/bearing_complete/GOOD_20241009_075438.jpg
1834,20241009.0,75549,GOOD,/home/kaizen-ai/Desktop/thrust_bearing_app/python-backend/Downloads/bearing_complete/GOOD_20241009_075549.jpg
1835,20241009.0,75701,NG,/home/kaizen-ai/Desktop/thrust_bearing_app/python-backend/Downloads/not_good_NG4/NG_20241009_075701.jpg
1836,20241009.0,75758,GOOD,/home/kaizen-ai/Desktop/thrust_bearing_app/python-backend/Downloads/bearing_complete/GOOD_20241009_075758.jpg
1837,20241009.0,75841,NG,/home/kaizen-ai/Desktop/thrust_bearing_app/python-backend/Downloads/not_good_NG3/NG_20241009_075841.jpg
1838,20241009.0,75943,GOOD,/home/kaizen-ai/Desktop/thrust_bearing_app/python-backend/Downloads/bearing_complete/GOOD_20241009_075943.jpg
1839,20241009.0,80035,GOOD,/home/kaizen-ai/Desktop/thrust_bearing_app/python-backend/Downloads/bearing_complete/GOOD_20241009_080035.jpg
1840,20241009.0,80129,NG,/home/kaizen-ai/Desktop/thrust_bearing_app/python-backend/Downloads/not_good_NG3/NG_20241009_080129.jpg
1841,20241009.0,80217,GOOD,/home/kaizen-ai/Desktop/thrust_bearing_app/python-backend/Downloads/bearing_complete/GOOD_20241009_080217.jpg
1842,20241009.0,80305,GOOD,/home/kaizen-ai/Desktop/thrust_bearing_app/python-backend/Downloads/bearing_complete/GOOD_20241009_080305.jpg
1843,20241009.0,80400,GOOD,/home/kaizen-ai/Desktop/thrust_bearing_app/python-backend/Downloads/bearing_complete/GOOD_20241009_080400.jpg
1844,20241009.0,80450,GOOD,/home/kaizen-ai/Desktop/thrust_bearing_app/python-backend/Downloads/bearing_complete/GOOD_20241009_080450.jpg
1845,20241009.0,80540,GOOD,/home/kaizen-ai/Desktop/thrust_bearing_app/python-backend/Downloads/bearing_complete/GOOD_20241009_080540.jpg
1846,20241009.0,80637,GOOD,/home/kaizen-ai/Desktop/thrust_bearing_app/python-backend/Downloads/bearing_complete/GOOD_20241009_080637.jpg
1847,20241009.0,80754,GOOD,/home/kaizen-ai/Desktop/thrust_bearing_app/python-backend/Downloads/bearing_complete/GOOD_20241009_080754.jpg
1848,20241009.0,80844,GOOD,/home/kaizen-ai/Desktop/thrust_bearing_app/python-backend/Downloads/bearing_complete/GOOD_20241009_080844.jpg
1849,20241009.0,80948,NG,/home/kaizen-ai/Desktop/thrust_bearing_app/python-backend/Downloads/not_good_NG4/NG_20241009_080948.jpg
1850,20241009.0,81025,GOOD,/home/kaizen-ai/Desktop/thrust_bearing_app/python-backend/Downloads/bearing_complete/GOOD_20241009_081025.jpg
1851,20241009.0,81135,GOOD,/home/kaizen-ai/Desktop/thrust_bearing_app/python-backend/Downloads/bearing_complete/GOOD_20241009_081135.jpg
1852,20241009.0,81226,GOOD,/home/kaizen-ai/Desktop/thrust_bearing_app/python-backend/Downloads/bearing_complete/GOOD_20241009_081226.jpg
1853,20241009.0,81321,GOOD,/home/kaizen-ai/Desktop/thrust_bearing_app/python-backend/Downloads/bearing_complete/GOOD_20241009_081321.jpg
1854,20241009.0,81420,GOOD,/home/kaizen-ai/Desktop/thrust_bearing_app/python-backend/Downloads/bearing_complete/GOOD_20241009_081420.jpg
1855,20241009.0,81509,NG,/home/kaizen-ai/Desktop/thrust_bearing_app/python-backend/Downloads/not_good_NG3/NG_20241009_081509.jpg
1856,20241009.0,81605,GOOD,/home/kaizen-ai/Desktop/thrust_bearing_app/python-backend/Downloads/bearing_complete/GOOD_20241009_081605.jpg
1857,20241009.0,81650,GOOD,/home/kaizen-ai/Desktop/thrust_bearing_app/python-backend/Downloads/bearing_complete/GOOD_20241009_081650.jpg
1858,20241009.0,81804,GOOD,/home/kaizen-ai/Desktop/thrust_bearing_app/python-backend/Downloads/bearing_complete/GOOD_20241009_081804.jpg
1859,20241009.0,81856,GOOD,/home/kaizen-ai/Desktop/thrust_bearing_app/python-backend/Downloads/bearing_complete/GOOD_20241009_081856.jpg
1860,20241009.0,81952,GOOD,/home/kaizen-ai/Desktop/thrust_bearing_app/python-backend/Downloads/bearing_complete/GOOD_20241009_081952.jpg
1861,20241009.0,82047,GOOD,/home/kaizen-ai/Desktop/thrust_bearing_app/python-backend/Downloads/bearing_complete/GOOD_20241009_082047.jpg
1862,20241009.0,82145,NG,/home/kaizen-ai/Desktop/thrust_bearing_app/python-backend/Downloads/not_good_NG3/NG_20241009_082145.jpg
1863,20241009.0,82249,GOOD,/home/kaizen-ai/Desktop/thrust_bearing_app/python-backend/Downloads/bearing_complete/GOOD_20241009_082249.jpg
1864,20241009.0,82515,GOOD,/home/kaizen-ai/Desktop/thrust_bearing_app/python-backend/Downloads/bearing_complete/GOOD_20241009_082515.jpg
1865,20241009.0,82604,GOOD,/home/kaizen-ai/Desktop/thrust_bearing_app/python-backend/Downloads/bearing_complete/GOOD_20241009_082604.jpg
1866,20241009.0,82701,GOOD,/home/kaizen-ai/Desktop/thrust_bearing_app/python-backend/Downloads/bearing_complete/GOOD_20241009_082701.jpg
1867,20241009.0,82800,GOOD,/home/kaizen-ai/Desktop/thrust_bearing_app/python-backend/Downloads/bearing_complete/GOOD_20241009_082800.jpg
1868,20241009.0,82905,NG,/home/kaizen-ai/Desktop/thrust_bearing_app/python-backend/Downloads/not_good_NG3/NG_20241009_082905.jpg
1869,20241009.0,82946,GOOD,/home/kaizen-ai/Desktop/thrust_bearing_app/python-backend/Downloads/bearing_complete/GOOD_20241009_082946.jpg
1870,20241009.0,83052,GOOD,/home/kaizen-ai/Desktop/thrust_bearing_app/python-backend/Downloads/bearing_complete/GOOD_20241009_083052.jpg
1871,20241009.0,83223,GOOD,/home/kaizen-ai/Desktop/thrust_bearing_app/python-backend/Downloads/bearing_complete/GOOD_20241009_083223.jpg
1872,20241009.0,83317,GOOD,/home/kaizen-ai/Desktop/thrust_bearing_app/python-backend/Downloads/bearing_complete/GOOD_20241009_083317.jpg
1873,20241009.0,83409,NG,/home/kaizen-ai/Desktop/thrust_bearing_app/python-backend/Downloads/not_good_NG3/NG_20241009_083409.jpg
1874,20241009.0,83534,GOOD,/home/kaizen-ai/Desktop/thrust_bearing_app/python-backend/Downloads/bearing_complete/GOOD_20241009_083534.jpg
1875,20241009.0,83624,GOOD,/home/kaizen-ai/Desktop/thrust_bearing_app/python-backend/Downloads/bearing_complete/GOOD_20241009_083624.jpg
1876,20241009.0,83751,NG,/home/kaizen-ai/Desktop/thrust_bearing_app/python-backend/Downloads/not_good_NG3/NG_20241009_083751.jpg
1877,20241009.0,83822,NG,/home/kaizen-ai/Desktop/thrust_bearing_app/python-backend/Downloads/not_good_NG3/NG_20241009_083822.jpg
1878,20241009.0,83935,GOOD,/home/kaizen-ai/Desktop/thrust_bearing_app/python-backend/Downloads/bearing_complete/GOOD_20241009_083935.jpg
1879,20241009.0,84025,GOOD,/home/kaizen-ai/Desktop/thrust_bearing_app/python-backend/Downloads/bearing_complete/GOOD_20241009_084025.jpg
1880,20241009.0,84213,GOOD,/home/kaizen-ai/Desktop/thrust_bearing_app/python-backend/Downloads/bearing_complete/GOOD_20241009_084213.jpg
1881,20241009.0,84308,GOOD,/home/kaizen-ai/Desktop/thrust_bearing_app/python-backend/Downloads/bearing_complete/GOOD_20241009_084308.jpg
1882,20241009.0,84345,GOOD,/home/kaizen-ai/Desktop/thrust_bearing_app/python-backend/Downloads/bearing_complete/GOOD_20241009_084345.jpg
1883,20241009.0,84437,GOOD,/home/kaizen-ai/Desktop/thrust_bearing_app/python-backend/Downloads/bearing_complete/GOOD_20241009_084437.jpg
1884,20241009.0,84552,GOOD,/home/kaizen-ai/Desktop/thrust_bearing_app/python-backend/Downloads/bearing_complete/GOOD_20241009_084552.jpg
1885,20241009.0,84639,NG,/home/kaizen-ai/Desktop/thrust_bearing_app/python-backend/Downloads/not_good_NG1/NG_20241009_084639.jpg
1886,20241009.0,84740,GOOD,/home/kaizen-ai/Desktop/thrust_bearing_app/python-backend/Downloads/bearing_complete/GOOD_20241009_084740.jpg
1887,20241009.0,84900,GOOD,/home/kaizen-ai/Desktop/thrust_bearing_app/python-backend/Downloads/bearing_complete/GOOD_20241009_084900.jpg
1888,20241009.0,85013,GOOD,/home/kaizen-ai/Desktop/thrust_bearing_app/python-backend/Downloads/bearing_complete/GOOD_20241009_085013.jpg
1889,20241009.0,85055,GOOD,/home/kaizen-ai/Desktop/thrust_bearing_app/python-backend/Downloads/bearing_complete/GOOD_20241009_085055.jpg
1890,20241009.0,85148,GOOD,/home/kaizen-ai/Desktop/thrust_bearing_app/python-backend/Downloads/bearing_complete/GOOD_20241009_085148.jpg
1891,20241009.0,85324,GOOD,/home/kaizen-ai/Desktop/thrust_bearing_app/python-backend/Downloads/bearing_complete/GOOD_20241009_085324.jpg
1892,20241009.0,85455,GOOD,/home/kaizen-ai/Desktop/thrust_bearing_app/python-backend/Downloads/bearing_complete/GOOD_20241009_085455.jpg
1893,20241009.0,85530,NG,/home/kaizen-ai/Desktop/thrust_bearing_app/python-backend/Downloads/not_good_NG2/NG_20241009_085530.jpg
1894,20241009.0,85621,GOOD,/home/kaizen-ai/Desktop/thrust_bearing_app/python-backend/Downloads/bearing_complete/GOOD_20241009_085621.jpg
1895,20241009.0,85721,GOOD,/home/kaizen-ai/Desktop/thrust_bearing_app/python-backend/Downloads/bearing_complete/GOOD_20241009_085721.jpg
1896,20241009.0,85821,GOOD,/home/kaizen-ai/Desktop/thrust_bearing_app/python-backend/Downloads/bearing_complete/GOOD_20241009_085821.jpg
1897,20241009.0,85940,GOOD,/home/kaizen-ai/Desktop/thrust_bearing_app/python-backend/Downloads/bearing_complete/GOOD_20241009_085940.jpg
1898,20241009.0,90048,GOOD,/home/kaizen-ai/Desktop/thrust_bearing_app/python-backend/Downloads/bearing_complete/GOOD_20241009_090048.jpg
1899,20241009.0,90158,GOOD,/home/kaizen-ai/Desktop/thrust_bearing_app/python-backend/Downloads/bearing_complete/GOOD_20241009_090158.jpg
1900,20241009.0,90300,GOOD,/home/kaizen-ai/Desktop/thrust_bearing_app/python-backend/Downloads/bearing_complete/GOOD_20241009_090300.jpg
1901,20241009.0,90403,NG,/home/kaizen-ai/Desktop/thrust_bearing_app/python-backend/Downloads/not_good_NG3/NG_20241009_090403.jpg
1902,20241009.0,90512,GOOD,/home/kaizen-ai/Desktop/thrust_bearing_app/python-backend/Downloads/bearing_complete/GOOD_20241009_090512.jpg
1903,20241009.0,90634,GOOD,/home/kaizen-ai/Desktop/thrust_bearing_app/python-backend/Downloads/bearing_complete/GOOD_20241009_090634.jpg
1904,20241009.0,90701,GOOD,/home/kaizen-ai/Desktop/thrust_bearing_app/python-backend/Downloads/bearing_complete/GOOD_20241009_090701.jpg
1905,20241009.0,90825,GOOD,/home/kaizen-ai/Desktop/thrust_bearing_app/python-backend/Downloads/bearing_complete/GOOD_20241009_090825.jpg
1906,20241009.0,90911,GOOD,/home/kaizen-ai/Desktop/thrust_bearing_app/python-backend/Downloads/bearing_complete/GOOD_20241009_090911.jpg
1907,20241009.0,91050,GOOD,/home/kaizen-ai/Desktop/thrust_bearing_app/python-backend/Downloads/bearing_complete/GOOD_20241009_091050.jpg
1908,20241009.0,91142,GOOD,/home/kaizen-ai/Desktop/thrust_bearing_app/python-backend/Downloads/bearing_complete/GOOD_20241009_091142.jpg
1909,20241009.0,91236,GOOD,/home/kaizen-ai/Desktop/thrust_bearing_app/python-backend/Downloads/bearing_complete/GOOD_20241009_091236.jpg
1910,20241009.0,91326,GOOD,/home/kaizen-ai/Desktop/thrust_bearing_app/python-backend/Downloads/bearing_complete/GOOD_20241009_091326.jpg
1911,20241009.0,91424,GOOD,/home/kaizen-ai/Desktop/thrust_bearing_app/python-backend/Downloads/bearing_complete/GOOD_20241009_091424.jpg
1912,20241009.0,91523,GOOD,/home/kaizen-ai/Desktop/thrust_bearing_app/python-backend/Downloads/bearing_complete/GOOD_20241009_091523.jpg
1913,20241009.0,91611,GOOD,/home/kaizen-ai/Desktop/thrust_bearing_app/python-backend/Downloads/bearing_complete/GOOD_20241009_091611.jpg
1914,20241009.0,91708,GOOD,/home/kaizen-ai/Desktop/thrust_bearing_app/python-backend/Downloads/bearing_complete/GOOD_20241009_091708.jpg
1915,20241009.0,91833,GOOD,/home/kaizen-ai/Desktop/thrust_bearing_app/python-backend/Downloads/bearing_complete/GOOD_20241009_091833.jpg
1916,20241009.0,92100,GOOD,/home/kaizen-ai/Desktop/thrust_bearing_app/python-backend/Downloads/bearing_complete/GOOD_20241009_092100.jpg
1917,20241009.0,92202,GOOD,/home/kaizen-ai/Desktop/thrust_bearing_app/python-backend/Downloads/bearing_complete/GOOD_20241009_092202.jpg
1918,20241009.0,92225,GOOD,/home/kaizen-ai/Desktop/thrust_bearing_app/python-backend/Downloads/bearing_complete/GOOD_20241009_092225.jpg
1919,20241009.0,92334,GOOD,/home/kaizen-ai/Desktop/thrust_bearing_app/python-backend/Downloads/bearing_complete/GOOD_20241009_092334.jpg
1920,20241009.0,92427,GOOD,/home/kaizen-ai/Desktop/thrust_bearing_app/python-backend/Downloads/bearing_complete/GOOD_20241009_092427.jpg
1921,20241009.0,92532,NG,/home/kaizen-ai/Desktop/thrust_bearing_app/python-backend/Downloads/not_good_NG2/NG_20241009_092532.jpg
1922,20241009.0,92629,GOOD,/home/kaizen-ai/Desktop/thrust_bearing_app/python-backend/Downloads/bearing_complete/GOOD_20241009_092629.jpg
1923,20241009.0,92828,NG,/home/kaizen-ai/Desktop/thrust_bearing_app/python-backend/Downloads/not_good_NG2/NG_20241009_092828.jpg
1924,20241009.0,92924,NG,/home/kaizen-ai/Desktop/thrust_bearing_app/python-backend/Downloads/not_good_NG3/NG_20241009_092924.jpg
1925,20241009.0,94039,GOOD,/home/kaizen-ai/Desktop/thrust_bearing_app/python-backend/Downloads/bearing_complete/GOOD_20241009_094039.jpg
1926,20241009.0,94134,NG,/home/kaizen-ai/Desktop/thrust_bearing_app/python-backend/Downloads/not_good_NG1/NG_20241009_094134.jpg
1927,20241009.0,94231,GOOD,/home/kaizen-ai/Desktop/thrust_bearing_app/python-backend/Downloads/bearing_complete/GOOD_20241009_094231.jpg
1928,20241009.0,94339,GOOD,/home/kaizen-ai/Desktop/thrust_bearing_app/python-backend/Downloads/bearing_complete/GOOD_20241009_094339.jpg
1929,20241009.0,94436,GOOD,/home/kaizen-ai/Desktop/thrust_bearing_app/python-backend/Downloads/bearing_complete/GOOD_20241009_094436.jpg
1930,20241009.0,94526,NG,/home/kaizen-ai/Desktop/thrust_bearing_app/python-backend/Downloads/not_good_NG3/NG_20241009_094526.jpg
1931,20241009.0,94648,NG,/home/kaizen-ai/Desktop/thrust_bearing_app/python-backend/Downloads/not_good_NG3/NG_20241009_094648.jpg
1932,20241009.0,94742,GOOD,/home/kaizen-ai/Desktop/thrust_bearing_app/python-backend/Downloads/bearing_complete/GOOD_20241009_094742.jpg
1933,20241009.0,94824,NG,/home/kaizen-ai/Desktop/thrust_bearing_app/python-backend/Downloads/not_good_NG3/NG_20241009_094824.jpg
1934,20241009.0,94930,GOOD,/home/kaizen-ai/Desktop/thrust_bearing_app/python-backend/Downloads/bearing_complete/GOOD_20241009_094930.jpg
1935,20241009.0,95026,GOOD,/home/kaizen-ai/Desktop/thrust_bearing_app/python-backend/Downloads/bearing_complete/GOOD_20241009_095026.jpg
1936,20241009.0,95129,GOOD,/home/kaizen-ai/Desktop/thrust_bearing_app/python-backend/Downloads/bearing_complete/GOOD_20241009_095129.jpg
1937,20241009.0,95223,NG,/home/kaizen-ai/Desktop/thrust_bearing_app/python-backend/Downloads/not_good_NG3/NG_20241009_095223.jpg
1938,20241009.0,95336,GOOD,/home/kaizen-ai/Desktop/thrust_bearing_app/python-backend/Downloads/bearing_complete/GOOD_20241009_095336.jpg
1939,20241009.0,95436,GOOD,/home/kaizen-ai/Desktop/thrust_bearing_app/python-backend/Downloads/bearing_complete/GOOD_20241009_095436.jpg
1940,20241009.0,95550,GOOD,/home/kaizen-ai/Desktop/thrust_bearing_app/python-backend/Downloads/bearing_complete/GOOD_20241009_095550.jpg
1941,20241009.0,95719,GOOD,/home/kaizen-ai/Desktop/thrust_bearing_app/python-backend/Downloads/bearing_complete/GOOD_20241009_095719.jpg
1942,20241009.0,95801,NG,/home/kaizen-ai/Desktop/thrust_bearing_app/python-backend/Downloads/not_good_NG3/NG_20241009_095801.jpg
1943,20241009.0,95855,GOOD,/home/kaizen-ai/Desktop/thrust_bearing_app/python-backend/Downloads/bearing_complete/GOOD_20241009_095855.jpg
1944,20241009.0,95954,GOOD,/home/kaizen-ai/Desktop/thrust_bearing_app/python-backend/Downloads/bearing_complete/GOOD_20241009_095954.jpg
1945,20241009.0,100047,GOOD,/home/kaizen-ai/Desktop/thrust_bearing_app/python-backend/Downloads/bearing_complete/GOOD_20241009_100047.jpg
1946,20241009.0,100146,NG,/home/kaizen-ai/Desktop/thrust_bearing_app/python-backend/Downloads/not_good_NG3/NG_20241009_100146.jpg
1947,20241009.0,100246,GOOD,/home/kaizen-ai/Desktop/thrust_bearing_app/python-backend/Downloads/bearing_complete/GOOD_20241009_100246.jpg
1948,20241009.0,100406,GOOD,/home/kaizen-ai/Desktop/thrust_bearing_app/python-backend/Downloads/bearing_complete/GOOD_20241009_100406.jpg
1949,20241009.0,100506,GOOD,/home/kaizen-ai/Desktop/thrust_bearing_app/python-backend/Downloads/bearing_complete/GOOD_20241009_100506.jpg
1950,20241009.0,100609,GOOD,/home/kaizen-ai/Desktop/thrust_bearing_app/python-backend/Downloads/bearing_complete/GOOD_20241009_100609.jpg
1951,20241009.0,100736,NG,/home/kaizen-ai/Desktop/thrust_bearing_app/python-backend/Downloads/not_good_NG3/NG_20241009_100736.jpg
1952,20241009.0,100815,GOOD,/home/kaizen-ai/Desktop/thrust_bearing_app/python-backend/Downloads/bearing_complete/GOOD_20241009_100815.jpg
1953,20241009.0,100908,GOOD,/home/kaizen-ai/Desktop/thrust_bearing_app/python-backend/Downloads/bearing_complete/GOOD_20241009_100908.jpg
1954,20241009.0,101003,GOOD,/home/kaizen-ai/Desktop/thrust_bearing_app/python-backend/Downloads/bearing_complete/GOOD_20241009_101003.jpg
1955,20241009.0,101112,NG,/home/kaizen-ai/Desktop/thrust_bearing_app/python-backend/Downloads/not_good_NG3/NG_20241009_101112.jpg
1956,20241009.0,101228,GOOD,/home/kaizen-ai/Desktop/thrust_bearing_app/python-backend/Downloads/bearing_complete/GOOD_20241009_101228.jpg
1957,20241009.0,101350,GOOD,/home/kaizen-ai/Desktop/thrust_bearing_app/python-backend/Downloads/bearing_complete/GOOD_20241009_101350.jpg
1958,20241009.0,101512,GOOD,/home/kaizen-ai/Desktop/thrust_bearing_app/python-backend/Downloads/bearing_complete/GOOD_20241009_101512.jpg
1959,20241009.0,101530,GOOD,/home/kaizen-ai/Desktop/thrust_bearing_app/python-backend/Downloads/bearing_complete/GOOD_20241009_101530.jpg
1960,20241009.0,101713,GOOD,/home/kaizen-ai/Desktop/thrust_bearing_app/python-backend/Downloads/bearing_complete/GOOD_20241009_101713.jpg
1961,20241009.0,101802,GOOD,/home/kaizen-ai/Desktop/thrust_bearing_app/python-backend/Downloads/bearing_complete/GOOD_20241009_101802.jpg
1962,20241009.0,101900,GOOD,/home/kaizen-ai/Desktop/thrust_bearing_app/python-backend/Downloads/bearing_complete/GOOD_20241009_101900.jpg
1963,20241009.0,102001,GOOD,/home/kaizen-ai/Desktop/thrust_bearing_app/python-backend/Downloads/bearing_complete/GOOD_20241009_102001.jpg
1964,20241009.0,102055,NG,/home/kaizen-ai/Desktop/thrust_bearing_app/python-backend/Downloads/not_good_NG2/NG_20241009_102055.jpg
1965,20241009.0,102208,NG,/home/kaizen-ai/Desktop/thrust_bearing_app/python-backend/Downloads/not_good_NG3/NG_20241009_102208.jpg
1966,20241009.0,102316,GOOD,/home/kaizen-ai/Desktop/thrust_bearing_app/python-backend/Downloads/bearing_complete/GOOD_20241009_102316.jpg
1967,20241009.0,102358,GOOD,/home/kaizen-ai/Desktop/thrust_bearing_app/python-backend/Downloads/bearing_complete/GOOD_20241009_102358.jpg
1968,20241009.0,102513,NG,/home/kaizen-ai/Desktop/thrust_bearing_app/python-backend/Downloads/not_good_NG2/NG_20241009_102513.jpg
1969,20241009.0,102613,GOOD,/home/kaizen-ai/Desktop/thrust_bearing_app/python-backend/Downloads/bearing_complete/GOOD_20241009_102613.jpg
1970,20241009.0,102723,GOOD,/home/kaizen-ai/Desktop/thrust_bearing_app/python-backend/Downloads/bearing_complete/GOOD_20241009_102723.jpg
1971,20241009.0,102844,GOOD,/home/kaizen-ai/Desktop/thrust_bearing_app/python-backend/Downloads/bearing_complete/GOOD_20241009_102844.jpg
1972,20241009.0,102942,GOOD,/home/kaizen-ai/Desktop/thrust_bearing_app/python-backend/Downloads/bearing_complete/GOOD_20241009_102942.jpg
1973,20241009.0,103054,GOOD,/home/kaizen-ai/Desktop/thrust_bearing_app/python-backend/Downloads/bearing_complete/GOOD_20241009_103054.jpg
1974,20241009.0,103148,GOOD,/home/kaizen-ai/Desktop/thrust_bearing_app/python-backend/Downloads/bearing_complete/GOOD_20241009_103148.jpg
1975,20241009.0,103251,GOOD,/home/kaizen-ai/Desktop/thrust_bearing_app/python-backend/Downloads/bearing_complete/GOOD_20241009_103251.jpg
1976,20241009.0,103350,GOOD,/home/kaizen-ai/Desktop/thrust_bearing_app/python-backend/Downloads/bearing_complete/GOOD_20241009_103350.jpg
1977,20241009.0,103447,GOOD,/home/kaizen-ai/Desktop/thrust_bearing_app/python-backend/Downloads/bearing_complete/GOOD_20241009_103447.jpg
1978,20241009.0,103628,NG,/home/kaizen-ai/Desktop/thrust_bearing_app/python-backend/Downloads/not_good_NG2/NG_20241009_103628.jpg
1979,20241009.0,103709,GOOD,/home/kaizen-ai/Desktop/thrust_bearing_app/python-backend/Downloads/bearing_complete/GOOD_20241009_103709.jpg
1980,20241009.0,103813,GOOD,/home/kaizen-ai/Desktop/thrust_bearing_app/python-backend/Downloads/bearing_complete/GOOD_20241009_103813.jpg
1981,20241009.0,103858,GOOD,/home/kaizen-ai/Desktop/thrust_bearing_app/python-backend/Downloads/bearing_complete/GOOD_20241009_103858.jpg
1982,20241009.0,103951,GOOD,/home/kaizen-ai/Desktop/thrust_bearing_app/python-backend/Downloads/bearing_complete/GOOD_20241009_103951.jpg
1983,20241009.0,104044,NG,/home/kaizen-ai/Desktop/thrust_bearing_app/python-backend/Downloads/not_good_NG2/NG_20241009_104044.jpg
1984,20241009.0,104147,GOOD,/home/kaizen-ai/Desktop/thrust_bearing_app/python-backend/Downloads/bearing_complete/GOOD_20241009_104147.jpg
1985,20241009.0,104319,GOOD,/home/kaizen-ai/Desktop/thrust_bearing_app/python-backend/Downloads/bearing_complete/GOOD_20241009_104319.jpg
1986,20241009.0,104412,NG,/home/kaizen-ai/Desktop/thrust_bearing_app/python-backend/Downloads/not_good_NG2/NG_20241009_104412.jpg
1987,20241009.0,104507,GOOD,/home/kaizen-ai/Desktop/thrust_bearing_app/python-backend/Downloads/bearing_complete/GOOD_20241009_104507.jpg
1988,20241009.0,104609,GOOD,/home/kaizen-ai/Desktop/thrust_bearing_app/python-backend/Downloads/bearing_complete/GOOD_20241009_104609.jpg
1989,20241009.0,104719,GOOD,/home/kaizen-ai/Desktop/thrust_bearing_app/python-backend/Downloads/bearing_complete/GOOD_20241009_104719.jpg
1990,20241009.0,104822,GOOD,/home/kaizen-ai/Desktop/thrust_bearing_app/python-backend/Downloads/bearing_complete/GOOD_20241009_104822.jpg
1991,20241009.0,104924,GOOD,/home/kaizen-ai/Desktop/thrust_bearing_app/python-backend/Downloads/bearing_complete/GOOD_20241009_104924.jpg
1992,20241009.0,105028,GOOD,/home/kaizen-ai/Desktop/thrust_bearing_app/python-backend/Downloads/bearing_complete/GOOD_20241009_105028.jpg
1993,20241009.0,105141,GOOD,/home/kaizen-ai/Desktop/thrust_bearing_app/python-backend/Downloads/bearing_complete/GOOD_20241009_105141.jpg
1994,20241009.0,105247,NG,/home/kaizen-ai/Desktop/thrust_bearing_app/python-backend/Downloads/not_good_NG3/NG_20241009_105247.jpg
1995,20241009.0,105326,GOOD,/home/kaizen-ai/Desktop/thrust_bearing_app/python-backend/Downloads/bearing_complete/GOOD_20241009_105326.jpg
1996,20241009.0,105427,GOOD,/home/kaizen-ai/Desktop/thrust_bearing_app/python-backend/Downloads/bearing_complete/GOOD_20241009_105427.jpg
1997,20241009.0,105554,GOOD,/home/kaizen-ai/Desktop/thrust_bearing_app/python-backend/Downloads/bearing_complete/GOOD_20241009_105554.jpg
1998,20241009.0,105657,GOOD,/home/kaizen-ai/Desktop/thrust_bearing_app/python-backend/Downloads/bearing_complete/GOOD_20241009_105657.jpg
1999,20241009.0,105757,GOOD,/home/kaizen-ai/Desktop/thrust_bearing_app/python-backend/Downloads/bearing_complete/GOOD_20241009_105757.jpg
2000,20241009.0,105844,NG,/home/kaizen-ai/Desktop/thrust_bearing_app/python-backend/Downloads/not_good_NG3/NG_20241009_105844.jpg
2001,20241009.0,105944,GOOD,/home/kaizen-ai/Desktop/thrust_bearing_app/python-backend/Downloads/bearing_complete/GOOD_20241009_105944.jpg
2002,20241009.0,110051,GOOD,/home/kaizen-ai/Desktop/thrust_bearing_app/python-backend/Downloads/bearing_complete/GOOD_20241009_110051.jpg
2003,20241009.0,110150,GOOD,/home/kaizen-ai/Desktop/thrust_bearing_app/python-backend/Downloads/bearing_complete/GOOD_20241009_110150.jpg
2004,20241009.0,110307,NG,/home/kaizen-ai/Desktop/thrust_bearing_app/python-backend/Downloads/not_good_NG1/NG_20241009_110307.jpg
2005,20241009.0,110412,GOOD,/home/kaizen-ai/Desktop/thrust_bearing_app/python-backend/Downloads/bearing_complete/GOOD_20241009_110412.jpg
2006,20241009.0,110518,GOOD,/home/kaizen-ai/Desktop/thrust_bearing_app/python-backend/Downloads/bearing_complete/GOOD_20241009_110518.jpg
2007,20241009.0,110614,GOOD,/home/kaizen-ai/Desktop/thrust_bearing_app/python-backend/Downloads/bearing_complete/GOOD_20241009_110614.jpg
2008,20241009.0,110721,GOOD,/home/kaizen-ai/Desktop/thrust_bearing_app/python-backend/Downloads/bearing_complete/GOOD_20241009_110721.jpg
2009,20241009.0,110817,GOOD,/home/kaizen-ai/Desktop/thrust_bearing_app/python-backend/Downloads/bearing_complete/GOOD_20241009_110817.jpg
2010,20241009.0,110920,NG,/home/kaizen-ai/Desktop/thrust_bearing_app/python-backend/Downloads/not_good_NG1/NG_20241009_110920.jpg
2011,20241009.0,111019,GOOD,/home/kaizen-ai/Desktop/thrust_bearing_app/python-backend/Downloads/bearing_complete/GOOD_20241009_111019.jpg
2012,20241009.0,111139,GOOD,/home/kaizen-ai/Desktop/thrust_bearing_app/python-backend/Downloads/bearing_complete/GOOD_20241009_111139.jpg
2013,20241009.0,111248,GOOD,/home/kaizen-ai/Desktop/thrust_bearing_app/python-backend/Downloads/bearing_complete/GOOD_20241009_111248.jpg
2014,20241009.0,111344,GOOD,/home/kaizen-ai/Desktop/thrust_bearing_app/python-backend/Downloads/bearing_complete/GOOD_20241009_111344.jpg
2015,20241009.0,111513,GOOD,/home/kaizen-ai/Desktop/thrust_bearing_app/python-backend/Downloads/bearing_complete/GOOD_20241009_111513.jpg
2016,20241009.0,111607,NG,/home/kaizen-ai/Desktop/thrust_bearing_app/python-backend/Downloads/not_good_NG3/NG_20241009_111607.jpg
2017,20241009.0,111740,GOOD,/home/kaizen-ai/Desktop/thrust_bearing_app/python-backend/Downloads/bearing_complete/GOOD_20241009_111740.jpg
2018,20241009.0,111837,GOOD,/home/kaizen-ai/Desktop/thrust_bearing_app/python-backend/Downloads/bearing_complete/GOOD_20241009_111837.jpg
2019,20241009.0,111950,GOOD,/home/kaizen-ai/Desktop/thrust_bearing_app/python-backend/Downloads/bearing_complete/GOOD_20241009_111950.jpg
2020,20241009.0,112101,GOOD,/home/kaizen-ai/Desktop/thrust_bearing_app/python-backend/Downloads/bearing_complete/GOOD_20241009_112101.jpg
2021,20241009.0,112244,GOOD,/home/kaizen-ai/Desktop/thrust_bearing_app/python-backend/Downloads/bearing_complete/GOOD_20241009_112244.jpg
2022,20241009.0,112403,GOOD,/home/kaizen-ai/Desktop/thrust_bearing_app/python-backend/Downloads/bearing_complete/GOOD_20241009_112403.jpg
2023,20241009.0,112500,GOOD,/home/kaizen-ai/Desktop/thrust_bearing_app/python-backend/Downloads/bearing_complete/GOOD_20241009_112500.jpg
2024,20241009.0,112605,GOOD,/home/kaizen-ai/Desktop/thrust_bearing_app/python-backend/Downloads/bearing_complete/GOOD_20241009_112605.jpg
2025,20241009.0,112701,GOOD,/home/kaizen-ai/Desktop/thrust_bearing_app/python-backend/Downloads/bearing_complete/GOOD_20241009_112701.jpg
2026,20241009.0,112816,GOOD,/home/kaizen-ai/Desktop/thrust_bearing_app/python-backend/Downloads/bearing_complete/GOOD_20241009_112816.jpg
2027,20241009.0,112925,GOOD,/home/kaizen-ai/Desktop/thrust_bearing_app/python-backend/Downloads/bearing_complete/GOOD_20241009_112925.jpg
2028,20241009.0,113019,GOOD,/home/kaizen-ai/Desktop/thrust_bearing_app/python-backend/Downloads/bearing_complete/GOOD_20241009_113019.jpg
2029,20241009.0,113221,GOOD,/home/kaizen-ai/Desktop/thrust_bearing_app/python-backend/Downloads/bearing_complete/GOOD_20241009_113221.jpg
2030,20241009.0,113323,GOOD,/home/kaizen-ai/Desktop/thrust_bearing_app/python-backend/Downloads/bearing_complete/GOOD_20241009_113323.jpg
2031,20241009.0,113517,GOOD,/home/kaizen-ai/Desktop/thrust_bearing_app/python-backend/Downloads/bearing_complete/GOOD_20241009_113517.jpg
2032,20241009.0,113616,GOOD,/home/kaizen-ai/Desktop/thrust_bearing_app/python-backend/Downloads/bearing_complete/GOOD_20241009_113616.jpg
2033,20241009.0,113711,GOOD,/home/kaizen-ai/Desktop/thrust_bearing_app/python-backend/Downloads/bearing_complete/GOOD_20241009_113711.jpg
2034,20241009.0,113747,GOOD,/home/kaizen-ai/Desktop/thrust_bearing_app/python-backend/Downloads/bearing_complete/GOOD_20241009_113747.jpg
2035,20241009.0,113853,GOOD,/home/kaizen-ai/Desktop/thrust_bearing_app/python-backend/Downloads/bearing_complete/GOOD_20241009_113853.jpg
2036,20241009.0,114002,GOOD,/home/kaizen-ai/Desktop/thrust_bearing_app/python-backend/Downloads/bearing_complete/GOOD_20241009_114002.jpg
2037,20241009.0,114135,GOOD,/home/kaizen-ai/Desktop/thrust_bearing_app/python-backend/Downloads/bearing_complete/GOOD_20241009_114135.jpg
2038,20241009.0,114237,NG,/home/kaizen-ai/Desktop/thrust_bearing_app/python-backend/Downloads/not_good_NG3/NG_20241009_114237.jpg
2039,20241009.0,114332,GOOD,/home/kaizen-ai/Desktop/thrust_bearing_app/python-backend/Downloads/bearing_complete/GOOD_20241009_114332.jpg
2040,20241009.0,114412,GOOD,/home/kaizen-ai/Desktop/thrust_bearing_app/python-backend/Downloads/bearing_complete/GOOD_20241009_114412.jpg
2041,20241009.0,123030,GOOD,/home/kaizen-ai/Desktop/thrust_bearing_app/python-backend/Downloads/bearing_complete/GOOD_20241009_123030.jpg
2042,20241009.0,123103,GOOD,/home/kaizen-ai/Desktop/thrust_bearing_app/python-backend/Downloads/bearing_complete/GOOD_20241009_123103.jpg
2043,20241009.0,123227,GOOD,/home/kaizen-ai/Desktop/thrust_bearing_app/python-backend/Downloads/bearing_complete/GOOD_20241009_123227.jpg
2044,20241009.0,123329,GOOD,/home/kaizen-ai/Desktop/thrust_bearing_app/python-backend/Downloads/bearing_complete/GOOD_20241009_123329.jpg
2045,20241009.0,123500,NG,/home/kaizen-ai/Desktop/thrust_bearing_app/python-backend/Downloads/not_good_NG1/NG_20241009_123500.jpg
2046,20241009.0,123543,GOOD,/home/kaizen-ai/Desktop/thrust_bearing_app/python-backend/Downloads/bearing_complete/GOOD_20241009_123543.jpg
2047,20241009.0,123651,GOOD,/home/kaizen-ai/Desktop/thrust_bearing_app/python-backend/Downloads/bearing_complete/GOOD_20241009_123651.jpg
2048,20241009.0,123748,NG,/home/kaizen-ai/Desktop/thrust_bearing_app/python-backend/Downloads/not_good_NG3/NG_20241009_123748.jpg
2049,20241009.0,123841,GOOD,/home/kaizen-ai/Desktop/thrust_bearing_app/python-backend/Downloads/bearing_complete/GOOD_20241009_123841.jpg
2050,20241009.0,123923,GOOD,/home/kaizen-ai/Desktop/thrust_bearing_app/python-backend/Downloads/bearing_complete/GOOD_20241009_123923.jpg
2051,20241009.0,124138,GOOD,/home/kaizen-ai/Desktop/thrust_bearing_app/python-backend/Downloads/bearing_complete/GOOD_20241009_124138.jpg
2052,20241009.0,124301,GOOD,/home/kaizen-ai/Desktop/thrust_bearing_app/python-backend/Downloads/bearing_complete/GOOD_20241009_124301.jpg
2053,20241009.0,124404,GOOD,/home/kaizen-ai/Desktop/thrust_bearing_app/python-backend/Downloads/bearing_complete/GOOD_20241009_124404.jpg
2054,20241009.0,124503,GOOD,/home/kaizen-ai/Desktop/thrust_bearing_app/python-backend/Downloads/bearing_complete/GOOD_20241009_124503.jpg
2055,20241009.0,124602,GOOD,/home/kaizen-ai/Desktop/thrust_bearing_app/python-backend/Downloads/bearing_complete/GOOD_20241009_124602.jpg
2056,20241009.0,124648,GOOD,/home/kaizen-ai/Desktop/thrust_bearing_app/python-backend/Downloads/bearing_complete/GOOD_20241009_124648.jpg
2057,20241009.0,124751,GOOD,/home/kaizen-ai/Desktop/thrust_bearing_app/python-backend/Downloads/bearing_complete/GOOD_20241009_124751.jpg
2058,20241009.0,124834,GOOD,/home/kaizen-ai/Desktop/thrust_bearing_app/python-backend/Downloads/bearing_complete/GOOD_20241009_124834.jpg
2059,20241009.0,124931,GOOD,/home/kaizen-ai/Desktop/thrust_bearing_app/python-backend/Downloads/bearing_complete/GOOD_20241009_124931.jpg
2060,20241009.0,125101,GOOD,/home/kaizen-ai/Desktop/thrust_bearing_app/python-backend/Downloads/bearing_complete/GOOD_20241009_125101.jpg
2061,20241009.0,125148,GOOD,/home/kaizen-ai/Desktop/thrust_bearing_app/python-backend/Downloads/bearing_complete/GOOD_20241009_125148.jpg
2062,20241009.0,125256,GOOD,/home/kaizen-ai/Desktop/thrust_bearing_app/python-backend/Downloads/bearing_complete/GOOD_20241009_125256.jpg
2063,20241009.0,125404,GOOD,/home/kaizen-ai/Desktop/thrust_bearing_app/python-backend/Downloads/bearing_complete/GOOD_20241009_125404.jpg
2064,20241009.0,125438,NG,/home/kaizen-ai/Desktop/thrust_bearing_app/python-backend/Downloads/not_good_NG3/NG_20241009_125438.jpg
2065,20241009.0,125532,GOOD,/home/kaizen-ai/Desktop/thrust_bearing_app/python-backend/Downloads/bearing_complete/GOOD_20241009_125532.jpg
2066,20241009.0,125655,GOOD,/home/kaizen-ai/Desktop/thrust_bearing_app/python-backend/Downloads/bearing_complete/GOOD_20241009_125655.jpg
2067,20241009.0,125743,GOOD,/home/kaizen-ai/Desktop/thrust_bearing_app/python-backend/Downloads/bearing_complete/GOOD_20241009_125743.jpg
2068,20241009.0,125856,GOOD,/home/kaizen-ai/Desktop/thrust_bearing_app/python-backend/Downloads/bearing_complete/GOOD_20241009_125856.jpg
2069,20241009.0,130031,GOOD,/home/kaizen-ai/Desktop/thrust_bearing_app/python-backend/Downloads/bearing_complete/GOOD_20241009_130031.jpg
2070,20241009.0,130252,GOOD,/home/kaizen-ai/Desktop/thrust_bearing_app/python-backend/Downloads/bearing_complete/GOOD_20241009_130252.jpg
2071,20241009.0,130416,GOOD,/home/kaizen-ai/Desktop/thrust_bearing_app/python-backend/Downloads/bearing_complete/GOOD_20241009_130416.jpg
2072,20241009.0,130506,GOOD,/home/kaizen-ai/Desktop/thrust_bearing_app/python-backend/Downloads/bearing_complete/GOOD_20241009_130506.jpg
2073,20241009.0,130555,NG,/home/kaizen-ai/Desktop/thrust_bearing_app/python-backend/Downloads/not_good_NG3/NG_20241009_130555.jpg
2074,20241009.0,130650,GOOD,/home/kaizen-ai/Desktop/thrust_bearing_app/python-backend/Downloads/bearing_complete/GOOD_20241009_130650.jpg
2075,20241009.0,130744,GOOD,/home/kaizen-ai/Desktop/thrust_bearing_app/python-backend/Downloads/bearing_complete/GOOD_20241009_130744.jpg
2076,20241009.0,130845,GOOD,/home/kaizen-ai/Desktop/thrust_bearing_app/python-backend/Downloads/bearing_complete/GOOD_20241009_130845.jpg
2077,20241009.0,130955,GOOD,/home/kaizen-ai/Desktop/thrust_bearing_app/python-backend/Downloads/bearing_complete/GOOD_20241009_130955.jpg
2078,20241009.0,131051,GOOD,/home/kaizen-ai/Desktop/thrust_bearing_app/python-backend/Downloads/bearing_complete/GOOD_20241009_131051.jpg
2079,20241009.0,131206,GOOD,/home/kaizen-ai/Desktop/thrust_bearing_app/python-backend/Downloads/bearing_complete/GOOD_20241009_131206.jpg
2080,20241009.0,131302,GOOD,/home/kaizen-ai/Desktop/thrust_bearing_app/python-backend/Downloads/bearing_complete/GOOD_20241009_131302.jpg
2081,20241009.0,131405,GOOD,/home/kaizen-ai/Desktop/thrust_bearing_app/python-backend/Downloads/bearing_complete/GOOD_20241009_131405.jpg
2082,20241009.0,131542,GOOD,/home/kaizen-ai/Desktop/thrust_bearing_app/python-backend/Downloads/bearing_complete/GOOD_20241009_131542.jpg
2083,20241009.0,131708,GOOD,/home/kaizen-ai/Desktop/thrust_bearing_app/python-backend/Downloads/bearing_complete/GOOD_20241009_131708.jpg
2084,20241009.0,131755,GOOD,/home/kaizen-ai/Desktop/thrust_bearing_app/python-backend/Downloads/bearing_complete/GOOD_20241009_131755.jpg
2085,20241009.0,131853,GOOD,/home/kaizen-ai/Desktop/thrust_bearing_app/python-backend/Downloads/bearing_complete/GOOD_20241009_131853.jpg
2086,20241009.0,131957,GOOD,/home/kaizen-ai/Desktop/thrust_bearing_app/python-backend/Downloads/bearing_complete/GOOD_20241009_131957.jpg
2087,20241009.0,132058,GOOD,/home/kaizen-ai/Desktop/thrust_bearing_app/python-backend/Downloads/bearing_complete/GOOD_20241009_132058.jpg
2088,20241009.0,132155,GOOD,/home/kaizen-ai/Desktop/thrust_bearing_app/python-backend/Downloads/bearing_complete/GOOD_20241009_132155.jpg
2089,20241009.0,132248,GOOD,/home/kaizen-ai/Desktop/thrust_bearing_app/python-backend/Downloads/bearing_complete/GOOD_20241009_132248.jpg
2090,20241009.0,132414,GOOD,/home/kaizen-ai/Desktop/thrust_bearing_app/python-backend/Downloads/bearing_complete/GOOD_20241009_132414.jpg
2091,20241009.0,132442,GOOD,/home/kaizen-ai/Desktop/thrust_bearing_app/python-backend/Downloads/bearing_complete/GOOD_20241009_132442.jpg
2092,20241009.0,132533,GOOD,/home/kaizen-ai/Desktop/thrust_bearing_app/python-backend/Downloads/bearing_complete/GOOD_20241009_132533.jpg
2093,20241009.0,132623,GOOD,/home/kaizen-ai/Desktop/thrust_bearing_app/python-backend/Downloads/bearing_complete/GOOD_20241009_132623.jpg
2094,20241009.0,132718,GOOD,/home/kaizen-ai/Desktop/thrust_bearing_app/python-backend/Downloads/bearing_complete/GOOD_20241009_132718.jpg
2095,20241009.0,132822,GOOD,/home/kaizen-ai/Desktop/thrust_bearing_app/python-backend/Downloads/bearing_complete/GOOD_20241009_132822.jpg
2096,20241009.0,132934,GOOD,/home/kaizen-ai/Desktop/thrust_bearing_app/python-backend/Downloads/bearing_complete/GOOD_20241009_132934.jpg
2097,20241009.0,133043,GOOD,/home/kaizen-ai/Desktop/thrust_bearing_app/python-backend/Downloads/bearing_complete/GOOD_20241009_133043.jpg
2098,20241009.0,133155,GOOD,/home/kaizen-ai/Desktop/thrust_bearing_app/python-backend/Downloads/bearing_complete/GOOD_20241009_133155.jpg
2099,20241009.0,133249,GOOD,/home/kaizen-ai/Desktop/thrust_bearing_app/python-backend/Downloads/bearing_complete/GOOD_20241009_133249.jpg
2100,20241009.0,133356,GOOD,/home/kaizen-ai/Desktop/thrust_bearing_app/python-backend/Downloads/bearing_complete/GOOD_20241009_133356.jpg
2101,20241009.0,133454,GOOD,/home/kaizen-ai/Desktop/thrust_bearing_app/python-backend/Downloads/bearing_complete/GOOD_20241009_133454.jpg
2102,20241009.0,133718,GOOD,/home/kaizen-ai/Desktop/thrust_bearing_app/python-backend/Downloads/bearing_complete/GOOD_20241009_133718.jpg
2103,20241009.0,133809,NG,/home/kaizen-ai/Desktop/thrust_bearing_app/python-backend/Downloads/not_good_NG3/NG_20241009_133809.jpg
2104,20241009.0,133908,GOOD,/home/kaizen-ai/Desktop/thrust_bearing_app/python-backend/Downloads/bearing_complete/GOOD_20241009_133908.jpg
2105,20241009.0,134001,GOOD,/home/kaizen-ai/Desktop/thrust_bearing_app/python-backend/Downloads/bearing_complete/GOOD_20241009_134001.jpg
2106,20241009.0,134054,GOOD,/home/kaizen-ai/Desktop/thrust_bearing_app/python-backend/Downloads/bearing_complete/GOOD_20241009_134054.jpg
2107,20241009.0,134157,GOOD,/home/kaizen-ai/Desktop/thrust_bearing_app/python-backend/Downloads/bearing_complete/GOOD_20241009_134157.jpg
2108,20241009.0,134316,GOOD,/home/kaizen-ai/Desktop/thrust_bearing_app/python-backend/Downloads/bearing_complete/GOOD_20241009_134316.jpg
2109,20241009.0,134419,GOOD,/home/kaizen-ai/Desktop/thrust_bearing_app/python-backend/Downloads/bearing_complete/GOOD_20241009_134419.jpg
2110,20241009.0,134529,GOOD,/home/kaizen-ai/Desktop/thrust_bearing_app/python-backend/Downloads/bearing_complete/GOOD_20241009_134529.jpg
2111,20241009.0,134620,GOOD,/home/kaizen-ai/Desktop/thrust_bearing_app/python-backend/Downloads/bearing_complete/GOOD_20241009_134620.jpg
2112,20241009.0,134722,GOOD,/home/kaizen-ai/Desktop/thrust_bearing_app/python-backend/Downloads/bearing_complete/GOOD_20241009_134722.jpg
2113,20241009.0,134849,GOOD,/home/kaizen-ai/Desktop/thrust_bearing_app/python-backend/Downloads/bearing_complete/GOOD_20241009_134849.jpg
2114,20241009.0,134938,GOOD,/home/kaizen-ai/Desktop/thrust_bearing_app/python-backend/Downloads/bearing_complete/GOOD_20241009_134938.jpg
2115,20241009.0,135047,GOOD,/home/kaizen-ai/Desktop/thrust_bearing_app/python-backend/Downloads/bearing_complete/GOOD_20241009_135047.jpg
2116,20241009.0,135137,NG,/home/kaizen-ai/Desktop/thrust_bearing_app/python-backend/Downloads/not_good_NG3/NG_20241009_135137.jpg
2117,20241009.0,135239,GOOD,/home/kaizen-ai/Desktop/thrust_bearing_app/python-backend/Downloads/bearing_complete/GOOD_20241009_135239.jpg
2118,20241009.0,135409,GOOD,/home/kaizen-ai/Desktop/thrust_bearing_app/python-backend/Downloads/bearing_complete/GOOD_20241009_135409.jpg
2119,20241009.0,135501,GOOD,/home/kaizen-ai/Desktop/thrust_bearing_app/python-backend/Downloads/bearing_complete/GOOD_20241009_135501.jpg
2120,20241009.0,135551,GOOD,/home/kaizen-ai/Desktop/thrust_bearing_app/python-backend/Downloads/bearing_complete/GOOD_20241009_135551.jpg
2121,20241009.0,135741,GOOD,/home/kaizen-ai/Desktop/thrust_bearing_app/python-backend/Downloads/bearing_complete/GOOD_20241009_135741.jpg
2122,20241009.0,135834,GOOD,/home/kaizen-ai/Desktop/thrust_bearing_app/python-backend/Downloads/bearing_complete/GOOD_20241009_135834.jpg
2123,20241009.0,135953,GOOD,/home/kaizen-ai/Desktop/thrust_bearing_app/python-backend/Downloads/bearing_complete/GOOD_20241009_135953.jpg
2124,20241009.0,141023,GOOD,/home/kaizen-ai/Desktop/thrust_bearing_app/python-backend/Downloads/bearing_complete/GOOD_20241009_141023.jpg
2125,20241009.0,141114,GOOD,/home/kaizen-ai/Desktop/thrust_bearing_app/python-backend/Downloads/bearing_complete/GOOD_20241009_141114.jpg
2126,20241009.0,141225,GOOD,/home/kaizen-ai/Desktop/thrust_bearing_app/python-backend/Downloads/bearing_complete/GOOD_20241009_141225.jpg
2127,20241009.0,141318,GOOD,/home/kaizen-ai/Desktop/thrust_bearing_app/python-backend/Downloads/bearing_complete/GOOD_20241009_141318.jpg
2128,20241009.0,141433,GOOD,/home/kaizen-ai/Desktop/thrust_bearing_app/python-backend/Downloads/bearing_complete/GOOD_20241009_141433.jpg
2129,20241009.0,141548,GOOD,/home/kaizen-ai/Desktop/thrust_bearing_app/python-backend/Downloads/bearing_complete/GOOD_20241009_141548.jpg
2130,20241009.0,141658,GOOD,/home/kaizen-ai/Desktop/thrust_bearing_app/python-backend/Downloads/bearing_complete/GOOD_20241009_141658.jpg
2131,20241009.0,141839,GOOD,/home/kaizen-ai/Desktop/thrust_bearing_app/python-backend/Downloads/bearing_complete/GOOD_20241009_141839.jpg
2132,20241009.0,141949,GOOD,/home/kaizen-ai/Desktop/thrust_bearing_app/python-backend/Downloads/bearing_complete/GOOD_20241009_141949.jpg
2133,20241009.0,142033,GOOD,/home/kaizen-ai/Desktop/thrust_bearing_app/python-backend/Downloads/bearing_complete/GOOD_20241009_142033.jpg
2134,20241009.0,142130,NG,/home/kaizen-ai/Desktop/thrust_bearing_app/python-backend/Downloads/not_good_NG4/NG_20241009_142130.jpg
2135,20241009.0,142234,GOOD,/home/kaizen-ai/Desktop/thrust_bearing_app/python-backend/Downloads/bearing_complete/GOOD_20241009_142234.jpg
2136,20241009.0,142327,GOOD,/home/kaizen-ai/Desktop/thrust_bearing_app/python-backend/Downloads/bearing_complete/GOOD_20241009_142327.jpg
2137,20241009.0,142418,GOOD,/home/kaizen-ai/Desktop/thrust_bearing_app/python-backend/Downloads/bearing_complete/GOOD_20241009_142418.jpg
2138,20241009.0,142531,GOOD,/home/kaizen-ai/Desktop/thrust_bearing_app/python-backend/Downloads/bearing_complete/GOOD_20241009_142531.jpg
2139,20241009.0,142710,GOOD,/home/kaizen-ai/Desktop/thrust_bearing_app/python-backend/Downloads/bearing_complete/GOOD_20241009_142710.jpg
2140,20241009.0,142740,GOOD,/home/kaizen-ai/Desktop/thrust_bearing_app/python-backend/Downloads/bearing_complete/GOOD_20241009_142740.jpg
2141,20241009.0,142845,GOOD,/home/kaizen-ai/Desktop/thrust_bearing_app/python-backend/Downloads/bearing_complete/GOOD_20241009_142845.jpg
2142,20241009.0,143000,GOOD,/home/kaizen-ai/Desktop/thrust_bearing_app/python-backend/Downloads/bearing_complete/GOOD_20241009_143000.jpg
2143,20241009.0,143128,NG,/home/kaizen-ai/Desktop/thrust_bearing_app/python-backend/Downloads/not_good_NG3/NG_20241009_143128.jpg
2144,20241009.0,143239,GOOD,/home/kaizen-ai/Desktop/thrust_bearing_app/python-backend/Downloads/bearing_complete/GOOD_20241009_143239.jpg
2145,20241009.0,143324,GOOD,/home/kaizen-ai/Desktop/thrust_bearing_app/python-backend/Downloads/bearing_complete/GOOD_20241009_143324.jpg
2146,20241009.0,143511,GOOD,/home/kaizen-ai/Desktop/thrust_bearing_app/python-backend/Downloads/bearing_complete/GOOD_20241009_143511.jpg
2147,20241009.0,143555,GOOD,/home/kaizen-ai/Desktop/thrust_bearing_app/python-backend/Downloads/bearing_complete/GOOD_20241009_143555.jpg
2148,20241009.0,143650,GOOD,/home/kaizen-ai/Desktop/thrust_bearing_app/python-backend/Downloads/bearing_complete/GOOD_20241009_143650.jpg
2149,20241009.0,143811,GOOD,/home/kaizen-ai/Desktop/thrust_bearing_app/python-backend/Downloads/bearing_complete/GOOD_20241009_143811.jpg
2150,20241009.0,143855,GOOD,/home/kaizen-ai/Desktop/thrust_bearing_app/python-backend/Downloads/bearing_complete/GOOD_20241009_143855.jpg
2151,20241009.0,144015,NG,/home/kaizen-ai/Desktop/thrust_bearing_app/python-backend/Downloads/not_good_NG3/NG_20241009_144015.jpg
2152,20241009.0,144125,GOOD,/home/kaizen-ai/Desktop/thrust_bearing_app/python-backend/Downloads/bearing_complete/GOOD_20241009_144125.jpg
2153,20241009.0,144304,GOOD,/home/kaizen-ai/Desktop/thrust_bearing_app/python-backend/Downloads/bearing_complete/GOOD_20241009_144304.jpg
2154,20241009.0,144348,GOOD,/home/kaizen-ai/Desktop/thrust_bearing_app/python-backend/Downloads/bearing_complete/GOOD_20241009_144348.jpg
2155,20241009.0,144439,GOOD,/home/kaizen-ai/Desktop/thrust_bearing_app/python-backend/Downloads/bearing_complete/GOOD_20241009_144439.jpg
2156,20241009.0,144609,GOOD,/home/kaizen-ai/Desktop/thrust_bearing_app/python-backend/Downloads/bearing_complete/GOOD_20241009_144609.jpg
2157,20241009.0,144656,GOOD,/home/kaizen-ai/Desktop/thrust_bearing_app/python-backend/Downloads/bearing_complete/GOOD_20241009_144656.jpg
2158,20241009.0,144757,GOOD,/home/kaizen-ai/Desktop/thrust_bearing_app/python-backend/Downloads/bearing_complete/GOOD_20241009_144757.jpg
2159,20241009.0,144926,GOOD,/home/kaizen-ai/Desktop/thrust_bearing_app/python-backend/Downloads/bearing_complete/GOOD_20241009_144926.jpg
2160,20241009.0,145030,GOOD,/home/kaizen-ai/Desktop/thrust_bearing_app/python-backend/Downloads/bearing_complete/GOOD_20241009_145030.jpg
2161,20241009.0,145123,GOOD,/home/kaizen-ai/Desktop/thrust_bearing_app/python-backend/Downloads/bearing_complete/GOOD_20241009_145123.jpg
2162,20241009.0,145222,GOOD,/home/kaizen-ai/Desktop/thrust_bearing_app/python-backend/Downloads/bearing_complete/GOOD_20241009_145222.jpg
2163,20241009.0,145322,GOOD,/home/kaizen-ai/Desktop/thrust_bearing_app/python-backend/Downloads/bearing_complete/GOOD_20241009_145322.jpg
2164,20241009.0,145419,GOOD,/home/kaizen-ai/Desktop/thrust_bearing_app/python-backend/Downloads/bearing_complete/GOOD_20241009_145419.jpg
2165,20241009.0,145513,GOOD,/home/kaizen-ai/Desktop/thrust_bearing_app/python-backend/Downloads/bearing_complete/GOOD_20241009_145513.jpg
2166,20241009.0,145635,GOOD,/home/kaizen-ai/Desktop/thrust_bearing_app/python-backend/Downloads/bearing_complete/GOOD_20241009_145635.jpg
2167,20241009.0,145726,GOOD,/home/kaizen-ai/Desktop/thrust_bearing_app/python-backend/Downloads/bearing_complete/GOOD_20241009_145726.jpg
2168,20241009.0,145814,GOOD,/home/kaizen-ai/Desktop/thrust_bearing_app/python-backend/Downloads/bearing_complete/GOOD_20241009_145814.jpg
2169,20241009.0,145911,GOOD,/home/kaizen-ai/Desktop/thrust_bearing_app/python-backend/Downloads/bearing_complete/GOOD_20241009_145911.jpg
2170,20241009.0,150040,GOOD,/home/kaizen-ai/Desktop/thrust_bearing_app/python-backend/Downloads/bearing_complete/GOOD_20241009_150040.jpg
2171,20241009.0,150200,GOOD,/home/kaizen-ai/Desktop/thrust_bearing_app/python-backend/Downloads/bearing_complete/GOOD_20241009_150200.jpg
2172,20241009.0,150247,GOOD,/home/kaizen-ai/Desktop/thrust_bearing_app/python-backend/Downloads/bearing_complete/GOOD_20241009_150247.jpg
2173,20241009.0,150442,GOOD,/home/kaizen-ai/Desktop/thrust_bearing_app/python-backend/Downloads/bearing_complete/GOOD_20241009_150442.jpg
2174,20241009.0,150522,GOOD,/home/kaizen-ai/Desktop/thrust_bearing_app/python-backend/Downloads/bearing_complete/GOOD_20241009_150522.jpg
2175,20241009.0,150615,GOOD,/home/kaizen-ai/Desktop/thrust_bearing_app/python-backend/Downloads/bearing_complete/GOOD_20241009_150615.jpg
2176,20241009.0,151037,GOOD,/home/kaizen-ai/Desktop/thrust_bearing_app/python-backend/Downloads/bearing_complete/GOOD_20241009_151037.jpg
2177,20241009.0,151222,GOOD,/home/kaizen-ai/Desktop/thrust_bearing_app/python-backend/Downloads/bearing_complete/GOOD_20241009_151222.jpg
2178,20241009.0,151325,GOOD,/home/kaizen-ai/Desktop/thrust_bearing_app/python-backend/Downloads/bearing_complete/GOOD_20241009_151325.jpg
2179,20241009.0,151426,GOOD,/home/kaizen-ai/Desktop/thrust_bearing_app/python-backend/Downloads/bearing_complete/GOOD_20241009_151426.jpg
2180,20241009.0,151527,GOOD,/home/kaizen-ai/Desktop/thrust_bearing_app/python-backend/Downloads/bearing_complete/GOOD_20241009_151527.jpg
2181,20241009.0,151620,GOOD,/home/kaizen-ai/Desktop/thrust_bearing_app/python-backend/Downloads/bearing_complete/GOOD_20241009_151620.jpg
2182,20241009.0,151837,GOOD,/home/kaizen-ai/Desktop/thrust_bearing_app/python-backend/Downloads/bearing_complete/GOOD_20241009_151837.jpg
2183,20241009.0,151943,GOOD,/home/kaizen-ai/Desktop/thrust_bearing_app/python-backend/Downloads/bearing_complete/GOOD_20241009_151943.jpg
2184,20241009.0,152035,GOOD,/home/kaizen-ai/Desktop/thrust_bearing_app/python-backend/Downloads/bearing_complete/GOOD_20241009_152035.jpg
2185,20241009.0,152143,GOOD,/home/kaizen-ai/Desktop/thrust_bearing_app/python-backend/Downloads/bearing_complete/GOOD_20241009_152143.jpg
2186,20241009.0,152302,GOOD,/home/kaizen-ai/Desktop/thrust_bearing_app/python-backend/Downloads/bearing_complete/GOOD_20241009_152302.jpg
2187,20241009.0,152420,GOOD,/home/kaizen-ai/Desktop/thrust_bearing_app/python-backend/Downloads/bearing_complete/GOOD_20241009_152420.jpg
2188,20241009.0,152615,GOOD,/home/kaizen-ai/Desktop/thrust_bearing_app/python-backend/Downloads/bearing_complete/GOOD_20241009_152615.jpg
2189,20241009.0,210522,GOOD,/home/kaizen-ai/Desktop/thrust_bearing_app/python-backend/Downloads/bearing_complete/GOOD_20241009_210522.jpg
2190,20241009.0,210651,GOOD,/home/kaizen-ai/Desktop/thrust_bearing_app/python-backend/Downloads/bearing_complete/GOOD_20241009_210651.jpg
2191,20241009.0,210902,GOOD,/home/kaizen-ai/Desktop/thrust_bearing_app/python-backend/Downloads/bearing_complete/GOOD_20241009_210902.jpg
2192,20241009.0,211043,GOOD,/home/kaizen-ai/Desktop/thrust_bearing_app/python-backend/Downloads/bearing_complete/GOOD_20241009_211043.jpg
2193,20241009.0,211244,GOOD,/home/kaizen-ai/Desktop/thrust_bearing_app/python-backend/Downloads/bearing_complete/GOOD_20241009_211244.jpg
2194,20241009.0,211400,GOOD,/home/kaizen-ai/Desktop/thrust_bearing_app/python-backend/Downloads/bearing_complete/GOOD_20241009_211400.jpg
2195,20241009.0,211449,GOOD,/home/kaizen-ai/Desktop/thrust_bearing_app/python-backend/Downloads/bearing_complete/GOOD_20241009_211449.jpg
2196,20241009.0,211558,GOOD,/home/kaizen-ai/Desktop/thrust_bearing_app/python-backend/Downloads/bearing_complete/GOOD_20241009_211558.jpg
2197,20241009.0,211723,NG,/home/kaizen-ai/Desktop/thrust_bearing_app/python-backend/Downloads/not_good_NG1/NG_20241009_211723.jpg
2198,20241009.0,211831,GOOD,/home/kaizen-ai/Desktop/thrust_bearing_app/python-backend/Downloads/bearing_complete/GOOD_20241009_211831.jpg
2199,20241009.0,211936,GOOD,/home/kaizen-ai/Desktop/thrust_bearing_app/python-backend/Downloads/bearing_complete/GOOD_20241009_211936.jpg
2200,20241009.0,212028,GOOD,/home/kaizen-ai/Desktop/thrust_bearing_app/python-backend/Downloads/bearing_complete/GOOD_20241009_212028.jpg
2201,20241009.0,212128,GOOD,/home/kaizen-ai/Desktop/thrust_bearing_app/python-backend/Downloads/bearing_complete/GOOD_20241009_212128.jpg
2202,20241009.0,212302,GOOD,/home/kaizen-ai/Desktop/thrust_bearing_app/python-backend/Downloads/bearing_complete/GOOD_20241009_212302.jpg
2203,20241009.0,212413,NG,/home/kaizen-ai/Desktop/thrust_bearing_app/python-backend/Downloads/not_good_NG1/NG_20241009_212413.jpg
2204,20241009.0,212511,GOOD,/home/kaizen-ai/Desktop/thrust_bearing_app/python-backend/Downloads/bearing_complete/GOOD_20241009_212511.jpg
2205,20241009.0,212624,GOOD,/home/kaizen-ai/Desktop/thrust_bearing_app/python-backend/Downloads/bearing_complete/GOOD_20241009_212624.jpg
2206,20241009.0,212728,GOOD,/home/kaizen-ai/Desktop/thrust_bearing_app/python-backend/Downloads/bearing_complete/GOOD_20241009_212728.jpg
2207,20241009.0,212837,NG,/home/kaizen-ai/Desktop/thrust_bearing_app/python-backend/Downloads/not_good_NG2/NG_20241009_212837.jpg
2208,20241009.0,212946,NG,/home/kaizen-ai/Desktop/thrust_bearing_app/python-backend/Downloads/not_good_NG1/NG_20241009_212946.jpg
2209,20241009.0,213049,NG,/home/kaizen-ai/Desktop/thrust_bearing_app/python-backend/Downloads/not_good_NG1/NG_20241009_213049.jpg
2210,20241009.0,213151,GOOD,/home/kaizen-ai/Desktop/thrust_bearing_app/python-backend/Downloads/bearing_complete/GOOD_20241009_213151.jpg
2211,20241009.0,213250,GOOD,/home/kaizen-ai/Desktop/thrust_bearing_app/python-backend/Downloads/bearing_complete/GOOD_20241009_213250.jpg
2212,20241009.0,213400,GOOD,/home/kaizen-ai/Desktop/thrust_bearing_app/python-backend/Downloads/bearing_complete/GOOD_20241009_213400.jpg
2213,20241009.0,213505,GOOD,/home/kaizen-ai/Desktop/thrust_bearing_app/python-backend/Downloads/bearing_complete/GOOD_20241009_213505.jpg
2214,20241009.0,213607,GOOD,/home/kaizen-ai/Desktop/thrust_bearing_app/python-backend/Downloads/bearing_complete/GOOD_20241009_213607.jpg
2215,20241009.0,213734,GOOD,/home/kaizen-ai/Desktop/thrust_bearing_app/python-backend/Downloads/bearing_complete/GOOD_20241009_213734.jpg
2216,20241009.0,213826,GOOD,/home/kaizen-ai/Desktop/thrust_bearing_app/python-backend/Downloads/bearing_complete/GOOD_20241009_213826.jpg
2217,20241009.0,213923,GOOD,/home/kaizen-ai/Desktop/thrust_bearing_app/python-backend/Downloads/bearing_complete/GOOD_20241009_213923.jpg
2218,20241009.0,214100,GOOD,/home/kaizen-ai/Desktop/thrust_bearing_app/python-backend/Downloads/bearing_complete/GOOD_20241009_214100.jpg
2219,20241009.0,214203,NG,/home/kaizen-ai/Desktop/thrust_bearing_app/python-backend/Downloads/not_good_NG1/NG_20241009_214203.jpg
2220,20241009.0,214256,NG,/home/kaizen-ai/Desktop/thrust_bearing_app/python-backend/Downloads/not_good_NG2/NG_20241009_214256.jpg
2221,20241009.0,214424,GOOD,/home/kaizen-ai/Desktop/thrust_bearing_app/python-backend/Downloads/bearing_complete/GOOD_20241009_214424.jpg
2222,20241009.0,214443,NG,/home/kaizen-ai/Desktop/thrust_bearing_app/python-backend/Downloads/not_good_NG2/NG_20241009_214443.jpg
2223,20241009.0,214648,NG,/home/kaizen-ai/Desktop/thrust_bearing_app/python-backend/Downloads/not_good_NG1/NG_20241009_214648.jpg
2224,20241009.0,214740,GOOD,/home/kaizen-ai/Desktop/thrust_bearing_app/python-backend/Downloads/bearing_complete/GOOD_20241009_214740.jpg
2225,20241009.0,214812,GOOD,/home/kaizen-ai/Desktop/thrust_bearing_app/python-backend/Downloads/bearing_complete/GOOD_20241009_214812.jpg
2226,20241009.0,214923,GOOD,/home/kaizen-ai/Desktop/thrust_bearing_app/python-backend/Downloads/bearing_complete/GOOD_20241009_214923.jpg
2227,20241009.0,215026,GOOD,/home/kaizen-ai/Desktop/thrust_bearing_app/python-backend/Downloads/bearing_complete/GOOD_20241009_215026.jpg
2228,20241009.0,215118,NG,/home/kaizen-ai/Desktop/thrust_bearing_app/python-backend/Downloads/not_good_NG1/NG_20241009_215118.jpg
2229,20241009.0,215302,GOOD,/home/kaizen-ai/Desktop/thrust_bearing_app/python-backend/Downloads/bearing_complete/GOOD_20241009_215302.jpg
2230,20241009.0,215402,NG,/home/kaizen-ai/Desktop/thrust_bearing_app/python-backend/Downloads/not_good_NG1/NG_20241009_215402.jpg
2231,20241009.0,215510,GOOD,/home/kaizen-ai/Desktop/thrust_bearing_app/python-backend/Downloads/bearing_complete/GOOD_20241009_215510.jpg
2232,20241009.0,215616,GOOD,/home/kaizen-ai/Desktop/thrust_bearing_app/python-backend/Downloads/bearing_complete/GOOD_20241009_215616.jpg
2233,20241009.0,215714,NG,/home/kaizen-ai/Desktop/thrust_bearing_app/python-backend/Downloads/not_good_NG3/NG_20241009_215714.jpg
2234,20241009.0,215820,GOOD,/home/kaizen-ai/Desktop/thrust_bearing_app/python-backend/Downloads/bearing_complete/GOOD_20241009_215820.jpg
2235,20241009.0,215918,GOOD,/home/kaizen-ai/Desktop/thrust_bearing_app/python-backend/Downloads/bearing_complete/GOOD_20241009_215918.jpg
2236,20241009.0,221041,GOOD,/home/kaizen-ai/Desktop/thrust_bearing_app/python-backend/Downloads/bearing_complete/GOOD_20241009_221041.jpg
2237,20241009.0,221152,GOOD,/home/kaizen-ai/Desktop/thrust_bearing_app/python-backend/Downloads/bearing_complete/GOOD_20241009_221152.jpg
2238,20241009.0,221352,GOOD,/home/kaizen-ai/Desktop/thrust_bearing_app/python-backend/Downloads/bearing_complete/GOOD_20241009_221352.jpg
2239,20241009.0,221459,GOOD,/home/kaizen-ai/Desktop/thrust_bearing_app/python-backend/Downloads/bearing_complete/GOOD_20241009_221459.jpg
2240,20241009.0,221610,GOOD,/home/kaizen-ai/Desktop/thrust_bearing_app/python-backend/Downloads/bearing_complete/GOOD_20241009_221610.jpg
2241,20241009.0,221735,GOOD,/home/kaizen-ai/Desktop/thrust_bearing_app/python-backend/Downloads/bearing_complete/GOOD_20241009_221735.jpg
2242,20241009.0,221833,GOOD,/home/kaizen-ai/Desktop/thrust_bearing_app/python-backend/Downloads/bearing_complete/GOOD_20241009_221833.jpg
2243,20241009.0,221947,GOOD,/home/kaizen-ai/Desktop/thrust_bearing_app/python-backend/Downloads/bearing_complete/GOOD_20241009_221947.jpg
2244,20241009.0,222035,GOOD,/home/kaizen-ai/Desktop/thrust_bearing_app/python-backend/Downloads/bearing_complete/GOOD_20241009_222035.jpg
2245,20241009.0,222135,GOOD,/home/kaizen-ai/Desktop/thrust_bearing_app/python-backend/Downloads/bearing_complete/GOOD_20241009_222135.jpg
2246,20241009.0,222230,NG,/home/kaizen-ai/Desktop/thrust_bearing_app/python-backend/Downloads/not_good_NG2/NG_20241009_222230.jpg
2247,20241009.0,222410,GOOD,/home/kaizen-ai/Desktop/thrust_bearing_app/python-backend/Downloads/bearing_complete/GOOD_20241009_222410.jpg
2248,20241009.0,222504,GOOD,/home/kaizen-ai/Desktop/thrust_bearing_app/python-backend/Downloads/bearing_complete/GOOD_20241009_222504.jpg
2249,20241009.0,222551,GOOD,/home/kaizen-ai/Desktop/thrust_bearing_app/python-backend/Downloads/bearing_complete/GOOD_20241009_222551.jpg
2250,20241009.0,222642,GOOD,/home/kaizen-ai/Desktop/thrust_bearing_app/python-backend/Downloads/bearing_complete/GOOD_20241009_222642.jpg
2251,20241009.0,222750,GOOD,/home/kaizen-ai/Desktop/thrust_bearing_app/python-backend/Downloads/bearing_complete/GOOD_20241009_222750.jpg
2252,20241009.0,222854,GOOD,/home/kaizen-ai/Desktop/thrust_bearing_app/python-backend/Downloads/bearing_complete/GOOD_20241009_222854.jpg
2253,20241009.0,222959,NG,/home/kaizen-ai/Desktop/thrust_bearing_app/python-backend/Downloads/not_good_NG3/NG_20241009_222959.jpg
2254,20241009.0,223108,GOOD,/home/kaizen-ai/Desktop/thrust_bearing_app/python-backend/Downloads/bearing_complete/GOOD_20241009_223108.jpg
2255,20241009.0,223213,GOOD,/home/kaizen-ai/Desktop/thrust_bearing_app/python-backend/Downloads/bearing_complete/GOOD_20241009_223213.jpg
2256,20241009.0,223319,NG,/home/kaizen-ai/Desktop/thrust_bearing_app/python-backend/Downloads/not_good_NG1/NG_20241009_223319.jpg
2257,20241009.0,223409,GOOD,/home/kaizen-ai/Desktop/thrust_bearing_app/python-backend/Downloads/bearing_complete/GOOD_20241009_223409.jpg
2258,20241009.0,223515,GOOD,/home/kaizen-ai/Desktop/thrust_bearing_app/python-backend/Downloads/bearing_complete/GOOD_20241009_223515.jpg
2259,20241009.0,223617,GOOD,/home/kaizen-ai/Desktop/thrust_bearing_app/python-backend/Downloads/bearing_complete/GOOD_20241009_223617.jpg
2260,20241009.0,223740,GOOD,/home/kaizen-ai/Desktop/thrust_bearing_app/python-backend/Downloads/bearing_complete/GOOD_20241009_223740.jpg
2261,20241009.0,223902,GOOD,/home/kaizen-ai/Desktop/thrust_bearing_app/python-backend/Downloads/bearing_complete/GOOD_20241009_223902.jpg
2262,20241009.0,224004,GOOD,/home/kaizen-ai/Desktop/thrust_bearing_app/python-backend/Downloads/bearing_complete/GOOD_20241009_224004.jpg
2263,20241009.0,224102,GOOD,/home/kaizen-ai/Desktop/thrust_bearing_app/python-backend/Downloads/bearing_complete/GOOD_20241009_224102.jpg
2264,20241009.0,224145,GOOD,/home/kaizen-ai/Desktop/thrust_bearing_app/python-backend/Downloads/bearing_complete/GOOD_20241009_224145.jpg
2265,20241009.0,224241,GOOD,/home/kaizen-ai/Desktop/thrust_bearing_app/python-backend/Downloads/bearing_complete/GOOD_20241009_224241.jpg
2266,20241009.0,224355,GOOD,/home/kaizen-ai/Desktop/thrust_bearing_app/python-backend/Downloads/bearing_complete/GOOD_20241009_224355.jpg
2267,20241009.0,224534,NG,/home/kaizen-ai/Desktop/thrust_bearing_app/python-backend/Downloads/not_good_NG1/NG_20241009_224534.jpg
2268,20241009.0,224618,NG,/home/kaizen-ai/Desktop/thrust_bearing_app/python-backend/Downloads/not_good_NG2/NG_20241009_224618.jpg
2269,20241009.0,224744,NG,/home/kaizen-ai/Desktop/thrust_bearing_app/python-backend/Downloads/not_good_NG1/NG_20241009_224744.jpg
2270,20241009.0,224843,GOOD,/home/kaizen-ai/Desktop/thrust_bearing_app/python-backend/Downloads/bearing_complete/GOOD_20241009_224843.jpg
2271,20241009.0,224944,GOOD,/home/kaizen-ai/Desktop/thrust_bearing_app/python-backend/Downloads/bearing_complete/GOOD_20241009_224944.jpg
2272,20241009.0,225039,NG,/home/kaizen-ai/Desktop/thrust_bearing_app/python-backend/Downloads/not_good_NG3/NG_20241009_225039.jpg
2273,20241009.0,225219,GOOD,/home/kaizen-ai/Desktop/thrust_bearing_app/python-backend/Downloads/bearing_complete/GOOD_20241009_225219.jpg
2274,20241009.0,225321,GOOD,/home/kaizen-ai/Desktop/thrust_bearing_app/python-backend/Downloads/bearing_complete/GOOD_20241009_225321.jpg
2275,20241009.0,225422,GOOD,/home/kaizen-ai/Desktop/thrust_bearing_app/python-backend/Downloads/bearing_complete/GOOD_20241009_225422.jpg
2276,20241009.0,225518,GOOD,/home/kaizen-ai/Desktop/thrust_bearing_app/python-backend/Downloads/bearing_complete/GOOD_20241009_225518.jpg
2277,20241009.0,225622,GOOD,/home/kaizen-ai/Desktop/thrust_bearing_app/python-backend/Downloads/bearing_complete/GOOD_20241009_225622.jpg
2278,20241009.0,225728,GOOD,/home/kaizen-ai/Desktop/thrust_bearing_app/python-backend/Downloads/bearing_complete/GOOD_20241009_225728.jpg
2279,20241009.0,225827,GOOD,/home/kaizen-ai/Desktop/thrust_bearing_app/python-backend/Downloads/bearing_complete/GOOD_20241009_225827.jpg
2280,20241009.0,225919,GOOD,/home/kaizen-ai/Desktop/thrust_bearing_app/python-backend/Downloads/bearing_complete/GOOD_20241009_225919.jpg
2281,20241009.0,230055,GOOD,/home/kaizen-ai/Desktop/thrust_bearing_app/python-backend/Downloads/bearing_complete/GOOD_20241009_230055.jpg
2282,20241009.0,230159,GOOD,/home/kaizen-ai/Desktop/thrust_bearing_app/python-backend/Downloads/bearing_complete/GOOD_20241009_230159.jpg
2283,20241009.0,230302,GOOD,/home/kaizen-ai/Desktop/thrust_bearing_app/python-backend/Downloads/bearing_complete/GOOD_20241009_230302.jpg
2284,20241009.0,230423,NG,/home/kaizen-ai/Desktop/thrust_bearing_app/python-backend/Downloads/not_good_NG1/NG_20241009_230423.jpg
2285,20241009.0,230536,GOOD,/home/kaizen-ai/Desktop/thrust_bearing_app/python-backend/Downloads/bearing_complete/GOOD_20241009_230536.jpg
2286,20241009.0,230640,GOOD,/home/kaizen-ai/Desktop/thrust_bearing_app/python-backend/Downloads/bearing_complete/GOOD_20241009_230640.jpg
2287,20241009.0,230752,GOOD,/home/kaizen-ai/Desktop/thrust_bearing_app/python-backend/Downloads/bearing_complete/GOOD_20241009_230752.jpg
2288,20241009.0,230824,GOOD,/home/kaizen-ai/Desktop/thrust_bearing_app/python-backend/Downloads/bearing_complete/GOOD_20241009_230824.jpg
2289,20241009.0,230926,NG,/home/kaizen-ai/Desktop/thrust_bearing_app/python-backend/Downloads/not_good_NG1/NG_20241009_230926.jpg
2290,20241009.0,231127,NG,/home/kaizen-ai/Desktop/thrust_bearing_app/python-backend/Downloads/not_good_NG3/NG_20241009_231127.jpg
2291,20241009.0,231247,NG,/home/kaizen-ai/Desktop/thrust_bearing_app/python-backend/Downloads/not_good_NG3/NG_20241009_231247.jpg
2292,20241009.0,231404,GOOD,/home/kaizen-ai/Desktop/thrust_bearing_app/python-backend/Downloads/bearing_complete/GOOD_20241009_231404.jpg
2293,20241009.0,231505,GOOD,/home/kaizen-ai/Desktop/thrust_bearing_app/python-backend/Downloads/bearing_complete/GOOD_20241009_231505.jpg
2294,20241009.0,231557,GOOD,/home/kaizen-ai/Desktop/thrust_bearing_app/python-backend/Downloads/bearing_complete/GOOD_20241009_231557.jpg
2295,20241009.0,231702,GOOD,/home/kaizen-ai/Desktop/thrust_bearing_app/python-backend/Downloads/bearing_complete/GOOD_20241009_231702.jpg
2296,20241009.0,231818,GOOD,/home/kaizen-ai/Desktop/thrust_bearing_app/python-backend/Downloads/bearing_complete/GOOD_20241009_231818.jpg
2297,20241009.0,231911,GOOD,/home/kaizen-ai/Desktop/thrust_bearing_app/python-backend/Downloads/bearing_complete/GOOD_20241009_231911.jpg
2298,20241009.0,232025,NG,/home/kaizen-ai/Desktop/thrust_bearing_app/python-backend/Downloads/not_good_NG1/NG_20241009_232025.jpg
2299,20241009.0,232136,GOOD,/home/kaizen-ai/Desktop/thrust_bearing_app/python-backend/Downloads/bearing_complete/GOOD_20241009_232136.jpg
2300,20241009.0,232230,GOOD,/home/kaizen-ai/Desktop/thrust_bearing_app/python-backend/Downloads/bearing_complete/GOOD_20241009_232230.jpg
2301,20241009.0,232421,GOOD,/home/kaizen-ai/Desktop/thrust_bearing_app/python-backend/Downloads/bearing_complete/GOOD_20241009_232421.jpg
2302,20241009.0,232514,GOOD,/home/kaizen-ai/Desktop/thrust_bearing_app/python-backend/Downloads/bearing_complete/GOOD_20241009_232514.jpg
2303,20241009.0,232605,GOOD,/home/kaizen-ai/Desktop/thrust_bearing_app/python-backend/Downloads/bearing_complete/GOOD_20241009_232605.jpg
2304,20241009.0,232659,NG,/home/kaizen-ai/Desktop/thrust_bearing_app/python-backend/Downloads/not_good_NG1/NG_20241009_232659.jpg
2305,20241009.0,232753,GOOD,/home/kaizen-ai/Desktop/thrust_bearing_app/python-backend/Downloads/bearing_complete/GOOD_20241009_232753.jpg
2306,20241009.0,232903,GOOD,/home/kaizen-ai/Desktop/thrust_bearing_app/python-backend/Downloads/bearing_complete/GOOD_20241009_232903.jpg
2307,20241009.0,232956,GOOD,/home/kaizen-ai/Desktop/thrust_bearing_app/python-backend/Downloads/bearing_complete/GOOD_20241009_232956.jpg
2308,20241009.0,233119,GOOD,/home/kaizen-ai/Desktop/thrust_bearing_app/python-backend/Downloads/bearing_complete/GOOD_20241009_233119.jpg
2309,20241009.0,233213,GOOD,/home/kaizen-ai/Desktop/thrust_bearing_app/python-backend/Downloads/bearing_complete/GOOD_20241009_233213.jpg
2310,20241009.0,233313,GOOD,/home/kaizen-ai/Desktop/thrust_bearing_app/python-backend/Downloads/bearing_complete/GOOD_20241009_233313.jpg
2311,20241009.0,233420,NG,/home/kaizen-ai/Desktop/thrust_bearing_app/python-backend/Downloads/not_good_NG1/NG_20241009_233420.jpg
2312,20241009.0,233515,GOOD,/home/kaizen-ai/Desktop/thrust_bearing_app/python-backend/Downloads/bearing_complete/GOOD_20241009_233515.jpg
2313,20241009.0,233641,NG,/home/kaizen-ai/Desktop/thrust_bearing_app/python-backend/Downloads/not_good_NG1/NG_20241009_233641.jpg
2314,20241009.0,233734,GOOD,/home/kaizen-ai/Desktop/thrust_bearing_app/python-backend/Downloads/bearing_complete/GOOD_20241009_233734.jpg
2315,20241009.0,233821,GOOD,/home/kaizen-ai/Desktop/thrust_bearing_app/python-backend/Downloads/bearing_complete/GOOD_20241009_233821.jpg
2316,20241009.0,233957,GOOD,/home/kaizen-ai/Desktop/thrust_bearing_app/python-backend/Downloads/bearing_complete/GOOD_20241009_233957.jpg
2317,20241009.0,234048,GOOD,/home/kaizen-ai/Desktop/thrust_bearing_app/python-backend/Downloads/bearing_complete/GOOD_20241009_234048.jpg
2318,20241009.0,234153,GOOD,/home/kaizen-ai/Desktop/thrust_bearing_app/python-backend/Downloads/bearing_complete/GOOD_20241009_234153.jpg
2319,20241009.0,234249,GOOD,/home/kaizen-ai/Desktop/thrust_bearing_app/python-backend/Downloads/bearing_complete/GOOD_20241009_234249.jpg
2320,20241009.0,234418,NG,/home/kaizen-ai/Desktop/thrust_bearing_app/python-backend/Downloads/not_good_NG1/NG_20241009_234418.jpg
2321,20241009.0,234525,GOOD,/home/kaizen-ai/Desktop/thrust_bearing_app/python-backend/Downloads/bearing_complete/GOOD_20241009_234525.jpg
2322,20241009.0,234616,GOOD,/home/kaizen-ai/Desktop/thrust_bearing_app/python-backend/Downloads/bearing_complete/GOOD_20241009_234616.jpg
2323,20241009.0,234711,GOOD,/home/kaizen-ai/Desktop/thrust_bearing_app/python-backend/Downloads/bearing_complete/GOOD_20241009_234711.jpg
2324,20241009.0,234803,GOOD,/home/kaizen-ai/Desktop/thrust_bearing_app/python-backend/Downloads/bearing_complete/GOOD_20241009_234803.jpg
2325,20241009.0,234858,GOOD,/home/kaizen-ai/Desktop/thrust_bearing_app/python-backend/Downloads/bearing_complete/GOOD_20241009_234858.jpg
2326,20241009.0,235042,GOOD,/home/kaizen-ai/Desktop/thrust_bearing_app/python-backend/Downloads/bearing_complete/GOOD_20241009_235042.jpg
2327,20241009.0,235216,GOOD,/home/kaizen-ai/Desktop/thrust_bearing_app/python-backend/Downloads/bearing_complete/GOOD_20241009_235216.jpg
2328,20241009.0,235338,GOOD,/home/kaizen-ai/Desktop/thrust_bearing_app/python-backend/Downloads/bearing_complete/GOOD_20241009_235338.jpg
2329,20241009.0,235431,GOOD,/home/kaizen-ai/Desktop/thrust_bearing_app/python-backend/Downloads/bearing_complete/GOOD_20241009_235431.jpg
2330,20241009.0,235538,NG,/home/kaizen-ai/Desktop/thrust_bearing_app/python-backend/Downloads/not_good_NG1/NG_20241009_235538.jpg
2331,20241009.0,235636,NG,/home/kaizen-ai/Desktop/thrust_bearing_app/python-backend/Downloads/not_good_NG3/NG_20241009_235636.jpg
2332,20241009.0,235803,GOOD,/home/kaizen-ai/Desktop/thrust_bearing_app/python-backend/Downloads/bearing_complete/GOOD_20241009_235803.jpg
2333,20241009.0,235858,NG,/home/kaizen-ai/Desktop/thrust_bearing_app/python-backend/Downloads/not_good_NG2/NG_20241009_235858.jpg
2334,20241009.0,235949,GOOD,/home/kaizen-ai/Desktop/thrust_bearing_app/python-backend/Downloads/bearing_complete/GOOD_20241009_235949.jpg
2335,20241010.0,3038,NG,/home/kaizen-ai/Desktop/thrust_bearing_app/python-backend/Downloads/not_good_NG2/NG_20241010_003038.jpg
2336,20241010.0,3145,GOOD,/home/kaizen-ai/Desktop/thrust_bearing_app/python-backend/Downloads/bearing_complete/GOOD_20241010_003145.jpg
2337,20241010.0,3307,GOOD,/home/kaizen-ai/Desktop/thrust_bearing_app/python-backend/Downloads/bearing_complete/GOOD_20241010_003307.jpg
2338,20241010.0,3402,GOOD,/home/kaizen-ai/Desktop/thrust_bearing_app/python-backend/Downloads/bearing_complete/GOOD_20241010_003402.jpg
2339,20241010.0,3524,NG,/home/kaizen-ai/Desktop/thrust_bearing_app/python-backend/Downloads/not_good_NG1/NG_20241010_003524.jpg
2340,20241010.0,3609,GOOD,/home/kaizen-ai/Desktop/thrust_bearing_app/python-backend/Downloads/bearing_complete/GOOD_20241010_003609.jpg
2341,20241010.0,3724,GOOD,/home/kaizen-ai/Desktop/thrust_bearing_app/python-backend/Downloads/bearing_complete/GOOD_20241010_003724.jpg
2342,20241010.0,3829,GOOD,/home/kaizen-ai/Desktop/thrust_bearing_app/python-backend/Downloads/bearing_complete/GOOD_20241010_003829.jpg
2343,20241010.0,3956,GOOD,/home/kaizen-ai/Desktop/thrust_bearing_app/python-backend/Downloads/bearing_complete/GOOD_20241010_003956.jpg
2344,20241010.0,4058,GOOD,/home/kaizen-ai/Desktop/thrust_bearing_app/python-backend/Downloads/bearing_complete/GOOD_20241010_004058.jpg
2345,20241010.0,4214,GOOD,/home/kaizen-ai/Desktop/thrust_bearing_app/python-backend/Downloads/bearing_complete/GOOD_20241010_004214.jpg
2346,20241010.0,4305,GOOD,/home/kaizen-ai/Desktop/thrust_bearing_app/python-backend/Downloads/bearing_complete/GOOD_20241010_004305.jpg
2347,20241010.0,4401,GOOD,/home/kaizen-ai/Desktop/thrust_bearing_app/python-backend/Downloads/bearing_complete/GOOD_20241010_004401.jpg
2348,20241010.0,4452,GOOD,/home/kaizen-ai/Desktop/thrust_bearing_app/python-backend/Downloads/bearing_complete/GOOD_20241010_004452.jpg
2349,20241010.0,4601,NG,/home/kaizen-ai/Desktop/thrust_bearing_app/python-backend/Downloads/not_good_NG2/NG_20241010_004601.jpg
2350,20241010.0,4730,GOOD,/home/kaizen-ai/Desktop/thrust_bearing_app/python-backend/Downloads/bearing_complete/GOOD_20241010_004730.jpg
2351,20241010.0,4821,NG,/home/kaizen-ai/Desktop/thrust_bearing_app/python-backend/Downloads/not_good_NG1/NG_20241010_004821.jpg
2352,20241010.0,4921,GOOD,/home/kaizen-ai/Desktop/thrust_bearing_app/python-backend/Downloads/bearing_complete/GOOD_20241010_004921.jpg
2353,20241010.0,5017,GOOD,/home/kaizen-ai/Desktop/thrust_bearing_app/python-backend/Downloads/bearing_complete/GOOD_20241010_005017.jpg
2354,20241010.0,5120,GOOD,/home/kaizen-ai/Desktop/thrust_bearing_app/python-backend/Downloads/bearing_complete/GOOD_20241010_005120.jpg
2355,20241010.0,5219,GOOD,/home/kaizen-ai/Desktop/thrust_bearing_app/python-backend/Downloads/bearing_complete/GOOD_20241010_005219.jpg
2356,20241010.0,5332,GOOD,/home/kaizen-ai/Desktop/thrust_bearing_app/python-backend/Downloads/bearing_complete/GOOD_20241010_005332.jpg
2357,20241010.0,5432,GOOD,/home/kaizen-ai/Desktop/thrust_bearing_app/python-backend/Downloads/bearing_complete/GOOD_20241010_005432.jpg
2358,20241010.0,5534,NG,/home/kaizen-ai/Desktop/thrust_bearing_app/python-backend/Downloads/not_good_NG1/NG_20241010_005534.jpg
2359,20241010.0,5638,GOOD,/home/kaizen-ai/Desktop/thrust_bearing_app/python-backend/Downloads/bearing_complete/GOOD_20241010_005638.jpg
2360,20241010.0,5751,GOOD,/home/kaizen-ai/Desktop/thrust_bearing_app/python-backend/Downloads/bearing_complete/GOOD_20241010_005751.jpg
2361,20241010.0,5920,GOOD,/home/kaizen-ai/Desktop/thrust_bearing_app/python-backend/Downloads/bearing_complete/GOOD_20241010_005920.jpg
2362,20241010.0,10013,NG,/home/kaizen-ai/Desktop/thrust_bearing_app/python-backend/Downloads/not_good_NG1/NG_20241010_010013.jpg
2363,20241010.0,10131,NG,/home/kaizen-ai/Desktop/thrust_bearing_app/python-backend/Downloads/not_good_NG2/NG_20241010_010131.jpg
2364,20241010.0,10239,GOOD,/home/kaizen-ai/Desktop/thrust_bearing_app/python-backend/Downloads/bearing_complete/GOOD_20241010_010239.jpg
2365,20241010.0,10351,GOOD,/home/kaizen-ai/Desktop/thrust_bearing_app/python-backend/Downloads/bearing_complete/GOOD_20241010_010351.jpg
2366,20241010.0,10408,GOOD,/home/kaizen-ai/Desktop/thrust_bearing_app/python-backend/Downloads/bearing_complete/GOOD_20241010_010408.jpg
2367,20241010.0,10532,GOOD,/home/kaizen-ai/Desktop/thrust_bearing_app/python-backend/Downloads/bearing_complete/GOOD_20241010_010532.jpg
2368,20241010.0,10645,NG,/home/kaizen-ai/Desktop/thrust_bearing_app/python-backend/Downloads/not_good_NG3/NG_20241010_010645.jpg
2369,20241010.0,10753,NG,/home/kaizen-ai/Desktop/thrust_bearing_app/python-backend/Downloads/not_good_NG2/NG_20241010_010753.jpg
2370,20241010.0,10842,GOOD,/home/kaizen-ai/Desktop/thrust_bearing_app/python-backend/Downloads/bearing_complete/GOOD_20241010_010842.jpg
2371,20241010.0,10931,GOOD,/home/kaizen-ai/Desktop/thrust_bearing_app/python-backend/Downloads/bearing_complete/GOOD_20241010_010931.jpg
2372,20241010.0,11055,GOOD,/home/kaizen-ai/Desktop/thrust_bearing_app/python-backend/Downloads/bearing_complete/GOOD_20241010_011055.jpg
2373,20241010.0,11144,GOOD,/home/kaizen-ai/Desktop/thrust_bearing_app/python-backend/Downloads/bearing_complete/GOOD_20241010_011144.jpg
2374,20241010.0,11245,GOOD,/home/kaizen-ai/Desktop/thrust_bearing_app/python-backend/Downloads/bearing_complete/GOOD_20241010_011245.jpg
2375,20241010.0,11359,GOOD,/home/kaizen-ai/Desktop/thrust_bearing_app/python-backend/Downloads/bearing_complete/GOOD_20241010_011359.jpg
2376,20241010.0,11456,GOOD,/home/kaizen-ai/Desktop/thrust_bearing_app/python-backend/Downloads/bearing_complete/GOOD_20241010_011456.jpg
2377,20241010.0,11610,GOOD,/home/kaizen-ai/Desktop/thrust_bearing_app/python-backend/Downloads/bearing_complete/GOOD_20241010_011610.jpg
2378,20241010.0,11757,GOOD,/home/kaizen-ai/Desktop/thrust_bearing_app/python-backend/Downloads/bearing_complete/GOOD_20241010_011757.jpg
2379,20241010.0,11859,GOOD,/home/kaizen-ai/Desktop/thrust_bearing_app/python-backend/Downloads/bearing_complete/GOOD_20241010_011859.jpg
2380,20241010.0,12006,NG,/home/kaizen-ai/Desktop/thrust_bearing_app/python-backend/Downloads/not_good_NG2/NG_20241010_012006.jpg
2381,20241010.0,12112,GOOD,/home/kaizen-ai/Desktop/thrust_bearing_app/python-backend/Downloads/bearing_complete/GOOD_20241010_012112.jpg
2382,20241010.0,12135,GOOD,/home/kaizen-ai/Desktop/thrust_bearing_app/python-backend/Downloads/bearing_complete/GOOD_20241010_012135.jpg
2383,20241010.0,12231,GOOD,/home/kaizen-ai/Desktop/thrust_bearing_app/python-backend/Downloads/bearing_complete/GOOD_20241010_012231.jpg
2384,20241010.0,12434,GOOD,/home/kaizen-ai/Desktop/thrust_bearing_app/python-backend/Downloads/bearing_complete/GOOD_20241010_012434.jpg
2385,20241010.0,12542,GOOD,/home/kaizen-ai/Desktop/thrust_bearing_app/python-backend/Downloads/bearing_complete/GOOD_20241010_012542.jpg
2386,20241010.0,12647,GOOD,/home/kaizen-ai/Desktop/thrust_bearing_app/python-backend/Downloads/bearing_complete/GOOD_20241010_012647.jpg
2387,20241010.0,12741,GOOD,/home/kaizen-ai/Desktop/thrust_bearing_app/python-backend/Downloads/bearing_complete/GOOD_20241010_012741.jpg
2388,20241010.0,12851,GOOD,/home/kaizen-ai/Desktop/thrust_bearing_app/python-backend/Downloads/bearing_complete/GOOD_20241010_012851.jpg
2389,20241010.0,12956,GOOD,/home/kaizen-ai/Desktop/thrust_bearing_app/python-backend/Downloads/bearing_complete/GOOD_20241010_012956.jpg
2390,20241010.0,13102,GOOD,/home/kaizen-ai/Desktop/thrust_bearing_app/python-backend/Downloads/bearing_complete/GOOD_20241010_013102.jpg
2391,20241010.0,13211,GOOD,/home/kaizen-ai/Desktop/thrust_bearing_app/python-backend/Downloads/bearing_complete/GOOD_20241010_013211.jpg
2392,20241010.0,13351,GOOD,/home/kaizen-ai/Desktop/thrust_bearing_app/python-backend/Downloads/bearing_complete/GOOD_20241010_013351.jpg
2393,20241010.0,13427,GOOD,/home/kaizen-ai/Desktop/thrust_bearing_app/python-backend/Downloads/bearing_complete/GOOD_20241010_013427.jpg
2394,20241010.0,13545,NG,/home/kaizen-ai/Desktop/thrust_bearing_app/python-backend/Downloads/not_good_NG1/NG_20241010_013545.jpg
2395,20241010.0,13658,GOOD,/home/kaizen-ai/Desktop/thrust_bearing_app/python-backend/Downloads/bearing_complete/GOOD_20241010_013658.jpg
2396,20241010.0,13825,GOOD,/home/kaizen-ai/Desktop/thrust_bearing_app/python-backend/Downloads/bearing_complete/GOOD_20241010_013825.jpg
2397,20241010.0,13930,NG,/home/kaizen-ai/Desktop/thrust_bearing_app/python-backend/Downloads/not_good_NG1/NG_20241010_013930.jpg
2398,20241010.0,14050,NG,/home/kaizen-ai/Desktop/thrust_bearing_app/python-backend/Downloads/not_good_NG1/NG_20241010_014050.jpg
2399,20241010.0,14137,GOOD,/home/kaizen-ai/Desktop/thrust_bearing_app/python-backend/Downloads/bearing_complete/GOOD_20241010_014137.jpg
2400,20241010.0,14220,GOOD,/home/kaizen-ai/Desktop/thrust_bearing_app/python-backend/Downloads/bearing_complete/GOOD_20241010_014220.jpg
2401,20241010.0,14320,GOOD,/home/kaizen-ai/Desktop/thrust_bearing_app/python-backend/Downloads/bearing_complete/GOOD_20241010_014320.jpg
2402,20241010.0,14428,NG,/home/kaizen-ai/Desktop/thrust_bearing_app/python-backend/Downloads/not_good_NG1/NG_20241010_014428.jpg
2403,20241010.0,14554,GOOD,/home/kaizen-ai/Desktop/thrust_bearing_app/python-backend/Downloads/bearing_complete/GOOD_20241010_014554.jpg
2404,20241010.0,14643,GOOD,/home/kaizen-ai/Desktop/thrust_bearing_app/python-backend/Downloads/bearing_complete/GOOD_20241010_014643.jpg
2405,20241010.0,14755,GOOD,/home/kaizen-ai/Desktop/thrust_bearing_app/python-backend/Downloads/bearing_complete/GOOD_20241010_014755.jpg
2406,20241010.0,14849,GOOD,/home/kaizen-ai/Desktop/thrust_bearing_app/python-backend/Downloads/bearing_complete/GOOD_20241010_014849.jpg
2407,20241010.0,15011,GOOD,/home/kaizen-ai/Desktop/thrust_bearing_app/python-backend/Downloads/bearing_complete/GOOD_20241010_015011.jpg
2408,20241010.0,15104,GOOD,/home/kaizen-ai/Desktop/thrust_bearing_app/python-backend/Downloads/bearing_complete/GOOD_20241010_015104.jpg
2409,20241010.0,15159,GOOD,/home/kaizen-ai/Desktop/thrust_bearing_app/python-backend/Downloads/bearing_complete/GOOD_20241010_015159.jpg
2410,20241010.0,15254,GOOD,/home/kaizen-ai/Desktop/thrust_bearing_app/python-backend/Downloads/bearing_complete/GOOD_20241010_015254.jpg
2411,20241010.0,15404,GOOD,/home/kaizen-ai/Desktop/thrust_bearing_app/python-backend/Downloads/bearing_complete/GOOD_20241010_015404.jpg
2412,20241010.0,15508,GOOD,/home/kaizen-ai/Desktop/thrust_bearing_app/python-backend/Downloads/bearing_complete/GOOD_20241010_015508.jpg
2413,20241010.0,15600,GOOD,/home/kaizen-ai/Desktop/thrust_bearing_app/python-backend/Downloads/bearing_complete/GOOD_20241010_015600.jpg
2414,20241010.0,15713,GOOD,/home/kaizen-ai/Desktop/thrust_bearing_app/python-backend/Downloads/bearing_complete/GOOD_20241010_015713.jpg
2415,20241010.0,15806,GOOD,/home/kaizen-ai/Desktop/thrust_bearing_app/python-backend/Downloads/bearing_complete/GOOD_20241010_015806.jpg
2416,20241010.0,15926,GOOD,/home/kaizen-ai/Desktop/thrust_bearing_app/python-backend/Downloads/bearing_complete/GOOD_20241010_015926.jpg
2417,20241010.0,20019,GOOD,/home/kaizen-ai/Desktop/thrust_bearing_app/python-backend/Downloads/bearing_complete/GOOD_20241010_020019.jpg
2418,20241010.0,20145,GOOD,/home/kaizen-ai/Desktop/thrust_bearing_app/python-backend/Downloads/bearing_complete/GOOD_20241010_020145.jpg
2419,20241010.0,20258,GOOD,/home/kaizen-ai/Desktop/thrust_bearing_app/python-backend/Downloads/bearing_complete/GOOD_20241010_020258.jpg
2420,20241010.0,20407,NG,/home/kaizen-ai/Desktop/thrust_bearing_app/python-backend/Downloads/not_good_NG1/NG_20241010_020407.jpg
2421,20241010.0,20508,GOOD,/home/kaizen-ai/Desktop/thrust_bearing_app/python-backend/Downloads/bearing_complete/GOOD_20241010_020508.jpg
2422,20241010.0,20609,NG,/home/kaizen-ai/Desktop/thrust_bearing_app/python-backend/Downloads/not_good_NG1/NG_20241010_020609.jpg
2423,20241010.0,20726,NG,/home/kaizen-ai/Desktop/thrust_bearing_app/python-backend/Downloads/not_good_NG2/NG_20241010_020726.jpg
2424,20241010.0,20827,GOOD,/home/kaizen-ai/Desktop/thrust_bearing_app/python-backend/Downloads/bearing_complete/GOOD_20241010_020827.jpg
2425,20241010.0,20945,GOOD,/home/kaizen-ai/Desktop/thrust_bearing_app/python-backend/Downloads/bearing_complete/GOOD_20241010_020945.jpg
2426,20241010.0,21037,GOOD,/home/kaizen-ai/Desktop/thrust_bearing_app/python-backend/Downloads/bearing_complete/GOOD_20241010_021037.jpg
2427,20241010.0,21136,NG,/home/kaizen-ai/Desktop/thrust_bearing_app/python-backend/Downloads/not_good_NG1/NG_20241010_021136.jpg
2428,20241010.0,21245,GOOD,/home/kaizen-ai/Desktop/thrust_bearing_app/python-backend/Downloads/bearing_complete/GOOD_20241010_021245.jpg
2429,20241010.0,21346,GOOD,/home/kaizen-ai/Desktop/thrust_bearing_app/python-backend/Downloads/bearing_complete/GOOD_20241010_021346.jpg
2430,20241010.0,21501,GOOD,/home/kaizen-ai/Desktop/thrust_bearing_app/python-backend/Downloads/bearing_complete/GOOD_20241010_021501.jpg
2431,20241010.0,21621,GOOD,/home/kaizen-ai/Desktop/thrust_bearing_app/python-backend/Downloads/bearing_complete/GOOD_20241010_021621.jpg
2432,20241010.0,21717,NG,/home/kaizen-ai/Desktop/thrust_bearing_app/python-backend/Downloads/not_good_NG3/NG_20241010_021717.jpg
2433,20241010.0,21803,GOOD,/home/kaizen-ai/Desktop/thrust_bearing_app/python-backend/Downloads/bearing_complete/GOOD_20241010_021803.jpg
2434,20241010.0,21931,GOOD,/home/kaizen-ai/Desktop/thrust_bearing_app/python-backend/Downloads/bearing_complete/GOOD_20241010_021931.jpg
2435,20241010.0,22033,GOOD,/home/kaizen-ai/Desktop/thrust_bearing_app/python-backend/Downloads/bearing_complete/GOOD_20241010_022033.jpg
2436,20241010.0,22129,NG,/home/kaizen-ai/Desktop/thrust_bearing_app/python-backend/Downloads/not_good_NG1/NG_20241010_022129.jpg
2437,20241010.0,22315,GOOD,/home/kaizen-ai/Desktop/thrust_bearing_app/python-backend/Downloads/bearing_complete/GOOD_20241010_022315.jpg
2438,20241010.0,50449,GOOD,/home/kaizen-ai/Desktop/thrust_bearing_app/python-backend/Downloads/bearing_complete/GOOD_20241010_050449.jpg
2439,20241010.0,50623,GOOD,/home/kaizen-ai/Desktop/thrust_bearing_app/python-backend/Downloads/bearing_complete/GOOD_20241010_050623.jpg
2440,20241010.0,50726,NG,/home/kaizen-ai/Desktop/thrust_bearing_app/python-backend/Downloads/not_good_NG1/NG_20241010_050726.jpg
2441,20241010.0,50822,GOOD,/home/kaizen-ai/Desktop/thrust_bearing_app/python-backend/Downloads/bearing_complete/GOOD_20241010_050822.jpg
2442,20241010.0,51045,NG,/home/kaizen-ai/Desktop/thrust_bearing_app/python-backend/Downloads/not_good_NG1/NG_20241010_051045.jpg
2443,20241010.0,51143,NG,/home/kaizen-ai/Desktop/thrust_bearing_app/python-backend/Downloads/not_good_NG2/NG_20241010_051143.jpg
2444,20241010.0,51221,GOOD,/home/kaizen-ai/Desktop/thrust_bearing_app/python-backend/Downloads/bearing_complete/GOOD_20241010_051221.jpg
2445,20241010.0,51328,GOOD,/home/kaizen-ai/Desktop/thrust_bearing_app/python-backend/Downloads/bearing_complete/GOOD_20241010_051328.jpg
2446,20241010.0,51509,GOOD,/home/kaizen-ai/Desktop/thrust_bearing_app/python-backend/Downloads/bearing_complete/GOOD_20241010_051509.jpg
2447,20241010.0,51609,GOOD,/home/kaizen-ai/Desktop/thrust_bearing_app/python-backend/Downloads/bearing_complete/GOOD_20241010_051609.jpg
2448,20241010.0,51706,GOOD,/home/kaizen-ai/Desktop/thrust_bearing_app/python-backend/Downloads/bearing_complete/GOOD_20241010_051706.jpg
2449,20241010.0,51805,NG,/home/kaizen-ai/Desktop/thrust_bearing_app/python-backend/Downloads/not_good_NG2/NG_20241010_051805.jpg
2450,20241010.0,51856,NG,/home/kaizen-ai/Desktop/thrust_bearing_app/python-backend/Downloads/not_good_NG1/NG_20241010_051856.jpg
2451,20241010.0,51957,GOOD,/home/kaizen-ai/Desktop/thrust_bearing_app/python-backend/Downloads/bearing_complete/GOOD_20241010_051957.jpg
2452,20241010.0,52044,GOOD,/home/kaizen-ai/Desktop/thrust_bearing_app/python-backend/Downloads/bearing_complete/GOOD_20241010_052044.jpg
2453,20241010.0,52148,GOOD,/home/kaizen-ai/Desktop/thrust_bearing_app/python-backend/Downloads/bearing_complete/GOOD_20241010_052148.jpg
2454,20241010.0,52258,NG,/home/kaizen-ai/Desktop/thrust_bearing_app/python-backend/Downloads/not_good_NG1/NG_20241010_052258.jpg
2455,20241010.0,52411,NG,/home/kaizen-ai/Desktop/thrust_bearing_app/python-backend/Downloads/not_good_NG1/NG_20241010_052411.jpg
2456,20241010.0,52513,GOOD,/home/kaizen-ai/Desktop/thrust_bearing_app/python-backend/Downloads/bearing_complete/GOOD_20241010_052513.jpg
2457,20241010.0,52604,NG,/home/kaizen-ai/Desktop/thrust_bearing_app/python-backend/Downloads/not_good_NG2/NG_20241010_052604.jpg
2458,20241010.0,52646,GOOD,/home/kaizen-ai/Desktop/thrust_bearing_app/python-backend/Downloads/bearing_complete/GOOD_20241010_052646.jpg
2459,20241010.0,52741,GOOD,/home/kaizen-ai/Desktop/thrust_bearing_app/python-backend/Downloads/bearing_complete/GOOD_20241010_052741.jpg
2460,20241010.0,52851,GOOD,/home/kaizen-ai/Desktop/thrust_bearing_app/python-backend/Downloads/bearing_complete/GOOD_20241010_052851.jpg
2461,20241010.0,52943,GOOD,/home/kaizen-ai/Desktop/thrust_bearing_app/python-backend/Downloads/bearing_complete/GOOD_20241010_052943.jpg
2462,20241010.0,53043,GOOD,/home/kaizen-ai/Desktop/thrust_bearing_app/python-backend/Downloads/bearing_complete/GOOD_20241010_053043.jpg
2463,20241010.0,53156,GOOD,/home/kaizen-ai/Desktop/thrust_bearing_app/python-backend/Downloads/bearing_complete/GOOD_20241010_053156.jpg
2464,20241010.0,53304,GOOD,/home/kaizen-ai/Desktop/thrust_bearing_app/python-backend/Downloads/bearing_complete/GOOD_20241010_053304.jpg
2465,20241010.0,72027,GOOD,/home/kaizen-ai/Desktop/thrust_bearing_app/python-backend/Downloads/bearing_complete/GOOD_20241010_072027.jpg
2466,20241010.0,72417,NG,/home/kaizen-ai/Desktop/thrust_bearing_app/python-backend/Downloads/not_good_NG1/NG_20241010_072417.jpg
2467,20241010.0,72537,GOOD,/home/kaizen-ai/Desktop/thrust_bearing_app/python-backend/Downloads/bearing_complete/GOOD_20241010_072537.jpg
2468,20241010.0,72639,GOOD,/home/kaizen-ai/Desktop/thrust_bearing_app/python-backend/Downloads/bearing_complete/GOOD_20241010_072639.jpg
2469,20241010.0,72738,GOOD,/home/kaizen-ai/Desktop/thrust_bearing_app/python-backend/Downloads/bearing_complete/GOOD_20241010_072738.jpg
2470,20241010.0,72834,NG,/home/kaizen-ai/Desktop/thrust_bearing_app/python-backend/Downloads/not_good_NG3/NG_20241010_072834.jpg
2471,20241010.0,72934,GOOD,/home/kaizen-ai/Desktop/thrust_bearing_app/python-backend/Downloads/bearing_complete/GOOD_20241010_072934.jpg
2472,20241010.0,73055,GOOD,/home/kaizen-ai/Desktop/thrust_bearing_app/python-backend/Downloads/bearing_complete/GOOD_20241010_073055.jpg
2473,20241010.0,73155,NG,/home/kaizen-ai/Desktop/thrust_bearing_app/python-backend/Downloads/not_good_NG3/NG_20241010_073155.jpg
2474,20241010.0,73246,NG,/home/kaizen-ai/Desktop/thrust_bearing_app/python-backend/Downloads/not_good_NG3/NG_20241010_073246.jpg
2475,20241010.0,73342,GOOD,/home/kaizen-ai/Desktop/thrust_bearing_app/python-backend/Downloads/bearing_complete/GOOD_20241010_073342.jpg
2476,20241010.0,73446,GOOD,/home/kaizen-ai/Desktop/thrust_bearing_app/python-backend/Downloads/bearing_complete/GOOD_20241010_073446.jpg
2477,20241010.0,73543,NG,/home/kaizen-ai/Desktop/thrust_bearing_app/python-backend/Downloads/not_good_NG2/NG_20241010_073543.jpg
2478,20241010.0,73645,GOOD,/home/kaizen-ai/Desktop/thrust_bearing_app/python-backend/Downloads/bearing_complete/GOOD_20241010_073645.jpg
2479,20241010.0,73732,GOOD,/home/kaizen-ai/Desktop/thrust_bearing_app/python-backend/Downloads/bearing_complete/GOOD_20241010_073732.jpg
2480,20241010.0,73858,NG,/home/kaizen-ai/Desktop/thrust_bearing_app/python-backend/Downloads/not_good_NG2/NG_20241010_073858.jpg
2481,20241010.0,74000,NG,/home/kaizen-ai/Desktop/thrust_bearing_app/python-backend/Downloads/not_good_NG2/NG_20241010_074000.jpg
2482,20241010.0,74107,GOOD,/home/kaizen-ai/Desktop/thrust_bearing_app/python-backend/Downloads/bearing_complete/GOOD_20241010_074107.jpg
2483,20241010.0,74208,NG,/home/kaizen-ai/Desktop/thrust_bearing_app/python-backend/Downloads/not_good_NG3/NG_20241010_074208.jpg
2484,20241010.0,74320,NG,/home/kaizen-ai/Desktop/thrust_bearing_app/python-backend/Downloads/not_good_NG3/NG_20241010_074320.jpg
2485,20241010.0,74411,NG,/home/kaizen-ai/Desktop/thrust_bearing_app/python-backend/Downloads/not_good_NG3/NG_20241010_074411.jpg
2486,20241010.0,74534,GOOD,/home/kaizen-ai/Desktop/thrust_bearing_app/python-backend/Downloads/bearing_complete/GOOD_20241010_074534.jpg
2487,20241010.0,74713,GOOD,/home/kaizen-ai/Desktop/thrust_bearing_app/python-backend/Downloads/bearing_complete/GOOD_20241010_074713.jpg
2488,20241010.0,74813,NG,/home/kaizen-ai/Desktop/thrust_bearing_app/python-backend/Downloads/not_good_NG3/NG_20241010_074813.jpg
2489,20241010.0,74916,NG,/home/kaizen-ai/Desktop/thrust_bearing_app/python-backend/Downloads/not_good_NG3/NG_20241010_074916.jpg
2490,20241010.0,75001,NG,/home/kaizen-ai/Desktop/thrust_bearing_app/python-backend/Downloads/not_good_NG3/NG_20241010_075001.jpg
2491,20241010.0,75055,NG,/home/kaizen-ai/Desktop/thrust_bearing_app/python-backend/Downloads/not_good_NG3/NG_20241010_075055.jpg
2492,20241010.0,75157,GOOD,/home/kaizen-ai/Desktop/thrust_bearing_app/python-backend/Downloads/bearing_complete/GOOD_20241010_075157.jpg
2493,20241010.0,75333,GOOD,/home/kaizen-ai/Desktop/thrust_bearing_app/python-backend/Downloads/bearing_complete/GOOD_20241010_075333.jpg
2494,20241010.0,75431,GOOD,/home/kaizen-ai/Desktop/thrust_bearing_app/python-backend/Downloads/bearing_complete/GOOD_20241010_075431.jpg
2495,20241010.0,75554,NG,/home/kaizen-ai/Desktop/thrust_bearing_app/python-backend/Downloads/not_good_NG3/NG_20241010_075554.jpg
2496,20241010.0,75650,GOOD,/home/kaizen-ai/Desktop/thrust_bearing_app/python-backend/Downloads/bearing_complete/GOOD_20241010_075650.jpg
2497,20241010.0,75723,NG,/home/kaizen-ai/Desktop/thrust_bearing_app/python-backend/Downloads/not_good_NG4/NG_20241010_075723.jpg
2498,20241010.0,75747,NG,/home/kaizen-ai/Desktop/thrust_bearing_app/python-backend/Downloads/not_good_NG3/NG_20241010_075747.jpg
2499,20241010.0,75852,GOOD,/home/kaizen-ai/Desktop/thrust_bearing_app/python-backend/Downloads/bearing_complete/GOOD_20241010_075852.jpg
2500,20241010.0,80001,GOOD,/home/kaizen-ai/Desktop/thrust_bearing_app/python-backend/Downloads/bearing_complete/GOOD_20241010_080001.jpg
2501,20241010.0,80052,GOOD,/home/kaizen-ai/Desktop/thrust_bearing_app/python-backend/Downloads/bearing_complete/GOOD_20241010_080052.jpg
2502,20241010.0,80150,GOOD,/home/kaizen-ai/Desktop/thrust_bearing_app/python-backend/Downloads/bearing_complete/GOOD_20241010_080150.jpg
2503,20241010.0,80257,NG,/home/kaizen-ai/Desktop/thrust_bearing_app/python-backend/Downloads/not_good_NG3/NG_20241010_080257.jpg
2504,20241010.0,80407,GOOD,/home/kaizen-ai/Desktop/thrust_bearing_app/python-backend/Downloads/bearing_complete/GOOD_20241010_080407.jpg
2505,20241010.0,80532,NG,/home/kaizen-ai/Desktop/thrust_bearing_app/python-backend/Downloads/not_good_NG3/NG_20241010_080532.jpg
2506,20241010.0,80620,GOOD,/home/kaizen-ai/Desktop/thrust_bearing_app/python-backend/Downloads/bearing_complete/GOOD_20241010_080620.jpg
2507,20241010.0,80726,GOOD,/home/kaizen-ai/Desktop/thrust_bearing_app/python-backend/Downloads/bearing_complete/GOOD_20241010_080726.jpg
2508,20241010.0,80818,GOOD,/home/kaizen-ai/Desktop/thrust_bearing_app/python-backend/Downloads/bearing_complete/GOOD_20241010_080818.jpg
2509,20241010.0,80923,NG,/home/kaizen-ai/Desktop/thrust_bearing_app/python-backend/Downloads/not_good_NG3/NG_20241010_080923.jpg
2510,20241010.0,81031,GOOD,/home/kaizen-ai/Desktop/thrust_bearing_app/python-backend/Downloads/bearing_complete/GOOD_20241010_081031.jpg
2511,20241010.0,81137,GOOD,/home/kaizen-ai/Desktop/thrust_bearing_app/python-backend/Downloads/bearing_complete/GOOD_20241010_081137.jpg
2512,20241010.0,81301,GOOD,/home/kaizen-ai/Desktop/thrust_bearing_app/python-backend/Downloads/bearing_complete/GOOD_20241010_081301.jpg
2513,20241010.0,81351,GOOD,/home/kaizen-ai/Desktop/thrust_bearing_app/python-backend/Downloads/bearing_complete/GOOD_20241010_081351.jpg
2514,20241010.0,81450,GOOD,/home/kaizen-ai/Desktop/thrust_bearing_app/python-backend/Downloads/bearing_complete/GOOD_20241010_081450.jpg
2515,20241010.0,81609,NG,/home/kaizen-ai/Desktop/thrust_bearing_app/python-backend/Downloads/not_good_NG3/NG_20241010_081609.jpg
2516,20241010.0,81707,NG,/home/kaizen-ai/Desktop/thrust_bearing_app/python-backend/Downloads/not_good_NG3/NG_20241010_081707.jpg
2517,20241010.0,81756,NG,/home/kaizen-ai/Desktop/thrust_bearing_app/python-backend/Downloads/not_good_NG3/NG_20241010_081756.jpg
