inspection_id,inspection_date,inspection_time,inspection_result,image_path
1,20240808,185813,GOOD,/home/komputer/Desktop/thrust_bearing_app/python-backend/Downloads/Deteksi_oke/GOOD_20240808_185813.jpg
2,20241010,82540,GOOD,/home/kaizen-ai/Desktop/thrust_bearing_app/python-backend/Downloads/bearing_complete/GOOD_20241010_082540.jpg
3,20241010,82635,GOOD,/home/kaizen-ai/Desktop/thrust_bearing_app/python-backend/Downloads/bearing_complete/GOOD_20241010_082635.jpg
4,20241010,82731,GOOD,/home/kaizen-ai/Desktop/thrust_bearing_app/python-backend/Downloads/bearing_complete/GOOD_20241010_082731.jpg
5,20241010,82831,GOOD,/home/kaizen-ai/Desktop/thrust_bearing_app/python-backend/Downloads/bearing_complete/GOOD_20241010_082831.jpg
6,20241010,82949,GOOD,/home/kaizen-ai/Desktop/thrust_bearing_app/python-backend/Downloads/bearing_complete/GOOD_20241010_082949.jpg
7,20241010,83040,GOOD,/home/kaizen-ai/Desktop/thrust_bearing_app/python-backend/Downloads/bearing_complete/GOOD_20241010_083040.jpg
8,20241010,83151,GOOD,/home/kaizen-ai/Desktop/thrust_bearing_app/python-backend/Downloads/bearing_complete/GOOD_20241010_083151.jpg
9,20241010,83259,GOOD,/home/kaizen-ai/Desktop/thrust_bearing_app/python-backend/Downloads/bearing_complete/GOOD_20241010_083259.jpg
10,20241010,83401,GOOD,/home/kaizen-ai/Desktop/thrust_bearing_app/python-backend/Downloads/bearing_complete/GOOD_20241010_083401.jpg
11,20241010,83452,GOOD,/home/kaizen-ai/Desktop/thrust_bearing_app/python-backend/Downloads/bearing_complete/GOOD_20241010_083452.jpg
12,20241010,83710,GOOD,/home/kaizen-ai/Desktop/thrust_bearing_app/python-backend/Downloads/bearing_complete/GOOD_20241010_083710.jpg
13,20241010,83749,GOOD,/home/kaizen-ai/Desktop/thrust_bearing_app/python-backend/Downloads/bearing_complete/GOOD_20241010_083749.jpg
14,20241010,83904,GOOD,/home/kaizen-ai/Desktop/thrust_bearing_app/python-backend/Downloads/bearing_complete/GOOD_20241010_083904.jpg
15,20241010,84024,GOOD,/home/kaizen-ai/Desktop/thrust_bearing_app/python-backend/Downloads/bearing_complete/GOOD_20241010_084024.jpg
16,20241010,84130,GOOD,/home/kaizen-ai/Desktop/thrust_bearing_app/python-backend/Downloads/bearing_complete/GOOD_20241010_084130.jpg
17,20241010,84228,GOOD,/home/kaizen-ai/Desktop/thrust_bearing_app/python-backend/Downloads/bearing_complete/GOOD_20241010_084228.jpg
18,20241010,84309,GOOD,/home/kaizen-ai/Desktop/thrust_bearing_app/python-backend/Downloads/bearing_complete/GOOD_20241010_084309.jpg
19,20241010,84419,GOOD,/home/kaizen-ai/Desktop/thrust_bearing_app/python-backend/Downloads/bearing_complete/GOOD_20241010_084419.jpg
20,20241010,84534,GOOD,/home/kaizen-ai/Desktop/thrust_bearing_app/python-backend/Downloads/bearing_complete/GOOD_20241010_084534.jpg
21,20241010,84622,GOOD,/home/kaizen-ai/Desktop/thrust_bearing_app/python-backend/Downloads/bearing_complete/GOOD_20241010_084622.jpg
22,20241010,84730,GOOD,/home/kaizen-ai/Desktop/thrust_bearing_app/python-backend/Downloads/bearing_complete/GOOD_20241010_084730.jpg
23,20241010,84839,GOOD,/home/kaizen-ai/Desktop/thrust_bearing_app/python-backend/Downloads/bearing_complete/GOOD_20241010_084839.jpg
24,20241010,84937,GOOD,/home/kaizen-ai/Desktop/thrust_bearing_app/python-backend/Downloads/bearing_complete/GOOD_20241010_084937.jpg
25,20241010,85040,GOOD,/home/kaizen-ai/Desktop/thrust_bearing_app/python-backend/Downloads/bearing_complete/GOOD_20241010_085040.jpg
26,20241010,85129,GOOD,/home/kaizen-ai/Desktop/thrust_bearing_app/python-backend/Downloads/bearing_complete/GOOD_20241010_085129.jpg
27,20241010,85240,GOOD,/home/kaizen-ai/Desktop/thrust_bearing_app/python-backend/Downloads/bearing_complete/GOOD_20241010_085240.jpg
28,20241010,85334,GOOD,/home/kaizen-ai/Desktop/thrust_bearing_app/python-backend/Downloads/bearing_complete/GOOD_20241010_085334.jpg
29,20241010,85455,GOOD,/home/kaizen-ai/Desktop/thrust_bearing_app/python-backend/Downloads/bearing_complete/GOOD_20241010_085455.jpg
30,20241010,85554,GOOD,/home/kaizen-ai/Desktop/thrust_bearing_app/python-backend/Downloads/bearing_complete/GOOD_20241010_085554.jpg
31,20241010,85657,GOOD,/home/kaizen-ai/Desktop/thrust_bearing_app/python-backend/Downloads/bearing_complete/GOOD_20241010_085657.jpg
32,20241010,85748,GOOD,/home/kaizen-ai/Desktop/thrust_bearing_app/python-backend/Downloads/bearing_complete/GOOD_20241010_085748.jpg
33,20241010,85848,GOOD,/home/kaizen-ai/Desktop/thrust_bearing_app/python-backend/Downloads/bearing_complete/GOOD_20241010_085848.jpg
34,20241010,85940,GOOD,/home/kaizen-ai/Desktop/thrust_bearing_app/python-backend/Downloads/bearing_complete/GOOD_20241010_085940.jpg
35,20241010,90035,GOOD,/home/kaizen-ai/Desktop/thrust_bearing_app/python-backend/Downloads/bearing_complete/GOOD_20241010_090035.jpg
36,20241010,90224,GOOD,/home/kaizen-ai/Desktop/thrust_bearing_app/python-backend/Downloads/bearing_complete/GOOD_20241010_090224.jpg
37,20241010,90325,GOOD,/home/kaizen-ai/Desktop/thrust_bearing_app/python-backend/Downloads/bearing_complete/GOOD_20241010_090325.jpg
38,20241010,90427,GOOD,/home/kaizen-ai/Desktop/thrust_bearing_app/python-backend/Downloads/bearing_complete/GOOD_20241010_090427.jpg
39,20241010,90543,GOOD,/home/kaizen-ai/Desktop/thrust_bearing_app/python-backend/Downloads/bearing_complete/GOOD_20241010_090543.jpg
40,20241010,90641,GOOD,/home/kaizen-ai/Desktop/thrust_bearing_app/python-backend/Downloads/bearing_complete/GOOD_20241010_090641.jpg
41,20241010,90746,GOOD,/home/kaizen-ai/Desktop/thrust_bearing_app/python-backend/Downloads/bearing_complete/GOOD_20241010_090746.jpg
42,20241010,90851,GOOD,/home/kaizen-ai/Desktop/thrust_bearing_app/python-backend/Downloads/bearing_complete/GOOD_20241010_090851.jpg
43,20241010,91006,GOOD,/home/kaizen-ai/Desktop/thrust_bearing_app/python-backend/Downloads/bearing_complete/GOOD_20241010_091006.jpg
44,20241010,91107,GOOD,/home/kaizen-ai/Desktop/thrust_bearing_app/python-backend/Downloads/bearing_complete/GOOD_20241010_091107.jpg
45,20241010,91147,GOOD,/home/kaizen-ai/Desktop/thrust_bearing_app/python-backend/Downloads/bearing_complete/GOOD_20241010_091147.jpg
46,20241010,91310,GOOD,/home/kaizen-ai/Desktop/thrust_bearing_app/python-backend/Downloads/bearing_complete/GOOD_20241010_091310.jpg
47,20241010,91442,GOOD,/home/kaizen-ai/Desktop/thrust_bearing_app/python-backend/Downloads/bearing_complete/GOOD_20241010_091442.jpg
48,20241010,91533,GOOD,/home/kaizen-ai/Desktop/thrust_bearing_app/python-backend/Downloads/bearing_complete/GOOD_20241010_091533.jpg
49,20241010,91628,GOOD,/home/kaizen-ai/Desktop/thrust_bearing_app/python-backend/Downloads/bearing_complete/GOOD_20241010_091628.jpg
50,20241010,91730,GOOD,/home/kaizen-ai/Desktop/thrust_bearing_app/python-backend/Downloads/bearing_complete/GOOD_20241010_091730.jpg
51,20241010,91819,GOOD,/home/kaizen-ai/Desktop/thrust_bearing_app/python-backend/Downloads/bearing_complete/GOOD_20241010_091819.jpg
52,20241010,91936,GOOD,/home/kaizen-ai/Desktop/thrust_bearing_app/python-backend/Downloads/bearing_complete/GOOD_20241010_091936.jpg
53,20241010,92038,GOOD,/home/kaizen-ai/Desktop/thrust_bearing_app/python-backend/Downloads/bearing_complete/GOOD_20241010_092038.jpg
54,20241010,92119,GOOD,/home/kaizen-ai/Desktop/thrust_bearing_app/python-backend/Downloads/bearing_complete/GOOD_20241010_092119.jpg
55,20241010,92215,GOOD,/home/kaizen-ai/Desktop/thrust_bearing_app/python-backend/Downloads/bearing_complete/GOOD_20241010_092215.jpg
56,20241010,92315,GOOD,/home/kaizen-ai/Desktop/thrust_bearing_app/python-backend/Downloads/bearing_complete/GOOD_20241010_092315.jpg
57,20241010,92516,GOOD,/home/kaizen-ai/Desktop/thrust_bearing_app/python-backend/Downloads/bearing_complete/GOOD_20241010_092516.jpg
58,20241010,92624,GOOD,/home/kaizen-ai/Desktop/thrust_bearing_app/python-backend/Downloads/bearing_complete/GOOD_20241010_092624.jpg
59,20241010,92707,GOOD,/home/kaizen-ai/Desktop/thrust_bearing_app/python-backend/Downloads/bearing_complete/GOOD_20241010_092707.jpg
60,20241010,92813,GOOD,/home/kaizen-ai/Desktop/thrust_bearing_app/python-backend/Downloads/bearing_complete/GOOD_20241010_092813.jpg
61,20241010,92855,GOOD,/home/kaizen-ai/Desktop/thrust_bearing_app/python-backend/Downloads/bearing_complete/GOOD_20241010_092855.jpg
62,20241010,92947,GOOD,/home/kaizen-ai/Desktop/thrust_bearing_app/python-backend/Downloads/bearing_complete/GOOD_20241010_092947.jpg
63,20241010,94107,GOOD,/home/kaizen-ai/Desktop/thrust_bearing_app/python-backend/Downloads/bearing_complete/GOOD_20241010_094107.jpg
64,20241010,94225,GOOD,/home/kaizen-ai/Desktop/thrust_bearing_app/python-backend/Downloads/bearing_complete/GOOD_20241010_094225.jpg
65,20241010,94304,GOOD,/home/kaizen-ai/Desktop/thrust_bearing_app/python-backend/Downloads/bearing_complete/GOOD_20241010_094304.jpg
66,20241010,94408,GOOD,/home/kaizen-ai/Desktop/thrust_bearing_app/python-backend/Downloads/bearing_complete/GOOD_20241010_094408.jpg
67,20241010,94508,GOOD,/home/kaizen-ai/Desktop/thrust_bearing_app/python-backend/Downloads/bearing_complete/GOOD_20241010_094508.jpg
68,20241010,94603,GOOD,/home/kaizen-ai/Desktop/thrust_bearing_app/python-backend/Downloads/bearing_complete/GOOD_20241010_094603.jpg
69,20241010,94649,GOOD,/home/kaizen-ai/Desktop/thrust_bearing_app/python-backend/Downloads/bearing_complete/GOOD_20241010_094649.jpg
70,20241010,94816,GOOD,/home/kaizen-ai/Desktop/thrust_bearing_app/python-backend/Downloads/bearing_complete/GOOD_20241010_094816.jpg
71,20241010,94910,GOOD,/home/kaizen-ai/Desktop/thrust_bearing_app/python-backend/Downloads/bearing_complete/GOOD_20241010_094910.jpg
72,20241010,95014,GOOD,/home/kaizen-ai/Desktop/thrust_bearing_app/python-backend/Downloads/bearing_complete/GOOD_20241010_095014.jpg
73,20241010,95059,GOOD,/home/kaizen-ai/Desktop/thrust_bearing_app/python-backend/Downloads/bearing_complete/GOOD_20241010_095059.jpg
74,20241010,95156,GOOD,/home/kaizen-ai/Desktop/thrust_bearing_app/python-backend/Downloads/bearing_complete/GOOD_20241010_095156.jpg
75,20241010,95252,GOOD,/home/kaizen-ai/Desktop/thrust_bearing_app/python-backend/Downloads/bearing_complete/GOOD_20241010_095252.jpg
76,20241010,95400,GOOD,/home/kaizen-ai/Desktop/thrust_bearing_app/python-backend/Downloads/bearing_complete/GOOD_20241010_095400.jpg
77,20241010,95534,GOOD,/home/kaizen-ai/Desktop/thrust_bearing_app/python-backend/Downloads/bearing_complete/GOOD_20241010_095534.jpg
78,20241010,95647,GOOD,/home/kaizen-ai/Desktop/thrust_bearing_app/python-backend/Downloads/bearing_complete/GOOD_20241010_095647.jpg
79,20241010,95733,GOOD,/home/kaizen-ai/Desktop/thrust_bearing_app/python-backend/Downloads/bearing_complete/GOOD_20241010_095733.jpg
80,20241010,95827,GOOD,/home/kaizen-ai/Desktop/thrust_bearing_app/python-backend/Downloads/bearing_complete/GOOD_20241010_095827.jpg
81,20241010,95947,GOOD,/home/kaizen-ai/Desktop/thrust_bearing_app/python-backend/Downloads/bearing_complete/GOOD_20241010_095947.jpg
82,20241010,100052,GOOD,/home/kaizen-ai/Desktop/thrust_bearing_app/python-backend/Downloads/bearing_complete/GOOD_20241010_100052.jpg
83,20241010,100207,GOOD,/home/kaizen-ai/Desktop/thrust_bearing_app/python-backend/Downloads/bearing_complete/GOOD_20241010_100207.jpg
84,20241010,100305,GOOD,/home/kaizen-ai/Desktop/thrust_bearing_app/python-backend/Downloads/bearing_complete/GOOD_20241010_100305.jpg
85,20241010,100403,GOOD,/home/kaizen-ai/Desktop/thrust_bearing_app/python-backend/Downloads/bearing_complete/GOOD_20241010_100403.jpg
86,20241010,100508,GOOD,/home/kaizen-ai/Desktop/thrust_bearing_app/python-backend/Downloads/bearing_complete/GOOD_20241010_100508.jpg
87,20241010,100610,GOOD,/home/kaizen-ai/Desktop/thrust_bearing_app/python-backend/Downloads/bearing_complete/GOOD_20241010_100610.jpg
88,20241010,100717,GOOD,/home/kaizen-ai/Desktop/thrust_bearing_app/python-backend/Downloads/bearing_complete/GOOD_20241010_100717.jpg
89,20241010,100809,GOOD,/home/kaizen-ai/Desktop/thrust_bearing_app/python-backend/Downloads/bearing_complete/GOOD_20241010_100809.jpg
90,20241010,100907,GOOD,/home/kaizen-ai/Desktop/thrust_bearing_app/python-backend/Downloads/bearing_complete/GOOD_20241010_100907.jpg
91,20241010,101010,GOOD,/home/kaizen-ai/Desktop/thrust_bearing_app/python-backend/Downloads/bearing_complete/GOOD_20241010_101010.jpg
92,20241010,101113,GOOD,/home/kaizen-ai/Desktop/thrust_bearing_app/python-backend/Downloads/bearing_complete/GOOD_20241010_101113.jpg
93,20241010,101225,GOOD,/home/kaizen-ai/Desktop/thrust_bearing_app/python-backend/Downloads/bearing_complete/GOOD_20241010_101225.jpg
94,20241010,101319,GOOD,/home/kaizen-ai/Desktop/thrust_bearing_app/python-backend/Downloads/bearing_complete/GOOD_20241010_101319.jpg
95,20241010,101413,GOOD,/home/kaizen-ai/Desktop/thrust_bearing_app/python-backend/Downloads/bearing_complete/GOOD_20241010_101413.jpg
96,20241010,101522,GOOD,/home/kaizen-ai/Desktop/thrust_bearing_app/python-backend/Downloads/bearing_complete/GOOD_20241010_101522.jpg
97,20241010,101615,GOOD,/home/kaizen-ai/Desktop/thrust_bearing_app/python-backend/Downloads/bearing_complete/GOOD_20241010_101615.jpg
98,20241010,101716,GOOD,/home/kaizen-ai/Desktop/thrust_bearing_app/python-backend/Downloads/bearing_complete/GOOD_20241010_101716.jpg
99,20241010,101817,GOOD,/home/kaizen-ai/Desktop/thrust_bearing_app/python-backend/Downloads/bearing_complete/GOOD_20241010_101817.jpg
100,20241010,101922,GOOD,/home/kaizen-ai/Desktop/thrust_bearing_app/python-backend/Downloads/bearing_complete/GOOD_20241010_101922.jpg
101,20241010,102131,GOOD,/home/kaizen-ai/Desktop/thrust_bearing_app/python-backend/Downloads/bearing_complete/GOOD_20241010_102131.jpg
102,20241010,102207,GOOD,/home/kaizen-ai/Desktop/thrust_bearing_app/python-backend/Downloads/bearing_complete/GOOD_20241010_102207.jpg
103,20241010,102409,GOOD,/home/kaizen-ai/Desktop/thrust_bearing_app/python-backend/Downloads/bearing_complete/GOOD_20241010_102409.jpg
104,20241010,102509,GOOD,/home/kaizen-ai/Desktop/thrust_bearing_app/python-backend/Downloads/bearing_complete/GOOD_20241010_102509.jpg
105,20241010,102612,GOOD,/home/kaizen-ai/Desktop/thrust_bearing_app/python-backend/Downloads/bearing_complete/GOOD_20241010_102612.jpg
106,20241010,102743,GOOD,/home/kaizen-ai/Desktop/thrust_bearing_app/python-backend/Downloads/bearing_complete/GOOD_20241010_102743.jpg
107,20241010,102839,GOOD,/home/kaizen-ai/Desktop/thrust_bearing_app/python-backend/Downloads/bearing_complete/GOOD_20241010_102839.jpg
108,20241010,102928,NG,/home/kaizen-ai/Desktop/thrust_bearing_app/python-backend/Downloads/not_good_NG3/NG_20241010_102928.jpg
109,20241010,103023,GOOD,/home/kaizen-ai/Desktop/thrust_bearing_app/python-backend/Downloads/bearing_complete/GOOD_20241010_103023.jpg
110,20241010,103118,GOOD,/home/kaizen-ai/Desktop/thrust_bearing_app/python-backend/Downloads/bearing_complete/GOOD_20241010_103118.jpg
111,20241010,103215,GOOD,/home/kaizen-ai/Desktop/thrust_bearing_app/python-backend/Downloads/bearing_complete/GOOD_20241010_103215.jpg
112,20241010,103320,GOOD,/home/kaizen-ai/Desktop/thrust_bearing_app/python-backend/Downloads/bearing_complete/GOOD_20241010_103320.jpg
113,20241010,103417,GOOD,/home/kaizen-ai/Desktop/thrust_bearing_app/python-backend/Downloads/bearing_complete/GOOD_20241010_103417.jpg
114,20241010,103531,GOOD,/home/kaizen-ai/Desktop/thrust_bearing_app/python-backend/Downloads/bearing_complete/GOOD_20241010_103531.jpg
115,20241010,103642,GOOD,/home/kaizen-ai/Desktop/thrust_bearing_app/python-backend/Downloads/bearing_complete/GOOD_20241010_103642.jpg
116,20241010,103748,GOOD,/home/kaizen-ai/Desktop/thrust_bearing_app/python-backend/Downloads/bearing_complete/GOOD_20241010_103748.jpg
117,20241010,103840,GOOD,/home/kaizen-ai/Desktop/thrust_bearing_app/python-backend/Downloads/bearing_complete/GOOD_20241010_103840.jpg
118,20241010,103929,GOOD,/home/kaizen-ai/Desktop/thrust_bearing_app/python-backend/Downloads/bearing_complete/GOOD_20241010_103929.jpg
119,20241010,104033,GOOD,/home/kaizen-ai/Desktop/thrust_bearing_app/python-backend/Downloads/bearing_complete/GOOD_20241010_104033.jpg
120,20241010,104121,GOOD,/home/kaizen-ai/Desktop/thrust_bearing_app/python-backend/Downloads/bearing_complete/GOOD_20241010_104121.jpg
121,20241010,104255,GOOD,/home/kaizen-ai/Desktop/thrust_bearing_app/python-backend/Downloads/bearing_complete/GOOD_20241010_104255.jpg
122,20241010,104358,GOOD,/home/kaizen-ai/Desktop/thrust_bearing_app/python-backend/Downloads/bearing_complete/GOOD_20241010_104358.jpg
123,20241010,104459,GOOD,/home/kaizen-ai/Desktop/thrust_bearing_app/python-backend/Downloads/bearing_complete/GOOD_20241010_104459.jpg
124,20241010,104542,GOOD,/home/kaizen-ai/Desktop/thrust_bearing_app/python-backend/Downloads/bearing_complete/GOOD_20241010_104542.jpg
125,20241010,104633,GOOD,/home/kaizen-ai/Desktop/thrust_bearing_app/python-backend/Downloads/bearing_complete/GOOD_20241010_104633.jpg
126,20241010,104803,GOOD,/home/kaizen-ai/Desktop/thrust_bearing_app/python-backend/Downloads/bearing_complete/GOOD_20241010_104803.jpg
127,20241010,104857,GOOD,/home/kaizen-ai/Desktop/thrust_bearing_app/python-backend/Downloads/bearing_complete/GOOD_20241010_104857.jpg
128,20241010,104951,GOOD,/home/kaizen-ai/Desktop/thrust_bearing_app/python-backend/Downloads/bearing_complete/GOOD_20241010_104951.jpg
129,20241010,105057,GOOD,/home/kaizen-ai/Desktop/thrust_bearing_app/python-backend/Downloads/bearing_complete/GOOD_20241010_105057.jpg
130,20241010,105150,GOOD,/home/kaizen-ai/Desktop/thrust_bearing_app/python-backend/Downloads/bearing_complete/GOOD_20241010_105150.jpg
131,20241010,105249,GOOD,/home/kaizen-ai/Desktop/thrust_bearing_app/python-backend/Downloads/bearing_complete/GOOD_20241010_105249.jpg
132,20241010,105354,GOOD,/home/kaizen-ai/Desktop/thrust_bearing_app/python-backend/Downloads/bearing_complete/GOOD_20241010_105354.jpg
133,20241010,105539,GOOD,/home/kaizen-ai/Desktop/thrust_bearing_app/python-backend/Downloads/bearing_complete/GOOD_20241010_105539.jpg
134,20241010,105640,GOOD,/home/kaizen-ai/Desktop/thrust_bearing_app/python-backend/Downloads/bearing_complete/GOOD_20241010_105640.jpg
135,20241010,105734,GOOD,/home/kaizen-ai/Desktop/thrust_bearing_app/python-backend/Downloads/bearing_complete/GOOD_20241010_105734.jpg
136,20241010,105821,GOOD,/home/kaizen-ai/Desktop/thrust_bearing_app/python-backend/Downloads/bearing_complete/GOOD_20241010_105821.jpg
137,20241010,105955,GOOD,/home/kaizen-ai/Desktop/thrust_bearing_app/python-backend/Downloads/bearing_complete/GOOD_20241010_105955.jpg
138,20241010,110105,GOOD,/home/kaizen-ai/Desktop/thrust_bearing_app/python-backend/Downloads/bearing_complete/GOOD_20241010_110105.jpg
139,20241010,110202,GOOD,/home/kaizen-ai/Desktop/thrust_bearing_app/python-backend/Downloads/bearing_complete/GOOD_20241010_110202.jpg
140,20241010,110318,GOOD,/home/kaizen-ai/Desktop/thrust_bearing_app/python-backend/Downloads/bearing_complete/GOOD_20241010_110318.jpg
141,20241010,110405,GOOD,/home/kaizen-ai/Desktop/thrust_bearing_app/python-backend/Downloads/bearing_complete/GOOD_20241010_110405.jpg
142,20241010,110512,GOOD,/home/kaizen-ai/Desktop/thrust_bearing_app/python-backend/Downloads/bearing_complete/GOOD_20241010_110512.jpg
143,20241010,110651,GOOD,/home/kaizen-ai/Desktop/thrust_bearing_app/python-backend/Downloads/bearing_complete/GOOD_20241010_110651.jpg
144,20241010,110742,GOOD,/home/kaizen-ai/Desktop/thrust_bearing_app/python-backend/Downloads/bearing_complete/GOOD_20241010_110742.jpg
145,20241010,110843,GOOD,/home/kaizen-ai/Desktop/thrust_bearing_app/python-backend/Downloads/bearing_complete/GOOD_20241010_110843.jpg
146,20241010,110944,GOOD,/home/kaizen-ai/Desktop/thrust_bearing_app/python-backend/Downloads/bearing_complete/GOOD_20241010_110944.jpg
147,20241010,111045,GOOD,/home/kaizen-ai/Desktop/thrust_bearing_app/python-backend/Downloads/bearing_complete/GOOD_20241010_111045.jpg
148,20241010,111149,GOOD,/home/kaizen-ai/Desktop/thrust_bearing_app/python-backend/Downloads/bearing_complete/GOOD_20241010_111149.jpg
149,20241010,111238,GOOD,/home/kaizen-ai/Desktop/thrust_bearing_app/python-backend/Downloads/bearing_complete/GOOD_20241010_111238.jpg
150,20241010,111336,GOOD,/home/kaizen-ai/Desktop/thrust_bearing_app/python-backend/Downloads/bearing_complete/GOOD_20241010_111336.jpg
151,20241010,111436,GOOD,/home/kaizen-ai/Desktop/thrust_bearing_app/python-backend/Downloads/bearing_complete/GOOD_20241010_111436.jpg
152,20241010,111530,GOOD,/home/kaizen-ai/Desktop/thrust_bearing_app/python-backend/Downloads/bearing_complete/GOOD_20241010_111530.jpg
153,20241010,111632,GOOD,/home/kaizen-ai/Desktop/thrust_bearing_app/python-backend/Downloads/bearing_complete/GOOD_20241010_111632.jpg
154,20241010,111805,GOOD,/home/kaizen-ai/Desktop/thrust_bearing_app/python-backend/Downloads/bearing_complete/GOOD_20241010_111805.jpg
155,20241010,111906,GOOD,/home/kaizen-ai/Desktop/thrust_bearing_app/python-backend/Downloads/bearing_complete/GOOD_20241010_111906.jpg
156,20241010,112015,GOOD,/home/kaizen-ai/Desktop/thrust_bearing_app/python-backend/Downloads/bearing_complete/GOOD_20241010_112015.jpg
157,20241010,112119,GOOD,/home/kaizen-ai/Desktop/thrust_bearing_app/python-backend/Downloads/bearing_complete/GOOD_20241010_112119.jpg
158,20241010,112215,GOOD,/home/kaizen-ai/Desktop/thrust_bearing_app/python-backend/Downloads/bearing_complete/GOOD_20241010_112215.jpg
159,20241010,112314,GOOD,/home/kaizen-ai/Desktop/thrust_bearing_app/python-backend/Downloads/bearing_complete/GOOD_20241010_112314.jpg
160,20241010,112416,GOOD,/home/kaizen-ai/Desktop/thrust_bearing_app/python-backend/Downloads/bearing_complete/GOOD_20241010_112416.jpg
161,20241010,112514,GOOD,/home/kaizen-ai/Desktop/thrust_bearing_app/python-backend/Downloads/bearing_complete/GOOD_20241010_112514.jpg
162,20241010,112616,GOOD,/home/kaizen-ai/Desktop/thrust_bearing_app/python-backend/Downloads/bearing_complete/GOOD_20241010_112616.jpg
163,20241010,112724,GOOD,/home/kaizen-ai/Desktop/thrust_bearing_app/python-backend/Downloads/bearing_complete/GOOD_20241010_112724.jpg
164,20241010,112855,GOOD,/home/kaizen-ai/Desktop/thrust_bearing_app/python-backend/Downloads/bearing_complete/GOOD_20241010_112855.jpg
165,20241010,112950,GOOD,/home/kaizen-ai/Desktop/thrust_bearing_app/python-backend/Downloads/bearing_complete/GOOD_20241010_112950.jpg
166,20241010,113055,GOOD,/home/kaizen-ai/Desktop/thrust_bearing_app/python-backend/Downloads/bearing_complete/GOOD_20241010_113055.jpg
167,20241010,113219,GOOD,/home/kaizen-ai/Desktop/thrust_bearing_app/python-backend/Downloads/bearing_complete/GOOD_20241010_113219.jpg
168,20241010,113305,GOOD,/home/kaizen-ai/Desktop/thrust_bearing_app/python-backend/Downloads/bearing_complete/GOOD_20241010_113305.jpg
169,20241010,113359,GOOD,/home/kaizen-ai/Desktop/thrust_bearing_app/python-backend/Downloads/bearing_complete/GOOD_20241010_113359.jpg
170,20241010,113515,GOOD,/home/kaizen-ai/Desktop/thrust_bearing_app/python-backend/Downloads/bearing_complete/GOOD_20241010_113515.jpg
171,20241010,113612,GOOD,/home/kaizen-ai/Desktop/thrust_bearing_app/python-backend/Downloads/bearing_complete/GOOD_20241010_113612.jpg
172,20241010,113722,GOOD,/home/kaizen-ai/Desktop/thrust_bearing_app/python-backend/Downloads/bearing_complete/GOOD_20241010_113722.jpg
173,20241010,113840,GOOD,/home/kaizen-ai/Desktop/thrust_bearing_app/python-backend/Downloads/bearing_complete/GOOD_20241010_113840.jpg
174,20241010,113951,GOOD,/home/kaizen-ai/Desktop/thrust_bearing_app/python-backend/Downloads/bearing_complete/GOOD_20241010_113951.jpg
175,20241010,114047,GOOD,/home/kaizen-ai/Desktop/thrust_bearing_app/python-backend/Downloads/bearing_complete/GOOD_20241010_114047.jpg
176,20241010,114148,GOOD,/home/kaizen-ai/Desktop/thrust_bearing_app/python-backend/Downloads/bearing_complete/GOOD_20241010_114148.jpg
177,20241010,114312,GOOD,/home/kaizen-ai/Desktop/thrust_bearing_app/python-backend/Downloads/bearing_complete/GOOD_20241010_114312.jpg
178,20241010,114407,GOOD,/home/kaizen-ai/Desktop/thrust_bearing_app/python-backend/Downloads/bearing_complete/GOOD_20241010_114407.jpg
179,20241010,122855,GOOD,/home/kaizen-ai/Desktop/thrust_bearing_app/python-backend/Downloads/bearing_complete/GOOD_20241010_122855.jpg
180,20241010,122924,GOOD,/home/kaizen-ai/Desktop/thrust_bearing_app/python-backend/Downloads/bearing_complete/GOOD_20241010_122924.jpg
181,20241010,123057,GOOD,/home/kaizen-ai/Desktop/thrust_bearing_app/python-backend/Downloads/bearing_complete/GOOD_20241010_123057.jpg
182,20241010,123148,GOOD,/home/kaizen-ai/Desktop/thrust_bearing_app/python-backend/Downloads/bearing_complete/GOOD_20241010_123148.jpg
183,20241010,123334,GOOD,/home/kaizen-ai/Desktop/thrust_bearing_app/python-backend/Downloads/bearing_complete/GOOD_20241010_123334.jpg
184,20241010,123437,GOOD,/home/kaizen-ai/Desktop/thrust_bearing_app/python-backend/Downloads/bearing_complete/GOOD_20241010_123437.jpg
185,20241010,123533,GOOD,/home/kaizen-ai/Desktop/thrust_bearing_app/python-backend/Downloads/bearing_complete/GOOD_20241010_123533.jpg
186,20241010,123714,GOOD,/home/kaizen-ai/Desktop/thrust_bearing_app/python-backend/Downloads/bearing_complete/GOOD_20241010_123714.jpg
187,20241010,123808,GOOD,/home/kaizen-ai/Desktop/thrust_bearing_app/python-backend/Downloads/bearing_complete/GOOD_20241010_123808.jpg
188,20241010,123919,GOOD,/home/kaizen-ai/Desktop/thrust_bearing_app/python-backend/Downloads/bearing_complete/GOOD_20241010_123919.jpg
189,20241010,124021,GOOD,/home/kaizen-ai/Desktop/thrust_bearing_app/python-backend/Downloads/bearing_complete/GOOD_20241010_124021.jpg
190,20241010,124114,GOOD,/home/kaizen-ai/Desktop/thrust_bearing_app/python-backend/Downloads/bearing_complete/GOOD_20241010_124114.jpg
191,20241010,124245,GOOD,/home/kaizen-ai/Desktop/thrust_bearing_app/python-backend/Downloads/bearing_complete/GOOD_20241010_124245.jpg
192,20241010,124338,GOOD,/home/kaizen-ai/Desktop/thrust_bearing_app/python-backend/Downloads/bearing_complete/GOOD_20241010_124338.jpg
193,20241010,124443,GOOD,/home/kaizen-ai/Desktop/thrust_bearing_app/python-backend/Downloads/bearing_complete/GOOD_20241010_124443.jpg
194,20241010,124550,GOOD,/home/kaizen-ai/Desktop/thrust_bearing_app/python-backend/Downloads/bearing_complete/GOOD_20241010_124550.jpg
195,20241010,124647,GOOD,/home/kaizen-ai/Desktop/thrust_bearing_app/python-backend/Downloads/bearing_complete/GOOD_20241010_124647.jpg
196,20241010,124808,GOOD,/home/kaizen-ai/Desktop/thrust_bearing_app/python-backend/Downloads/bearing_complete/GOOD_20241010_124808.jpg
197,20241010,124859,GOOD,/home/kaizen-ai/Desktop/thrust_bearing_app/python-backend/Downloads/bearing_complete/GOOD_20241010_124859.jpg
198,20241010,124955,GOOD,/home/kaizen-ai/Desktop/thrust_bearing_app/python-backend/Downloads/bearing_complete/GOOD_20241010_124955.jpg
199,20241010,125057,GOOD,/home/kaizen-ai/Desktop/thrust_bearing_app/python-backend/Downloads/bearing_complete/GOOD_20241010_125057.jpg
200,20241010,125206,GOOD,/home/kaizen-ai/Desktop/thrust_bearing_app/python-backend/Downloads/bearing_complete/GOOD_20241010_125206.jpg
201,20241010,125255,GOOD,/home/kaizen-ai/Desktop/thrust_bearing_app/python-backend/Downloads/bearing_complete/GOOD_20241010_125255.jpg
202,20241010,125349,GOOD,/home/kaizen-ai/Desktop/thrust_bearing_app/python-backend/Downloads/bearing_complete/GOOD_20241010_125349.jpg
203,20241010,125442,GOOD,/home/kaizen-ai/Desktop/thrust_bearing_app/python-backend/Downloads/bearing_complete/GOOD_20241010_125442.jpg
204,20241010,125540,GOOD,/home/kaizen-ai/Desktop/thrust_bearing_app/python-backend/Downloads/bearing_complete/GOOD_20241010_125540.jpg
205,20241010,125651,GOOD,/home/kaizen-ai/Desktop/thrust_bearing_app/python-backend/Downloads/bearing_complete/GOOD_20241010_125651.jpg
206,20241010,125751,GOOD,/home/kaizen-ai/Desktop/thrust_bearing_app/python-backend/Downloads/bearing_complete/GOOD_20241010_125751.jpg
207,20241010,125916,GOOD,/home/kaizen-ai/Desktop/thrust_bearing_app/python-backend/Downloads/bearing_complete/GOOD_20241010_125916.jpg
208,20241010,130019,GOOD,/home/kaizen-ai/Desktop/thrust_bearing_app/python-backend/Downloads/bearing_complete/GOOD_20241010_130019.jpg
209,20241010,130118,GOOD,/home/kaizen-ai/Desktop/thrust_bearing_app/python-backend/Downloads/bearing_complete/GOOD_20241010_130118.jpg
210,20241010,130216,GOOD,/home/kaizen-ai/Desktop/thrust_bearing_app/python-backend/Downloads/bearing_complete/GOOD_20241010_130216.jpg
211,20241010,130320,GOOD,/home/kaizen-ai/Desktop/thrust_bearing_app/python-backend/Downloads/bearing_complete/GOOD_20241010_130320.jpg
212,20241010,130517,GOOD,/home/kaizen-ai/Desktop/thrust_bearing_app/python-backend/Downloads/bearing_complete/GOOD_20241010_130517.jpg
213,20241010,130640,GOOD,/home/kaizen-ai/Desktop/thrust_bearing_app/python-backend/Downloads/bearing_complete/GOOD_20241010_130640.jpg
214,20241010,130818,GOOD,/home/kaizen-ai/Desktop/thrust_bearing_app/python-backend/Downloads/bearing_complete/GOOD_20241010_130818.jpg
215,20241010,130919,GOOD,/home/kaizen-ai/Desktop/thrust_bearing_app/python-backend/Downloads/bearing_complete/GOOD_20241010_130919.jpg
216,20241010,131020,GOOD,/home/kaizen-ai/Desktop/thrust_bearing_app/python-backend/Downloads/bearing_complete/GOOD_20241010_131020.jpg
217,20241010,131130,GOOD,/home/kaizen-ai/Desktop/thrust_bearing_app/python-backend/Downloads/bearing_complete/GOOD_20241010_131130.jpg
218,20241010,131215,GOOD,/home/kaizen-ai/Desktop/thrust_bearing_app/python-backend/Downloads/bearing_complete/GOOD_20241010_131215.jpg
219,20241010,131338,GOOD,/home/kaizen-ai/Desktop/thrust_bearing_app/python-backend/Downloads/bearing_complete/GOOD_20241010_131338.jpg
220,20241010,133748,GOOD,/home/kaizen-ai/Desktop/thrust_bearing_app/python-backend/Downloads/bearing_complete/GOOD_20241010_133748.jpg
221,20241010,133838,GOOD,/home/kaizen-ai/Desktop/thrust_bearing_app/python-backend/Downloads/bearing_complete/GOOD_20241010_133838.jpg
222,20241010,133950,GOOD,/home/kaizen-ai/Desktop/thrust_bearing_app/python-backend/Downloads/bearing_complete/GOOD_20241010_133950.jpg
223,20241010,210527,GOOD,/home/kaizen-ai/Desktop/thrust_bearing_app/python-backend/Downloads/bearing_complete/GOOD_20241010_210527.jpg
224,20241010,210706,GOOD,/home/kaizen-ai/Desktop/thrust_bearing_app/python-backend/Downloads/bearing_complete/GOOD_20241010_210706.jpg
225,20241010,210824,GOOD,/home/kaizen-ai/Desktop/thrust_bearing_app/python-backend/Downloads/bearing_complete/GOOD_20241010_210824.jpg
226,20241010,210939,GOOD,/home/kaizen-ai/Desktop/thrust_bearing_app/python-backend/Downloads/bearing_complete/GOOD_20241010_210939.jpg
227,20241010,211156,GOOD,/home/kaizen-ai/Desktop/thrust_bearing_app/python-backend/Downloads/bearing_complete/GOOD_20241010_211156.jpg
228,20241010,211232,GOOD,/home/kaizen-ai/Desktop/thrust_bearing_app/python-backend/Downloads/bearing_complete/GOOD_20241010_211232.jpg
229,20241010,211355,GOOD,/home/kaizen-ai/Desktop/thrust_bearing_app/python-backend/Downloads/bearing_complete/GOOD_20241010_211355.jpg
230,20241010,211525,GOOD,/home/kaizen-ai/Desktop/thrust_bearing_app/python-backend/Downloads/bearing_complete/GOOD_20241010_211525.jpg
231,20241010,211633,GOOD,/home/kaizen-ai/Desktop/thrust_bearing_app/python-backend/Downloads/bearing_complete/GOOD_20241010_211633.jpg
232,20241010,211731,GOOD,/home/kaizen-ai/Desktop/thrust_bearing_app/python-backend/Downloads/bearing_complete/GOOD_20241010_211731.jpg
233,20241010,211834,GOOD,/home/kaizen-ai/Desktop/thrust_bearing_app/python-backend/Downloads/bearing_complete/GOOD_20241010_211834.jpg
234,20241010,211930,GOOD,/home/kaizen-ai/Desktop/thrust_bearing_app/python-backend/Downloads/bearing_complete/GOOD_20241010_211930.jpg
235,20241010,212026,GOOD,/home/kaizen-ai/Desktop/thrust_bearing_app/python-backend/Downloads/bearing_complete/GOOD_20241010_212026.jpg
236,20241010,212220,GOOD,/home/kaizen-ai/Desktop/thrust_bearing_app/python-backend/Downloads/bearing_complete/GOOD_20241010_212220.jpg
237,20241010,212321,GOOD,/home/kaizen-ai/Desktop/thrust_bearing_app/python-backend/Downloads/bearing_complete/GOOD_20241010_212321.jpg
238,20241010,212430,GOOD,/home/kaizen-ai/Desktop/thrust_bearing_app/python-backend/Downloads/bearing_complete/GOOD_20241010_212430.jpg
239,20241010,212611,GOOD,/home/kaizen-ai/Desktop/thrust_bearing_app/python-backend/Downloads/bearing_complete/GOOD_20241010_212611.jpg
240,20241010,212707,GOOD,/home/kaizen-ai/Desktop/thrust_bearing_app/python-backend/Downloads/bearing_complete/GOOD_20241010_212707.jpg
241,20241010,212811,GOOD,/home/kaizen-ai/Desktop/thrust_bearing_app/python-backend/Downloads/bearing_complete/GOOD_20241010_212811.jpg
242,20241010,212903,GOOD,/home/kaizen-ai/Desktop/thrust_bearing_app/python-backend/Downloads/bearing_complete/GOOD_20241010_212903.jpg
243,20241010,213044,GOOD,/home/kaizen-ai/Desktop/thrust_bearing_app/python-backend/Downloads/bearing_complete/GOOD_20241010_213044.jpg
244,20241010,213149,GOOD,/home/kaizen-ai/Desktop/thrust_bearing_app/python-backend/Downloads/bearing_complete/GOOD_20241010_213149.jpg
245,20241010,213237,NG,/home/kaizen-ai/Desktop/thrust_bearing_app/python-backend/Downloads/not_good_NG4/NG_20241010_213237.jpg
246,20241010,213328,GOOD,/home/kaizen-ai/Desktop/thrust_bearing_app/python-backend/Downloads/bearing_complete/GOOD_20241010_213328.jpg
247,20241010,213444,GOOD,/home/kaizen-ai/Desktop/thrust_bearing_app/python-backend/Downloads/bearing_complete/GOOD_20241010_213444.jpg
248,20241010,213618,GOOD,/home/kaizen-ai/Desktop/thrust_bearing_app/python-backend/Downloads/bearing_complete/GOOD_20241010_213618.jpg
249,20241010,213718,GOOD,/home/kaizen-ai/Desktop/thrust_bearing_app/python-backend/Downloads/bearing_complete/GOOD_20241010_213718.jpg
250,20241010,213821,GOOD,/home/kaizen-ai/Desktop/thrust_bearing_app/python-backend/Downloads/bearing_complete/GOOD_20241010_213821.jpg
251,20241010,213929,GOOD,/home/kaizen-ai/Desktop/thrust_bearing_app/python-backend/Downloads/bearing_complete/GOOD_20241010_213929.jpg
252,20241010,214020,GOOD,/home/kaizen-ai/Desktop/thrust_bearing_app/python-backend/Downloads/bearing_complete/GOOD_20241010_214020.jpg
253,20241010,214118,GOOD,/home/kaizen-ai/Desktop/thrust_bearing_app/python-backend/Downloads/bearing_complete/GOOD_20241010_214118.jpg
254,20241010,214220,GOOD,/home/kaizen-ai/Desktop/thrust_bearing_app/python-backend/Downloads/bearing_complete/GOOD_20241010_214220.jpg
255,20241010,214321,GOOD,/home/kaizen-ai/Desktop/thrust_bearing_app/python-backend/Downloads/bearing_complete/GOOD_20241010_214321.jpg
256,20241010,214459,GOOD,/home/kaizen-ai/Desktop/thrust_bearing_app/python-backend/Downloads/bearing_complete/GOOD_20241010_214459.jpg
257,20241010,214602,GOOD,/home/kaizen-ai/Desktop/thrust_bearing_app/python-backend/Downloads/bearing_complete/GOOD_20241010_214602.jpg
258,20241010,214659,GOOD,/home/kaizen-ai/Desktop/thrust_bearing_app/python-backend/Downloads/bearing_complete/GOOD_20241010_214659.jpg
259,20241010,214811,NG,/home/kaizen-ai/Desktop/thrust_bearing_app/python-backend/Downloads/not_good_NG1/NG_20241010_214811.jpg
260,20241010,214915,GOOD,/home/kaizen-ai/Desktop/thrust_bearing_app/python-backend/Downloads/bearing_complete/GOOD_20241010_214915.jpg
261,20241010,215011,GOOD,/home/kaizen-ai/Desktop/thrust_bearing_app/python-backend/Downloads/bearing_complete/GOOD_20241010_215011.jpg
262,20241010,215150,GOOD,/home/kaizen-ai/Desktop/thrust_bearing_app/python-backend/Downloads/bearing_complete/GOOD_20241010_215150.jpg
263,20241010,215246,GOOD,/home/kaizen-ai/Desktop/thrust_bearing_app/python-backend/Downloads/bearing_complete/GOOD_20241010_215246.jpg
264,20241010,215338,GOOD,/home/kaizen-ai/Desktop/thrust_bearing_app/python-backend/Downloads/bearing_complete/GOOD_20241010_215338.jpg
265,20241010,215441,GOOD,/home/kaizen-ai/Desktop/thrust_bearing_app/python-backend/Downloads/bearing_complete/GOOD_20241010_215441.jpg
266,20241010,215530,GOOD,/home/kaizen-ai/Desktop/thrust_bearing_app/python-backend/Downloads/bearing_complete/GOOD_20241010_215530.jpg
267,20241010,215610,GOOD,/home/kaizen-ai/Desktop/thrust_bearing_app/python-backend/Downloads/bearing_complete/GOOD_20241010_215610.jpg
268,20241010,215726,NG,/home/kaizen-ai/Desktop/thrust_bearing_app/python-backend/Downloads/not_good_NG4/NG_20241010_215726.jpg
269,20241010,215830,GOOD,/home/kaizen-ai/Desktop/thrust_bearing_app/python-backend/Downloads/bearing_complete/GOOD_20241010_215830.jpg
270,20241010,215948,NG,/home/kaizen-ai/Desktop/thrust_bearing_app/python-backend/Downloads/not_good_NG1/NG_20241010_215948.jpg
271,20241010,221111,GOOD,/home/kaizen-ai/Desktop/thrust_bearing_app/python-backend/Downloads/bearing_complete/GOOD_20241010_221111.jpg
272,20241010,221222,GOOD,/home/kaizen-ai/Desktop/thrust_bearing_app/python-backend/Downloads/bearing_complete/GOOD_20241010_221222.jpg
273,20241010,221352,GOOD,/home/kaizen-ai/Desktop/thrust_bearing_app/python-backend/Downloads/bearing_complete/GOOD_20241010_221352.jpg
274,20241010,221441,GOOD,/home/kaizen-ai/Desktop/thrust_bearing_app/python-backend/Downloads/bearing_complete/GOOD_20241010_221441.jpg
275,20241010,221539,GOOD,/home/kaizen-ai/Desktop/thrust_bearing_app/python-backend/Downloads/bearing_complete/GOOD_20241010_221539.jpg
276,20241010,221624,GOOD,/home/kaizen-ai/Desktop/thrust_bearing_app/python-backend/Downloads/bearing_complete/GOOD_20241010_221624.jpg
277,20241010,221721,NG,/home/kaizen-ai/Desktop/thrust_bearing_app/python-backend/Downloads/not_good_NG1/NG_20241010_221721.jpg
278,20241010,221823,GOOD,/home/kaizen-ai/Desktop/thrust_bearing_app/python-backend/Downloads/bearing_complete/GOOD_20241010_221823.jpg
279,20241010,221924,GOOD,/home/kaizen-ai/Desktop/thrust_bearing_app/python-backend/Downloads/bearing_complete/GOOD_20241010_221924.jpg
280,20241010,222113,GOOD,/home/kaizen-ai/Desktop/thrust_bearing_app/python-backend/Downloads/bearing_complete/GOOD_20241010_222113.jpg
281,20241010,222214,GOOD,/home/kaizen-ai/Desktop/thrust_bearing_app/python-backend/Downloads/bearing_complete/GOOD_20241010_222214.jpg
282,20241010,222329,NG,/home/kaizen-ai/Desktop/thrust_bearing_app/python-backend/Downloads/not_good_NG2/NG_20241010_222329.jpg
283,20241010,222422,GOOD,/home/kaizen-ai/Desktop/thrust_bearing_app/python-backend/Downloads/bearing_complete/GOOD_20241010_222422.jpg
284,20241010,222516,GOOD,/home/kaizen-ai/Desktop/thrust_bearing_app/python-backend/Downloads/bearing_complete/GOOD_20241010_222516.jpg
285,20241010,222617,GOOD,/home/kaizen-ai/Desktop/thrust_bearing_app/python-backend/Downloads/bearing_complete/GOOD_20241010_222617.jpg
286,20241010,222716,GOOD,/home/kaizen-ai/Desktop/thrust_bearing_app/python-backend/Downloads/bearing_complete/GOOD_20241010_222716.jpg
287,20241010,222813,GOOD,/home/kaizen-ai/Desktop/thrust_bearing_app/python-backend/Downloads/bearing_complete/GOOD_20241010_222813.jpg
288,20241010,222937,GOOD,/home/kaizen-ai/Desktop/thrust_bearing_app/python-backend/Downloads/bearing_complete/GOOD_20241010_222937.jpg
289,20241010,223038,GOOD,/home/kaizen-ai/Desktop/thrust_bearing_app/python-backend/Downloads/bearing_complete/GOOD_20241010_223038.jpg
290,20241010,223147,GOOD,/home/kaizen-ai/Desktop/thrust_bearing_app/python-backend/Downloads/bearing_complete/GOOD_20241010_223147.jpg
291,20241010,223325,GOOD,/home/kaizen-ai/Desktop/thrust_bearing_app/python-backend/Downloads/bearing_complete/GOOD_20241010_223325.jpg
292,20241010,223359,GOOD,/home/kaizen-ai/Desktop/thrust_bearing_app/python-backend/Downloads/bearing_complete/GOOD_20241010_223359.jpg
293,20241010,223512,GOOD,/home/kaizen-ai/Desktop/thrust_bearing_app/python-backend/Downloads/bearing_complete/GOOD_20241010_223512.jpg
294,20241010,223705,NG,/home/kaizen-ai/Desktop/thrust_bearing_app/python-backend/Downloads/not_good_NG1/NG_20241010_223705.jpg
295,20241010,223750,GOOD,/home/kaizen-ai/Desktop/thrust_bearing_app/python-backend/Downloads/bearing_complete/GOOD_20241010_223750.jpg
296,20241010,223920,GOOD,/home/kaizen-ai/Desktop/thrust_bearing_app/python-backend/Downloads/bearing_complete/GOOD_20241010_223920.jpg
297,20241010,224100,GOOD,/home/kaizen-ai/Desktop/thrust_bearing_app/python-backend/Downloads/bearing_complete/GOOD_20241010_224100.jpg
298,20241010,224136,GOOD,/home/kaizen-ai/Desktop/thrust_bearing_app/python-backend/Downloads/bearing_complete/GOOD_20241010_224136.jpg
299,20241010,224255,GOOD,/home/kaizen-ai/Desktop/thrust_bearing_app/python-backend/Downloads/bearing_complete/GOOD_20241010_224255.jpg
300,20241010,224416,GOOD,/home/kaizen-ai/Desktop/thrust_bearing_app/python-backend/Downloads/bearing_complete/GOOD_20241010_224416.jpg
301,20241010,224511,GOOD,/home/kaizen-ai/Desktop/thrust_bearing_app/python-backend/Downloads/bearing_complete/GOOD_20241010_224511.jpg
302,20241010,224559,GOOD,/home/kaizen-ai/Desktop/thrust_bearing_app/python-backend/Downloads/bearing_complete/GOOD_20241010_224559.jpg
303,20241010,224655,GOOD,/home/kaizen-ai/Desktop/thrust_bearing_app/python-backend/Downloads/bearing_complete/GOOD_20241010_224655.jpg
304,20241010,224743,GOOD,/home/kaizen-ai/Desktop/thrust_bearing_app/python-backend/Downloads/bearing_complete/GOOD_20241010_224743.jpg
305,20241010,224853,NG,/home/kaizen-ai/Desktop/thrust_bearing_app/python-backend/Downloads/not_good_NG3/NG_20241010_224853.jpg
306,20241010,224949,GOOD,/home/kaizen-ai/Desktop/thrust_bearing_app/python-backend/Downloads/bearing_complete/GOOD_20241010_224949.jpg
307,20241010,225107,GOOD,/home/kaizen-ai/Desktop/thrust_bearing_app/python-backend/Downloads/bearing_complete/GOOD_20241010_225107.jpg
308,20241010,225214,GOOD,/home/kaizen-ai/Desktop/thrust_bearing_app/python-backend/Downloads/bearing_complete/GOOD_20241010_225214.jpg
309,20241010,225316,GOOD,/home/kaizen-ai/Desktop/thrust_bearing_app/python-backend/Downloads/bearing_complete/GOOD_20241010_225316.jpg
310,20241010,225424,NG,/home/kaizen-ai/Desktop/thrust_bearing_app/python-backend/Downloads/not_good_NG2/NG_20241010_225424.jpg
311,20241010,225546,GOOD,/home/kaizen-ai/Desktop/thrust_bearing_app/python-backend/Downloads/bearing_complete/GOOD_20241010_225546.jpg
312,20241010,225658,NG,/home/kaizen-ai/Desktop/thrust_bearing_app/python-backend/Downloads/not_good_NG1/NG_20241010_225658.jpg
313,20241010,225753,GOOD,/home/kaizen-ai/Desktop/thrust_bearing_app/python-backend/Downloads/bearing_complete/GOOD_20241010_225753.jpg
314,20241010,225906,GOOD,/home/kaizen-ai/Desktop/thrust_bearing_app/python-backend/Downloads/bearing_complete/GOOD_20241010_225906.jpg
315,20241010,230025,GOOD,/home/kaizen-ai/Desktop/thrust_bearing_app/python-backend/Downloads/bearing_complete/GOOD_20241010_230025.jpg
316,20241010,230142,GOOD,/home/kaizen-ai/Desktop/thrust_bearing_app/python-backend/Downloads/bearing_complete/GOOD_20241010_230142.jpg
317,20241010,230246,NG,/home/kaizen-ai/Desktop/thrust_bearing_app/python-backend/Downloads/not_good_NG3/NG_20241010_230246.jpg
318,20241010,230350,GOOD,/home/kaizen-ai/Desktop/thrust_bearing_app/python-backend/Downloads/bearing_complete/GOOD_20241010_230350.jpg
319,20241010,230450,GOOD,/home/kaizen-ai/Desktop/thrust_bearing_app/python-backend/Downloads/bearing_complete/GOOD_20241010_230450.jpg
320,20241010,230550,GOOD,/home/kaizen-ai/Desktop/thrust_bearing_app/python-backend/Downloads/bearing_complete/GOOD_20241010_230550.jpg
321,20241010,230715,GOOD,/home/kaizen-ai/Desktop/thrust_bearing_app/python-backend/Downloads/bearing_complete/GOOD_20241010_230715.jpg
322,20241010,230823,GOOD,/home/kaizen-ai/Desktop/thrust_bearing_app/python-backend/Downloads/bearing_complete/GOOD_20241010_230823.jpg
323,20241010,231032,GOOD,/home/kaizen-ai/Desktop/thrust_bearing_app/python-backend/Downloads/bearing_complete/GOOD_20241010_231032.jpg
324,20241010,231146,GOOD,/home/kaizen-ai/Desktop/thrust_bearing_app/python-backend/Downloads/bearing_complete/GOOD_20241010_231146.jpg
325,20241010,231312,GOOD,/home/kaizen-ai/Desktop/thrust_bearing_app/python-backend/Downloads/bearing_complete/GOOD_20241010_231312.jpg
326,20241010,231412,GOOD,/home/kaizen-ai/Desktop/thrust_bearing_app/python-backend/Downloads/bearing_complete/GOOD_20241010_231412.jpg
327,20241010,231506,GOOD,/home/kaizen-ai/Desktop/thrust_bearing_app/python-backend/Downloads/bearing_complete/GOOD_20241010_231506.jpg
328,20241010,231601,GOOD,/home/kaizen-ai/Desktop/thrust_bearing_app/python-backend/Downloads/bearing_complete/GOOD_20241010_231601.jpg
329,20241010,231714,GOOD,/home/kaizen-ai/Desktop/thrust_bearing_app/python-backend/Downloads/bearing_complete/GOOD_20241010_231714.jpg
330,20241010,231817,GOOD,/home/kaizen-ai/Desktop/thrust_bearing_app/python-backend/Downloads/bearing_complete/GOOD_20241010_231817.jpg
331,20241010,231923,GOOD,/home/kaizen-ai/Desktop/thrust_bearing_app/python-backend/Downloads/bearing_complete/GOOD_20241010_231923.jpg
332,20241010,232018,GOOD,/home/kaizen-ai/Desktop/thrust_bearing_app/python-backend/Downloads/bearing_complete/GOOD_20241010_232018.jpg
333,20241010,232133,GOOD,/home/kaizen-ai/Desktop/thrust_bearing_app/python-backend/Downloads/bearing_complete/GOOD_20241010_232133.jpg
334,20241010,232235,GOOD,/home/kaizen-ai/Desktop/thrust_bearing_app/python-backend/Downloads/bearing_complete/GOOD_20241010_232235.jpg
335,20241010,232328,GOOD,/home/kaizen-ai/Desktop/thrust_bearing_app/python-backend/Downloads/bearing_complete/GOOD_20241010_232328.jpg
336,20241010,232500,GOOD,/home/kaizen-ai/Desktop/thrust_bearing_app/python-backend/Downloads/bearing_complete/GOOD_20241010_232500.jpg
337,20241010,232609,GOOD,/home/kaizen-ai/Desktop/thrust_bearing_app/python-backend/Downloads/bearing_complete/GOOD_20241010_232609.jpg
338,20241010,232654,GOOD,/home/kaizen-ai/Desktop/thrust_bearing_app/python-backend/Downloads/bearing_complete/GOOD_20241010_232654.jpg
339,20241010,232749,GOOD,/home/kaizen-ai/Desktop/thrust_bearing_app/python-backend/Downloads/bearing_complete/GOOD_20241010_232749.jpg
340,20241010,232927,NG,/home/kaizen-ai/Desktop/thrust_bearing_app/python-backend/Downloads/not_good_NG1/NG_20241010_232927.jpg
341,20241010,233013,GOOD,/home/kaizen-ai/Desktop/thrust_bearing_app/python-backend/Downloads/bearing_complete/GOOD_20241010_233013.jpg
342,20241010,233118,GOOD,/home/kaizen-ai/Desktop/thrust_bearing_app/python-backend/Downloads/bearing_complete/GOOD_20241010_233118.jpg
343,20241010,233233,GOOD,/home/kaizen-ai/Desktop/thrust_bearing_app/python-backend/Downloads/bearing_complete/GOOD_20241010_233233.jpg
344,20241010,233327,GOOD,/home/kaizen-ai/Desktop/thrust_bearing_app/python-backend/Downloads/bearing_complete/GOOD_20241010_233327.jpg
345,20241010,233509,GOOD,/home/kaizen-ai/Desktop/thrust_bearing_app/python-backend/Downloads/bearing_complete/GOOD_20241010_233509.jpg
346,20241010,233548,GOOD,/home/kaizen-ai/Desktop/thrust_bearing_app/python-backend/Downloads/bearing_complete/GOOD_20241010_233548.jpg
347,20241010,233710,GOOD,/home/kaizen-ai/Desktop/thrust_bearing_app/python-backend/Downloads/bearing_complete/GOOD_20241010_233710.jpg
348,20241010,233831,GOOD,/home/kaizen-ai/Desktop/thrust_bearing_app/python-backend/Downloads/bearing_complete/GOOD_20241010_233831.jpg
349,20241010,233912,GOOD,/home/kaizen-ai/Desktop/thrust_bearing_app/python-backend/Downloads/bearing_complete/GOOD_20241010_233912.jpg
350,20241010,234028,GOOD,/home/kaizen-ai/Desktop/thrust_bearing_app/python-backend/Downloads/bearing_complete/GOOD_20241010_234028.jpg
351,20241010,234142,GOOD,/home/kaizen-ai/Desktop/thrust_bearing_app/python-backend/Downloads/bearing_complete/GOOD_20241010_234142.jpg
352,20241010,234314,GOOD,/home/kaizen-ai/Desktop/thrust_bearing_app/python-backend/Downloads/bearing_complete/GOOD_20241010_234314.jpg
353,20241010,234411,NG,/home/kaizen-ai/Desktop/thrust_bearing_app/python-backend/Downloads/not_good_NG1/NG_20241010_234411.jpg
354,20241010,234500,NG,/home/kaizen-ai/Desktop/thrust_bearing_app/python-backend/Downloads/not_good_NG3/NG_20241010_234500.jpg
355,20241010,234536,GOOD,/home/kaizen-ai/Desktop/thrust_bearing_app/python-backend/Downloads/bearing_complete/GOOD_20241010_234536.jpg
356,20241010,234636,GOOD,/home/kaizen-ai/Desktop/thrust_bearing_app/python-backend/Downloads/bearing_complete/GOOD_20241010_234636.jpg
357,20241010,234727,GOOD,/home/kaizen-ai/Desktop/thrust_bearing_app/python-backend/Downloads/bearing_complete/GOOD_20241010_234727.jpg
358,20241010,234838,GOOD,/home/kaizen-ai/Desktop/thrust_bearing_app/python-backend/Downloads/bearing_complete/GOOD_20241010_234838.jpg
359,20241010,234931,GOOD,/home/kaizen-ai/Desktop/thrust_bearing_app/python-backend/Downloads/bearing_complete/GOOD_20241010_234931.jpg
360,20241010,235058,GOOD,/home/kaizen-ai/Desktop/thrust_bearing_app/python-backend/Downloads/bearing_complete/GOOD_20241010_235058.jpg
361,20241010,235148,NG,/home/kaizen-ai/Desktop/thrust_bearing_app/python-backend/Downloads/not_good_NG4/NG_20241010_235148.jpg
362,20241010,235338,GOOD,/home/kaizen-ai/Desktop/thrust_bearing_app/python-backend/Downloads/bearing_complete/GOOD_20241010_235338.jpg
363,20241010,235439,GOOD,/home/kaizen-ai/Desktop/thrust_bearing_app/python-backend/Downloads/bearing_complete/GOOD_20241010_235439.jpg
364,20241010,235521,GOOD,/home/kaizen-ai/Desktop/thrust_bearing_app/python-backend/Downloads/bearing_complete/GOOD_20241010_235521.jpg
365,20241010,235619,GOOD,/home/kaizen-ai/Desktop/thrust_bearing_app/python-backend/Downloads/bearing_complete/GOOD_20241010_235619.jpg
366,20241010,235720,NG,/home/kaizen-ai/Desktop/thrust_bearing_app/python-backend/Downloads/not_good_NG2/NG_20241010_235720.jpg
367,20241010,235814,NG,/home/kaizen-ai/Desktop/thrust_bearing_app/python-backend/Downloads/not_good_NG1/NG_20241010_235814.jpg
368,20241010,235920,GOOD,/home/kaizen-ai/Desktop/thrust_bearing_app/python-backend/Downloads/bearing_complete/GOOD_20241010_235920.jpg
369,20241011,2956,GOOD,/home/kaizen-ai/Desktop/thrust_bearing_app/python-backend/Downloads/bearing_complete/GOOD_20241011_002956.jpg
370,20241011,3106,GOOD,/home/kaizen-ai/Desktop/thrust_bearing_app/python-backend/Downloads/bearing_complete/GOOD_20241011_003106.jpg
371,20241011,3158,GOOD,/home/kaizen-ai/Desktop/thrust_bearing_app/python-backend/Downloads/bearing_complete/GOOD_20241011_003158.jpg
372,20241011,3346,GOOD,/home/kaizen-ai/Desktop/thrust_bearing_app/python-backend/Downloads/bearing_complete/GOOD_20241011_003346.jpg
373,20241011,3443,NG,/home/kaizen-ai/Desktop/thrust_bearing_app/python-backend/Downloads/not_good_NG3/NG_20241011_003443.jpg
374,20241011,3540,GOOD,/home/kaizen-ai/Desktop/thrust_bearing_app/python-backend/Downloads/bearing_complete/GOOD_20241011_003540.jpg
375,20241011,3647,GOOD,/home/kaizen-ai/Desktop/thrust_bearing_app/python-backend/Downloads/bearing_complete/GOOD_20241011_003647.jpg
376,20241011,3748,GOOD,/home/kaizen-ai/Desktop/thrust_bearing_app/python-backend/Downloads/bearing_complete/GOOD_20241011_003748.jpg
377,20241011,3839,GOOD,/home/kaizen-ai/Desktop/thrust_bearing_app/python-backend/Downloads/bearing_complete/GOOD_20241011_003839.jpg
378,20241011,4005,GOOD,/home/kaizen-ai/Desktop/thrust_bearing_app/python-backend/Downloads/bearing_complete/GOOD_20241011_004005.jpg
379,20241011,4129,GOOD,/home/kaizen-ai/Desktop/thrust_bearing_app/python-backend/Downloads/bearing_complete/GOOD_20241011_004129.jpg
380,20241011,4228,NG,/home/kaizen-ai/Desktop/thrust_bearing_app/python-backend/Downloads/not_good_NG4/NG_20241011_004228.jpg
381,20241011,4334,GOOD,/home/kaizen-ai/Desktop/thrust_bearing_app/python-backend/Downloads/bearing_complete/GOOD_20241011_004334.jpg
382,20241011,4440,GOOD,/home/kaizen-ai/Desktop/thrust_bearing_app/python-backend/Downloads/bearing_complete/GOOD_20241011_004440.jpg
383,20241011,4549,GOOD,/home/kaizen-ai/Desktop/thrust_bearing_app/python-backend/Downloads/bearing_complete/GOOD_20241011_004549.jpg
384,20241011,4730,NG,/home/kaizen-ai/Desktop/thrust_bearing_app/python-backend/Downloads/not_good_NG3/NG_20241011_004730.jpg
385,20241011,4822,GOOD,/home/kaizen-ai/Desktop/thrust_bearing_app/python-backend/Downloads/bearing_complete/GOOD_20241011_004822.jpg
386,20241011,4925,NG,/home/kaizen-ai/Desktop/thrust_bearing_app/python-backend/Downloads/not_good_NG1/NG_20241011_004925.jpg
387,20241011,5002,GOOD,/home/kaizen-ai/Desktop/thrust_bearing_app/python-backend/Downloads/bearing_complete/GOOD_20241011_005002.jpg
388,20241011,5114,GOOD,/home/kaizen-ai/Desktop/thrust_bearing_app/python-backend/Downloads/bearing_complete/GOOD_20241011_005114.jpg
389,20241011,5205,GOOD,/home/kaizen-ai/Desktop/thrust_bearing_app/python-backend/Downloads/bearing_complete/GOOD_20241011_005205.jpg
390,20241011,5313,GOOD,/home/kaizen-ai/Desktop/thrust_bearing_app/python-backend/Downloads/bearing_complete/GOOD_20241011_005313.jpg
391,20241011,5427,GOOD,/home/kaizen-ai/Desktop/thrust_bearing_app/python-backend/Downloads/bearing_complete/GOOD_20241011_005427.jpg
392,20241011,5518,GOOD,/home/kaizen-ai/Desktop/thrust_bearing_app/python-backend/Downloads/bearing_complete/GOOD_20241011_005518.jpg
393,20241011,5608,GOOD,/home/kaizen-ai/Desktop/thrust_bearing_app/python-backend/Downloads/bearing_complete/GOOD_20241011_005608.jpg
394,20241011,5727,GOOD,/home/kaizen-ai/Desktop/thrust_bearing_app/python-backend/Downloads/bearing_complete/GOOD_20241011_005727.jpg
395,20241011,5843,NG,/home/kaizen-ai/Desktop/thrust_bearing_app/python-backend/Downloads/not_good_NG1/NG_20241011_005843.jpg
396,20241011,5951,NG,/home/kaizen-ai/Desktop/thrust_bearing_app/python-backend/Downloads/not_good_NG4/NG_20241011_005951.jpg
397,20241011,10106,GOOD,/home/kaizen-ai/Desktop/thrust_bearing_app/python-backend/Downloads/bearing_complete/GOOD_20241011_010106.jpg
398,20241011,10201,GOOD,/home/kaizen-ai/Desktop/thrust_bearing_app/python-backend/Downloads/bearing_complete/GOOD_20241011_010201.jpg
399,20241011,10301,GOOD,/home/kaizen-ai/Desktop/thrust_bearing_app/python-backend/Downloads/bearing_complete/GOOD_20241011_010301.jpg
400,20241011,10358,NG,/home/kaizen-ai/Desktop/thrust_bearing_app/python-backend/Downloads/not_good_NG1/NG_20241011_010358.jpg
401,20241011,10542,GOOD,/home/kaizen-ai/Desktop/thrust_bearing_app/python-backend/Downloads/bearing_complete/GOOD_20241011_010542.jpg
402,20241011,10641,GOOD,/home/kaizen-ai/Desktop/thrust_bearing_app/python-backend/Downloads/bearing_complete/GOOD_20241011_010641.jpg
403,20241011,10740,GOOD,/home/kaizen-ai/Desktop/thrust_bearing_app/python-backend/Downloads/bearing_complete/GOOD_20241011_010740.jpg
404,20241011,10839,GOOD,/home/kaizen-ai/Desktop/thrust_bearing_app/python-backend/Downloads/bearing_complete/GOOD_20241011_010839.jpg
405,20241011,10937,GOOD,/home/kaizen-ai/Desktop/thrust_bearing_app/python-backend/Downloads/bearing_complete/GOOD_20241011_010937.jpg
406,20241011,11026,GOOD,/home/kaizen-ai/Desktop/thrust_bearing_app/python-backend/Downloads/bearing_complete/GOOD_20241011_011026.jpg
407,20241011,11130,NG,/home/kaizen-ai/Desktop/thrust_bearing_app/python-backend/Downloads/not_good_NG1/NG_20241011_011130.jpg
408,20241011,11253,GOOD,/home/kaizen-ai/Desktop/thrust_bearing_app/python-backend/Downloads/bearing_complete/GOOD_20241011_011253.jpg
409,20241011,11342,GOOD,/home/kaizen-ai/Desktop/thrust_bearing_app/python-backend/Downloads/bearing_complete/GOOD_20241011_011342.jpg
410,20241011,11451,GOOD,/home/kaizen-ai/Desktop/thrust_bearing_app/python-backend/Downloads/bearing_complete/GOOD_20241011_011451.jpg
411,20241011,11544,GOOD,/home/kaizen-ai/Desktop/thrust_bearing_app/python-backend/Downloads/bearing_complete/GOOD_20241011_011544.jpg
412,20241011,11657,GOOD,/home/kaizen-ai/Desktop/thrust_bearing_app/python-backend/Downloads/bearing_complete/GOOD_20241011_011657.jpg
413,20241011,11801,GOOD,/home/kaizen-ai/Desktop/thrust_bearing_app/python-backend/Downloads/bearing_complete/GOOD_20241011_011801.jpg
414,20241011,11916,NG,/home/kaizen-ai/Desktop/thrust_bearing_app/python-backend/Downloads/not_good_NG3/NG_20241011_011916.jpg
415,20241011,12025,GOOD,/home/kaizen-ai/Desktop/thrust_bearing_app/python-backend/Downloads/bearing_complete/GOOD_20241011_012025.jpg
416,20241011,12125,GOOD,/home/kaizen-ai/Desktop/thrust_bearing_app/python-backend/Downloads/bearing_complete/GOOD_20241011_012125.jpg
417,20241011,12246,GOOD,/home/kaizen-ai/Desktop/thrust_bearing_app/python-backend/Downloads/bearing_complete/GOOD_20241011_012246.jpg
418,20241011,12345,NG,/home/kaizen-ai/Desktop/thrust_bearing_app/python-backend/Downloads/not_good_NG3/NG_20241011_012345.jpg
419,20241011,12438,GOOD,/home/kaizen-ai/Desktop/thrust_bearing_app/python-backend/Downloads/bearing_complete/GOOD_20241011_012438.jpg
420,20241011,12526,GOOD,/home/kaizen-ai/Desktop/thrust_bearing_app/python-backend/Downloads/bearing_complete/GOOD_20241011_012526.jpg
421,20241011,12619,GOOD,/home/kaizen-ai/Desktop/thrust_bearing_app/python-backend/Downloads/bearing_complete/GOOD_20241011_012619.jpg
422,20241011,12833,GOOD,/home/kaizen-ai/Desktop/thrust_bearing_app/python-backend/Downloads/bearing_complete/GOOD_20241011_012833.jpg
423,20241011,12925,GOOD,/home/kaizen-ai/Desktop/thrust_bearing_app/python-backend/Downloads/bearing_complete/GOOD_20241011_012925.jpg
424,20241011,13016,NG,/home/kaizen-ai/Desktop/thrust_bearing_app/python-backend/Downloads/not_good_NG4/NG_20241011_013016.jpg
425,20241011,13205,GOOD,/home/kaizen-ai/Desktop/thrust_bearing_app/python-backend/Downloads/bearing_complete/GOOD_20241011_013205.jpg
426,20241011,13254,GOOD,/home/kaizen-ai/Desktop/thrust_bearing_app/python-backend/Downloads/bearing_complete/GOOD_20241011_013254.jpg
427,20241011,13404,GOOD,/home/kaizen-ai/Desktop/thrust_bearing_app/python-backend/Downloads/bearing_complete/GOOD_20241011_013404.jpg
428,20241011,13433,GOOD,/home/kaizen-ai/Desktop/thrust_bearing_app/python-backend/Downloads/bearing_complete/GOOD_20241011_013433.jpg
429,20241011,13527,GOOD,/home/kaizen-ai/Desktop/thrust_bearing_app/python-backend/Downloads/bearing_complete/GOOD_20241011_013527.jpg
430,20241011,13617,GOOD,/home/kaizen-ai/Desktop/thrust_bearing_app/python-backend/Downloads/bearing_complete/GOOD_20241011_013617.jpg
431,20241011,13702,GOOD,/home/kaizen-ai/Desktop/thrust_bearing_app/python-backend/Downloads/bearing_complete/GOOD_20241011_013702.jpg
432,20241011,13807,GOOD,/home/kaizen-ai/Desktop/thrust_bearing_app/python-backend/Downloads/bearing_complete/GOOD_20241011_013807.jpg
433,20241011,14010,GOOD,/home/kaizen-ai/Desktop/thrust_bearing_app/python-backend/Downloads/bearing_complete/GOOD_20241011_014010.jpg
434,20241011,14058,GOOD,/home/kaizen-ai/Desktop/thrust_bearing_app/python-backend/Downloads/bearing_complete/GOOD_20241011_014058.jpg
435,20241011,14154,NG,/home/kaizen-ai/Desktop/thrust_bearing_app/python-backend/Downloads/not_good_NG2/NG_20241011_014154.jpg
436,20241011,14253,GOOD,/home/kaizen-ai/Desktop/thrust_bearing_app/python-backend/Downloads/bearing_complete/GOOD_20241011_014253.jpg
437,20241011,14431,GOOD,/home/kaizen-ai/Desktop/thrust_bearing_app/python-backend/Downloads/bearing_complete/GOOD_20241011_014431.jpg
438,20241011,14534,GOOD,/home/kaizen-ai/Desktop/thrust_bearing_app/python-backend/Downloads/bearing_complete/GOOD_20241011_014534.jpg
439,20241011,14635,GOOD,/home/kaizen-ai/Desktop/thrust_bearing_app/python-backend/Downloads/bearing_complete/GOOD_20241011_014635.jpg
440,20241011,14731,GOOD,/home/kaizen-ai/Desktop/thrust_bearing_app/python-backend/Downloads/bearing_complete/GOOD_20241011_014731.jpg
441,20241011,14838,GOOD,/home/kaizen-ai/Desktop/thrust_bearing_app/python-backend/Downloads/bearing_complete/GOOD_20241011_014838.jpg
442,20241011,14947,GOOD,/home/kaizen-ai/Desktop/thrust_bearing_app/python-backend/Downloads/bearing_complete/GOOD_20241011_014947.jpg
443,20241011,15037,GOOD,/home/kaizen-ai/Desktop/thrust_bearing_app/python-backend/Downloads/bearing_complete/GOOD_20241011_015037.jpg
444,20241011,15135,GOOD,/home/kaizen-ai/Desktop/thrust_bearing_app/python-backend/Downloads/bearing_complete/GOOD_20241011_015135.jpg
445,20241011,15228,GOOD,/home/kaizen-ai/Desktop/thrust_bearing_app/python-backend/Downloads/bearing_complete/GOOD_20241011_015228.jpg
446,20241011,15325,GOOD,/home/kaizen-ai/Desktop/thrust_bearing_app/python-backend/Downloads/bearing_complete/GOOD_20241011_015325.jpg
447,20241011,15507,GOOD,/home/kaizen-ai/Desktop/thrust_bearing_app/python-backend/Downloads/bearing_complete/GOOD_20241011_015507.jpg
448,20241011,15620,GOOD,/home/kaizen-ai/Desktop/thrust_bearing_app/python-backend/Downloads/bearing_complete/GOOD_20241011_015620.jpg
449,20241011,15727,GOOD,/home/kaizen-ai/Desktop/thrust_bearing_app/python-backend/Downloads/bearing_complete/GOOD_20241011_015727.jpg
450,20241011,15849,GOOD,/home/kaizen-ai/Desktop/thrust_bearing_app/python-backend/Downloads/bearing_complete/GOOD_20241011_015849.jpg
451,20241011,15949,NG,/home/kaizen-ai/Desktop/thrust_bearing_app/python-backend/Downloads/not_good_NG1/NG_20241011_015949.jpg
452,20241011,20039,GOOD,/home/kaizen-ai/Desktop/thrust_bearing_app/python-backend/Downloads/bearing_complete/GOOD_20241011_020039.jpg
453,20241011,20138,GOOD,/home/kaizen-ai/Desktop/thrust_bearing_app/python-backend/Downloads/bearing_complete/GOOD_20241011_020138.jpg
454,20241011,20231,GOOD,/home/kaizen-ai/Desktop/thrust_bearing_app/python-backend/Downloads/bearing_complete/GOOD_20241011_020231.jpg
455,20241011,20324,GOOD,/home/kaizen-ai/Desktop/thrust_bearing_app/python-backend/Downloads/bearing_complete/GOOD_20241011_020324.jpg
456,20241011,20440,GOOD,/home/kaizen-ai/Desktop/thrust_bearing_app/python-backend/Downloads/bearing_complete/GOOD_20241011_020440.jpg
457,20241011,20545,GOOD,/home/kaizen-ai/Desktop/thrust_bearing_app/python-backend/Downloads/bearing_complete/GOOD_20241011_020545.jpg
458,20241011,20647,GOOD,/home/kaizen-ai/Desktop/thrust_bearing_app/python-backend/Downloads/bearing_complete/GOOD_20241011_020647.jpg
459,20241011,20735,NG,/home/kaizen-ai/Desktop/thrust_bearing_app/python-backend/Downloads/not_good_NG1/NG_20241011_020735.jpg
460,20241011,20923,GOOD,/home/kaizen-ai/Desktop/thrust_bearing_app/python-backend/Downloads/bearing_complete/GOOD_20241011_020923.jpg
461,20241011,21030,GOOD,/home/kaizen-ai/Desktop/thrust_bearing_app/python-backend/Downloads/bearing_complete/GOOD_20241011_021030.jpg
462,20241011,21118,GOOD,/home/kaizen-ai/Desktop/thrust_bearing_app/python-backend/Downloads/bearing_complete/GOOD_20241011_021118.jpg
463,20241011,21211,GOOD,/home/kaizen-ai/Desktop/thrust_bearing_app/python-backend/Downloads/bearing_complete/GOOD_20241011_021211.jpg
464,20241011,21319,GOOD,/home/kaizen-ai/Desktop/thrust_bearing_app/python-backend/Downloads/bearing_complete/GOOD_20241011_021319.jpg
465,20241011,21528,GOOD,/home/kaizen-ai/Desktop/thrust_bearing_app/python-backend/Downloads/bearing_complete/GOOD_20241011_021528.jpg
466,20241011,21606,GOOD,/home/kaizen-ai/Desktop/thrust_bearing_app/python-backend/Downloads/bearing_complete/GOOD_20241011_021606.jpg
467,20241011,21654,NG,/home/kaizen-ai/Desktop/thrust_bearing_app/python-backend/Downloads/not_good_NG1/NG_20241011_021654.jpg
468,20241011,21758,GOOD,/home/kaizen-ai/Desktop/thrust_bearing_app/python-backend/Downloads/bearing_complete/GOOD_20241011_021758.jpg
469,20241011,21856,NG,/home/kaizen-ai/Desktop/thrust_bearing_app/python-backend/Downloads/not_good_NG2/NG_20241011_021856.jpg
470,20241011,22000,GOOD,/home/kaizen-ai/Desktop/thrust_bearing_app/python-backend/Downloads/bearing_complete/GOOD_20241011_022000.jpg
471,20241011,22139,GOOD,/home/kaizen-ai/Desktop/thrust_bearing_app/python-backend/Downloads/bearing_complete/GOOD_20241011_022139.jpg
472,20241011,22243,NG,/home/kaizen-ai/Desktop/thrust_bearing_app/python-backend/Downloads/not_good_NG1/NG_20241011_022243.jpg
473,20241011,22342,NG,/home/kaizen-ai/Desktop/thrust_bearing_app/python-backend/Downloads/not_good_NG4/NG_20241011_022342.jpg
474,20241011,22431,GOOD,/home/kaizen-ai/Desktop/thrust_bearing_app/python-backend/Downloads/bearing_complete/GOOD_20241011_022431.jpg
475,20241011,22541,GOOD,/home/kaizen-ai/Desktop/thrust_bearing_app/python-backend/Downloads/bearing_complete/GOOD_20241011_022541.jpg
476,20241011,22643,GOOD,/home/kaizen-ai/Desktop/thrust_bearing_app/python-backend/Downloads/bearing_complete/GOOD_20241011_022643.jpg
477,20241011,22743,GOOD,/home/kaizen-ai/Desktop/thrust_bearing_app/python-backend/Downloads/bearing_complete/GOOD_20241011_022743.jpg
478,20241011,22842,GOOD,/home/kaizen-ai/Desktop/thrust_bearing_app/python-backend/Downloads/bearing_complete/GOOD_20241011_022842.jpg
479,20241011,22936,GOOD,/home/kaizen-ai/Desktop/thrust_bearing_app/python-backend/Downloads/bearing_complete/GOOD_20241011_022936.jpg
480,20241011,24127,NG,/home/kaizen-ai/Desktop/thrust_bearing_app/python-backend/Downloads/not_good_NG1/NG_20241011_024127.jpg
481,20241011,24230,GOOD,/home/kaizen-ai/Desktop/thrust_bearing_app/python-backend/Downloads/bearing_complete/GOOD_20241011_024230.jpg
482,20241011,24340,GOOD,/home/kaizen-ai/Desktop/thrust_bearing_app/python-backend/Downloads/bearing_complete/GOOD_20241011_024340.jpg
483,20241011,24433,NG,/home/kaizen-ai/Desktop/thrust_bearing_app/python-backend/Downloads/not_good_NG1/NG_20241011_024433.jpg
484,20241011,24532,NG,/home/kaizen-ai/Desktop/thrust_bearing_app/python-backend/Downloads/not_good_NG4/NG_20241011_024532.jpg
485,20241011,24633,GOOD,/home/kaizen-ai/Desktop/thrust_bearing_app/python-backend/Downloads/bearing_complete/GOOD_20241011_024633.jpg
486,20241011,24736,GOOD,/home/kaizen-ai/Desktop/thrust_bearing_app/python-backend/Downloads/bearing_complete/GOOD_20241011_024736.jpg
487,20241011,24846,GOOD,/home/kaizen-ai/Desktop/thrust_bearing_app/python-backend/Downloads/bearing_complete/GOOD_20241011_024846.jpg
488,20241011,25023,GOOD,/home/kaizen-ai/Desktop/thrust_bearing_app/python-backend/Downloads/bearing_complete/GOOD_20241011_025023.jpg
489,20241011,25111,GOOD,/home/kaizen-ai/Desktop/thrust_bearing_app/python-backend/Downloads/bearing_complete/GOOD_20241011_025111.jpg
490,20241011,25204,GOOD,/home/kaizen-ai/Desktop/thrust_bearing_app/python-backend/Downloads/bearing_complete/GOOD_20241011_025204.jpg
491,20241011,25305,NG,/home/kaizen-ai/Desktop/thrust_bearing_app/python-backend/Downloads/not_good_NG3/NG_20241011_025305.jpg
492,20241011,25408,GOOD,/home/kaizen-ai/Desktop/thrust_bearing_app/python-backend/Downloads/bearing_complete/GOOD_20241011_025408.jpg
493,20241011,25519,GOOD,/home/kaizen-ai/Desktop/thrust_bearing_app/python-backend/Downloads/bearing_complete/GOOD_20241011_025519.jpg
494,20241011,25614,GOOD,/home/kaizen-ai/Desktop/thrust_bearing_app/python-backend/Downloads/bearing_complete/GOOD_20241011_025614.jpg
495,20241011,25713,GOOD,/home/kaizen-ai/Desktop/thrust_bearing_app/python-backend/Downloads/bearing_complete/GOOD_20241011_025713.jpg
496,20241011,25828,NG,/home/kaizen-ai/Desktop/thrust_bearing_app/python-backend/Downloads/not_good_NG1/NG_20241011_025828.jpg
497,20241011,25914,GOOD,/home/kaizen-ai/Desktop/thrust_bearing_app/python-backend/Downloads/bearing_complete/GOOD_20241011_025914.jpg
498,20241011,30013,GOOD,/home/kaizen-ai/Desktop/thrust_bearing_app/python-backend/Downloads/bearing_complete/GOOD_20241011_030013.jpg
499,20241011,30118,GOOD,/home/kaizen-ai/Desktop/thrust_bearing_app/python-backend/Downloads/bearing_complete/GOOD_20241011_030118.jpg
500,20241011,30215,GOOD,/home/kaizen-ai/Desktop/thrust_bearing_app/python-backend/Downloads/bearing_complete/GOOD_20241011_030215.jpg
501,20241011,30322,GOOD,/home/kaizen-ai/Desktop/thrust_bearing_app/python-backend/Downloads/bearing_complete/GOOD_20241011_030322.jpg
502,20241011,30425,GOOD,/home/kaizen-ai/Desktop/thrust_bearing_app/python-backend/Downloads/bearing_complete/GOOD_20241011_030425.jpg
503,20241011,30550,GOOD,/home/kaizen-ai/Desktop/thrust_bearing_app/python-backend/Downloads/bearing_complete/GOOD_20241011_030550.jpg
504,20241011,30715,NG,/home/kaizen-ai/Desktop/thrust_bearing_app/python-backend/Downloads/not_good_NG3/NG_20241011_030715.jpg
505,20241011,30808,GOOD,/home/kaizen-ai/Desktop/thrust_bearing_app/python-backend/Downloads/bearing_complete/GOOD_20241011_030808.jpg
506,20241011,30907,GOOD,/home/kaizen-ai/Desktop/thrust_bearing_app/python-backend/Downloads/bearing_complete/GOOD_20241011_030907.jpg
507,20241011,31005,GOOD,/home/kaizen-ai/Desktop/thrust_bearing_app/python-backend/Downloads/bearing_complete/GOOD_20241011_031005.jpg
508,20241011,31109,GOOD,/home/kaizen-ai/Desktop/thrust_bearing_app/python-backend/Downloads/bearing_complete/GOOD_20241011_031109.jpg
509,20241011,31212,GOOD,/home/kaizen-ai/Desktop/thrust_bearing_app/python-backend/Downloads/bearing_complete/GOOD_20241011_031212.jpg
510,20241011,31319,GOOD,/home/kaizen-ai/Desktop/thrust_bearing_app/python-backend/Downloads/bearing_complete/GOOD_20241011_031319.jpg
511,20241011,31442,NG,/home/kaizen-ai/Desktop/thrust_bearing_app/python-backend/Downloads/not_good_NG1/NG_20241011_031442.jpg
512,20241011,31544,GOOD,/home/kaizen-ai/Desktop/thrust_bearing_app/python-backend/Downloads/bearing_complete/GOOD_20241011_031544.jpg
513,20241011,31645,GOOD,/home/kaizen-ai/Desktop/thrust_bearing_app/python-backend/Downloads/bearing_complete/GOOD_20241011_031645.jpg
514,20241011,31811,GOOD,/home/kaizen-ai/Desktop/thrust_bearing_app/python-backend/Downloads/bearing_complete/GOOD_20241011_031811.jpg
515,20241011,31927,GOOD,/home/kaizen-ai/Desktop/thrust_bearing_app/python-backend/Downloads/bearing_complete/GOOD_20241011_031927.jpg
516,20241011,32018,GOOD,/home/kaizen-ai/Desktop/thrust_bearing_app/python-backend/Downloads/bearing_complete/GOOD_20241011_032018.jpg
517,20241011,32146,GOOD,/home/kaizen-ai/Desktop/thrust_bearing_app/python-backend/Downloads/bearing_complete/GOOD_20241011_032146.jpg
518,20241011,32255,NG,/home/kaizen-ai/Desktop/thrust_bearing_app/python-backend/Downloads/not_good_NG1/NG_20241011_032255.jpg
519,20241011,32325,NG,/home/kaizen-ai/Desktop/thrust_bearing_app/python-backend/Downloads/not_good_NG3/NG_20241011_032325.jpg
520,20241011,32426,NG,/home/kaizen-ai/Desktop/thrust_bearing_app/python-backend/Downloads/not_good_NG1/NG_20241011_032426.jpg
521,20241011,32521,GOOD,/home/kaizen-ai/Desktop/thrust_bearing_app/python-backend/Downloads/bearing_complete/GOOD_20241011_032521.jpg
522,20241011,32623,GOOD,/home/kaizen-ai/Desktop/thrust_bearing_app/python-backend/Downloads/bearing_complete/GOOD_20241011_032623.jpg
523,20241011,32729,GOOD,/home/kaizen-ai/Desktop/thrust_bearing_app/python-backend/Downloads/bearing_complete/GOOD_20241011_032729.jpg
524,20241011,32837,GOOD,/home/kaizen-ai/Desktop/thrust_bearing_app/python-backend/Downloads/bearing_complete/GOOD_20241011_032837.jpg
525,20241011,32946,GOOD,/home/kaizen-ai/Desktop/thrust_bearing_app/python-backend/Downloads/bearing_complete/GOOD_20241011_032946.jpg
526,20241011,33044,GOOD,/home/kaizen-ai/Desktop/thrust_bearing_app/python-backend/Downloads/bearing_complete/GOOD_20241011_033044.jpg
527,20241011,33141,GOOD,/home/kaizen-ai/Desktop/thrust_bearing_app/python-backend/Downloads/bearing_complete/GOOD_20241011_033141.jpg
528,20241011,33242,GOOD,/home/kaizen-ai/Desktop/thrust_bearing_app/python-backend/Downloads/bearing_complete/GOOD_20241011_033242.jpg
529,20241011,33345,GOOD,/home/kaizen-ai/Desktop/thrust_bearing_app/python-backend/Downloads/bearing_complete/GOOD_20241011_033345.jpg
530,20241011,33553,GOOD,/home/kaizen-ai/Desktop/thrust_bearing_app/python-backend/Downloads/bearing_complete/GOOD_20241011_033553.jpg
531,20241011,33650,GOOD,/home/kaizen-ai/Desktop/thrust_bearing_app/python-backend/Downloads/bearing_complete/GOOD_20241011_033650.jpg
532,20241011,33750,NG,/home/kaizen-ai/Desktop/thrust_bearing_app/python-backend/Downloads/not_good_NG1/NG_20241011_033750.jpg
533,20241011,33900,GOOD,/home/kaizen-ai/Desktop/thrust_bearing_app/python-backend/Downloads/bearing_complete/GOOD_20241011_033900.jpg
534,20241011,33941,GOOD,/home/kaizen-ai/Desktop/thrust_bearing_app/python-backend/Downloads/bearing_complete/GOOD_20241011_033941.jpg
535,20241011,34028,GOOD,/home/kaizen-ai/Desktop/thrust_bearing_app/python-backend/Downloads/bearing_complete/GOOD_20241011_034028.jpg
536,20241011,34211,GOOD,/home/kaizen-ai/Desktop/thrust_bearing_app/python-backend/Downloads/bearing_complete/GOOD_20241011_034211.jpg
537,20241011,34231,GOOD,/home/kaizen-ai/Desktop/thrust_bearing_app/python-backend/Downloads/bearing_complete/GOOD_20241011_034231.jpg
538,20241011,34338,GOOD,/home/kaizen-ai/Desktop/thrust_bearing_app/python-backend/Downloads/bearing_complete/GOOD_20241011_034338.jpg
539,20241011,34457,GOOD,/home/kaizen-ai/Desktop/thrust_bearing_app/python-backend/Downloads/bearing_complete/GOOD_20241011_034457.jpg
540,20241011,34553,GOOD,/home/kaizen-ai/Desktop/thrust_bearing_app/python-backend/Downloads/bearing_complete/GOOD_20241011_034553.jpg
541,20241011,34652,GOOD,/home/kaizen-ai/Desktop/thrust_bearing_app/python-backend/Downloads/bearing_complete/GOOD_20241011_034652.jpg
542,20241011,34833,GOOD,/home/kaizen-ai/Desktop/thrust_bearing_app/python-backend/Downloads/bearing_complete/GOOD_20241011_034833.jpg
543,20241011,34926,GOOD,/home/kaizen-ai/Desktop/thrust_bearing_app/python-backend/Downloads/bearing_complete/GOOD_20241011_034926.jpg
544,20241011,35020,GOOD,/home/kaizen-ai/Desktop/thrust_bearing_app/python-backend/Downloads/bearing_complete/GOOD_20241011_035020.jpg
545,20241011,35144,GOOD,/home/kaizen-ai/Desktop/thrust_bearing_app/python-backend/Downloads/bearing_complete/GOOD_20241011_035144.jpg
546,20241011,35226,GOOD,/home/kaizen-ai/Desktop/thrust_bearing_app/python-backend/Downloads/bearing_complete/GOOD_20241011_035226.jpg
547,20241011,35337,NG,/home/kaizen-ai/Desktop/thrust_bearing_app/python-backend/Downloads/not_good_NG3/NG_20241011_035337.jpg
548,20241011,35450,GOOD,/home/kaizen-ai/Desktop/thrust_bearing_app/python-backend/Downloads/bearing_complete/GOOD_20241011_035450.jpg
549,20241011,35622,GOOD,/home/kaizen-ai/Desktop/thrust_bearing_app/python-backend/Downloads/bearing_complete/GOOD_20241011_035622.jpg
550,20241011,35713,GOOD,/home/kaizen-ai/Desktop/thrust_bearing_app/python-backend/Downloads/bearing_complete/GOOD_20241011_035713.jpg
551,20241011,35746,GOOD,/home/kaizen-ai/Desktop/thrust_bearing_app/python-backend/Downloads/bearing_complete/GOOD_20241011_035746.jpg
552,20241011,35835,GOOD,/home/kaizen-ai/Desktop/thrust_bearing_app/python-backend/Downloads/bearing_complete/GOOD_20241011_035835.jpg
553,20241011,35954,GOOD,/home/kaizen-ai/Desktop/thrust_bearing_app/python-backend/Downloads/bearing_complete/GOOD_20241011_035954.jpg
554,20241011,40107,GOOD,/home/kaizen-ai/Desktop/thrust_bearing_app/python-backend/Downloads/bearing_complete/GOOD_20241011_040107.jpg
555,20241011,40210,GOOD,/home/kaizen-ai/Desktop/thrust_bearing_app/python-backend/Downloads/bearing_complete/GOOD_20241011_040210.jpg
556,20241011,40320,GOOD,/home/kaizen-ai/Desktop/thrust_bearing_app/python-backend/Downloads/bearing_complete/GOOD_20241011_040320.jpg
557,20241011,40430,GOOD,/home/kaizen-ai/Desktop/thrust_bearing_app/python-backend/Downloads/bearing_complete/GOOD_20241011_040430.jpg
558,20241011,40522,GOOD,/home/kaizen-ai/Desktop/thrust_bearing_app/python-backend/Downloads/bearing_complete/GOOD_20241011_040522.jpg
559,20241011,40618,GOOD,/home/kaizen-ai/Desktop/thrust_bearing_app/python-backend/Downloads/bearing_complete/GOOD_20241011_040618.jpg
560,20241011,40757,GOOD,/home/kaizen-ai/Desktop/thrust_bearing_app/python-backend/Downloads/bearing_complete/GOOD_20241011_040757.jpg
561,20241011,40854,GOOD,/home/kaizen-ai/Desktop/thrust_bearing_app/python-backend/Downloads/bearing_complete/GOOD_20241011_040854.jpg
562,20241011,41022,GOOD,/home/kaizen-ai/Desktop/thrust_bearing_app/python-backend/Downloads/bearing_complete/GOOD_20241011_041022.jpg
563,20241011,41132,GOOD,/home/kaizen-ai/Desktop/thrust_bearing_app/python-backend/Downloads/bearing_complete/GOOD_20241011_041132.jpg
564,20241011,41240,GOOD,/home/kaizen-ai/Desktop/thrust_bearing_app/python-backend/Downloads/bearing_complete/GOOD_20241011_041240.jpg
565,20241011,41406,NG,/home/kaizen-ai/Desktop/thrust_bearing_app/python-backend/Downloads/not_good_NG1/NG_20241011_041406.jpg
566,20241011,41502,GOOD,/home/kaizen-ai/Desktop/thrust_bearing_app/python-backend/Downloads/bearing_complete/GOOD_20241011_041502.jpg
567,20241011,41541,GOOD,/home/kaizen-ai/Desktop/thrust_bearing_app/python-backend/Downloads/bearing_complete/GOOD_20241011_041541.jpg
568,20241011,41643,GOOD,/home/kaizen-ai/Desktop/thrust_bearing_app/python-backend/Downloads/bearing_complete/GOOD_20241011_041643.jpg
569,20241011,41755,NG,/home/kaizen-ai/Desktop/thrust_bearing_app/python-backend/Downloads/not_good_NG3/NG_20241011_041755.jpg
570,20241011,41844,NG,/home/kaizen-ai/Desktop/thrust_bearing_app/python-backend/Downloads/not_good_NG3/NG_20241011_041844.jpg
571,20241011,42041,GOOD,/home/kaizen-ai/Desktop/thrust_bearing_app/python-backend/Downloads/bearing_complete/GOOD_20241011_042041.jpg
572,20241011,42213,GOOD,/home/kaizen-ai/Desktop/thrust_bearing_app/python-backend/Downloads/bearing_complete/GOOD_20241011_042213.jpg
573,20241011,42321,GOOD,/home/kaizen-ai/Desktop/thrust_bearing_app/python-backend/Downloads/bearing_complete/GOOD_20241011_042321.jpg
574,20241011,42430,NG,/home/kaizen-ai/Desktop/thrust_bearing_app/python-backend/Downloads/not_good_NG3/NG_20241011_042430.jpg
575,20241011,42544,GOOD,/home/kaizen-ai/Desktop/thrust_bearing_app/python-backend/Downloads/bearing_complete/GOOD_20241011_042544.jpg
576,20241011,42738,NG,/home/kaizen-ai/Desktop/thrust_bearing_app/python-backend/Downloads/not_good_NG2/NG_20241011_042738.jpg
577,20241011,42822,GOOD,/home/kaizen-ai/Desktop/thrust_bearing_app/python-backend/Downloads/bearing_complete/GOOD_20241011_042822.jpg
578,20241011,42914,GOOD,/home/kaizen-ai/Desktop/thrust_bearing_app/python-backend/Downloads/bearing_complete/GOOD_20241011_042914.jpg
579,20241011,45958,GOOD,/home/kaizen-ai/Desktop/thrust_bearing_app/python-backend/Downloads/bearing_complete/GOOD_20241011_045958.jpg
580,20241011,50130,GOOD,/home/kaizen-ai/Desktop/thrust_bearing_app/python-backend/Downloads/bearing_complete/GOOD_20241011_050130.jpg
581,20241011,50226,GOOD,/home/kaizen-ai/Desktop/thrust_bearing_app/python-backend/Downloads/bearing_complete/GOOD_20241011_050226.jpg
582,20241011,50330,GOOD,/home/kaizen-ai/Desktop/thrust_bearing_app/python-backend/Downloads/bearing_complete/GOOD_20241011_050330.jpg
583,20241011,50444,NG,/home/kaizen-ai/Desktop/thrust_bearing_app/python-backend/Downloads/not_good_NG3/NG_20241011_050444.jpg
584,20241011,50541,GOOD,/home/kaizen-ai/Desktop/thrust_bearing_app/python-backend/Downloads/bearing_complete/GOOD_20241011_050541.jpg
585,20241011,50643,GOOD,/home/kaizen-ai/Desktop/thrust_bearing_app/python-backend/Downloads/bearing_complete/GOOD_20241011_050643.jpg
586,20241011,50738,GOOD,/home/kaizen-ai/Desktop/thrust_bearing_app/python-backend/Downloads/bearing_complete/GOOD_20241011_050738.jpg
587,20241011,50834,GOOD,/home/kaizen-ai/Desktop/thrust_bearing_app/python-backend/Downloads/bearing_complete/GOOD_20241011_050834.jpg
588,20241011,50934,GOOD,/home/kaizen-ai/Desktop/thrust_bearing_app/python-backend/Downloads/bearing_complete/GOOD_20241011_050934.jpg
589,20241011,51035,GOOD,/home/kaizen-ai/Desktop/thrust_bearing_app/python-backend/Downloads/bearing_complete/GOOD_20241011_051035.jpg
590,20241011,51151,GOOD,/home/kaizen-ai/Desktop/thrust_bearing_app/python-backend/Downloads/bearing_complete/GOOD_20241011_051151.jpg
591,20241011,51305,GOOD,/home/kaizen-ai/Desktop/thrust_bearing_app/python-backend/Downloads/bearing_complete/GOOD_20241011_051305.jpg
592,20241011,51425,GOOD,/home/kaizen-ai/Desktop/thrust_bearing_app/python-backend/Downloads/bearing_complete/GOOD_20241011_051425.jpg
593,20241011,51515,GOOD,/home/kaizen-ai/Desktop/thrust_bearing_app/python-backend/Downloads/bearing_complete/GOOD_20241011_051515.jpg
594,20241011,51608,GOOD,/home/kaizen-ai/Desktop/thrust_bearing_app/python-backend/Downloads/bearing_complete/GOOD_20241011_051608.jpg
595,20241011,51716,NG,/home/kaizen-ai/Desktop/thrust_bearing_app/python-backend/Downloads/not_good_NG1/NG_20241011_051716.jpg
596,20241011,51805,GOOD,/home/kaizen-ai/Desktop/thrust_bearing_app/python-backend/Downloads/bearing_complete/GOOD_20241011_051805.jpg
597,20241011,51904,GOOD,/home/kaizen-ai/Desktop/thrust_bearing_app/python-backend/Downloads/bearing_complete/GOOD_20241011_051904.jpg
598,20241011,52054,NG,/home/kaizen-ai/Desktop/thrust_bearing_app/python-backend/Downloads/not_good_NG1/NG_20241011_052054.jpg
599,20241011,52158,GOOD,/home/kaizen-ai/Desktop/thrust_bearing_app/python-backend/Downloads/bearing_complete/GOOD_20241011_052158.jpg
600,20241011,52243,GOOD,/home/kaizen-ai/Desktop/thrust_bearing_app/python-backend/Downloads/bearing_complete/GOOD_20241011_052243.jpg
601,20241011,52333,GOOD,/home/kaizen-ai/Desktop/thrust_bearing_app/python-backend/Downloads/bearing_complete/GOOD_20241011_052333.jpg
602,20241011,52500,GOOD,/home/kaizen-ai/Desktop/thrust_bearing_app/python-backend/Downloads/bearing_complete/GOOD_20241011_052500.jpg
603,20241011,52550,GOOD,/home/kaizen-ai/Desktop/thrust_bearing_app/python-backend/Downloads/bearing_complete/GOOD_20241011_052550.jpg
604,20241011,52658,GOOD,/home/kaizen-ai/Desktop/thrust_bearing_app/python-backend/Downloads/bearing_complete/GOOD_20241011_052658.jpg
605,20241011,52758,GOOD,/home/kaizen-ai/Desktop/thrust_bearing_app/python-backend/Downloads/bearing_complete/GOOD_20241011_052758.jpg
606,20241011,52945,GOOD,/home/kaizen-ai/Desktop/thrust_bearing_app/python-backend/Downloads/bearing_complete/GOOD_20241011_052945.jpg
607,20241011,53005,NG,/home/kaizen-ai/Desktop/thrust_bearing_app/python-backend/Downloads/not_good_NG2/NG_20241011_053005.jpg
608,20241011,53121,NG,/home/kaizen-ai/Desktop/thrust_bearing_app/python-backend/Downloads/not_good_NG3/NG_20241011_053121.jpg
609,20241011,72116,GOOD,/home/kaizen-ai/Desktop/thrust_bearing_app/python-backend/Downloads/bearing_complete/GOOD_20241011_072116.jpg
610,20241011,72136,GOOD,/home/kaizen-ai/Desktop/thrust_bearing_app/python-backend/Downloads/bearing_complete/GOOD_20241011_072136.jpg
611,20241011,72312,GOOD,/home/kaizen-ai/Desktop/thrust_bearing_app/python-backend/Downloads/bearing_complete/GOOD_20241011_072312.jpg
612,20241011,72415,GOOD,/home/kaizen-ai/Desktop/thrust_bearing_app/python-backend/Downloads/bearing_complete/GOOD_20241011_072415.jpg
613,20241011,72539,GOOD,/home/kaizen-ai/Desktop/thrust_bearing_app/python-backend/Downloads/bearing_complete/GOOD_20241011_072539.jpg
614,20241011,72647,GOOD,/home/kaizen-ai/Desktop/thrust_bearing_app/python-backend/Downloads/bearing_complete/GOOD_20241011_072647.jpg
615,20241011,72806,GOOD,/home/kaizen-ai/Desktop/thrust_bearing_app/python-backend/Downloads/bearing_complete/GOOD_20241011_072806.jpg
616,20241011,72903,GOOD,/home/kaizen-ai/Desktop/thrust_bearing_app/python-backend/Downloads/bearing_complete/GOOD_20241011_072903.jpg
617,20241011,73015,GOOD,/home/kaizen-ai/Desktop/thrust_bearing_app/python-backend/Downloads/bearing_complete/GOOD_20241011_073015.jpg
618,20241011,73110,GOOD,/home/kaizen-ai/Desktop/thrust_bearing_app/python-backend/Downloads/bearing_complete/GOOD_20241011_073110.jpg
619,20241011,73210,GOOD,/home/kaizen-ai/Desktop/thrust_bearing_app/python-backend/Downloads/bearing_complete/GOOD_20241011_073210.jpg
620,20241011,73317,GOOD,/home/kaizen-ai/Desktop/thrust_bearing_app/python-backend/Downloads/bearing_complete/GOOD_20241011_073317.jpg
621,20241011,73400,GOOD,/home/kaizen-ai/Desktop/thrust_bearing_app/python-backend/Downloads/bearing_complete/GOOD_20241011_073400.jpg
622,20241011,73525,GOOD,/home/kaizen-ai/Desktop/thrust_bearing_app/python-backend/Downloads/bearing_complete/GOOD_20241011_073525.jpg
623,20241011,73623,GOOD,/home/kaizen-ai/Desktop/thrust_bearing_app/python-backend/Downloads/bearing_complete/GOOD_20241011_073623.jpg
624,20241011,73731,GOOD,/home/kaizen-ai/Desktop/thrust_bearing_app/python-backend/Downloads/bearing_complete/GOOD_20241011_073731.jpg
625,20241011,73825,GOOD,/home/kaizen-ai/Desktop/thrust_bearing_app/python-backend/Downloads/bearing_complete/GOOD_20241011_073825.jpg
626,20241011,73926,GOOD,/home/kaizen-ai/Desktop/thrust_bearing_app/python-backend/Downloads/bearing_complete/GOOD_20241011_073926.jpg
627,20241011,74028,GOOD,/home/kaizen-ai/Desktop/thrust_bearing_app/python-backend/Downloads/bearing_complete/GOOD_20241011_074028.jpg
628,20241011,74142,GOOD,/home/kaizen-ai/Desktop/thrust_bearing_app/python-backend/Downloads/bearing_complete/GOOD_20241011_074142.jpg
629,20241011,74308,GOOD,/home/kaizen-ai/Desktop/thrust_bearing_app/python-backend/Downloads/bearing_complete/GOOD_20241011_074308.jpg
630,20241011,74417,GOOD,/home/kaizen-ai/Desktop/thrust_bearing_app/python-backend/Downloads/bearing_complete/GOOD_20241011_074417.jpg
631,20241011,74518,GOOD,/home/kaizen-ai/Desktop/thrust_bearing_app/python-backend/Downloads/bearing_complete/GOOD_20241011_074518.jpg
632,20241011,74646,GOOD,/home/kaizen-ai/Desktop/thrust_bearing_app/python-backend/Downloads/bearing_complete/GOOD_20241011_074646.jpg
633,20241011,74731,GOOD,/home/kaizen-ai/Desktop/thrust_bearing_app/python-backend/Downloads/bearing_complete/GOOD_20241011_074731.jpg
634,20241011,74905,GOOD,/home/kaizen-ai/Desktop/thrust_bearing_app/python-backend/Downloads/bearing_complete/GOOD_20241011_074905.jpg
635,20241011,75018,GOOD,/home/kaizen-ai/Desktop/thrust_bearing_app/python-backend/Downloads/bearing_complete/GOOD_20241011_075018.jpg
636,20241011,75114,GOOD,/home/kaizen-ai/Desktop/thrust_bearing_app/python-backend/Downloads/bearing_complete/GOOD_20241011_075114.jpg
637,20241011,75254,GOOD,/home/kaizen-ai/Desktop/thrust_bearing_app/python-backend/Downloads/bearing_complete/GOOD_20241011_075254.jpg
638,20241011,75356,GOOD,/home/kaizen-ai/Desktop/thrust_bearing_app/python-backend/Downloads/bearing_complete/GOOD_20241011_075356.jpg
639,20241011,75448,GOOD,/home/kaizen-ai/Desktop/thrust_bearing_app/python-backend/Downloads/bearing_complete/GOOD_20241011_075448.jpg
640,20241011,75556,GOOD,/home/kaizen-ai/Desktop/thrust_bearing_app/python-backend/Downloads/bearing_complete/GOOD_20241011_075556.jpg
641,20241011,75709,GOOD,/home/kaizen-ai/Desktop/thrust_bearing_app/python-backend/Downloads/bearing_complete/GOOD_20241011_075709.jpg
642,20241011,75804,GOOD,/home/kaizen-ai/Desktop/thrust_bearing_app/python-backend/Downloads/bearing_complete/GOOD_20241011_075804.jpg
643,20241011,75903,GOOD,/home/kaizen-ai/Desktop/thrust_bearing_app/python-backend/Downloads/bearing_complete/GOOD_20241011_075903.jpg
644,20241011,80007,GOOD,/home/kaizen-ai/Desktop/thrust_bearing_app/python-backend/Downloads/bearing_complete/GOOD_20241011_080007.jpg
645,20241011,80108,GOOD,/home/kaizen-ai/Desktop/thrust_bearing_app/python-backend/Downloads/bearing_complete/GOOD_20241011_080108.jpg
646,20241011,80215,GOOD,/home/kaizen-ai/Desktop/thrust_bearing_app/python-backend/Downloads/bearing_complete/GOOD_20241011_080215.jpg
647,20241011,80324,GOOD,/home/kaizen-ai/Desktop/thrust_bearing_app/python-backend/Downloads/bearing_complete/GOOD_20241011_080324.jpg
648,20241011,80421,GOOD,/home/kaizen-ai/Desktop/thrust_bearing_app/python-backend/Downloads/bearing_complete/GOOD_20241011_080421.jpg
649,20241011,80532,GOOD,/home/kaizen-ai/Desktop/thrust_bearing_app/python-backend/Downloads/bearing_complete/GOOD_20241011_080532.jpg
650,20241011,80620,GOOD,/home/kaizen-ai/Desktop/thrust_bearing_app/python-backend/Downloads/bearing_complete/GOOD_20241011_080620.jpg
651,20241011,80720,GOOD,/home/kaizen-ai/Desktop/thrust_bearing_app/python-backend/Downloads/bearing_complete/GOOD_20241011_080720.jpg
652,20241011,80819,GOOD,/home/kaizen-ai/Desktop/thrust_bearing_app/python-backend/Downloads/bearing_complete/GOOD_20241011_080819.jpg
653,20241011,80922,GOOD,/home/kaizen-ai/Desktop/thrust_bearing_app/python-backend/Downloads/bearing_complete/GOOD_20241011_080922.jpg
654,20241011,81012,GOOD,/home/kaizen-ai/Desktop/thrust_bearing_app/python-backend/Downloads/bearing_complete/GOOD_20241011_081012.jpg
655,20241011,81115,GOOD,/home/kaizen-ai/Desktop/thrust_bearing_app/python-backend/Downloads/bearing_complete/GOOD_20241011_081115.jpg
656,20241011,81220,GOOD,/home/kaizen-ai/Desktop/thrust_bearing_app/python-backend/Downloads/bearing_complete/GOOD_20241011_081220.jpg
657,20241011,81332,GOOD,/home/kaizen-ai/Desktop/thrust_bearing_app/python-backend/Downloads/bearing_complete/GOOD_20241011_081332.jpg
658,20241011,81433,GOOD,/home/kaizen-ai/Desktop/thrust_bearing_app/python-backend/Downloads/bearing_complete/GOOD_20241011_081433.jpg
659,20241011,81545,GOOD,/home/kaizen-ai/Desktop/thrust_bearing_app/python-backend/Downloads/bearing_complete/GOOD_20241011_081545.jpg
660,20241011,81643,GOOD,/home/kaizen-ai/Desktop/thrust_bearing_app/python-backend/Downloads/bearing_complete/GOOD_20241011_081643.jpg
661,20241011,81759,GOOD,/home/kaizen-ai/Desktop/thrust_bearing_app/python-backend/Downloads/bearing_complete/GOOD_20241011_081759.jpg
662,20241011,81853,GOOD,/home/kaizen-ai/Desktop/thrust_bearing_app/python-backend/Downloads/bearing_complete/GOOD_20241011_081853.jpg
663,20241011,82007,GOOD,/home/kaizen-ai/Desktop/thrust_bearing_app/python-backend/Downloads/bearing_complete/GOOD_20241011_082007.jpg
664,20241011,82147,GOOD,/home/kaizen-ai/Desktop/thrust_bearing_app/python-backend/Downloads/bearing_complete/GOOD_20241011_082147.jpg
665,20241011,82302,GOOD,/home/kaizen-ai/Desktop/thrust_bearing_app/python-backend/Downloads/bearing_complete/GOOD_20241011_082302.jpg
666,20241011,82359,GOOD,/home/kaizen-ai/Desktop/thrust_bearing_app/python-backend/Downloads/bearing_complete/GOOD_20241011_082359.jpg
667,20241011,82517,GOOD,/home/kaizen-ai/Desktop/thrust_bearing_app/python-backend/Downloads/bearing_complete/GOOD_20241011_082517.jpg
668,20241011,82606,GOOD,/home/kaizen-ai/Desktop/thrust_bearing_app/python-backend/Downloads/bearing_complete/GOOD_20241011_082606.jpg
669,20241011,82706,GOOD,/home/kaizen-ai/Desktop/thrust_bearing_app/python-backend/Downloads/bearing_complete/GOOD_20241011_082706.jpg
670,20241011,82758,GOOD,/home/kaizen-ai/Desktop/thrust_bearing_app/python-backend/Downloads/bearing_complete/GOOD_20241011_082758.jpg
671,20241011,82856,GOOD,/home/kaizen-ai/Desktop/thrust_bearing_app/python-backend/Downloads/bearing_complete/GOOD_20241011_082856.jpg
672,20241011,83002,GOOD,/home/kaizen-ai/Desktop/thrust_bearing_app/python-backend/Downloads/bearing_complete/GOOD_20241011_083002.jpg
673,20241011,83104,GOOD,/home/kaizen-ai/Desktop/thrust_bearing_app/python-backend/Downloads/bearing_complete/GOOD_20241011_083104.jpg
674,20241011,83207,GOOD,/home/kaizen-ai/Desktop/thrust_bearing_app/python-backend/Downloads/bearing_complete/GOOD_20241011_083207.jpg
675,20241011,83258,GOOD,/home/kaizen-ai/Desktop/thrust_bearing_app/python-backend/Downloads/bearing_complete/GOOD_20241011_083258.jpg
676,20241011,83358,GOOD,/home/kaizen-ai/Desktop/thrust_bearing_app/python-backend/Downloads/bearing_complete/GOOD_20241011_083358.jpg
677,20241011,83537,GOOD,/home/kaizen-ai/Desktop/thrust_bearing_app/python-backend/Downloads/bearing_complete/GOOD_20241011_083537.jpg
678,20241011,83640,GOOD,/home/kaizen-ai/Desktop/thrust_bearing_app/python-backend/Downloads/bearing_complete/GOOD_20241011_083640.jpg
679,20241011,83731,GOOD,/home/kaizen-ai/Desktop/thrust_bearing_app/python-backend/Downloads/bearing_complete/GOOD_20241011_083731.jpg
680,20241011,83838,GOOD,/home/kaizen-ai/Desktop/thrust_bearing_app/python-backend/Downloads/bearing_complete/GOOD_20241011_083838.jpg
681,20241011,83951,GOOD,/home/kaizen-ai/Desktop/thrust_bearing_app/python-backend/Downloads/bearing_complete/GOOD_20241011_083951.jpg
682,20241011,84104,GOOD,/home/kaizen-ai/Desktop/thrust_bearing_app/python-backend/Downloads/bearing_complete/GOOD_20241011_084104.jpg
683,20241011,84241,GOOD,/home/kaizen-ai/Desktop/thrust_bearing_app/python-backend/Downloads/bearing_complete/GOOD_20241011_084241.jpg
684,20241011,84342,GOOD,/home/kaizen-ai/Desktop/thrust_bearing_app/python-backend/Downloads/bearing_complete/GOOD_20241011_084342.jpg
685,20241011,84518,GOOD,/home/kaizen-ai/Desktop/thrust_bearing_app/python-backend/Downloads/bearing_complete/GOOD_20241011_084518.jpg
686,20241011,84559,GOOD,/home/kaizen-ai/Desktop/thrust_bearing_app/python-backend/Downloads/bearing_complete/GOOD_20241011_084559.jpg
687,20241011,84705,GOOD,/home/kaizen-ai/Desktop/thrust_bearing_app/python-backend/Downloads/bearing_complete/GOOD_20241011_084705.jpg
688,20241011,84806,GOOD,/home/kaizen-ai/Desktop/thrust_bearing_app/python-backend/Downloads/bearing_complete/GOOD_20241011_084806.jpg
689,20241011,84851,GOOD,/home/kaizen-ai/Desktop/thrust_bearing_app/python-backend/Downloads/bearing_complete/GOOD_20241011_084851.jpg
690,20241011,85032,GOOD,/home/kaizen-ai/Desktop/thrust_bearing_app/python-backend/Downloads/bearing_complete/GOOD_20241011_085032.jpg
691,20241011,85130,GOOD,/home/kaizen-ai/Desktop/thrust_bearing_app/python-backend/Downloads/bearing_complete/GOOD_20241011_085130.jpg
692,20241011,85218,GOOD,/home/kaizen-ai/Desktop/thrust_bearing_app/python-backend/Downloads/bearing_complete/GOOD_20241011_085218.jpg
693,20241011,85314,GOOD,/home/kaizen-ai/Desktop/thrust_bearing_app/python-backend/Downloads/bearing_complete/GOOD_20241011_085314.jpg
694,20241011,85415,GOOD,/home/kaizen-ai/Desktop/thrust_bearing_app/python-backend/Downloads/bearing_complete/GOOD_20241011_085415.jpg
695,20241011,85515,GOOD,/home/kaizen-ai/Desktop/thrust_bearing_app/python-backend/Downloads/bearing_complete/GOOD_20241011_085515.jpg
696,20241011,85644,GOOD,/home/kaizen-ai/Desktop/thrust_bearing_app/python-backend/Downloads/bearing_complete/GOOD_20241011_085644.jpg
697,20241011,85820,GOOD,/home/kaizen-ai/Desktop/thrust_bearing_app/python-backend/Downloads/bearing_complete/GOOD_20241011_085820.jpg
698,20241011,85921,GOOD,/home/kaizen-ai/Desktop/thrust_bearing_app/python-backend/Downloads/bearing_complete/GOOD_20241011_085921.jpg
699,20241011,90021,GOOD,/home/kaizen-ai/Desktop/thrust_bearing_app/python-backend/Downloads/bearing_complete/GOOD_20241011_090021.jpg
700,20241011,90128,GOOD,/home/kaizen-ai/Desktop/thrust_bearing_app/python-backend/Downloads/bearing_complete/GOOD_20241011_090128.jpg
701,20241011,90232,GOOD,/home/kaizen-ai/Desktop/thrust_bearing_app/python-backend/Downloads/bearing_complete/GOOD_20241011_090232.jpg
702,20241011,90331,GOOD,/home/kaizen-ai/Desktop/thrust_bearing_app/python-backend/Downloads/bearing_complete/GOOD_20241011_090331.jpg
703,20241011,90429,GOOD,/home/kaizen-ai/Desktop/thrust_bearing_app/python-backend/Downloads/bearing_complete/GOOD_20241011_090429.jpg
704,20241011,90526,GOOD,/home/kaizen-ai/Desktop/thrust_bearing_app/python-backend/Downloads/bearing_complete/GOOD_20241011_090526.jpg
705,20241011,90623,GOOD,/home/kaizen-ai/Desktop/thrust_bearing_app/python-backend/Downloads/bearing_complete/GOOD_20241011_090623.jpg
706,20241011,90725,GOOD,/home/kaizen-ai/Desktop/thrust_bearing_app/python-backend/Downloads/bearing_complete/GOOD_20241011_090725.jpg
707,20241011,90828,GOOD,/home/kaizen-ai/Desktop/thrust_bearing_app/python-backend/Downloads/bearing_complete/GOOD_20241011_090828.jpg
708,20241011,90936,GOOD,/home/kaizen-ai/Desktop/thrust_bearing_app/python-backend/Downloads/bearing_complete/GOOD_20241011_090936.jpg
709,20241011,91037,GOOD,/home/kaizen-ai/Desktop/thrust_bearing_app/python-backend/Downloads/bearing_complete/GOOD_20241011_091037.jpg
710,20241011,91145,GOOD,/home/kaizen-ai/Desktop/thrust_bearing_app/python-backend/Downloads/bearing_complete/GOOD_20241011_091145.jpg
711,20241011,91249,GOOD,/home/kaizen-ai/Desktop/thrust_bearing_app/python-backend/Downloads/bearing_complete/GOOD_20241011_091249.jpg
712,20241011,91351,GOOD,/home/kaizen-ai/Desktop/thrust_bearing_app/python-backend/Downloads/bearing_complete/GOOD_20241011_091351.jpg
713,20241011,91445,GOOD,/home/kaizen-ai/Desktop/thrust_bearing_app/python-backend/Downloads/bearing_complete/GOOD_20241011_091445.jpg
714,20241011,91546,GOOD,/home/kaizen-ai/Desktop/thrust_bearing_app/python-backend/Downloads/bearing_complete/GOOD_20241011_091546.jpg
715,20241011,91649,GOOD,/home/kaizen-ai/Desktop/thrust_bearing_app/python-backend/Downloads/bearing_complete/GOOD_20241011_091649.jpg
716,20241011,91738,GOOD,/home/kaizen-ai/Desktop/thrust_bearing_app/python-backend/Downloads/bearing_complete/GOOD_20241011_091738.jpg
717,20241011,91843,GOOD,/home/kaizen-ai/Desktop/thrust_bearing_app/python-backend/Downloads/bearing_complete/GOOD_20241011_091843.jpg
718,20241011,91957,GOOD,/home/kaizen-ai/Desktop/thrust_bearing_app/python-backend/Downloads/bearing_complete/GOOD_20241011_091957.jpg
719,20241011,92057,GOOD,/home/kaizen-ai/Desktop/thrust_bearing_app/python-backend/Downloads/bearing_complete/GOOD_20241011_092057.jpg
720,20241011,92152,GOOD,/home/kaizen-ai/Desktop/thrust_bearing_app/python-backend/Downloads/bearing_complete/GOOD_20241011_092152.jpg
721,20241011,92241,GOOD,/home/kaizen-ai/Desktop/thrust_bearing_app/python-backend/Downloads/bearing_complete/GOOD_20241011_092241.jpg
722,20241011,92410,GOOD,/home/kaizen-ai/Desktop/thrust_bearing_app/python-backend/Downloads/bearing_complete/GOOD_20241011_092410.jpg
723,20241011,92543,GOOD,/home/kaizen-ai/Desktop/thrust_bearing_app/python-backend/Downloads/bearing_complete/GOOD_20241011_092543.jpg
724,20241011,92639,GOOD,/home/kaizen-ai/Desktop/thrust_bearing_app/python-backend/Downloads/bearing_complete/GOOD_20241011_092639.jpg
725,20241011,92738,GOOD,/home/kaizen-ai/Desktop/thrust_bearing_app/python-backend/Downloads/bearing_complete/GOOD_20241011_092738.jpg
726,20241011,92836,GOOD,/home/kaizen-ai/Desktop/thrust_bearing_app/python-backend/Downloads/bearing_complete/GOOD_20241011_092836.jpg
727,20241011,92938,GOOD,/home/kaizen-ai/Desktop/thrust_bearing_app/python-backend/Downloads/bearing_complete/GOOD_20241011_092938.jpg
728,20241011,94204,GOOD,/home/kaizen-ai/Desktop/thrust_bearing_app/python-backend/Downloads/bearing_complete/GOOD_20241011_094204.jpg
729,20241011,94342,GOOD,/home/kaizen-ai/Desktop/thrust_bearing_app/python-backend/Downloads/bearing_complete/GOOD_20241011_094342.jpg
730,20241011,94442,GOOD,/home/kaizen-ai/Desktop/thrust_bearing_app/python-backend/Downloads/bearing_complete/GOOD_20241011_094442.jpg
731,20241011,94549,GOOD,/home/kaizen-ai/Desktop/thrust_bearing_app/python-backend/Downloads/bearing_complete/GOOD_20241011_094549.jpg
732,20241011,94645,GOOD,/home/kaizen-ai/Desktop/thrust_bearing_app/python-backend/Downloads/bearing_complete/GOOD_20241011_094645.jpg
733,20241011,94751,GOOD,/home/kaizen-ai/Desktop/thrust_bearing_app/python-backend/Downloads/bearing_complete/GOOD_20241011_094751.jpg
734,20241011,94833,GOOD,/home/kaizen-ai/Desktop/thrust_bearing_app/python-backend/Downloads/bearing_complete/GOOD_20241011_094833.jpg
735,20241011,94920,GOOD,/home/kaizen-ai/Desktop/thrust_bearing_app/python-backend/Downloads/bearing_complete/GOOD_20241011_094920.jpg
736,20241011,95012,GOOD,/home/kaizen-ai/Desktop/thrust_bearing_app/python-backend/Downloads/bearing_complete/GOOD_20241011_095012.jpg
737,20241011,95228,GOOD,/home/kaizen-ai/Desktop/thrust_bearing_app/python-backend/Downloads/bearing_complete/GOOD_20241011_095228.jpg
738,20241011,95246,GOOD,/home/kaizen-ai/Desktop/thrust_bearing_app/python-backend/Downloads/bearing_complete/GOOD_20241011_095246.jpg
739,20241011,95428,GOOD,/home/kaizen-ai/Desktop/thrust_bearing_app/python-backend/Downloads/bearing_complete/GOOD_20241011_095428.jpg
740,20241011,95455,GOOD,/home/kaizen-ai/Desktop/thrust_bearing_app/python-backend/Downloads/bearing_complete/GOOD_20241011_095455.jpg
741,20241011,95543,GOOD,/home/kaizen-ai/Desktop/thrust_bearing_app/python-backend/Downloads/bearing_complete/GOOD_20241011_095543.jpg
742,20241011,95632,GOOD,/home/kaizen-ai/Desktop/thrust_bearing_app/python-backend/Downloads/bearing_complete/GOOD_20241011_095632.jpg
743,20241011,95725,GOOD,/home/kaizen-ai/Desktop/thrust_bearing_app/python-backend/Downloads/bearing_complete/GOOD_20241011_095725.jpg
744,20241011,95859,GOOD,/home/kaizen-ai/Desktop/thrust_bearing_app/python-backend/Downloads/bearing_complete/GOOD_20241011_095859.jpg
745,20241011,100001,GOOD,/home/kaizen-ai/Desktop/thrust_bearing_app/python-backend/Downloads/bearing_complete/GOOD_20241011_100001.jpg
746,20241011,100052,GOOD,/home/kaizen-ai/Desktop/thrust_bearing_app/python-backend/Downloads/bearing_complete/GOOD_20241011_100052.jpg
747,20241011,100216,GOOD,/home/kaizen-ai/Desktop/thrust_bearing_app/python-backend/Downloads/bearing_complete/GOOD_20241011_100216.jpg
748,20241011,100317,GOOD,/home/kaizen-ai/Desktop/thrust_bearing_app/python-backend/Downloads/bearing_complete/GOOD_20241011_100317.jpg
749,20241011,100407,GOOD,/home/kaizen-ai/Desktop/thrust_bearing_app/python-backend/Downloads/bearing_complete/GOOD_20241011_100407.jpg
750,20241011,100540,GOOD,/home/kaizen-ai/Desktop/thrust_bearing_app/python-backend/Downloads/bearing_complete/GOOD_20241011_100540.jpg
751,20241011,100710,GOOD,/home/kaizen-ai/Desktop/thrust_bearing_app/python-backend/Downloads/bearing_complete/GOOD_20241011_100710.jpg
752,20241011,100815,GOOD,/home/kaizen-ai/Desktop/thrust_bearing_app/python-backend/Downloads/bearing_complete/GOOD_20241011_100815.jpg
753,20241011,100913,GOOD,/home/kaizen-ai/Desktop/thrust_bearing_app/python-backend/Downloads/bearing_complete/GOOD_20241011_100913.jpg
754,20241011,101015,GOOD,/home/kaizen-ai/Desktop/thrust_bearing_app/python-backend/Downloads/bearing_complete/GOOD_20241011_101015.jpg
755,20241011,101115,GOOD,/home/kaizen-ai/Desktop/thrust_bearing_app/python-backend/Downloads/bearing_complete/GOOD_20241011_101115.jpg
756,20241011,101241,GOOD,/home/kaizen-ai/Desktop/thrust_bearing_app/python-backend/Downloads/bearing_complete/GOOD_20241011_101241.jpg
757,20241011,101337,GOOD,/home/kaizen-ai/Desktop/thrust_bearing_app/python-backend/Downloads/bearing_complete/GOOD_20241011_101337.jpg
758,20241011,101458,GOOD,/home/kaizen-ai/Desktop/thrust_bearing_app/python-backend/Downloads/bearing_complete/GOOD_20241011_101458.jpg
759,20241011,101603,GOOD,/home/kaizen-ai/Desktop/thrust_bearing_app/python-backend/Downloads/bearing_complete/GOOD_20241011_101603.jpg
760,20241011,101713,GOOD,/home/kaizen-ai/Desktop/thrust_bearing_app/python-backend/Downloads/bearing_complete/GOOD_20241011_101713.jpg
761,20241011,101810,GOOD,/home/kaizen-ai/Desktop/thrust_bearing_app/python-backend/Downloads/bearing_complete/GOOD_20241011_101810.jpg
762,20241011,101913,GOOD,/home/kaizen-ai/Desktop/thrust_bearing_app/python-backend/Downloads/bearing_complete/GOOD_20241011_101913.jpg
763,20241011,102011,GOOD,/home/kaizen-ai/Desktop/thrust_bearing_app/python-backend/Downloads/bearing_complete/GOOD_20241011_102011.jpg
764,20241011,102111,GOOD,/home/kaizen-ai/Desktop/thrust_bearing_app/python-backend/Downloads/bearing_complete/GOOD_20241011_102111.jpg
765,20241011,102213,GOOD,/home/kaizen-ai/Desktop/thrust_bearing_app/python-backend/Downloads/bearing_complete/GOOD_20241011_102213.jpg
766,20241011,102349,GOOD,/home/kaizen-ai/Desktop/thrust_bearing_app/python-backend/Downloads/bearing_complete/GOOD_20241011_102349.jpg
767,20241011,102443,GOOD,/home/kaizen-ai/Desktop/thrust_bearing_app/python-backend/Downloads/bearing_complete/GOOD_20241011_102443.jpg
768,20241011,102538,GOOD,/home/kaizen-ai/Desktop/thrust_bearing_app/python-backend/Downloads/bearing_complete/GOOD_20241011_102538.jpg
769,20241011,102633,GOOD,/home/kaizen-ai/Desktop/thrust_bearing_app/python-backend/Downloads/bearing_complete/GOOD_20241011_102633.jpg
770,20241011,102733,GOOD,/home/kaizen-ai/Desktop/thrust_bearing_app/python-backend/Downloads/bearing_complete/GOOD_20241011_102733.jpg
771,20241011,102900,GOOD,/home/kaizen-ai/Desktop/thrust_bearing_app/python-backend/Downloads/bearing_complete/GOOD_20241011_102900.jpg
772,20241011,102944,GOOD,/home/kaizen-ai/Desktop/thrust_bearing_app/python-backend/Downloads/bearing_complete/GOOD_20241011_102944.jpg
773,20241011,103044,GOOD,/home/kaizen-ai/Desktop/thrust_bearing_app/python-backend/Downloads/bearing_complete/GOOD_20241011_103044.jpg
774,20241011,103151,GOOD,/home/kaizen-ai/Desktop/thrust_bearing_app/python-backend/Downloads/bearing_complete/GOOD_20241011_103151.jpg
775,20241011,103353,GOOD,/home/kaizen-ai/Desktop/thrust_bearing_app/python-backend/Downloads/bearing_complete/GOOD_20241011_103353.jpg
776,20241011,103519,GOOD,/home/kaizen-ai/Desktop/thrust_bearing_app/python-backend/Downloads/bearing_complete/GOOD_20241011_103519.jpg
777,20241011,103613,GOOD,/home/kaizen-ai/Desktop/thrust_bearing_app/python-backend/Downloads/bearing_complete/GOOD_20241011_103613.jpg
778,20241011,103707,GOOD,/home/kaizen-ai/Desktop/thrust_bearing_app/python-backend/Downloads/bearing_complete/GOOD_20241011_103707.jpg
779,20241011,103815,GOOD,/home/kaizen-ai/Desktop/thrust_bearing_app/python-backend/Downloads/bearing_complete/GOOD_20241011_103815.jpg
780,20241011,103950,GOOD,/home/kaizen-ai/Desktop/thrust_bearing_app/python-backend/Downloads/bearing_complete/GOOD_20241011_103950.jpg
781,20241011,104109,GOOD,/home/kaizen-ai/Desktop/thrust_bearing_app/python-backend/Downloads/bearing_complete/GOOD_20241011_104109.jpg
782,20241011,104345,GOOD,/home/kaizen-ai/Desktop/thrust_bearing_app/python-backend/Downloads/bearing_complete/GOOD_20241011_104345.jpg
783,20241011,104504,GOOD,/home/kaizen-ai/Desktop/thrust_bearing_app/python-backend/Downloads/bearing_complete/GOOD_20241011_104504.jpg
784,20241011,104656,GOOD,/home/kaizen-ai/Desktop/thrust_bearing_app/python-backend/Downloads/bearing_complete/GOOD_20241011_104656.jpg
785,20241011,104807,GOOD,/home/kaizen-ai/Desktop/thrust_bearing_app/python-backend/Downloads/bearing_complete/GOOD_20241011_104807.jpg
786,20241011,104906,GOOD,/home/kaizen-ai/Desktop/thrust_bearing_app/python-backend/Downloads/bearing_complete/GOOD_20241011_104906.jpg
787,20241011,105008,GOOD,/home/kaizen-ai/Desktop/thrust_bearing_app/python-backend/Downloads/bearing_complete/GOOD_20241011_105008.jpg
788,20241011,105123,GOOD,/home/kaizen-ai/Desktop/thrust_bearing_app/python-backend/Downloads/bearing_complete/GOOD_20241011_105123.jpg
789,20241011,105231,GOOD,/home/kaizen-ai/Desktop/thrust_bearing_app/python-backend/Downloads/bearing_complete/GOOD_20241011_105231.jpg
790,20241011,105326,GOOD,/home/kaizen-ai/Desktop/thrust_bearing_app/python-backend/Downloads/bearing_complete/GOOD_20241011_105326.jpg
791,20241011,105428,GOOD,/home/kaizen-ai/Desktop/thrust_bearing_app/python-backend/Downloads/bearing_complete/GOOD_20241011_105428.jpg
792,20241011,105531,GOOD,/home/kaizen-ai/Desktop/thrust_bearing_app/python-backend/Downloads/bearing_complete/GOOD_20241011_105531.jpg
793,20241011,105621,GOOD,/home/kaizen-ai/Desktop/thrust_bearing_app/python-backend/Downloads/bearing_complete/GOOD_20241011_105621.jpg
794,20241011,105723,GOOD,/home/kaizen-ai/Desktop/thrust_bearing_app/python-backend/Downloads/bearing_complete/GOOD_20241011_105723.jpg
795,20241011,105823,GOOD,/home/kaizen-ai/Desktop/thrust_bearing_app/python-backend/Downloads/bearing_complete/GOOD_20241011_105823.jpg
796,20241011,105926,GOOD,/home/kaizen-ai/Desktop/thrust_bearing_app/python-backend/Downloads/bearing_complete/GOOD_20241011_105926.jpg
797,20241011,110100,GOOD,/home/kaizen-ai/Desktop/thrust_bearing_app/python-backend/Downloads/bearing_complete/GOOD_20241011_110100.jpg
798,20241011,110200,GOOD,/home/kaizen-ai/Desktop/thrust_bearing_app/python-backend/Downloads/bearing_complete/GOOD_20241011_110200.jpg
799,20241011,110303,GOOD,/home/kaizen-ai/Desktop/thrust_bearing_app/python-backend/Downloads/bearing_complete/GOOD_20241011_110303.jpg
800,20241011,110423,GOOD,/home/kaizen-ai/Desktop/thrust_bearing_app/python-backend/Downloads/bearing_complete/GOOD_20241011_110423.jpg
801,20241011,110517,GOOD,/home/kaizen-ai/Desktop/thrust_bearing_app/python-backend/Downloads/bearing_complete/GOOD_20241011_110517.jpg
802,20241011,110608,GOOD,/home/kaizen-ai/Desktop/thrust_bearing_app/python-backend/Downloads/bearing_complete/GOOD_20241011_110608.jpg
803,20241011,110701,GOOD,/home/kaizen-ai/Desktop/thrust_bearing_app/python-backend/Downloads/bearing_complete/GOOD_20241011_110701.jpg
804,20241011,110833,GOOD,/home/kaizen-ai/Desktop/thrust_bearing_app/python-backend/Downloads/bearing_complete/GOOD_20241011_110833.jpg
805,20241011,110924,GOOD,/home/kaizen-ai/Desktop/thrust_bearing_app/python-backend/Downloads/bearing_complete/GOOD_20241011_110924.jpg
806,20241011,111058,GOOD,/home/kaizen-ai/Desktop/thrust_bearing_app/python-backend/Downloads/bearing_complete/GOOD_20241011_111058.jpg
807,20241011,111202,GOOD,/home/kaizen-ai/Desktop/thrust_bearing_app/python-backend/Downloads/bearing_complete/GOOD_20241011_111202.jpg
808,20241011,111301,GOOD,/home/kaizen-ai/Desktop/thrust_bearing_app/python-backend/Downloads/bearing_complete/GOOD_20241011_111301.jpg
809,20241011,111406,GOOD,/home/kaizen-ai/Desktop/thrust_bearing_app/python-backend/Downloads/bearing_complete/GOOD_20241011_111406.jpg
810,20241011,111447,GOOD,/home/kaizen-ai/Desktop/thrust_bearing_app/python-backend/Downloads/bearing_complete/GOOD_20241011_111447.jpg
811,20241011,111605,GOOD,/home/kaizen-ai/Desktop/thrust_bearing_app/python-backend/Downloads/bearing_complete/GOOD_20241011_111605.jpg
812,20241011,111656,GOOD,/home/kaizen-ai/Desktop/thrust_bearing_app/python-backend/Downloads/bearing_complete/GOOD_20241011_111656.jpg
813,20241011,111849,GOOD,/home/kaizen-ai/Desktop/thrust_bearing_app/python-backend/Downloads/bearing_complete/GOOD_20241011_111849.jpg
814,20241011,111950,GOOD,/home/kaizen-ai/Desktop/thrust_bearing_app/python-backend/Downloads/bearing_complete/GOOD_20241011_111950.jpg
815,20241011,112037,GOOD,/home/kaizen-ai/Desktop/thrust_bearing_app/python-backend/Downloads/bearing_complete/GOOD_20241011_112037.jpg
816,20241011,112150,GOOD,/home/kaizen-ai/Desktop/thrust_bearing_app/python-backend/Downloads/bearing_complete/GOOD_20241011_112150.jpg
817,20241011,112228,GOOD,/home/kaizen-ai/Desktop/thrust_bearing_app/python-backend/Downloads/bearing_complete/GOOD_20241011_112228.jpg
818,20241011,112325,GOOD,/home/kaizen-ai/Desktop/thrust_bearing_app/python-backend/Downloads/bearing_complete/GOOD_20241011_112325.jpg
819,20241011,112430,GOOD,/home/kaizen-ai/Desktop/thrust_bearing_app/python-backend/Downloads/bearing_complete/GOOD_20241011_112430.jpg
820,20241011,112534,GOOD,/home/kaizen-ai/Desktop/thrust_bearing_app/python-backend/Downloads/bearing_complete/GOOD_20241011_112534.jpg
821,20241011,112708,GOOD,/home/kaizen-ai/Desktop/thrust_bearing_app/python-backend/Downloads/bearing_complete/GOOD_20241011_112708.jpg
822,20241011,112800,GOOD,/home/kaizen-ai/Desktop/thrust_bearing_app/python-backend/Downloads/bearing_complete/GOOD_20241011_112800.jpg
823,20241011,112929,GOOD,/home/kaizen-ai/Desktop/thrust_bearing_app/python-backend/Downloads/bearing_complete/GOOD_20241011_112929.jpg
824,20241011,113025,GOOD,/home/kaizen-ai/Desktop/thrust_bearing_app/python-backend/Downloads/bearing_complete/GOOD_20241011_113025.jpg
825,20241011,113122,GOOD,/home/kaizen-ai/Desktop/thrust_bearing_app/python-backend/Downloads/bearing_complete/GOOD_20241011_113122.jpg
826,20241011,113228,GOOD,/home/kaizen-ai/Desktop/thrust_bearing_app/python-backend/Downloads/bearing_complete/GOOD_20241011_113228.jpg
827,20241011,113317,GOOD,/home/kaizen-ai/Desktop/thrust_bearing_app/python-backend/Downloads/bearing_complete/GOOD_20241011_113317.jpg
828,20241011,113408,GOOD,/home/kaizen-ai/Desktop/thrust_bearing_app/python-backend/Downloads/bearing_complete/GOOD_20241011_113408.jpg
829,20241011,113502,GOOD,/home/kaizen-ai/Desktop/thrust_bearing_app/python-backend/Downloads/bearing_complete/GOOD_20241011_113502.jpg
830,20241011,113603,GOOD,/home/kaizen-ai/Desktop/thrust_bearing_app/python-backend/Downloads/bearing_complete/GOOD_20241011_113603.jpg
831,20241011,113648,GOOD,/home/kaizen-ai/Desktop/thrust_bearing_app/python-backend/Downloads/bearing_complete/GOOD_20241011_113648.jpg
832,20241011,113742,GOOD,/home/kaizen-ai/Desktop/thrust_bearing_app/python-backend/Downloads/bearing_complete/GOOD_20241011_113742.jpg
833,20241011,114004,GOOD,/home/kaizen-ai/Desktop/thrust_bearing_app/python-backend/Downloads/bearing_complete/GOOD_20241011_114004.jpg
834,20241011,114044,GOOD,/home/kaizen-ai/Desktop/thrust_bearing_app/python-backend/Downloads/bearing_complete/GOOD_20241011_114044.jpg
835,20241011,114152,GOOD,/home/kaizen-ai/Desktop/thrust_bearing_app/python-backend/Downloads/bearing_complete/GOOD_20241011_114152.jpg
836,20241011,114336,GOOD,/home/kaizen-ai/Desktop/thrust_bearing_app/python-backend/Downloads/bearing_complete/GOOD_20241011_114336.jpg
837,20241011,114421,GOOD,/home/kaizen-ai/Desktop/thrust_bearing_app/python-backend/Downloads/bearing_complete/GOOD_20241011_114421.jpg
838,20241011,130043,GOOD,/home/kaizen-ai/Desktop/thrust_bearing_app/python-backend/Downloads/bearing_complete/GOOD_20241011_130043.jpg
839,20241011,130132,GOOD,/home/kaizen-ai/Desktop/thrust_bearing_app/python-backend/Downloads/bearing_complete/GOOD_20241011_130132.jpg
840,20241011,130220,GOOD,/home/kaizen-ai/Desktop/thrust_bearing_app/python-backend/Downloads/bearing_complete/GOOD_20241011_130220.jpg
841,20241011,130317,GOOD,/home/kaizen-ai/Desktop/thrust_bearing_app/python-backend/Downloads/bearing_complete/GOOD_20241011_130317.jpg
842,20241011,130529,GOOD,/home/kaizen-ai/Desktop/thrust_bearing_app/python-backend/Downloads/bearing_complete/GOOD_20241011_130529.jpg
843,20241011,130616,GOOD,/home/kaizen-ai/Desktop/thrust_bearing_app/python-backend/Downloads/bearing_complete/GOOD_20241011_130616.jpg
844,20241011,130658,GOOD,/home/kaizen-ai/Desktop/thrust_bearing_app/python-backend/Downloads/bearing_complete/GOOD_20241011_130658.jpg
845,20241011,130825,GOOD,/home/kaizen-ai/Desktop/thrust_bearing_app/python-backend/Downloads/bearing_complete/GOOD_20241011_130825.jpg
846,20241011,130914,GOOD,/home/kaizen-ai/Desktop/thrust_bearing_app/python-backend/Downloads/bearing_complete/GOOD_20241011_130914.jpg
847,20241011,131018,GOOD,/home/kaizen-ai/Desktop/thrust_bearing_app/python-backend/Downloads/bearing_complete/GOOD_20241011_131018.jpg
848,20241011,131103,GOOD,/home/kaizen-ai/Desktop/thrust_bearing_app/python-backend/Downloads/bearing_complete/GOOD_20241011_131103.jpg
849,20241011,131159,GOOD,/home/kaizen-ai/Desktop/thrust_bearing_app/python-backend/Downloads/bearing_complete/GOOD_20241011_131159.jpg
850,20241011,131256,GOOD,/home/kaizen-ai/Desktop/thrust_bearing_app/python-backend/Downloads/bearing_complete/GOOD_20241011_131256.jpg
851,20241011,131350,GOOD,/home/kaizen-ai/Desktop/thrust_bearing_app/python-backend/Downloads/bearing_complete/GOOD_20241011_131350.jpg
852,20241011,131443,GOOD,/home/kaizen-ai/Desktop/thrust_bearing_app/python-backend/Downloads/bearing_complete/GOOD_20241011_131443.jpg
853,20241011,131622,GOOD,/home/kaizen-ai/Desktop/thrust_bearing_app/python-backend/Downloads/bearing_complete/GOOD_20241011_131622.jpg
854,20241011,131751,GOOD,/home/kaizen-ai/Desktop/thrust_bearing_app/python-backend/Downloads/bearing_complete/GOOD_20241011_131751.jpg
855,20241011,131923,GOOD,/home/kaizen-ai/Desktop/thrust_bearing_app/python-backend/Downloads/bearing_complete/GOOD_20241011_131923.jpg
856,20241011,132028,GOOD,/home/kaizen-ai/Desktop/thrust_bearing_app/python-backend/Downloads/bearing_complete/GOOD_20241011_132028.jpg
857,20241011,132057,GOOD,/home/kaizen-ai/Desktop/thrust_bearing_app/python-backend/Downloads/bearing_complete/GOOD_20241011_132057.jpg
858,20241011,132151,GOOD,/home/kaizen-ai/Desktop/thrust_bearing_app/python-backend/Downloads/bearing_complete/GOOD_20241011_132151.jpg
859,20241011,132316,GOOD,/home/kaizen-ai/Desktop/thrust_bearing_app/python-backend/Downloads/bearing_complete/GOOD_20241011_132316.jpg
860,20241011,132404,GOOD,/home/kaizen-ai/Desktop/thrust_bearing_app/python-backend/Downloads/bearing_complete/GOOD_20241011_132404.jpg
861,20241011,132455,GOOD,/home/kaizen-ai/Desktop/thrust_bearing_app/python-backend/Downloads/bearing_complete/GOOD_20241011_132455.jpg
862,20241011,132550,GOOD,/home/kaizen-ai/Desktop/thrust_bearing_app/python-backend/Downloads/bearing_complete/GOOD_20241011_132550.jpg
863,20241011,132709,GOOD,/home/kaizen-ai/Desktop/thrust_bearing_app/python-backend/Downloads/bearing_complete/GOOD_20241011_132709.jpg
864,20241011,132801,GOOD,/home/kaizen-ai/Desktop/thrust_bearing_app/python-backend/Downloads/bearing_complete/GOOD_20241011_132801.jpg
865,20241011,132917,GOOD,/home/kaizen-ai/Desktop/thrust_bearing_app/python-backend/Downloads/bearing_complete/GOOD_20241011_132917.jpg
866,20241011,132959,GOOD,/home/kaizen-ai/Desktop/thrust_bearing_app/python-backend/Downloads/bearing_complete/GOOD_20241011_132959.jpg
867,20241011,133053,GOOD,/home/kaizen-ai/Desktop/thrust_bearing_app/python-backend/Downloads/bearing_complete/GOOD_20241011_133053.jpg
868,20241011,133159,GOOD,/home/kaizen-ai/Desktop/thrust_bearing_app/python-backend/Downloads/bearing_complete/GOOD_20241011_133159.jpg
869,20241011,133301,GOOD,/home/kaizen-ai/Desktop/thrust_bearing_app/python-backend/Downloads/bearing_complete/GOOD_20241011_133301.jpg
870,20241011,133401,GOOD,/home/kaizen-ai/Desktop/thrust_bearing_app/python-backend/Downloads/bearing_complete/GOOD_20241011_133401.jpg
871,20241011,133457,GOOD,/home/kaizen-ai/Desktop/thrust_bearing_app/python-backend/Downloads/bearing_complete/GOOD_20241011_133457.jpg
872,20241011,133615,GOOD,/home/kaizen-ai/Desktop/thrust_bearing_app/python-backend/Downloads/bearing_complete/GOOD_20241011_133615.jpg
873,20241011,133709,GOOD,/home/kaizen-ai/Desktop/thrust_bearing_app/python-backend/Downloads/bearing_complete/GOOD_20241011_133709.jpg
874,20241011,133924,GOOD,/home/kaizen-ai/Desktop/thrust_bearing_app/python-backend/Downloads/bearing_complete/GOOD_20241011_133924.jpg
875,20241011,134018,GOOD,/home/kaizen-ai/Desktop/thrust_bearing_app/python-backend/Downloads/bearing_complete/GOOD_20241011_134018.jpg
876,20241011,134123,GOOD,/home/kaizen-ai/Desktop/thrust_bearing_app/python-backend/Downloads/bearing_complete/GOOD_20241011_134123.jpg
877,20241011,134236,GOOD,/home/kaizen-ai/Desktop/thrust_bearing_app/python-backend/Downloads/bearing_complete/GOOD_20241011_134236.jpg
878,20241011,134332,GOOD,/home/kaizen-ai/Desktop/thrust_bearing_app/python-backend/Downloads/bearing_complete/GOOD_20241011_134332.jpg
879,20241011,134436,GOOD,/home/kaizen-ai/Desktop/thrust_bearing_app/python-backend/Downloads/bearing_complete/GOOD_20241011_134436.jpg
880,20241011,134526,GOOD,/home/kaizen-ai/Desktop/thrust_bearing_app/python-backend/Downloads/bearing_complete/GOOD_20241011_134526.jpg
881,20241011,134618,GOOD,/home/kaizen-ai/Desktop/thrust_bearing_app/python-backend/Downloads/bearing_complete/GOOD_20241011_134618.jpg
882,20241011,134714,GOOD,/home/kaizen-ai/Desktop/thrust_bearing_app/python-backend/Downloads/bearing_complete/GOOD_20241011_134714.jpg
883,20241011,134808,GOOD,/home/kaizen-ai/Desktop/thrust_bearing_app/python-backend/Downloads/bearing_complete/GOOD_20241011_134808.jpg
884,20241011,134935,GOOD,/home/kaizen-ai/Desktop/thrust_bearing_app/python-backend/Downloads/bearing_complete/GOOD_20241011_134935.jpg
885,20241011,135046,GOOD,/home/kaizen-ai/Desktop/thrust_bearing_app/python-backend/Downloads/bearing_complete/GOOD_20241011_135046.jpg
886,20241011,135150,GOOD,/home/kaizen-ai/Desktop/thrust_bearing_app/python-backend/Downloads/bearing_complete/GOOD_20241011_135150.jpg
887,20241011,135229,GOOD,/home/kaizen-ai/Desktop/thrust_bearing_app/python-backend/Downloads/bearing_complete/GOOD_20241011_135229.jpg
888,20241011,135413,GOOD,/home/kaizen-ai/Desktop/thrust_bearing_app/python-backend/Downloads/bearing_complete/GOOD_20241011_135413.jpg
889,20241011,135509,GOOD,/home/kaizen-ai/Desktop/thrust_bearing_app/python-backend/Downloads/bearing_complete/GOOD_20241011_135509.jpg
890,20241011,135613,GOOD,/home/kaizen-ai/Desktop/thrust_bearing_app/python-backend/Downloads/bearing_complete/GOOD_20241011_135613.jpg
891,20241011,135730,GOOD,/home/kaizen-ai/Desktop/thrust_bearing_app/python-backend/Downloads/bearing_complete/GOOD_20241011_135730.jpg
892,20241011,135819,GOOD,/home/kaizen-ai/Desktop/thrust_bearing_app/python-backend/Downloads/bearing_complete/GOOD_20241011_135819.jpg
893,20241011,140010,GOOD,/home/kaizen-ai/Desktop/thrust_bearing_app/python-backend/Downloads/bearing_complete/GOOD_20241011_140010.jpg
894,20241011,140102,GOOD,/home/kaizen-ai/Desktop/thrust_bearing_app/python-backend/Downloads/bearing_complete/GOOD_20241011_140102.jpg
895,20241011,140148,GOOD,/home/kaizen-ai/Desktop/thrust_bearing_app/python-backend/Downloads/bearing_complete/GOOD_20241011_140148.jpg
896,20241011,140232,GOOD,/home/kaizen-ai/Desktop/thrust_bearing_app/python-backend/Downloads/bearing_complete/GOOD_20241011_140232.jpg
897,20241011,140330,GOOD,/home/kaizen-ai/Desktop/thrust_bearing_app/python-backend/Downloads/bearing_complete/GOOD_20241011_140330.jpg
898,20241011,140516,GOOD,/home/kaizen-ai/Desktop/thrust_bearing_app/python-backend/Downloads/bearing_complete/GOOD_20241011_140516.jpg
899,20241011,140629,GOOD,/home/kaizen-ai/Desktop/thrust_bearing_app/python-backend/Downloads/bearing_complete/GOOD_20241011_140629.jpg
900,20241011,140820,GOOD,/home/kaizen-ai/Desktop/thrust_bearing_app/python-backend/Downloads/bearing_complete/GOOD_20241011_140820.jpg
901,20241011,140916,GOOD,/home/kaizen-ai/Desktop/thrust_bearing_app/python-backend/Downloads/bearing_complete/GOOD_20241011_140916.jpg
902,20241011,141005,GOOD,/home/kaizen-ai/Desktop/thrust_bearing_app/python-backend/Downloads/bearing_complete/GOOD_20241011_141005.jpg
903,20241011,141120,GOOD,/home/kaizen-ai/Desktop/thrust_bearing_app/python-backend/Downloads/bearing_complete/GOOD_20241011_141120.jpg
904,20241011,141210,GOOD,/home/kaizen-ai/Desktop/thrust_bearing_app/python-backend/Downloads/bearing_complete/GOOD_20241011_141210.jpg
905,20241011,141345,GOOD,/home/kaizen-ai/Desktop/thrust_bearing_app/python-backend/Downloads/bearing_complete/GOOD_20241011_141345.jpg
906,20241011,141430,GOOD,/home/kaizen-ai/Desktop/thrust_bearing_app/python-backend/Downloads/bearing_complete/GOOD_20241011_141430.jpg
907,20241011,141519,GOOD,/home/kaizen-ai/Desktop/thrust_bearing_app/python-backend/Downloads/bearing_complete/GOOD_20241011_141519.jpg
908,20241011,141617,GOOD,/home/kaizen-ai/Desktop/thrust_bearing_app/python-backend/Downloads/bearing_complete/GOOD_20241011_141617.jpg
909,20241011,141714,GOOD,/home/kaizen-ai/Desktop/thrust_bearing_app/python-backend/Downloads/bearing_complete/GOOD_20241011_141714.jpg
910,20241011,141801,GOOD,/home/kaizen-ai/Desktop/thrust_bearing_app/python-backend/Downloads/bearing_complete/GOOD_20241011_141801.jpg
911,20241011,141900,GOOD,/home/kaizen-ai/Desktop/thrust_bearing_app/python-backend/Downloads/bearing_complete/GOOD_20241011_141900.jpg
912,20241011,141950,GOOD,/home/kaizen-ai/Desktop/thrust_bearing_app/python-backend/Downloads/bearing_complete/GOOD_20241011_141950.jpg
913,20241011,142106,GOOD,/home/kaizen-ai/Desktop/thrust_bearing_app/python-backend/Downloads/bearing_complete/GOOD_20241011_142106.jpg
914,20241011,142200,GOOD,/home/kaizen-ai/Desktop/thrust_bearing_app/python-backend/Downloads/bearing_complete/GOOD_20241011_142200.jpg
915,20241011,142354,GOOD,/home/kaizen-ai/Desktop/thrust_bearing_app/python-backend/Downloads/bearing_complete/GOOD_20241011_142354.jpg
916,20241011,142514,GOOD,/home/kaizen-ai/Desktop/thrust_bearing_app/python-backend/Downloads/bearing_complete/GOOD_20241011_142514.jpg
917,20241011,142629,GOOD,/home/kaizen-ai/Desktop/thrust_bearing_app/python-backend/Downloads/bearing_complete/GOOD_20241011_142629.jpg
918,20241011,142716,GOOD,/home/kaizen-ai/Desktop/thrust_bearing_app/python-backend/Downloads/bearing_complete/GOOD_20241011_142716.jpg
919,20241011,142809,GOOD,/home/kaizen-ai/Desktop/thrust_bearing_app/python-backend/Downloads/bearing_complete/GOOD_20241011_142809.jpg
920,20241011,142919,GOOD,/home/kaizen-ai/Desktop/thrust_bearing_app/python-backend/Downloads/bearing_complete/GOOD_20241011_142919.jpg
921,20241011,144009,GOOD,/home/kaizen-ai/Desktop/thrust_bearing_app/python-backend/Downloads/bearing_complete/GOOD_20241011_144009.jpg
922,20241011,144055,GOOD,/home/kaizen-ai/Desktop/thrust_bearing_app/python-backend/Downloads/bearing_complete/GOOD_20241011_144055.jpg
923,20241011,144233,NG,/home/kaizen-ai/Desktop/thrust_bearing_app/python-backend/Downloads/not_good_NG4/NG_20241011_144233.jpg
924,20241011,144304,GOOD,/home/kaizen-ai/Desktop/thrust_bearing_app/python-backend/Downloads/bearing_complete/GOOD_20241011_144304.jpg
925,20241011,144404,GOOD,/home/kaizen-ai/Desktop/thrust_bearing_app/python-backend/Downloads/bearing_complete/GOOD_20241011_144404.jpg
926,20241011,144502,GOOD,/home/kaizen-ai/Desktop/thrust_bearing_app/python-backend/Downloads/bearing_complete/GOOD_20241011_144502.jpg
927,20241011,144625,GOOD,/home/kaizen-ai/Desktop/thrust_bearing_app/python-backend/Downloads/bearing_complete/GOOD_20241011_144625.jpg
928,20241011,144731,GOOD,/home/kaizen-ai/Desktop/thrust_bearing_app/python-backend/Downloads/bearing_complete/GOOD_20241011_144731.jpg
929,20241011,144843,GOOD,/home/kaizen-ai/Desktop/thrust_bearing_app/python-backend/Downloads/bearing_complete/GOOD_20241011_144843.jpg
930,20241011,144957,GOOD,/home/kaizen-ai/Desktop/thrust_bearing_app/python-backend/Downloads/bearing_complete/GOOD_20241011_144957.jpg
931,20241011,145101,GOOD,/home/kaizen-ai/Desktop/thrust_bearing_app/python-backend/Downloads/bearing_complete/GOOD_20241011_145101.jpg
932,20241011,145216,GOOD,/home/kaizen-ai/Desktop/thrust_bearing_app/python-backend/Downloads/bearing_complete/GOOD_20241011_145216.jpg
933,20241011,145316,GOOD,/home/kaizen-ai/Desktop/thrust_bearing_app/python-backend/Downloads/bearing_complete/GOOD_20241011_145316.jpg
934,20241011,145413,GOOD,/home/kaizen-ai/Desktop/thrust_bearing_app/python-backend/Downloads/bearing_complete/GOOD_20241011_145413.jpg
935,20241011,145604,GOOD,/home/kaizen-ai/Desktop/thrust_bearing_app/python-backend/Downloads/bearing_complete/GOOD_20241011_145604.jpg
936,20241011,145659,GOOD,/home/kaizen-ai/Desktop/thrust_bearing_app/python-backend/Downloads/bearing_complete/GOOD_20241011_145659.jpg
937,20241011,145755,GOOD,/home/kaizen-ai/Desktop/thrust_bearing_app/python-backend/Downloads/bearing_complete/GOOD_20241011_145755.jpg
938,20241011,145854,GOOD,/home/kaizen-ai/Desktop/thrust_bearing_app/python-backend/Downloads/bearing_complete/GOOD_20241011_145854.jpg
939,20241011,150001,GOOD,/home/kaizen-ai/Desktop/thrust_bearing_app/python-backend/Downloads/bearing_complete/GOOD_20241011_150001.jpg
940,20241011,150048,GOOD,/home/kaizen-ai/Desktop/thrust_bearing_app/python-backend/Downloads/bearing_complete/GOOD_20241011_150048.jpg
941,20241011,150151,GOOD,/home/kaizen-ai/Desktop/thrust_bearing_app/python-backend/Downloads/bearing_complete/GOOD_20241011_150151.jpg
942,20241011,150307,GOOD,/home/kaizen-ai/Desktop/thrust_bearing_app/python-backend/Downloads/bearing_complete/GOOD_20241011_150307.jpg
943,20241011,150411,GOOD,/home/kaizen-ai/Desktop/thrust_bearing_app/python-backend/Downloads/bearing_complete/GOOD_20241011_150411.jpg
944,20241011,150454,GOOD,/home/kaizen-ai/Desktop/thrust_bearing_app/python-backend/Downloads/bearing_complete/GOOD_20241011_150454.jpg
945,20241011,150547,GOOD,/home/kaizen-ai/Desktop/thrust_bearing_app/python-backend/Downloads/bearing_complete/GOOD_20241011_150547.jpg
946,20241011,150645,GOOD,/home/kaizen-ai/Desktop/thrust_bearing_app/python-backend/Downloads/bearing_complete/GOOD_20241011_150645.jpg
947,20241011,150743,GOOD,/home/kaizen-ai/Desktop/thrust_bearing_app/python-backend/Downloads/bearing_complete/GOOD_20241011_150743.jpg
948,20241011,150851,GOOD,/home/kaizen-ai/Desktop/thrust_bearing_app/python-backend/Downloads/bearing_complete/GOOD_20241011_150851.jpg
949,20241011,151014,GOOD,/home/kaizen-ai/Desktop/thrust_bearing_app/python-backend/Downloads/bearing_complete/GOOD_20241011_151014.jpg
950,20241011,151158,GOOD,/home/kaizen-ai/Desktop/thrust_bearing_app/python-backend/Downloads/bearing_complete/GOOD_20241011_151158.jpg
951,20241011,151302,GOOD,/home/kaizen-ai/Desktop/thrust_bearing_app/python-backend/Downloads/bearing_complete/GOOD_20241011_151302.jpg
952,20241011,151403,GOOD,/home/kaizen-ai/Desktop/thrust_bearing_app/python-backend/Downloads/bearing_complete/GOOD_20241011_151403.jpg
953,20241011,151510,GOOD,/home/kaizen-ai/Desktop/thrust_bearing_app/python-backend/Downloads/bearing_complete/GOOD_20241011_151510.jpg
954,20241011,151607,GOOD,/home/kaizen-ai/Desktop/thrust_bearing_app/python-backend/Downloads/bearing_complete/GOOD_20241011_151607.jpg
955,20241011,151716,GOOD,/home/kaizen-ai/Desktop/thrust_bearing_app/python-backend/Downloads/bearing_complete/GOOD_20241011_151716.jpg
956,20241011,151834,GOOD,/home/kaizen-ai/Desktop/thrust_bearing_app/python-backend/Downloads/bearing_complete/GOOD_20241011_151834.jpg
957,20241011,151935,GOOD,/home/kaizen-ai/Desktop/thrust_bearing_app/python-backend/Downloads/bearing_complete/GOOD_20241011_151935.jpg
958,20241011,152026,GOOD,/home/kaizen-ai/Desktop/thrust_bearing_app/python-backend/Downloads/bearing_complete/GOOD_20241011_152026.jpg
959,20241011,152151,GOOD,/home/kaizen-ai/Desktop/thrust_bearing_app/python-backend/Downloads/bearing_complete/GOOD_20241011_152151.jpg
960,20241011,152246,GOOD,/home/kaizen-ai/Desktop/thrust_bearing_app/python-backend/Downloads/bearing_complete/GOOD_20241011_152246.jpg
961,20241011,152346,GOOD,/home/kaizen-ai/Desktop/thrust_bearing_app/python-backend/Downloads/bearing_complete/GOOD_20241011_152346.jpg
962,20241011,152433,GOOD,/home/kaizen-ai/Desktop/thrust_bearing_app/python-backend/Downloads/bearing_complete/GOOD_20241011_152433.jpg
963,20241011,152828,GOOD,/home/kaizen-ai/Desktop/thrust_bearing_app/python-backend/Downloads/bearing_complete/GOOD_20241011_152828.jpg
964,20241011,152852,GOOD,/home/kaizen-ai/Desktop/thrust_bearing_app/python-backend/Downloads/bearing_complete/GOOD_20241011_152852.jpg
965,20241011,152946,GOOD,/home/kaizen-ai/Desktop/thrust_bearing_app/python-backend/Downloads/bearing_complete/GOOD_20241011_152946.jpg
966,20241011,153041,GOOD,/home/kaizen-ai/Desktop/thrust_bearing_app/python-backend/Downloads/bearing_complete/GOOD_20241011_153041.jpg
967,20241011,153142,GOOD,/home/kaizen-ai/Desktop/thrust_bearing_app/python-backend/Downloads/bearing_complete/GOOD_20241011_153142.jpg
968,20241011,153246,GOOD,/home/kaizen-ai/Desktop/thrust_bearing_app/python-backend/Downloads/bearing_complete/GOOD_20241011_153246.jpg
969,20241011,153333,GOOD,/home/kaizen-ai/Desktop/thrust_bearing_app/python-backend/Downloads/bearing_complete/GOOD_20241011_153333.jpg
970,20241011,153444,NG,/home/kaizen-ai/Desktop/thrust_bearing_app/python-backend/Downloads/not_good_NG4/NG_20241011_153444.jpg
971,20241011,153534,GOOD,/home/kaizen-ai/Desktop/thrust_bearing_app/python-backend/Downloads/bearing_complete/GOOD_20241011_153534.jpg
972,20241011,153622,GOOD,/home/kaizen-ai/Desktop/thrust_bearing_app/python-backend/Downloads/bearing_complete/GOOD_20241011_153622.jpg
973,20241011,153715,GOOD,/home/kaizen-ai/Desktop/thrust_bearing_app/python-backend/Downloads/bearing_complete/GOOD_20241011_153715.jpg
974,20241011,153814,GOOD,/home/kaizen-ai/Desktop/thrust_bearing_app/python-backend/Downloads/bearing_complete/GOOD_20241011_153814.jpg
975,20241011,153918,GOOD,/home/kaizen-ai/Desktop/thrust_bearing_app/python-backend/Downloads/bearing_complete/GOOD_20241011_153918.jpg
976,20241011,154029,GOOD,/home/kaizen-ai/Desktop/thrust_bearing_app/python-backend/Downloads/bearing_complete/GOOD_20241011_154029.jpg
977,20241011,154130,GOOD,/home/kaizen-ai/Desktop/thrust_bearing_app/python-backend/Downloads/bearing_complete/GOOD_20241011_154130.jpg
978,20241011,154227,GOOD,/home/kaizen-ai/Desktop/thrust_bearing_app/python-backend/Downloads/bearing_complete/GOOD_20241011_154227.jpg
979,20241011,154401,GOOD,/home/kaizen-ai/Desktop/thrust_bearing_app/python-backend/Downloads/bearing_complete/GOOD_20241011_154401.jpg
980,20241011,154504,GOOD,/home/kaizen-ai/Desktop/thrust_bearing_app/python-backend/Downloads/bearing_complete/GOOD_20241011_154504.jpg
981,20241011,154546,GOOD,/home/kaizen-ai/Desktop/thrust_bearing_app/python-backend/Downloads/bearing_complete/GOOD_20241011_154546.jpg
982,20241011,154709,GOOD,/home/kaizen-ai/Desktop/thrust_bearing_app/python-backend/Downloads/bearing_complete/GOOD_20241011_154709.jpg
983,20241011,154807,GOOD,/home/kaizen-ai/Desktop/thrust_bearing_app/python-backend/Downloads/bearing_complete/GOOD_20241011_154807.jpg
984,20241011,154920,GOOD,/home/kaizen-ai/Desktop/thrust_bearing_app/python-backend/Downloads/bearing_complete/GOOD_20241011_154920.jpg
985,20241011,155009,GOOD,/home/kaizen-ai/Desktop/thrust_bearing_app/python-backend/Downloads/bearing_complete/GOOD_20241011_155009.jpg
986,20241011,155104,GOOD,/home/kaizen-ai/Desktop/thrust_bearing_app/python-backend/Downloads/bearing_complete/GOOD_20241011_155104.jpg
987,20241011,155210,GOOD,/home/kaizen-ai/Desktop/thrust_bearing_app/python-backend/Downloads/bearing_complete/GOOD_20241011_155210.jpg
988,20241011,155326,GOOD,/home/kaizen-ai/Desktop/thrust_bearing_app/python-backend/Downloads/bearing_complete/GOOD_20241011_155326.jpg
989,20241011,155451,GOOD,/home/kaizen-ai/Desktop/thrust_bearing_app/python-backend/Downloads/bearing_complete/GOOD_20241011_155451.jpg
990,20241011,155556,GOOD,/home/kaizen-ai/Desktop/thrust_bearing_app/python-backend/Downloads/bearing_complete/GOOD_20241011_155556.jpg
991,20241011,210635,GOOD,/home/kaizen-ai/Desktop/thrust_bearing_app/python-backend/Downloads/bearing_complete/GOOD_20241011_210635.jpg
992,20241011,210741,GOOD,/home/kaizen-ai/Desktop/thrust_bearing_app/python-backend/Downloads/bearing_complete/GOOD_20241011_210741.jpg
993,20241011,210914,GOOD,/home/kaizen-ai/Desktop/thrust_bearing_app/python-backend/Downloads/bearing_complete/GOOD_20241011_210914.jpg
994,20241011,211148,GOOD,/home/kaizen-ai/Desktop/thrust_bearing_app/python-backend/Downloads/bearing_complete/GOOD_20241011_211148.jpg
995,20241011,211303,GOOD,/home/kaizen-ai/Desktop/thrust_bearing_app/python-backend/Downloads/bearing_complete/GOOD_20241011_211303.jpg
996,20241011,211412,GOOD,/home/kaizen-ai/Desktop/thrust_bearing_app/python-backend/Downloads/bearing_complete/GOOD_20241011_211412.jpg
997,20241011,211634,GOOD,/home/kaizen-ai/Desktop/thrust_bearing_app/python-backend/Downloads/bearing_complete/GOOD_20241011_211634.jpg
998,20241011,211739,GOOD,/home/kaizen-ai/Desktop/thrust_bearing_app/python-backend/Downloads/bearing_complete/GOOD_20241011_211739.jpg
999,20241011,211923,GOOD,/home/kaizen-ai/Desktop/thrust_bearing_app/python-backend/Downloads/bearing_complete/GOOD_20241011_211923.jpg
1000,20241011,212207,GOOD,/home/kaizen-ai/Desktop/thrust_bearing_app/python-backend/Downloads/bearing_complete/GOOD_20241011_212207.jpg
1001,20241011,212707,GOOD,/home/kaizen-ai/Desktop/thrust_bearing_app/python-backend/Downloads/bearing_complete/GOOD_20241011_212707.jpg
1002,20241011,212854,GOOD,/home/kaizen-ai/Desktop/thrust_bearing_app/python-backend/Downloads/bearing_complete/GOOD_20241011_212854.jpg
1003,20241011,213009,GOOD,/home/kaizen-ai/Desktop/thrust_bearing_app/python-backend/Downloads/bearing_complete/GOOD_20241011_213009.jpg
1004,20241011,213105,GOOD,/home/kaizen-ai/Desktop/thrust_bearing_app/python-backend/Downloads/bearing_complete/GOOD_20241011_213105.jpg
1005,20241011,213255,GOOD,/home/kaizen-ai/Desktop/thrust_bearing_app/python-backend/Downloads/bearing_complete/GOOD_20241011_213255.jpg
1006,20241011,213443,GOOD,/home/kaizen-ai/Desktop/thrust_bearing_app/python-backend/Downloads/bearing_complete/GOOD_20241011_213443.jpg
1007,20241011,213612,GOOD,/home/kaizen-ai/Desktop/thrust_bearing_app/python-backend/Downloads/bearing_complete/GOOD_20241011_213612.jpg
1008,20241011,213709,GOOD,/home/kaizen-ai/Desktop/thrust_bearing_app/python-backend/Downloads/bearing_complete/GOOD_20241011_213709.jpg
1009,20241011,213920,GOOD,/home/kaizen-ai/Desktop/thrust_bearing_app/python-backend/Downloads/bearing_complete/GOOD_20241011_213920.jpg
1010,20241011,214015,GOOD,/home/kaizen-ai/Desktop/thrust_bearing_app/python-backend/Downloads/bearing_complete/GOOD_20241011_214015.jpg
1011,20241011,214113,GOOD,/home/kaizen-ai/Desktop/thrust_bearing_app/python-backend/Downloads/bearing_complete/GOOD_20241011_214113.jpg
1012,20241011,214238,GOOD,/home/kaizen-ai/Desktop/thrust_bearing_app/python-backend/Downloads/bearing_complete/GOOD_20241011_214238.jpg
1013,20241011,214357,GOOD,/home/kaizen-ai/Desktop/thrust_bearing_app/python-backend/Downloads/bearing_complete/GOOD_20241011_214357.jpg
1014,20241011,214530,GOOD,/home/kaizen-ai/Desktop/thrust_bearing_app/python-backend/Downloads/bearing_complete/GOOD_20241011_214530.jpg
1015,20241011,214633,GOOD,/home/kaizen-ai/Desktop/thrust_bearing_app/python-backend/Downloads/bearing_complete/GOOD_20241011_214633.jpg
1016,20241011,214752,GOOD,/home/kaizen-ai/Desktop/thrust_bearing_app/python-backend/Downloads/bearing_complete/GOOD_20241011_214752.jpg
1017,20241011,214901,GOOD,/home/kaizen-ai/Desktop/thrust_bearing_app/python-backend/Downloads/bearing_complete/GOOD_20241011_214901.jpg
1018,20241011,215014,GOOD,/home/kaizen-ai/Desktop/thrust_bearing_app/python-backend/Downloads/bearing_complete/GOOD_20241011_215014.jpg
1019,20241011,215128,GOOD,/home/kaizen-ai/Desktop/thrust_bearing_app/python-backend/Downloads/bearing_complete/GOOD_20241011_215128.jpg
1020,20241011,215238,NG,/home/kaizen-ai/Desktop/thrust_bearing_app/python-backend/Downloads/not_good_NG1/NG_20241011_215238.jpg
1021,20241011,215354,NG,/home/kaizen-ai/Desktop/thrust_bearing_app/python-backend/Downloads/not_good_NG1/NG_20241011_215354.jpg
1022,20241011,215535,GOOD,/home/kaizen-ai/Desktop/thrust_bearing_app/python-backend/Downloads/bearing_complete/GOOD_20241011_215535.jpg
1023,20241011,215638,GOOD,/home/kaizen-ai/Desktop/thrust_bearing_app/python-backend/Downloads/bearing_complete/GOOD_20241011_215638.jpg
1024,20241011,215721,GOOD,/home/kaizen-ai/Desktop/thrust_bearing_app/python-backend/Downloads/bearing_complete/GOOD_20241011_215721.jpg
1025,20241011,215950,GOOD,/home/kaizen-ai/Desktop/thrust_bearing_app/python-backend/Downloads/bearing_complete/GOOD_20241011_215950.jpg
1026,20241011,221026,GOOD,/home/kaizen-ai/Desktop/thrust_bearing_app/python-backend/Downloads/bearing_complete/GOOD_20241011_221026.jpg
1027,20241011,221113,GOOD,/home/kaizen-ai/Desktop/thrust_bearing_app/python-backend/Downloads/bearing_complete/GOOD_20241011_221113.jpg
1028,20241011,221208,GOOD,/home/kaizen-ai/Desktop/thrust_bearing_app/python-backend/Downloads/bearing_complete/GOOD_20241011_221208.jpg
1029,20241011,221308,GOOD,/home/kaizen-ai/Desktop/thrust_bearing_app/python-backend/Downloads/bearing_complete/GOOD_20241011_221308.jpg
1030,20241011,221407,GOOD,/home/kaizen-ai/Desktop/thrust_bearing_app/python-backend/Downloads/bearing_complete/GOOD_20241011_221407.jpg
1031,20241011,221458,GOOD,/home/kaizen-ai/Desktop/thrust_bearing_app/python-backend/Downloads/bearing_complete/GOOD_20241011_221458.jpg
1032,20241011,221602,GOOD,/home/kaizen-ai/Desktop/thrust_bearing_app/python-backend/Downloads/bearing_complete/GOOD_20241011_221602.jpg
1033,20241011,221656,GOOD,/home/kaizen-ai/Desktop/thrust_bearing_app/python-backend/Downloads/bearing_complete/GOOD_20241011_221656.jpg
1034,20241011,221742,GOOD,/home/kaizen-ai/Desktop/thrust_bearing_app/python-backend/Downloads/bearing_complete/GOOD_20241011_221742.jpg
1035,20241011,221834,GOOD,/home/kaizen-ai/Desktop/thrust_bearing_app/python-backend/Downloads/bearing_complete/GOOD_20241011_221834.jpg
1036,20241011,221934,GOOD,/home/kaizen-ai/Desktop/thrust_bearing_app/python-backend/Downloads/bearing_complete/GOOD_20241011_221934.jpg
1037,20241011,222058,GOOD,/home/kaizen-ai/Desktop/thrust_bearing_app/python-backend/Downloads/bearing_complete/GOOD_20241011_222058.jpg
1038,20241011,222149,GOOD,/home/kaizen-ai/Desktop/thrust_bearing_app/python-backend/Downloads/bearing_complete/GOOD_20241011_222149.jpg
1039,20241011,222237,GOOD,/home/kaizen-ai/Desktop/thrust_bearing_app/python-backend/Downloads/bearing_complete/GOOD_20241011_222237.jpg
1040,20241011,222359,GOOD,/home/kaizen-ai/Desktop/thrust_bearing_app/python-backend/Downloads/bearing_complete/GOOD_20241011_222359.jpg
1041,20241011,222453,GOOD,/home/kaizen-ai/Desktop/thrust_bearing_app/python-backend/Downloads/bearing_complete/GOOD_20241011_222453.jpg
1042,20241011,222557,GOOD,/home/kaizen-ai/Desktop/thrust_bearing_app/python-backend/Downloads/bearing_complete/GOOD_20241011_222557.jpg
1043,20241011,222650,GOOD,/home/kaizen-ai/Desktop/thrust_bearing_app/python-backend/Downloads/bearing_complete/GOOD_20241011_222650.jpg
1044,20241011,222753,GOOD,/home/kaizen-ai/Desktop/thrust_bearing_app/python-backend/Downloads/bearing_complete/GOOD_20241011_222753.jpg
1045,20241011,222851,GOOD,/home/kaizen-ai/Desktop/thrust_bearing_app/python-backend/Downloads/bearing_complete/GOOD_20241011_222851.jpg
1046,20241011,223034,NG,/home/kaizen-ai/Desktop/thrust_bearing_app/python-backend/Downloads/not_good_NG1/NG_20241011_223034.jpg
1047,20241011,223128,GOOD,/home/kaizen-ai/Desktop/thrust_bearing_app/python-backend/Downloads/bearing_complete/GOOD_20241011_223128.jpg
1048,20241011,223222,NG,/home/kaizen-ai/Desktop/thrust_bearing_app/python-backend/Downloads/not_good_NG2/NG_20241011_223222.jpg
1049,20241011,223316,GOOD,/home/kaizen-ai/Desktop/thrust_bearing_app/python-backend/Downloads/bearing_complete/GOOD_20241011_223316.jpg
1050,20241011,223421,GOOD,/home/kaizen-ai/Desktop/thrust_bearing_app/python-backend/Downloads/bearing_complete/GOOD_20241011_223421.jpg
1051,20241011,223541,GOOD,/home/kaizen-ai/Desktop/thrust_bearing_app/python-backend/Downloads/bearing_complete/GOOD_20241011_223541.jpg
1052,20241011,223643,GOOD,/home/kaizen-ai/Desktop/thrust_bearing_app/python-backend/Downloads/bearing_complete/GOOD_20241011_223643.jpg
1053,20241011,223724,GOOD,/home/kaizen-ai/Desktop/thrust_bearing_app/python-backend/Downloads/bearing_complete/GOOD_20241011_223724.jpg
1054,20241011,223817,GOOD,/home/kaizen-ai/Desktop/thrust_bearing_app/python-backend/Downloads/bearing_complete/GOOD_20241011_223817.jpg
1055,20241011,224033,GOOD,/home/kaizen-ai/Desktop/thrust_bearing_app/python-backend/Downloads/bearing_complete/GOOD_20241011_224033.jpg
1056,20241011,224119,GOOD,/home/kaizen-ai/Desktop/thrust_bearing_app/python-backend/Downloads/bearing_complete/GOOD_20241011_224119.jpg
1057,20241011,224222,GOOD,/home/kaizen-ai/Desktop/thrust_bearing_app/python-backend/Downloads/bearing_complete/GOOD_20241011_224222.jpg
1058,20241011,224340,GOOD,/home/kaizen-ai/Desktop/thrust_bearing_app/python-backend/Downloads/bearing_complete/GOOD_20241011_224340.jpg
1059,20241011,224438,GOOD,/home/kaizen-ai/Desktop/thrust_bearing_app/python-backend/Downloads/bearing_complete/GOOD_20241011_224438.jpg
1060,20241011,224555,GOOD,/home/kaizen-ai/Desktop/thrust_bearing_app/python-backend/Downloads/bearing_complete/GOOD_20241011_224555.jpg
1061,20241011,224658,GOOD,/home/kaizen-ai/Desktop/thrust_bearing_app/python-backend/Downloads/bearing_complete/GOOD_20241011_224658.jpg
1062,20241011,224801,GOOD,/home/kaizen-ai/Desktop/thrust_bearing_app/python-backend/Downloads/bearing_complete/GOOD_20241011_224801.jpg
1063,20241011,224850,NG,/home/kaizen-ai/Desktop/thrust_bearing_app/python-backend/Downloads/not_good_NG1/NG_20241011_224850.jpg
1064,20241011,224944,GOOD,/home/kaizen-ai/Desktop/thrust_bearing_app/python-backend/Downloads/bearing_complete/GOOD_20241011_224944.jpg
1065,20241011,225111,GOOD,/home/kaizen-ai/Desktop/thrust_bearing_app/python-backend/Downloads/bearing_complete/GOOD_20241011_225111.jpg
1066,20241011,225211,GOOD,/home/kaizen-ai/Desktop/thrust_bearing_app/python-backend/Downloads/bearing_complete/GOOD_20241011_225211.jpg
1067,20241011,225308,GOOD,/home/kaizen-ai/Desktop/thrust_bearing_app/python-backend/Downloads/bearing_complete/GOOD_20241011_225308.jpg
1068,20241011,225408,GOOD,/home/kaizen-ai/Desktop/thrust_bearing_app/python-backend/Downloads/bearing_complete/GOOD_20241011_225408.jpg
1069,20241011,225523,GOOD,/home/kaizen-ai/Desktop/thrust_bearing_app/python-backend/Downloads/bearing_complete/GOOD_20241011_225523.jpg
1070,20241011,225621,GOOD,/home/kaizen-ai/Desktop/thrust_bearing_app/python-backend/Downloads/bearing_complete/GOOD_20241011_225621.jpg
1071,20241011,225720,GOOD,/home/kaizen-ai/Desktop/thrust_bearing_app/python-backend/Downloads/bearing_complete/GOOD_20241011_225720.jpg
1072,20241011,225844,GOOD,/home/kaizen-ai/Desktop/thrust_bearing_app/python-backend/Downloads/bearing_complete/GOOD_20241011_225844.jpg
1073,20241011,230036,GOOD,/home/kaizen-ai/Desktop/thrust_bearing_app/python-backend/Downloads/bearing_complete/GOOD_20241011_230036.jpg
1074,20241011,230158,GOOD,/home/kaizen-ai/Desktop/thrust_bearing_app/python-backend/Downloads/bearing_complete/GOOD_20241011_230158.jpg
1075,20241011,230325,GOOD,/home/kaizen-ai/Desktop/thrust_bearing_app/python-backend/Downloads/bearing_complete/GOOD_20241011_230325.jpg
1076,20241011,230431,GOOD,/home/kaizen-ai/Desktop/thrust_bearing_app/python-backend/Downloads/bearing_complete/GOOD_20241011_230431.jpg
1077,20241011,230628,GOOD,/home/kaizen-ai/Desktop/thrust_bearing_app/python-backend/Downloads/bearing_complete/GOOD_20241011_230628.jpg
1078,20241011,230726,GOOD,/home/kaizen-ai/Desktop/thrust_bearing_app/python-backend/Downloads/bearing_complete/GOOD_20241011_230726.jpg
1079,20241011,230825,GOOD,/home/kaizen-ai/Desktop/thrust_bearing_app/python-backend/Downloads/bearing_complete/GOOD_20241011_230825.jpg
1080,20241011,230921,GOOD,/home/kaizen-ai/Desktop/thrust_bearing_app/python-backend/Downloads/bearing_complete/GOOD_20241011_230921.jpg
1081,20241011,231024,GOOD,/home/kaizen-ai/Desktop/thrust_bearing_app/python-backend/Downloads/bearing_complete/GOOD_20241011_231024.jpg
1082,20241011,231106,GOOD,/home/kaizen-ai/Desktop/thrust_bearing_app/python-backend/Downloads/bearing_complete/GOOD_20241011_231106.jpg
1083,20241011,231149,GOOD,/home/kaizen-ai/Desktop/thrust_bearing_app/python-backend/Downloads/bearing_complete/GOOD_20241011_231149.jpg
1084,20241011,231242,GOOD,/home/kaizen-ai/Desktop/thrust_bearing_app/python-backend/Downloads/bearing_complete/GOOD_20241011_231242.jpg
1085,20241011,231337,GOOD,/home/kaizen-ai/Desktop/thrust_bearing_app/python-backend/Downloads/bearing_complete/GOOD_20241011_231337.jpg
1086,20241011,231519,GOOD,/home/kaizen-ai/Desktop/thrust_bearing_app/python-backend/Downloads/bearing_complete/GOOD_20241011_231519.jpg
1087,20241011,231644,GOOD,/home/kaizen-ai/Desktop/thrust_bearing_app/python-backend/Downloads/bearing_complete/GOOD_20241011_231644.jpg
1088,20241011,231734,GOOD,/home/kaizen-ai/Desktop/thrust_bearing_app/python-backend/Downloads/bearing_complete/GOOD_20241011_231734.jpg
1089,20241011,231853,GOOD,/home/kaizen-ai/Desktop/thrust_bearing_app/python-backend/Downloads/bearing_complete/GOOD_20241011_231853.jpg
1090,20241011,231958,GOOD,/home/kaizen-ai/Desktop/thrust_bearing_app/python-backend/Downloads/bearing_complete/GOOD_20241011_231958.jpg
1091,20241011,232113,GOOD,/home/kaizen-ai/Desktop/thrust_bearing_app/python-backend/Downloads/bearing_complete/GOOD_20241011_232113.jpg
1092,20241011,232218,GOOD,/home/kaizen-ai/Desktop/thrust_bearing_app/python-backend/Downloads/bearing_complete/GOOD_20241011_232218.jpg
1093,20241011,232330,GOOD,/home/kaizen-ai/Desktop/thrust_bearing_app/python-backend/Downloads/bearing_complete/GOOD_20241011_232330.jpg
1094,20241011,232440,GOOD,/home/kaizen-ai/Desktop/thrust_bearing_app/python-backend/Downloads/bearing_complete/GOOD_20241011_232440.jpg
1095,20241011,232541,GOOD,/home/kaizen-ai/Desktop/thrust_bearing_app/python-backend/Downloads/bearing_complete/GOOD_20241011_232541.jpg
1096,20241011,232707,GOOD,/home/kaizen-ai/Desktop/thrust_bearing_app/python-backend/Downloads/bearing_complete/GOOD_20241011_232707.jpg
1097,20241011,232728,GOOD,/home/kaizen-ai/Desktop/thrust_bearing_app/python-backend/Downloads/bearing_complete/GOOD_20241011_232728.jpg
1098,20241011,232910,GOOD,/home/kaizen-ai/Desktop/thrust_bearing_app/python-backend/Downloads/bearing_complete/GOOD_20241011_232910.jpg
1099,20241011,232943,GOOD,/home/kaizen-ai/Desktop/thrust_bearing_app/python-backend/Downloads/bearing_complete/GOOD_20241011_232943.jpg
1100,20241011,233037,GOOD,/home/kaizen-ai/Desktop/thrust_bearing_app/python-backend/Downloads/bearing_complete/GOOD_20241011_233037.jpg
1101,20241011,233158,GOOD,/home/kaizen-ai/Desktop/thrust_bearing_app/python-backend/Downloads/bearing_complete/GOOD_20241011_233158.jpg
1102,20241011,233257,GOOD,/home/kaizen-ai/Desktop/thrust_bearing_app/python-backend/Downloads/bearing_complete/GOOD_20241011_233257.jpg
1103,20241011,233413,GOOD,/home/kaizen-ai/Desktop/thrust_bearing_app/python-backend/Downloads/bearing_complete/GOOD_20241011_233413.jpg
1104,20241011,233526,GOOD,/home/kaizen-ai/Desktop/thrust_bearing_app/python-backend/Downloads/bearing_complete/GOOD_20241011_233526.jpg
1105,20241011,233647,GOOD,/home/kaizen-ai/Desktop/thrust_bearing_app/python-backend/Downloads/bearing_complete/GOOD_20241011_233647.jpg
1106,20241011,233743,NG,/home/kaizen-ai/Desktop/thrust_bearing_app/python-backend/Downloads/not_good_NG1/NG_20241011_233743.jpg
1107,20241011,233819,GOOD,/home/kaizen-ai/Desktop/thrust_bearing_app/python-backend/Downloads/bearing_complete/GOOD_20241011_233819.jpg
1108,20241011,233933,GOOD,/home/kaizen-ai/Desktop/thrust_bearing_app/python-backend/Downloads/bearing_complete/GOOD_20241011_233933.jpg
1109,20241011,234052,GOOD,/home/kaizen-ai/Desktop/thrust_bearing_app/python-backend/Downloads/bearing_complete/GOOD_20241011_234052.jpg
1110,20241011,234151,GOOD,/home/kaizen-ai/Desktop/thrust_bearing_app/python-backend/Downloads/bearing_complete/GOOD_20241011_234151.jpg
1111,20241011,234256,GOOD,/home/kaizen-ai/Desktop/thrust_bearing_app/python-backend/Downloads/bearing_complete/GOOD_20241011_234256.jpg
1112,20241011,234354,GOOD,/home/kaizen-ai/Desktop/thrust_bearing_app/python-backend/Downloads/bearing_complete/GOOD_20241011_234354.jpg
1113,20241011,234508,GOOD,/home/kaizen-ai/Desktop/thrust_bearing_app/python-backend/Downloads/bearing_complete/GOOD_20241011_234508.jpg
1114,20241011,234556,GOOD,/home/kaizen-ai/Desktop/thrust_bearing_app/python-backend/Downloads/bearing_complete/GOOD_20241011_234556.jpg
1115,20241011,234704,GOOD,/home/kaizen-ai/Desktop/thrust_bearing_app/python-backend/Downloads/bearing_complete/GOOD_20241011_234704.jpg
1116,20241011,234822,GOOD,/home/kaizen-ai/Desktop/thrust_bearing_app/python-backend/Downloads/bearing_complete/GOOD_20241011_234822.jpg
1117,20241011,234919,GOOD,/home/kaizen-ai/Desktop/thrust_bearing_app/python-backend/Downloads/bearing_complete/GOOD_20241011_234919.jpg
1118,20241011,235037,GOOD,/home/kaizen-ai/Desktop/thrust_bearing_app/python-backend/Downloads/bearing_complete/GOOD_20241011_235037.jpg
1119,20241011,235135,GOOD,/home/kaizen-ai/Desktop/thrust_bearing_app/python-backend/Downloads/bearing_complete/GOOD_20241011_235135.jpg
1120,20241011,235240,GOOD,/home/kaizen-ai/Desktop/thrust_bearing_app/python-backend/Downloads/bearing_complete/GOOD_20241011_235240.jpg
1121,20241011,235342,GOOD,/home/kaizen-ai/Desktop/thrust_bearing_app/python-backend/Downloads/bearing_complete/GOOD_20241011_235342.jpg
1122,20241011,235515,GOOD,/home/kaizen-ai/Desktop/thrust_bearing_app/python-backend/Downloads/bearing_complete/GOOD_20241011_235515.jpg
1123,20241011,235559,GOOD,/home/kaizen-ai/Desktop/thrust_bearing_app/python-backend/Downloads/bearing_complete/GOOD_20241011_235559.jpg
1124,20241011,235700,NG,/home/kaizen-ai/Desktop/thrust_bearing_app/python-backend/Downloads/not_good_NG1/NG_20241011_235700.jpg
1125,20241011,235807,GOOD,/home/kaizen-ai/Desktop/thrust_bearing_app/python-backend/Downloads/bearing_complete/GOOD_20241011_235807.jpg
1126,20241011,235928,GOOD,/home/kaizen-ai/Desktop/thrust_bearing_app/python-backend/Downloads/bearing_complete/GOOD_20241011_235928.jpg
1127,20241012,9,GOOD,/home/kaizen-ai/Desktop/thrust_bearing_app/python-backend/Downloads/bearing_complete/GOOD_20241012_000009.jpg
1128,20241012,3149,GOOD,/home/kaizen-ai/Desktop/thrust_bearing_app/python-backend/Downloads/bearing_complete/GOOD_20241012_003149.jpg
1129,20241012,3242,GOOD,/home/kaizen-ai/Desktop/thrust_bearing_app/python-backend/Downloads/bearing_complete/GOOD_20241012_003242.jpg
1130,20241012,3405,GOOD,/home/kaizen-ai/Desktop/thrust_bearing_app/python-backend/Downloads/bearing_complete/GOOD_20241012_003405.jpg
1131,20241012,3457,GOOD,/home/kaizen-ai/Desktop/thrust_bearing_app/python-backend/Downloads/bearing_complete/GOOD_20241012_003457.jpg
1132,20241012,3614,GOOD,/home/kaizen-ai/Desktop/thrust_bearing_app/python-backend/Downloads/bearing_complete/GOOD_20241012_003614.jpg
1133,20241012,3714,GOOD,/home/kaizen-ai/Desktop/thrust_bearing_app/python-backend/Downloads/bearing_complete/GOOD_20241012_003714.jpg
1134,20241012,3823,GOOD,/home/kaizen-ai/Desktop/thrust_bearing_app/python-backend/Downloads/bearing_complete/GOOD_20241012_003823.jpg
1135,20241012,4017,GOOD,/home/kaizen-ai/Desktop/thrust_bearing_app/python-backend/Downloads/bearing_complete/GOOD_20241012_004017.jpg
1136,20241012,4047,GOOD,/home/kaizen-ai/Desktop/thrust_bearing_app/python-backend/Downloads/bearing_complete/GOOD_20241012_004047.jpg
1137,20241012,4149,GOOD,/home/kaizen-ai/Desktop/thrust_bearing_app/python-backend/Downloads/bearing_complete/GOOD_20241012_004149.jpg
1138,20241012,4316,GOOD,/home/kaizen-ai/Desktop/thrust_bearing_app/python-backend/Downloads/bearing_complete/GOOD_20241012_004316.jpg
1139,20241012,4420,GOOD,/home/kaizen-ai/Desktop/thrust_bearing_app/python-backend/Downloads/bearing_complete/GOOD_20241012_004420.jpg
1140,20241012,4535,GOOD,/home/kaizen-ai/Desktop/thrust_bearing_app/python-backend/Downloads/bearing_complete/GOOD_20241012_004535.jpg
1141,20241012,4640,GOOD,/home/kaizen-ai/Desktop/thrust_bearing_app/python-backend/Downloads/bearing_complete/GOOD_20241012_004640.jpg
1142,20241012,4741,GOOD,/home/kaizen-ai/Desktop/thrust_bearing_app/python-backend/Downloads/bearing_complete/GOOD_20241012_004741.jpg
1143,20241012,4833,GOOD,/home/kaizen-ai/Desktop/thrust_bearing_app/python-backend/Downloads/bearing_complete/GOOD_20241012_004833.jpg
1144,20241012,4920,GOOD,/home/kaizen-ai/Desktop/thrust_bearing_app/python-backend/Downloads/bearing_complete/GOOD_20241012_004920.jpg
1145,20241012,5015,GOOD,/home/kaizen-ai/Desktop/thrust_bearing_app/python-backend/Downloads/bearing_complete/GOOD_20241012_005015.jpg
1146,20241012,5130,GOOD,/home/kaizen-ai/Desktop/thrust_bearing_app/python-backend/Downloads/bearing_complete/GOOD_20241012_005130.jpg
1147,20241012,5225,GOOD,/home/kaizen-ai/Desktop/thrust_bearing_app/python-backend/Downloads/bearing_complete/GOOD_20241012_005225.jpg
1148,20241012,5323,GOOD,/home/kaizen-ai/Desktop/thrust_bearing_app/python-backend/Downloads/bearing_complete/GOOD_20241012_005323.jpg
1149,20241012,5431,NG,/home/kaizen-ai/Desktop/thrust_bearing_app/python-backend/Downloads/not_good_NG1/NG_20241012_005431.jpg
1150,20241012,5542,GOOD,/home/kaizen-ai/Desktop/thrust_bearing_app/python-backend/Downloads/bearing_complete/GOOD_20241012_005542.jpg
1151,20241012,5628,GOOD,/home/kaizen-ai/Desktop/thrust_bearing_app/python-backend/Downloads/bearing_complete/GOOD_20241012_005628.jpg
1152,20241012,5826,GOOD,/home/kaizen-ai/Desktop/thrust_bearing_app/python-backend/Downloads/bearing_complete/GOOD_20241012_005826.jpg
1153,20241012,5910,GOOD,/home/kaizen-ai/Desktop/thrust_bearing_app/python-backend/Downloads/bearing_complete/GOOD_20241012_005910.jpg
1154,20241012,10001,NG,/home/kaizen-ai/Desktop/thrust_bearing_app/python-backend/Downloads/not_good_NG1/NG_20241012_010001.jpg
1155,20241012,10052,GOOD,/home/kaizen-ai/Desktop/thrust_bearing_app/python-backend/Downloads/bearing_complete/GOOD_20241012_010052.jpg
1156,20241012,10142,GOOD,/home/kaizen-ai/Desktop/thrust_bearing_app/python-backend/Downloads/bearing_complete/GOOD_20241012_010142.jpg
1157,20241012,10251,GOOD,/home/kaizen-ai/Desktop/thrust_bearing_app/python-backend/Downloads/bearing_complete/GOOD_20241012_010251.jpg
1158,20241012,10345,GOOD,/home/kaizen-ai/Desktop/thrust_bearing_app/python-backend/Downloads/bearing_complete/GOOD_20241012_010345.jpg
1159,20241012,10457,GOOD,/home/kaizen-ai/Desktop/thrust_bearing_app/python-backend/Downloads/bearing_complete/GOOD_20241012_010457.jpg
1160,20241012,10624,GOOD,/home/kaizen-ai/Desktop/thrust_bearing_app/python-backend/Downloads/bearing_complete/GOOD_20241012_010624.jpg
1161,20241012,10726,GOOD,/home/kaizen-ai/Desktop/thrust_bearing_app/python-backend/Downloads/bearing_complete/GOOD_20241012_010726.jpg
1162,20241012,10825,GOOD,/home/kaizen-ai/Desktop/thrust_bearing_app/python-backend/Downloads/bearing_complete/GOOD_20241012_010825.jpg
1163,20241012,11006,GOOD,/home/kaizen-ai/Desktop/thrust_bearing_app/python-backend/Downloads/bearing_complete/GOOD_20241012_011006.jpg
1164,20241012,11059,GOOD,/home/kaizen-ai/Desktop/thrust_bearing_app/python-backend/Downloads/bearing_complete/GOOD_20241012_011059.jpg
1165,20241012,11202,GOOD,/home/kaizen-ai/Desktop/thrust_bearing_app/python-backend/Downloads/bearing_complete/GOOD_20241012_011202.jpg
1166,20241012,11308,GOOD,/home/kaizen-ai/Desktop/thrust_bearing_app/python-backend/Downloads/bearing_complete/GOOD_20241012_011308.jpg
1167,20241012,11411,GOOD,/home/kaizen-ai/Desktop/thrust_bearing_app/python-backend/Downloads/bearing_complete/GOOD_20241012_011411.jpg
1168,20241012,11458,NG,/home/kaizen-ai/Desktop/thrust_bearing_app/python-backend/Downloads/not_good_NG1/NG_20241012_011458.jpg
1169,20241012,11629,GOOD,/home/kaizen-ai/Desktop/thrust_bearing_app/python-backend/Downloads/bearing_complete/GOOD_20241012_011629.jpg
1170,20241012,11801,GOOD,/home/kaizen-ai/Desktop/thrust_bearing_app/python-backend/Downloads/bearing_complete/GOOD_20241012_011801.jpg
1171,20241012,11901,GOOD,/home/kaizen-ai/Desktop/thrust_bearing_app/python-backend/Downloads/bearing_complete/GOOD_20241012_011901.jpg
1172,20241012,12005,GOOD,/home/kaizen-ai/Desktop/thrust_bearing_app/python-backend/Downloads/bearing_complete/GOOD_20241012_012005.jpg
1173,20241012,12104,GOOD,/home/kaizen-ai/Desktop/thrust_bearing_app/python-backend/Downloads/bearing_complete/GOOD_20241012_012104.jpg
1174,20241012,12154,NG,/home/kaizen-ai/Desktop/thrust_bearing_app/python-backend/Downloads/not_good_NG1/NG_20241012_012154.jpg
1175,20241012,12250,GOOD,/home/kaizen-ai/Desktop/thrust_bearing_app/python-backend/Downloads/bearing_complete/GOOD_20241012_012250.jpg
1176,20241012,12359,GOOD,/home/kaizen-ai/Desktop/thrust_bearing_app/python-backend/Downloads/bearing_complete/GOOD_20241012_012359.jpg
1177,20241012,12450,GOOD,/home/kaizen-ai/Desktop/thrust_bearing_app/python-backend/Downloads/bearing_complete/GOOD_20241012_012450.jpg
1178,20241012,12615,GOOD,/home/kaizen-ai/Desktop/thrust_bearing_app/python-backend/Downloads/bearing_complete/GOOD_20241012_012615.jpg
1179,20241012,12816,GOOD,/home/kaizen-ai/Desktop/thrust_bearing_app/python-backend/Downloads/bearing_complete/GOOD_20241012_012816.jpg
1180,20241012,12947,GOOD,/home/kaizen-ai/Desktop/thrust_bearing_app/python-backend/Downloads/bearing_complete/GOOD_20241012_012947.jpg
1181,20241012,13037,GOOD,/home/kaizen-ai/Desktop/thrust_bearing_app/python-backend/Downloads/bearing_complete/GOOD_20241012_013037.jpg
1182,20241012,13136,GOOD,/home/kaizen-ai/Desktop/thrust_bearing_app/python-backend/Downloads/bearing_complete/GOOD_20241012_013136.jpg
1183,20241012,13238,GOOD,/home/kaizen-ai/Desktop/thrust_bearing_app/python-backend/Downloads/bearing_complete/GOOD_20241012_013238.jpg
1184,20241012,13350,GOOD,/home/kaizen-ai/Desktop/thrust_bearing_app/python-backend/Downloads/bearing_complete/GOOD_20241012_013350.jpg
1185,20241012,13517,NG,/home/kaizen-ai/Desktop/thrust_bearing_app/python-backend/Downloads/not_good_NG1/NG_20241012_013517.jpg
1186,20241012,13603,GOOD,/home/kaizen-ai/Desktop/thrust_bearing_app/python-backend/Downloads/bearing_complete/GOOD_20241012_013603.jpg
1187,20241012,13727,GOOD,/home/kaizen-ai/Desktop/thrust_bearing_app/python-backend/Downloads/bearing_complete/GOOD_20241012_013727.jpg
1188,20241012,13827,NG,/home/kaizen-ai/Desktop/thrust_bearing_app/python-backend/Downloads/not_good_NG1/NG_20241012_013827.jpg
1189,20241012,13917,GOOD,/home/kaizen-ai/Desktop/thrust_bearing_app/python-backend/Downloads/bearing_complete/GOOD_20241012_013917.jpg
1190,20241012,14013,NG,/home/kaizen-ai/Desktop/thrust_bearing_app/python-backend/Downloads/not_good_NG1/NG_20241012_014013.jpg
1191,20241012,14131,GOOD,/home/kaizen-ai/Desktop/thrust_bearing_app/python-backend/Downloads/bearing_complete/GOOD_20241012_014131.jpg
1192,20241012,14259,GOOD,/home/kaizen-ai/Desktop/thrust_bearing_app/python-backend/Downloads/bearing_complete/GOOD_20241012_014259.jpg
1193,20241012,14359,GOOD,/home/kaizen-ai/Desktop/thrust_bearing_app/python-backend/Downloads/bearing_complete/GOOD_20241012_014359.jpg
1194,20241012,14504,NG,/home/kaizen-ai/Desktop/thrust_bearing_app/python-backend/Downloads/not_good_NG1/NG_20241012_014504.jpg
1195,20241012,14546,GOOD,/home/kaizen-ai/Desktop/thrust_bearing_app/python-backend/Downloads/bearing_complete/GOOD_20241012_014546.jpg
1196,20241012,14650,NG,/home/kaizen-ai/Desktop/thrust_bearing_app/python-backend/Downloads/not_good_NG1/NG_20241012_014650.jpg
1197,20241012,14807,GOOD,/home/kaizen-ai/Desktop/thrust_bearing_app/python-backend/Downloads/bearing_complete/GOOD_20241012_014807.jpg
1198,20241012,14907,GOOD,/home/kaizen-ai/Desktop/thrust_bearing_app/python-backend/Downloads/bearing_complete/GOOD_20241012_014907.jpg
1199,20241012,15047,GOOD,/home/kaizen-ai/Desktop/thrust_bearing_app/python-backend/Downloads/bearing_complete/GOOD_20241012_015047.jpg
1200,20241012,15128,GOOD,/home/kaizen-ai/Desktop/thrust_bearing_app/python-backend/Downloads/bearing_complete/GOOD_20241012_015128.jpg
1201,20241012,15219,GOOD,/home/kaizen-ai/Desktop/thrust_bearing_app/python-backend/Downloads/bearing_complete/GOOD_20241012_015219.jpg
1202,20241012,15313,GOOD,/home/kaizen-ai/Desktop/thrust_bearing_app/python-backend/Downloads/bearing_complete/GOOD_20241012_015313.jpg
1203,20241012,15408,GOOD,/home/kaizen-ai/Desktop/thrust_bearing_app/python-backend/Downloads/bearing_complete/GOOD_20241012_015408.jpg
1204,20241012,15543,GOOD,/home/kaizen-ai/Desktop/thrust_bearing_app/python-backend/Downloads/bearing_complete/GOOD_20241012_015543.jpg
1205,20241012,15619,GOOD,/home/kaizen-ai/Desktop/thrust_bearing_app/python-backend/Downloads/bearing_complete/GOOD_20241012_015619.jpg
1206,20241012,15802,GOOD,/home/kaizen-ai/Desktop/thrust_bearing_app/python-backend/Downloads/bearing_complete/GOOD_20241012_015802.jpg
1207,20241012,15916,GOOD,/home/kaizen-ai/Desktop/thrust_bearing_app/python-backend/Downloads/bearing_complete/GOOD_20241012_015916.jpg
1208,20241012,20017,GOOD,/home/kaizen-ai/Desktop/thrust_bearing_app/python-backend/Downloads/bearing_complete/GOOD_20241012_020017.jpg
1209,20241012,20120,GOOD,/home/kaizen-ai/Desktop/thrust_bearing_app/python-backend/Downloads/bearing_complete/GOOD_20241012_020120.jpg
1210,20241012,20231,GOOD,/home/kaizen-ai/Desktop/thrust_bearing_app/python-backend/Downloads/bearing_complete/GOOD_20241012_020231.jpg
1211,20241012,20339,GOOD,/home/kaizen-ai/Desktop/thrust_bearing_app/python-backend/Downloads/bearing_complete/GOOD_20241012_020339.jpg
1212,20241012,20425,GOOD,/home/kaizen-ai/Desktop/thrust_bearing_app/python-backend/Downloads/bearing_complete/GOOD_20241012_020425.jpg
1213,20241012,20534,GOOD,/home/kaizen-ai/Desktop/thrust_bearing_app/python-backend/Downloads/bearing_complete/GOOD_20241012_020534.jpg
1214,20241012,20702,NG,/home/kaizen-ai/Desktop/thrust_bearing_app/python-backend/Downloads/not_good_NG1/NG_20241012_020702.jpg
1215,20241012,20816,GOOD,/home/kaizen-ai/Desktop/thrust_bearing_app/python-backend/Downloads/bearing_complete/GOOD_20241012_020816.jpg
1216,20241012,20922,GOOD,/home/kaizen-ai/Desktop/thrust_bearing_app/python-backend/Downloads/bearing_complete/GOOD_20241012_020922.jpg
1217,20241012,21015,GOOD,/home/kaizen-ai/Desktop/thrust_bearing_app/python-backend/Downloads/bearing_complete/GOOD_20241012_021015.jpg
1218,20241012,21134,GOOD,/home/kaizen-ai/Desktop/thrust_bearing_app/python-backend/Downloads/bearing_complete/GOOD_20241012_021134.jpg
1219,20241012,21236,GOOD,/home/kaizen-ai/Desktop/thrust_bearing_app/python-backend/Downloads/bearing_complete/GOOD_20241012_021236.jpg
1220,20241012,21338,NG,/home/kaizen-ai/Desktop/thrust_bearing_app/python-backend/Downloads/not_good_NG1/NG_20241012_021338.jpg
1221,20241012,21454,GOOD,/home/kaizen-ai/Desktop/thrust_bearing_app/python-backend/Downloads/bearing_complete/GOOD_20241012_021454.jpg
1222,20241012,21546,NG,/home/kaizen-ai/Desktop/thrust_bearing_app/python-backend/Downloads/not_good_NG1/NG_20241012_021546.jpg
1223,20241012,21631,GOOD,/home/kaizen-ai/Desktop/thrust_bearing_app/python-backend/Downloads/bearing_complete/GOOD_20241012_021631.jpg
1224,20241012,21732,GOOD,/home/kaizen-ai/Desktop/thrust_bearing_app/python-backend/Downloads/bearing_complete/GOOD_20241012_021732.jpg
1225,20241012,21830,GOOD,/home/kaizen-ai/Desktop/thrust_bearing_app/python-backend/Downloads/bearing_complete/GOOD_20241012_021830.jpg
1226,20241012,21958,GOOD,/home/kaizen-ai/Desktop/thrust_bearing_app/python-backend/Downloads/bearing_complete/GOOD_20241012_021958.jpg
1227,20241012,22054,NG,/home/kaizen-ai/Desktop/thrust_bearing_app/python-backend/Downloads/not_good_NG1/NG_20241012_022054.jpg
1228,20241012,22243,NG,/home/kaizen-ai/Desktop/thrust_bearing_app/python-backend/Downloads/not_good_NG1/NG_20241012_022243.jpg
1229,20241012,22348,GOOD,/home/kaizen-ai/Desktop/thrust_bearing_app/python-backend/Downloads/bearing_complete/GOOD_20241012_022348.jpg
1230,20241012,22509,GOOD,/home/kaizen-ai/Desktop/thrust_bearing_app/python-backend/Downloads/bearing_complete/GOOD_20241012_022509.jpg
1231,20241012,22558,GOOD,/home/kaizen-ai/Desktop/thrust_bearing_app/python-backend/Downloads/bearing_complete/GOOD_20241012_022558.jpg
1232,20241012,22653,GOOD,/home/kaizen-ai/Desktop/thrust_bearing_app/python-backend/Downloads/bearing_complete/GOOD_20241012_022653.jpg
1233,20241012,22746,NG,/home/kaizen-ai/Desktop/thrust_bearing_app/python-backend/Downloads/not_good_NG1/NG_20241012_022746.jpg
1234,20241012,22834,NG,/home/kaizen-ai/Desktop/thrust_bearing_app/python-backend/Downloads/not_good_NG1/NG_20241012_022834.jpg
1235,20241012,22938,NG,/home/kaizen-ai/Desktop/thrust_bearing_app/python-backend/Downloads/not_good_NG2/NG_20241012_022938.jpg
1236,20241012,23018,GOOD,/home/kaizen-ai/Desktop/thrust_bearing_app/python-backend/Downloads/bearing_complete/GOOD_20241012_023018.jpg
1237,20241012,24151,GOOD,/home/kaizen-ai/Desktop/thrust_bearing_app/python-backend/Downloads/bearing_complete/GOOD_20241012_024151.jpg
1238,20241012,24247,NG,/home/kaizen-ai/Desktop/thrust_bearing_app/python-backend/Downloads/not_good_NG1/NG_20241012_024247.jpg
1239,20241012,24417,NG,/home/kaizen-ai/Desktop/thrust_bearing_app/python-backend/Downloads/not_good_NG3/NG_20241012_024417.jpg
1240,20241012,24527,GOOD,/home/kaizen-ai/Desktop/thrust_bearing_app/python-backend/Downloads/bearing_complete/GOOD_20241012_024527.jpg
1241,20241012,24641,GOOD,/home/kaizen-ai/Desktop/thrust_bearing_app/python-backend/Downloads/bearing_complete/GOOD_20241012_024641.jpg
1242,20241012,24740,GOOD,/home/kaizen-ai/Desktop/thrust_bearing_app/python-backend/Downloads/bearing_complete/GOOD_20241012_024740.jpg
1243,20241012,24857,GOOD,/home/kaizen-ai/Desktop/thrust_bearing_app/python-backend/Downloads/bearing_complete/GOOD_20241012_024857.jpg
1244,20241012,25019,GOOD,/home/kaizen-ai/Desktop/thrust_bearing_app/python-backend/Downloads/bearing_complete/GOOD_20241012_025019.jpg
1245,20241012,25131,GOOD,/home/kaizen-ai/Desktop/thrust_bearing_app/python-backend/Downloads/bearing_complete/GOOD_20241012_025131.jpg
1246,20241012,25237,GOOD,/home/kaizen-ai/Desktop/thrust_bearing_app/python-backend/Downloads/bearing_complete/GOOD_20241012_025237.jpg
1247,20241012,25331,GOOD,/home/kaizen-ai/Desktop/thrust_bearing_app/python-backend/Downloads/bearing_complete/GOOD_20241012_025331.jpg
1248,20241012,25436,GOOD,/home/kaizen-ai/Desktop/thrust_bearing_app/python-backend/Downloads/bearing_complete/GOOD_20241012_025436.jpg
1249,20241012,25611,GOOD,/home/kaizen-ai/Desktop/thrust_bearing_app/python-backend/Downloads/bearing_complete/GOOD_20241012_025611.jpg
1250,20241012,25722,GOOD,/home/kaizen-ai/Desktop/thrust_bearing_app/python-backend/Downloads/bearing_complete/GOOD_20241012_025722.jpg
1251,20241012,25834,GOOD,/home/kaizen-ai/Desktop/thrust_bearing_app/python-backend/Downloads/bearing_complete/GOOD_20241012_025834.jpg
1252,20241012,25913,GOOD,/home/kaizen-ai/Desktop/thrust_bearing_app/python-backend/Downloads/bearing_complete/GOOD_20241012_025913.jpg
1253,20241012,30008,GOOD,/home/kaizen-ai/Desktop/thrust_bearing_app/python-backend/Downloads/bearing_complete/GOOD_20241012_030008.jpg
1254,20241012,30109,GOOD,/home/kaizen-ai/Desktop/thrust_bearing_app/python-backend/Downloads/bearing_complete/GOOD_20241012_030109.jpg
1255,20241012,30208,GOOD,/home/kaizen-ai/Desktop/thrust_bearing_app/python-backend/Downloads/bearing_complete/GOOD_20241012_030208.jpg
1256,20241012,30321,GOOD,/home/kaizen-ai/Desktop/thrust_bearing_app/python-backend/Downloads/bearing_complete/GOOD_20241012_030321.jpg
1257,20241012,30419,GOOD,/home/kaizen-ai/Desktop/thrust_bearing_app/python-backend/Downloads/bearing_complete/GOOD_20241012_030419.jpg
1258,20241012,30552,GOOD,/home/kaizen-ai/Desktop/thrust_bearing_app/python-backend/Downloads/bearing_complete/GOOD_20241012_030552.jpg
1259,20241012,30654,NG,/home/kaizen-ai/Desktop/thrust_bearing_app/python-backend/Downloads/not_good_NG1/NG_20241012_030654.jpg
1260,20241012,30759,GOOD,/home/kaizen-ai/Desktop/thrust_bearing_app/python-backend/Downloads/bearing_complete/GOOD_20241012_030759.jpg
1261,20241012,30901,GOOD,/home/kaizen-ai/Desktop/thrust_bearing_app/python-backend/Downloads/bearing_complete/GOOD_20241012_030901.jpg
1262,20241012,30958,GOOD,/home/kaizen-ai/Desktop/thrust_bearing_app/python-backend/Downloads/bearing_complete/GOOD_20241012_030958.jpg
1263,20241012,31037,GOOD,/home/kaizen-ai/Desktop/thrust_bearing_app/python-backend/Downloads/bearing_complete/GOOD_20241012_031037.jpg
1264,20241012,31127,GOOD,/home/kaizen-ai/Desktop/thrust_bearing_app/python-backend/Downloads/bearing_complete/GOOD_20241012_031127.jpg
1265,20241012,31236,GOOD,/home/kaizen-ai/Desktop/thrust_bearing_app/python-backend/Downloads/bearing_complete/GOOD_20241012_031236.jpg
1266,20241012,31347,GOOD,/home/kaizen-ai/Desktop/thrust_bearing_app/python-backend/Downloads/bearing_complete/GOOD_20241012_031347.jpg
1267,20241012,31436,GOOD,/home/kaizen-ai/Desktop/thrust_bearing_app/python-backend/Downloads/bearing_complete/GOOD_20241012_031436.jpg
1268,20241012,31614,GOOD,/home/kaizen-ai/Desktop/thrust_bearing_app/python-backend/Downloads/bearing_complete/GOOD_20241012_031614.jpg
1269,20241012,31722,GOOD,/home/kaizen-ai/Desktop/thrust_bearing_app/python-backend/Downloads/bearing_complete/GOOD_20241012_031722.jpg
1270,20241012,31833,NG,/home/kaizen-ai/Desktop/thrust_bearing_app/python-backend/Downloads/not_good_NG1/NG_20241012_031833.jpg
1271,20241012,31932,GOOD,/home/kaizen-ai/Desktop/thrust_bearing_app/python-backend/Downloads/bearing_complete/GOOD_20241012_031932.jpg
1272,20241012,32028,GOOD,/home/kaizen-ai/Desktop/thrust_bearing_app/python-backend/Downloads/bearing_complete/GOOD_20241012_032028.jpg
1273,20241012,32203,GOOD,/home/kaizen-ai/Desktop/thrust_bearing_app/python-backend/Downloads/bearing_complete/GOOD_20241012_032203.jpg
1274,20241012,32312,GOOD,/home/kaizen-ai/Desktop/thrust_bearing_app/python-backend/Downloads/bearing_complete/GOOD_20241012_032312.jpg
1275,20241012,32418,NG,/home/kaizen-ai/Desktop/thrust_bearing_app/python-backend/Downloads/not_good_NG1/NG_20241012_032418.jpg
1276,20241012,32459,GOOD,/home/kaizen-ai/Desktop/thrust_bearing_app/python-backend/Downloads/bearing_complete/GOOD_20241012_032459.jpg
1277,20241012,32620,GOOD,/home/kaizen-ai/Desktop/thrust_bearing_app/python-backend/Downloads/bearing_complete/GOOD_20241012_032620.jpg
1278,20241012,32732,GOOD,/home/kaizen-ai/Desktop/thrust_bearing_app/python-backend/Downloads/bearing_complete/GOOD_20241012_032732.jpg
1279,20241012,32939,GOOD,/home/kaizen-ai/Desktop/thrust_bearing_app/python-backend/Downloads/bearing_complete/GOOD_20241012_032939.jpg
1280,20241012,33042,NG,/home/kaizen-ai/Desktop/thrust_bearing_app/python-backend/Downloads/not_good_NG1/NG_20241012_033042.jpg
1281,20241012,33148,GOOD,/home/kaizen-ai/Desktop/thrust_bearing_app/python-backend/Downloads/bearing_complete/GOOD_20241012_033148.jpg
1282,20241012,33300,GOOD,/home/kaizen-ai/Desktop/thrust_bearing_app/python-backend/Downloads/bearing_complete/GOOD_20241012_033300.jpg
1283,20241012,33346,GOOD,/home/kaizen-ai/Desktop/thrust_bearing_app/python-backend/Downloads/bearing_complete/GOOD_20241012_033346.jpg
1284,20241012,33441,GOOD,/home/kaizen-ai/Desktop/thrust_bearing_app/python-backend/Downloads/bearing_complete/GOOD_20241012_033441.jpg
1285,20241012,33546,GOOD,/home/kaizen-ai/Desktop/thrust_bearing_app/python-backend/Downloads/bearing_complete/GOOD_20241012_033546.jpg
1286,20241012,33730,GOOD,/home/kaizen-ai/Desktop/thrust_bearing_app/python-backend/Downloads/bearing_complete/GOOD_20241012_033730.jpg
1287,20241012,33830,GOOD,/home/kaizen-ai/Desktop/thrust_bearing_app/python-backend/Downloads/bearing_complete/GOOD_20241012_033830.jpg
1288,20241012,33938,NG,/home/kaizen-ai/Desktop/thrust_bearing_app/python-backend/Downloads/not_good_NG1/NG_20241012_033938.jpg
1289,20241012,34009,GOOD,/home/kaizen-ai/Desktop/thrust_bearing_app/python-backend/Downloads/bearing_complete/GOOD_20241012_034009.jpg
1290,20241012,34110,GOOD,/home/kaizen-ai/Desktop/thrust_bearing_app/python-backend/Downloads/bearing_complete/GOOD_20241012_034110.jpg
1291,20241012,34206,NG,/home/kaizen-ai/Desktop/thrust_bearing_app/python-backend/Downloads/not_good_NG1/NG_20241012_034206.jpg
1292,20241012,34359,NG,/home/kaizen-ai/Desktop/thrust_bearing_app/python-backend/Downloads/not_good_NG1/NG_20241012_034359.jpg
1293,20241012,34503,GOOD,/home/kaizen-ai/Desktop/thrust_bearing_app/python-backend/Downloads/bearing_complete/GOOD_20241012_034503.jpg
1294,20241012,34611,GOOD,/home/kaizen-ai/Desktop/thrust_bearing_app/python-backend/Downloads/bearing_complete/GOOD_20241012_034611.jpg
1295,20241012,34717,GOOD,/home/kaizen-ai/Desktop/thrust_bearing_app/python-backend/Downloads/bearing_complete/GOOD_20241012_034717.jpg
1296,20241012,34822,GOOD,/home/kaizen-ai/Desktop/thrust_bearing_app/python-backend/Downloads/bearing_complete/GOOD_20241012_034822.jpg
1297,20241012,34925,GOOD,/home/kaizen-ai/Desktop/thrust_bearing_app/python-backend/Downloads/bearing_complete/GOOD_20241012_034925.jpg
1298,20241012,35047,GOOD,/home/kaizen-ai/Desktop/thrust_bearing_app/python-backend/Downloads/bearing_complete/GOOD_20241012_035047.jpg
1299,20241012,35141,GOOD,/home/kaizen-ai/Desktop/thrust_bearing_app/python-backend/Downloads/bearing_complete/GOOD_20241012_035141.jpg
1300,20241012,35233,GOOD,/home/kaizen-ai/Desktop/thrust_bearing_app/python-backend/Downloads/bearing_complete/GOOD_20241012_035233.jpg
1301,20241012,35339,NG,/home/kaizen-ai/Desktop/thrust_bearing_app/python-backend/Downloads/not_good_NG1/NG_20241012_035339.jpg
1302,20241012,35434,GOOD,/home/kaizen-ai/Desktop/thrust_bearing_app/python-backend/Downloads/bearing_complete/GOOD_20241012_035434.jpg
1303,20241012,35556,NG,/home/kaizen-ai/Desktop/thrust_bearing_app/python-backend/Downloads/not_good_NG1/NG_20241012_035556.jpg
1304,20241012,35645,GOOD,/home/kaizen-ai/Desktop/thrust_bearing_app/python-backend/Downloads/bearing_complete/GOOD_20241012_035645.jpg
1305,20241012,35812,GOOD,/home/kaizen-ai/Desktop/thrust_bearing_app/python-backend/Downloads/bearing_complete/GOOD_20241012_035812.jpg
1306,20241012,35902,GOOD,/home/kaizen-ai/Desktop/thrust_bearing_app/python-backend/Downloads/bearing_complete/GOOD_20241012_035902.jpg
1307,20241012,35956,GOOD,/home/kaizen-ai/Desktop/thrust_bearing_app/python-backend/Downloads/bearing_complete/GOOD_20241012_035956.jpg
1308,20241012,40115,GOOD,/home/kaizen-ai/Desktop/thrust_bearing_app/python-backend/Downloads/bearing_complete/GOOD_20241012_040115.jpg
1309,20241012,40225,GOOD,/home/kaizen-ai/Desktop/thrust_bearing_app/python-backend/Downloads/bearing_complete/GOOD_20241012_040225.jpg
1310,20241012,40330,NG,/home/kaizen-ai/Desktop/thrust_bearing_app/python-backend/Downloads/not_good_NG1/NG_20241012_040330.jpg
1311,20241012,40427,NG,/home/kaizen-ai/Desktop/thrust_bearing_app/python-backend/Downloads/not_good_NG1/NG_20241012_040427.jpg
1312,20241012,40525,NG,/home/kaizen-ai/Desktop/thrust_bearing_app/python-backend/Downloads/not_good_NG1/NG_20241012_040525.jpg
1313,20241012,40614,GOOD,/home/kaizen-ai/Desktop/thrust_bearing_app/python-backend/Downloads/bearing_complete/GOOD_20241012_040614.jpg
1314,20241012,40736,NG,/home/kaizen-ai/Desktop/thrust_bearing_app/python-backend/Downloads/not_good_NG1/NG_20241012_040736.jpg
1315,20241012,40827,NG,/home/kaizen-ai/Desktop/thrust_bearing_app/python-backend/Downloads/not_good_NG1/NG_20241012_040827.jpg
1316,20241012,40931,GOOD,/home/kaizen-ai/Desktop/thrust_bearing_app/python-backend/Downloads/bearing_complete/GOOD_20241012_040931.jpg
1317,20241012,41043,GOOD,/home/kaizen-ai/Desktop/thrust_bearing_app/python-backend/Downloads/bearing_complete/GOOD_20241012_041043.jpg
1318,20241012,41144,GOOD,/home/kaizen-ai/Desktop/thrust_bearing_app/python-backend/Downloads/bearing_complete/GOOD_20241012_041144.jpg
1319,20241012,41300,GOOD,/home/kaizen-ai/Desktop/thrust_bearing_app/python-backend/Downloads/bearing_complete/GOOD_20241012_041300.jpg
1320,20241012,41413,GOOD,/home/kaizen-ai/Desktop/thrust_bearing_app/python-backend/Downloads/bearing_complete/GOOD_20241012_041413.jpg
1321,20241012,41549,GOOD,/home/kaizen-ai/Desktop/thrust_bearing_app/python-backend/Downloads/bearing_complete/GOOD_20241012_041549.jpg
1322,20241012,41646,GOOD,/home/kaizen-ai/Desktop/thrust_bearing_app/python-backend/Downloads/bearing_complete/GOOD_20241012_041646.jpg
1323,20241012,41726,GOOD,/home/kaizen-ai/Desktop/thrust_bearing_app/python-backend/Downloads/bearing_complete/GOOD_20241012_041726.jpg
1324,20241012,41855,NG,/home/kaizen-ai/Desktop/thrust_bearing_app/python-backend/Downloads/not_good_NG1/NG_20241012_041855.jpg
1325,20241012,41930,NG,/home/kaizen-ai/Desktop/thrust_bearing_app/python-backend/Downloads/not_good_NG1/NG_20241012_041930.jpg
1326,20241012,42043,GOOD,/home/kaizen-ai/Desktop/thrust_bearing_app/python-backend/Downloads/bearing_complete/GOOD_20241012_042043.jpg
1327,20241012,42141,NG,/home/kaizen-ai/Desktop/thrust_bearing_app/python-backend/Downloads/not_good_NG1/NG_20241012_042141.jpg
1328,20241012,42303,GOOD,/home/kaizen-ai/Desktop/thrust_bearing_app/python-backend/Downloads/bearing_complete/GOOD_20241012_042303.jpg
1329,20241012,42514,NG,/home/kaizen-ai/Desktop/thrust_bearing_app/python-backend/Downloads/not_good_NG1/NG_20241012_042514.jpg
1330,20241012,42556,NG,/home/kaizen-ai/Desktop/thrust_bearing_app/python-backend/Downloads/not_good_NG1/NG_20241012_042556.jpg
1331,20241012,42659,GOOD,/home/kaizen-ai/Desktop/thrust_bearing_app/python-backend/Downloads/bearing_complete/GOOD_20241012_042659.jpg
1332,20241012,42744,GOOD,/home/kaizen-ai/Desktop/thrust_bearing_app/python-backend/Downloads/bearing_complete/GOOD_20241012_042744.jpg
1333,20241012,42840,NG,/home/kaizen-ai/Desktop/thrust_bearing_app/python-backend/Downloads/not_good_NG1/NG_20241012_042840.jpg
1334,20241012,42949,GOOD,/home/kaizen-ai/Desktop/thrust_bearing_app/python-backend/Downloads/bearing_complete/GOOD_20241012_042949.jpg
1335,20241012,50039,GOOD,/home/kaizen-ai/Desktop/thrust_bearing_app/python-backend/Downloads/bearing_complete/GOOD_20241012_050039.jpg
1336,20241012,50159,GOOD,/home/kaizen-ai/Desktop/thrust_bearing_app/python-backend/Downloads/bearing_complete/GOOD_20241012_050159.jpg
1337,20241012,50256,GOOD,/home/kaizen-ai/Desktop/thrust_bearing_app/python-backend/Downloads/bearing_complete/GOOD_20241012_050256.jpg
1338,20241012,50431,GOOD,/home/kaizen-ai/Desktop/thrust_bearing_app/python-backend/Downloads/bearing_complete/GOOD_20241012_050431.jpg
1339,20241012,50520,GOOD,/home/kaizen-ai/Desktop/thrust_bearing_app/python-backend/Downloads/bearing_complete/GOOD_20241012_050520.jpg
1340,20241012,50637,GOOD,/home/kaizen-ai/Desktop/thrust_bearing_app/python-backend/Downloads/bearing_complete/GOOD_20241012_050637.jpg
1341,20241012,50730,GOOD,/home/kaizen-ai/Desktop/thrust_bearing_app/python-backend/Downloads/bearing_complete/GOOD_20241012_050730.jpg
1342,20241012,50937,GOOD,/home/kaizen-ai/Desktop/thrust_bearing_app/python-backend/Downloads/bearing_complete/GOOD_20241012_050937.jpg
1343,20241012,51032,GOOD,/home/kaizen-ai/Desktop/thrust_bearing_app/python-backend/Downloads/bearing_complete/GOOD_20241012_051032.jpg
1344,20241012,51151,GOOD,/home/kaizen-ai/Desktop/thrust_bearing_app/python-backend/Downloads/bearing_complete/GOOD_20241012_051151.jpg
1345,20241012,51248,GOOD,/home/kaizen-ai/Desktop/thrust_bearing_app/python-backend/Downloads/bearing_complete/GOOD_20241012_051248.jpg
1346,20241012,51340,GOOD,/home/kaizen-ai/Desktop/thrust_bearing_app/python-backend/Downloads/bearing_complete/GOOD_20241012_051340.jpg
1347,20241012,51430,NG,/home/kaizen-ai/Desktop/thrust_bearing_app/python-backend/Downloads/not_good_NG1/NG_20241012_051430.jpg
1348,20241012,51531,GOOD,/home/kaizen-ai/Desktop/thrust_bearing_app/python-backend/Downloads/bearing_complete/GOOD_20241012_051531.jpg
1349,20241012,51614,GOOD,/home/kaizen-ai/Desktop/thrust_bearing_app/python-backend/Downloads/bearing_complete/GOOD_20241012_051614.jpg
1350,20241012,51705,NG,/home/kaizen-ai/Desktop/thrust_bearing_app/python-backend/Downloads/not_good_NG1/NG_20241012_051705.jpg
1351,20241012,51753,GOOD,/home/kaizen-ai/Desktop/thrust_bearing_app/python-backend/Downloads/bearing_complete/GOOD_20241012_051753.jpg
1352,20241012,51850,GOOD,/home/kaizen-ai/Desktop/thrust_bearing_app/python-backend/Downloads/bearing_complete/GOOD_20241012_051850.jpg
1353,20241012,51950,GOOD,/home/kaizen-ai/Desktop/thrust_bearing_app/python-backend/Downloads/bearing_complete/GOOD_20241012_051950.jpg
1354,20241012,52131,GOOD,/home/kaizen-ai/Desktop/thrust_bearing_app/python-backend/Downloads/bearing_complete/GOOD_20241012_052131.jpg
1355,20241012,52223,GOOD,/home/kaizen-ai/Desktop/thrust_bearing_app/python-backend/Downloads/bearing_complete/GOOD_20241012_052223.jpg
1356,20241012,52330,NG,/home/kaizen-ai/Desktop/thrust_bearing_app/python-backend/Downloads/not_good_NG1/NG_20241012_052330.jpg
1357,20241012,52426,GOOD,/home/kaizen-ai/Desktop/thrust_bearing_app/python-backend/Downloads/bearing_complete/GOOD_20241012_052426.jpg
1358,20241012,52521,NG,/home/kaizen-ai/Desktop/thrust_bearing_app/python-backend/Downloads/not_good_NG3/NG_20241012_052521.jpg
1359,20241012,52616,GOOD,/home/kaizen-ai/Desktop/thrust_bearing_app/python-backend/Downloads/bearing_complete/GOOD_20241012_052616.jpg
1360,20241012,52734,NG,/home/kaizen-ai/Desktop/thrust_bearing_app/python-backend/Downloads/not_good_NG1/NG_20241012_052734.jpg
1361,20241012,52853,GOOD,/home/kaizen-ai/Desktop/thrust_bearing_app/python-backend/Downloads/bearing_complete/GOOD_20241012_052853.jpg
1362,20241012,52953,GOOD,/home/kaizen-ai/Desktop/thrust_bearing_app/python-backend/Downloads/bearing_complete/GOOD_20241012_052953.jpg
1363,20241012,53114,GOOD,/home/kaizen-ai/Desktop/thrust_bearing_app/python-backend/Downloads/bearing_complete/GOOD_20241012_053114.jpg
1364,20241012,53200,GOOD,/home/kaizen-ai/Desktop/thrust_bearing_app/python-backend/Downloads/bearing_complete/GOOD_20241012_053200.jpg
1365,20241012,53252,GOOD,/home/kaizen-ai/Desktop/thrust_bearing_app/python-backend/Downloads/bearing_complete/GOOD_20241012_053252.jpg
1366,20241012,53358,GOOD,/home/kaizen-ai/Desktop/thrust_bearing_app/python-backend/Downloads/bearing_complete/GOOD_20241012_053358.jpg
1367,20241012,53504,GOOD,/home/kaizen-ai/Desktop/thrust_bearing_app/python-backend/Downloads/bearing_complete/GOOD_20241012_053504.jpg
1368,20241012,53557,GOOD,/home/kaizen-ai/Desktop/thrust_bearing_app/python-backend/Downloads/bearing_complete/GOOD_20241012_053557.jpg
1369,20241012,53650,GOOD,/home/kaizen-ai/Desktop/thrust_bearing_app/python-backend/Downloads/bearing_complete/GOOD_20241012_053650.jpg
1370,20241012,53757,GOOD,/home/kaizen-ai/Desktop/thrust_bearing_app/python-backend/Downloads/bearing_complete/GOOD_20241012_053757.jpg
1371,20241012,53906,GOOD,/home/kaizen-ai/Desktop/thrust_bearing_app/python-backend/Downloads/bearing_complete/GOOD_20241012_053906.jpg
1372,20241012,54034,GOOD,/home/kaizen-ai/Desktop/thrust_bearing_app/python-backend/Downloads/bearing_complete/GOOD_20241012_054034.jpg
1373,20241012,54153,GOOD,/home/kaizen-ai/Desktop/thrust_bearing_app/python-backend/Downloads/bearing_complete/GOOD_20241012_054153.jpg
1374,20241012,54323,GOOD,/home/kaizen-ai/Desktop/thrust_bearing_app/python-backend/Downloads/bearing_complete/GOOD_20241012_054323.jpg
1375,20241014,72258,GOOD,/home/kaizen-ai/Desktop/thrust_bearing_app/python-backend/Downloads/bearing_complete/GOOD_20241014_072258.jpg
1376,20241014,72347,GOOD,/home/kaizen-ai/Desktop/thrust_bearing_app/python-backend/Downloads/bearing_complete/GOOD_20241014_072347.jpg
1377,20241014,72512,GOOD,/home/kaizen-ai/Desktop/thrust_bearing_app/python-backend/Downloads/bearing_complete/GOOD_20241014_072512.jpg
1378,20241014,72643,GOOD,/home/kaizen-ai/Desktop/thrust_bearing_app/python-backend/Downloads/bearing_complete/GOOD_20241014_072643.jpg
1379,20241014,72812,GOOD,/home/kaizen-ai/Desktop/thrust_bearing_app/python-backend/Downloads/bearing_complete/GOOD_20241014_072812.jpg
1380,20241014,72933,GOOD,/home/kaizen-ai/Desktop/thrust_bearing_app/python-backend/Downloads/bearing_complete/GOOD_20241014_072933.jpg
1381,20241014,73053,GOOD,/home/kaizen-ai/Desktop/thrust_bearing_app/python-backend/Downloads/bearing_complete/GOOD_20241014_073053.jpg
1382,20241014,73203,GOOD,/home/kaizen-ai/Desktop/thrust_bearing_app/python-backend/Downloads/bearing_complete/GOOD_20241014_073203.jpg
1383,20241014,73303,GOOD,/home/kaizen-ai/Desktop/thrust_bearing_app/python-backend/Downloads/bearing_complete/GOOD_20241014_073303.jpg
1384,20241014,73426,GOOD,/home/kaizen-ai/Desktop/thrust_bearing_app/python-backend/Downloads/bearing_complete/GOOD_20241014_073426.jpg
1385,20241014,73537,GOOD,/home/kaizen-ai/Desktop/thrust_bearing_app/python-backend/Downloads/bearing_complete/GOOD_20241014_073537.jpg
1386,20241014,73639,GOOD,/home/kaizen-ai/Desktop/thrust_bearing_app/python-backend/Downloads/bearing_complete/GOOD_20241014_073639.jpg
1387,20241014,73745,GOOD,/home/kaizen-ai/Desktop/thrust_bearing_app/python-backend/Downloads/bearing_complete/GOOD_20241014_073745.jpg
1388,20241014,73850,GOOD,/home/kaizen-ai/Desktop/thrust_bearing_app/python-backend/Downloads/bearing_complete/GOOD_20241014_073850.jpg
1389,20241014,73952,GOOD,/home/kaizen-ai/Desktop/thrust_bearing_app/python-backend/Downloads/bearing_complete/GOOD_20241014_073952.jpg
1390,20241014,74031,GOOD,/home/kaizen-ai/Desktop/thrust_bearing_app/python-backend/Downloads/bearing_complete/GOOD_20241014_074031.jpg
1391,20241014,74135,GOOD,/home/kaizen-ai/Desktop/thrust_bearing_app/python-backend/Downloads/bearing_complete/GOOD_20241014_074135.jpg
1392,20241014,74250,GOOD,/home/kaizen-ai/Desktop/thrust_bearing_app/python-backend/Downloads/bearing_complete/GOOD_20241014_074250.jpg
1393,20241014,74343,GOOD,/home/kaizen-ai/Desktop/thrust_bearing_app/python-backend/Downloads/bearing_complete/GOOD_20241014_074343.jpg
1394,20241014,74533,GOOD,/home/kaizen-ai/Desktop/thrust_bearing_app/python-backend/Downloads/bearing_complete/GOOD_20241014_074533.jpg
1395,20241014,74627,GOOD,/home/kaizen-ai/Desktop/thrust_bearing_app/python-backend/Downloads/bearing_complete/GOOD_20241014_074627.jpg
1396,20241014,74722,GOOD,/home/kaizen-ai/Desktop/thrust_bearing_app/python-backend/Downloads/bearing_complete/GOOD_20241014_074722.jpg
1397,20241014,74827,GOOD,/home/kaizen-ai/Desktop/thrust_bearing_app/python-backend/Downloads/bearing_complete/GOOD_20241014_074827.jpg
1398,20241014,74921,GOOD,/home/kaizen-ai/Desktop/thrust_bearing_app/python-backend/Downloads/bearing_complete/GOOD_20241014_074921.jpg
1399,20241014,75015,GOOD,/home/kaizen-ai/Desktop/thrust_bearing_app/python-backend/Downloads/bearing_complete/GOOD_20241014_075015.jpg
1400,20241014,75117,GOOD,/home/kaizen-ai/Desktop/thrust_bearing_app/python-backend/Downloads/bearing_complete/GOOD_20241014_075117.jpg
1401,20241014,75234,GOOD,/home/kaizen-ai/Desktop/thrust_bearing_app/python-backend/Downloads/bearing_complete/GOOD_20241014_075234.jpg
1402,20241014,75352,GOOD,/home/kaizen-ai/Desktop/thrust_bearing_app/python-backend/Downloads/bearing_complete/GOOD_20241014_075352.jpg
1403,20241014,75457,GOOD,/home/kaizen-ai/Desktop/thrust_bearing_app/python-backend/Downloads/bearing_complete/GOOD_20241014_075457.jpg
1404,20241014,75555,GOOD,/home/kaizen-ai/Desktop/thrust_bearing_app/python-backend/Downloads/bearing_complete/GOOD_20241014_075555.jpg
1405,20241014,75719,GOOD,/home/kaizen-ai/Desktop/thrust_bearing_app/python-backend/Downloads/bearing_complete/GOOD_20241014_075719.jpg
1406,20241014,75814,GOOD,/home/kaizen-ai/Desktop/thrust_bearing_app/python-backend/Downloads/bearing_complete/GOOD_20241014_075814.jpg
1407,20241014,80039,GOOD,/home/kaizen-ai/Desktop/thrust_bearing_app/python-backend/Downloads/bearing_complete/GOOD_20241014_080039.jpg
1408,20241014,80203,GOOD,/home/kaizen-ai/Desktop/thrust_bearing_app/python-backend/Downloads/bearing_complete/GOOD_20241014_080203.jpg
1409,20241014,80254,GOOD,/home/kaizen-ai/Desktop/thrust_bearing_app/python-backend/Downloads/bearing_complete/GOOD_20241014_080254.jpg
1410,20241014,80415,GOOD,/home/kaizen-ai/Desktop/thrust_bearing_app/python-backend/Downloads/bearing_complete/GOOD_20241014_080415.jpg
1411,20241014,80517,GOOD,/home/kaizen-ai/Desktop/thrust_bearing_app/python-backend/Downloads/bearing_complete/GOOD_20241014_080517.jpg
1412,20241014,80621,GOOD,/home/kaizen-ai/Desktop/thrust_bearing_app/python-backend/Downloads/bearing_complete/GOOD_20241014_080621.jpg
1413,20241014,80730,GOOD,/home/kaizen-ai/Desktop/thrust_bearing_app/python-backend/Downloads/bearing_complete/GOOD_20241014_080730.jpg
1414,20241014,80840,GOOD,/home/kaizen-ai/Desktop/thrust_bearing_app/python-backend/Downloads/bearing_complete/GOOD_20241014_080840.jpg
1415,20241014,80948,GOOD,/home/kaizen-ai/Desktop/thrust_bearing_app/python-backend/Downloads/bearing_complete/GOOD_20241014_080948.jpg
1416,20241014,81046,GOOD,/home/kaizen-ai/Desktop/thrust_bearing_app/python-backend/Downloads/bearing_complete/GOOD_20241014_081046.jpg
1417,20241014,81127,GOOD,/home/kaizen-ai/Desktop/thrust_bearing_app/python-backend/Downloads/bearing_complete/GOOD_20241014_081127.jpg
1418,20241014,81226,GOOD,/home/kaizen-ai/Desktop/thrust_bearing_app/python-backend/Downloads/bearing_complete/GOOD_20241014_081226.jpg
1419,20241014,81326,GOOD,/home/kaizen-ai/Desktop/thrust_bearing_app/python-backend/Downloads/bearing_complete/GOOD_20241014_081326.jpg
1420,20241014,81509,GOOD,/home/kaizen-ai/Desktop/thrust_bearing_app/python-backend/Downloads/bearing_complete/GOOD_20241014_081509.jpg
1421,20241014,81603,GOOD,/home/kaizen-ai/Desktop/thrust_bearing_app/python-backend/Downloads/bearing_complete/GOOD_20241014_081603.jpg
1422,20241014,81658,GOOD,/home/kaizen-ai/Desktop/thrust_bearing_app/python-backend/Downloads/bearing_complete/GOOD_20241014_081658.jpg
1423,20241014,81809,GOOD,/home/kaizen-ai/Desktop/thrust_bearing_app/python-backend/Downloads/bearing_complete/GOOD_20241014_081809.jpg
1424,20241014,81917,GOOD,/home/kaizen-ai/Desktop/thrust_bearing_app/python-backend/Downloads/bearing_complete/GOOD_20241014_081917.jpg
1425,20241014,82029,GOOD,/home/kaizen-ai/Desktop/thrust_bearing_app/python-backend/Downloads/bearing_complete/GOOD_20241014_082029.jpg
1426,20241014,82209,GOOD,/home/kaizen-ai/Desktop/thrust_bearing_app/python-backend/Downloads/bearing_complete/GOOD_20241014_082209.jpg
1427,20241014,82309,GOOD,/home/kaizen-ai/Desktop/thrust_bearing_app/python-backend/Downloads/bearing_complete/GOOD_20241014_082309.jpg
1428,20241014,82413,GOOD,/home/kaizen-ai/Desktop/thrust_bearing_app/python-backend/Downloads/bearing_complete/GOOD_20241014_082413.jpg
1429,20241014,82510,GOOD,/home/kaizen-ai/Desktop/thrust_bearing_app/python-backend/Downloads/bearing_complete/GOOD_20241014_082510.jpg
1430,20241014,82610,GOOD,/home/kaizen-ai/Desktop/thrust_bearing_app/python-backend/Downloads/bearing_complete/GOOD_20241014_082610.jpg
1431,20241014,82717,GOOD,/home/kaizen-ai/Desktop/thrust_bearing_app/python-backend/Downloads/bearing_complete/GOOD_20241014_082717.jpg
1432,20241014,82825,GOOD,/home/kaizen-ai/Desktop/thrust_bearing_app/python-backend/Downloads/bearing_complete/GOOD_20241014_082825.jpg
1433,20241014,82940,GOOD,/home/kaizen-ai/Desktop/thrust_bearing_app/python-backend/Downloads/bearing_complete/GOOD_20241014_082940.jpg
1434,20241014,83057,GOOD,/home/kaizen-ai/Desktop/thrust_bearing_app/python-backend/Downloads/bearing_complete/GOOD_20241014_083057.jpg
1435,20241014,83208,NG,/home/kaizen-ai/Desktop/thrust_bearing_app/python-backend/Downloads/not_good_NG1/NG_20241014_083208.jpg
1436,20241014,83306,GOOD,/home/kaizen-ai/Desktop/thrust_bearing_app/python-backend/Downloads/bearing_complete/GOOD_20241014_083306.jpg
1437,20241014,83409,GOOD,/home/kaizen-ai/Desktop/thrust_bearing_app/python-backend/Downloads/bearing_complete/GOOD_20241014_083409.jpg
1438,20241014,83517,GOOD,/home/kaizen-ai/Desktop/thrust_bearing_app/python-backend/Downloads/bearing_complete/GOOD_20241014_083517.jpg
1439,20241014,83626,GOOD,/home/kaizen-ai/Desktop/thrust_bearing_app/python-backend/Downloads/bearing_complete/GOOD_20241014_083626.jpg
1440,20241014,83717,GOOD,/home/kaizen-ai/Desktop/thrust_bearing_app/python-backend/Downloads/bearing_complete/GOOD_20241014_083717.jpg
1441,20241014,83812,GOOD,/home/kaizen-ai/Desktop/thrust_bearing_app/python-backend/Downloads/bearing_complete/GOOD_20241014_083812.jpg
1442,20241014,83923,GOOD,/home/kaizen-ai/Desktop/thrust_bearing_app/python-backend/Downloads/bearing_complete/GOOD_20241014_083923.jpg
1443,20241014,84053,GOOD,/home/kaizen-ai/Desktop/thrust_bearing_app/python-backend/Downloads/bearing_complete/GOOD_20241014_084053.jpg
1444,20241014,84148,GOOD,/home/kaizen-ai/Desktop/thrust_bearing_app/python-backend/Downloads/bearing_complete/GOOD_20241014_084148.jpg
1445,20241014,84250,GOOD,/home/kaizen-ai/Desktop/thrust_bearing_app/python-backend/Downloads/bearing_complete/GOOD_20241014_084250.jpg
1446,20241014,84358,GOOD,/home/kaizen-ai/Desktop/thrust_bearing_app/python-backend/Downloads/bearing_complete/GOOD_20241014_084358.jpg
1447,20241014,84505,GOOD,/home/kaizen-ai/Desktop/thrust_bearing_app/python-backend/Downloads/bearing_complete/GOOD_20241014_084505.jpg
1448,20241014,84557,GOOD,/home/kaizen-ai/Desktop/thrust_bearing_app/python-backend/Downloads/bearing_complete/GOOD_20241014_084557.jpg
1449,20241014,84737,GOOD,/home/kaizen-ai/Desktop/thrust_bearing_app/python-backend/Downloads/bearing_complete/GOOD_20241014_084737.jpg
1450,20241014,84833,GOOD,/home/kaizen-ai/Desktop/thrust_bearing_app/python-backend/Downloads/bearing_complete/GOOD_20241014_084833.jpg
1451,20241014,84938,GOOD,/home/kaizen-ai/Desktop/thrust_bearing_app/python-backend/Downloads/bearing_complete/GOOD_20241014_084938.jpg
1452,20241014,85033,GOOD,/home/kaizen-ai/Desktop/thrust_bearing_app/python-backend/Downloads/bearing_complete/GOOD_20241014_085033.jpg
1453,20241014,85142,GOOD,/home/kaizen-ai/Desktop/thrust_bearing_app/python-backend/Downloads/bearing_complete/GOOD_20241014_085142.jpg
1454,20241014,85234,GOOD,/home/kaizen-ai/Desktop/thrust_bearing_app/python-backend/Downloads/bearing_complete/GOOD_20241014_085234.jpg
1455,20241014,85320,GOOD,/home/kaizen-ai/Desktop/thrust_bearing_app/python-backend/Downloads/bearing_complete/GOOD_20241014_085320.jpg
1456,20241014,85423,GOOD,/home/kaizen-ai/Desktop/thrust_bearing_app/python-backend/Downloads/bearing_complete/GOOD_20241014_085423.jpg
1457,20241014,85535,GOOD,/home/kaizen-ai/Desktop/thrust_bearing_app/python-backend/Downloads/bearing_complete/GOOD_20241014_085535.jpg
1458,20241014,85648,GOOD,/home/kaizen-ai/Desktop/thrust_bearing_app/python-backend/Downloads/bearing_complete/GOOD_20241014_085648.jpg
1459,20241014,85801,GOOD,/home/kaizen-ai/Desktop/thrust_bearing_app/python-backend/Downloads/bearing_complete/GOOD_20241014_085801.jpg
1460,20241014,85904,GOOD,/home/kaizen-ai/Desktop/thrust_bearing_app/python-backend/Downloads/bearing_complete/GOOD_20241014_085904.jpg
1461,20241014,90003,GOOD,/home/kaizen-ai/Desktop/thrust_bearing_app/python-backend/Downloads/bearing_complete/GOOD_20241014_090003.jpg
1462,20241014,90055,GOOD,/home/kaizen-ai/Desktop/thrust_bearing_app/python-backend/Downloads/bearing_complete/GOOD_20241014_090055.jpg
1463,20241014,90146,GOOD,/home/kaizen-ai/Desktop/thrust_bearing_app/python-backend/Downloads/bearing_complete/GOOD_20241014_090146.jpg
1464,20241014,90257,GOOD,/home/kaizen-ai/Desktop/thrust_bearing_app/python-backend/Downloads/bearing_complete/GOOD_20241014_090257.jpg
1465,20241014,90353,GOOD,/home/kaizen-ai/Desktop/thrust_bearing_app/python-backend/Downloads/bearing_complete/GOOD_20241014_090353.jpg
1466,20241014,90459,GOOD,/home/kaizen-ai/Desktop/thrust_bearing_app/python-backend/Downloads/bearing_complete/GOOD_20241014_090459.jpg
1467,20241014,90608,GOOD,/home/kaizen-ai/Desktop/thrust_bearing_app/python-backend/Downloads/bearing_complete/GOOD_20241014_090608.jpg
1468,20241014,90716,GOOD,/home/kaizen-ai/Desktop/thrust_bearing_app/python-backend/Downloads/bearing_complete/GOOD_20241014_090716.jpg
1469,20241014,90832,GOOD,/home/kaizen-ai/Desktop/thrust_bearing_app/python-backend/Downloads/bearing_complete/GOOD_20241014_090832.jpg
1470,20241014,90958,GOOD,/home/kaizen-ai/Desktop/thrust_bearing_app/python-backend/Downloads/bearing_complete/GOOD_20241014_090958.jpg
1471,20241014,91100,GOOD,/home/kaizen-ai/Desktop/thrust_bearing_app/python-backend/Downloads/bearing_complete/GOOD_20241014_091100.jpg
1472,20241014,91156,GOOD,/home/kaizen-ai/Desktop/thrust_bearing_app/python-backend/Downloads/bearing_complete/GOOD_20241014_091156.jpg
1473,20241014,91257,GOOD,/home/kaizen-ai/Desktop/thrust_bearing_app/python-backend/Downloads/bearing_complete/GOOD_20241014_091257.jpg
1474,20241014,91408,GOOD,/home/kaizen-ai/Desktop/thrust_bearing_app/python-backend/Downloads/bearing_complete/GOOD_20241014_091408.jpg
1475,20241014,91528,GOOD,/home/kaizen-ai/Desktop/thrust_bearing_app/python-backend/Downloads/bearing_complete/GOOD_20241014_091528.jpg
1476,20241014,91656,GOOD,/home/kaizen-ai/Desktop/thrust_bearing_app/python-backend/Downloads/bearing_complete/GOOD_20241014_091656.jpg
1477,20241014,91744,GOOD,/home/kaizen-ai/Desktop/thrust_bearing_app/python-backend/Downloads/bearing_complete/GOOD_20241014_091744.jpg
1478,20241014,91835,GOOD,/home/kaizen-ai/Desktop/thrust_bearing_app/python-backend/Downloads/bearing_complete/GOOD_20241014_091835.jpg
1479,20241014,91918,GOOD,/home/kaizen-ai/Desktop/thrust_bearing_app/python-backend/Downloads/bearing_complete/GOOD_20241014_091918.jpg
1480,20241014,92027,GOOD,/home/kaizen-ai/Desktop/thrust_bearing_app/python-backend/Downloads/bearing_complete/GOOD_20241014_092027.jpg
1481,20241014,92150,NG,/home/kaizen-ai/Desktop/thrust_bearing_app/python-backend/Downloads/not_good_NG1/NG_20241014_092150.jpg
1482,20241014,92310,GOOD,/home/kaizen-ai/Desktop/thrust_bearing_app/python-backend/Downloads/bearing_complete/GOOD_20241014_092310.jpg
1483,20241014,92420,GOOD,/home/kaizen-ai/Desktop/thrust_bearing_app/python-backend/Downloads/bearing_complete/GOOD_20241014_092420.jpg
1484,20241014,92518,GOOD,/home/kaizen-ai/Desktop/thrust_bearing_app/python-backend/Downloads/bearing_complete/GOOD_20241014_092518.jpg
1485,20241014,92613,GOOD,/home/kaizen-ai/Desktop/thrust_bearing_app/python-backend/Downloads/bearing_complete/GOOD_20241014_092613.jpg
1486,20241014,92731,GOOD,/home/kaizen-ai/Desktop/thrust_bearing_app/python-backend/Downloads/bearing_complete/GOOD_20241014_092731.jpg
1487,20241014,92836,GOOD,/home/kaizen-ai/Desktop/thrust_bearing_app/python-backend/Downloads/bearing_complete/GOOD_20241014_092836.jpg
1488,20241014,92930,GOOD,/home/kaizen-ai/Desktop/thrust_bearing_app/python-backend/Downloads/bearing_complete/GOOD_20241014_092930.jpg
1489,20241014,93012,GOOD,/home/kaizen-ai/Desktop/thrust_bearing_app/python-backend/Downloads/bearing_complete/GOOD_20241014_093012.jpg
1490,20241014,94125,GOOD,/home/kaizen-ai/Desktop/thrust_bearing_app/python-backend/Downloads/bearing_complete/GOOD_20241014_094125.jpg
1491,20241014,94219,GOOD,/home/kaizen-ai/Desktop/thrust_bearing_app/python-backend/Downloads/bearing_complete/GOOD_20241014_094219.jpg
1492,20241014,94311,GOOD,/home/kaizen-ai/Desktop/thrust_bearing_app/python-backend/Downloads/bearing_complete/GOOD_20241014_094311.jpg
1493,20241014,94427,NG,/home/kaizen-ai/Desktop/thrust_bearing_app/python-backend/Downloads/not_good_NG1/NG_20241014_094427.jpg
1494,20241014,94544,GOOD,/home/kaizen-ai/Desktop/thrust_bearing_app/python-backend/Downloads/bearing_complete/GOOD_20241014_094544.jpg
1495,20241014,94705,GOOD,/home/kaizen-ai/Desktop/thrust_bearing_app/python-backend/Downloads/bearing_complete/GOOD_20241014_094705.jpg
1496,20241014,94801,GOOD,/home/kaizen-ai/Desktop/thrust_bearing_app/python-backend/Downloads/bearing_complete/GOOD_20241014_094801.jpg
1497,20241014,94907,GOOD,/home/kaizen-ai/Desktop/thrust_bearing_app/python-backend/Downloads/bearing_complete/GOOD_20241014_094907.jpg
1498,20241014,95017,GOOD,/home/kaizen-ai/Desktop/thrust_bearing_app/python-backend/Downloads/bearing_complete/GOOD_20241014_095017.jpg
1499,20241014,95115,GOOD,/home/kaizen-ai/Desktop/thrust_bearing_app/python-backend/Downloads/bearing_complete/GOOD_20241014_095115.jpg
1500,20241014,95230,GOOD,/home/kaizen-ai/Desktop/thrust_bearing_app/python-backend/Downloads/bearing_complete/GOOD_20241014_095230.jpg
1501,20241014,95332,GOOD,/home/kaizen-ai/Desktop/thrust_bearing_app/python-backend/Downloads/bearing_complete/GOOD_20241014_095332.jpg
1502,20241014,95423,GOOD,/home/kaizen-ai/Desktop/thrust_bearing_app/python-backend/Downloads/bearing_complete/GOOD_20241014_095423.jpg
1503,20241014,95521,GOOD,/home/kaizen-ai/Desktop/thrust_bearing_app/python-backend/Downloads/bearing_complete/GOOD_20241014_095521.jpg
1504,20241014,95619,GOOD,/home/kaizen-ai/Desktop/thrust_bearing_app/python-backend/Downloads/bearing_complete/GOOD_20241014_095619.jpg
1505,20241014,95716,GOOD,/home/kaizen-ai/Desktop/thrust_bearing_app/python-backend/Downloads/bearing_complete/GOOD_20241014_095716.jpg
1506,20241014,95823,GOOD,/home/kaizen-ai/Desktop/thrust_bearing_app/python-backend/Downloads/bearing_complete/GOOD_20241014_095823.jpg
1507,20241014,95929,GOOD,/home/kaizen-ai/Desktop/thrust_bearing_app/python-backend/Downloads/bearing_complete/GOOD_20241014_095929.jpg
1508,20241014,100031,GOOD,/home/kaizen-ai/Desktop/thrust_bearing_app/python-backend/Downloads/bearing_complete/GOOD_20241014_100031.jpg
1509,20241014,100142,GOOD,/home/kaizen-ai/Desktop/thrust_bearing_app/python-backend/Downloads/bearing_complete/GOOD_20241014_100142.jpg
1510,20241014,100323,GOOD,/home/kaizen-ai/Desktop/thrust_bearing_app/python-backend/Downloads/bearing_complete/GOOD_20241014_100323.jpg
1511,20241014,100430,GOOD,/home/kaizen-ai/Desktop/thrust_bearing_app/python-backend/Downloads/bearing_complete/GOOD_20241014_100430.jpg
1512,20241014,100602,GOOD,/home/kaizen-ai/Desktop/thrust_bearing_app/python-backend/Downloads/bearing_complete/GOOD_20241014_100602.jpg
1513,20241014,100703,GOOD,/home/kaizen-ai/Desktop/thrust_bearing_app/python-backend/Downloads/bearing_complete/GOOD_20241014_100703.jpg
1514,20241014,100805,GOOD,/home/kaizen-ai/Desktop/thrust_bearing_app/python-backend/Downloads/bearing_complete/GOOD_20241014_100805.jpg
1515,20241014,100910,GOOD,/home/kaizen-ai/Desktop/thrust_bearing_app/python-backend/Downloads/bearing_complete/GOOD_20241014_100910.jpg
1516,20241014,101012,GOOD,/home/kaizen-ai/Desktop/thrust_bearing_app/python-backend/Downloads/bearing_complete/GOOD_20241014_101012.jpg
1517,20241014,101137,GOOD,/home/kaizen-ai/Desktop/thrust_bearing_app/python-backend/Downloads/bearing_complete/GOOD_20241014_101137.jpg
1518,20241014,101211,GOOD,/home/kaizen-ai/Desktop/thrust_bearing_app/python-backend/Downloads/bearing_complete/GOOD_20241014_101211.jpg
1519,20241014,101305,GOOD,/home/kaizen-ai/Desktop/thrust_bearing_app/python-backend/Downloads/bearing_complete/GOOD_20241014_101305.jpg
1520,20241014,101353,GOOD,/home/kaizen-ai/Desktop/thrust_bearing_app/python-backend/Downloads/bearing_complete/GOOD_20241014_101353.jpg
1521,20241014,101509,GOOD,/home/kaizen-ai/Desktop/thrust_bearing_app/python-backend/Downloads/bearing_complete/GOOD_20241014_101509.jpg
1522,20241014,101611,GOOD,/home/kaizen-ai/Desktop/thrust_bearing_app/python-backend/Downloads/bearing_complete/GOOD_20241014_101611.jpg
1523,20241014,101721,GOOD,/home/kaizen-ai/Desktop/thrust_bearing_app/python-backend/Downloads/bearing_complete/GOOD_20241014_101721.jpg
1524,20241014,101847,GOOD,/home/kaizen-ai/Desktop/thrust_bearing_app/python-backend/Downloads/bearing_complete/GOOD_20241014_101847.jpg
1525,20241014,102027,GOOD,/home/kaizen-ai/Desktop/thrust_bearing_app/python-backend/Downloads/bearing_complete/GOOD_20241014_102027.jpg
1526,20241014,102140,GOOD,/home/kaizen-ai/Desktop/thrust_bearing_app/python-backend/Downloads/bearing_complete/GOOD_20241014_102140.jpg
1527,20241014,102251,GOOD,/home/kaizen-ai/Desktop/thrust_bearing_app/python-backend/Downloads/bearing_complete/GOOD_20241014_102251.jpg
1528,20241014,102354,GOOD,/home/kaizen-ai/Desktop/thrust_bearing_app/python-backend/Downloads/bearing_complete/GOOD_20241014_102354.jpg
1529,20241014,102459,NG,/home/kaizen-ai/Desktop/thrust_bearing_app/python-backend/Downloads/not_good_NG1/NG_20241014_102459.jpg
1530,20241014,102559,GOOD,/home/kaizen-ai/Desktop/thrust_bearing_app/python-backend/Downloads/bearing_complete/GOOD_20241014_102559.jpg
1531,20241014,102712,NG,/home/kaizen-ai/Desktop/thrust_bearing_app/python-backend/Downloads/not_good_NG1/NG_20241014_102712.jpg
1532,20241014,102811,GOOD,/home/kaizen-ai/Desktop/thrust_bearing_app/python-backend/Downloads/bearing_complete/GOOD_20241014_102811.jpg
1533,20241014,102905,GOOD,/home/kaizen-ai/Desktop/thrust_bearing_app/python-backend/Downloads/bearing_complete/GOOD_20241014_102905.jpg
1534,20241014,103022,GOOD,/home/kaizen-ai/Desktop/thrust_bearing_app/python-backend/Downloads/bearing_complete/GOOD_20241014_103022.jpg
1535,20241014,103121,GOOD,/home/kaizen-ai/Desktop/thrust_bearing_app/python-backend/Downloads/bearing_complete/GOOD_20241014_103121.jpg
1536,20241014,103213,GOOD,/home/kaizen-ai/Desktop/thrust_bearing_app/python-backend/Downloads/bearing_complete/GOOD_20241014_103213.jpg
1537,20241014,103348,GOOD,/home/kaizen-ai/Desktop/thrust_bearing_app/python-backend/Downloads/bearing_complete/GOOD_20241014_103348.jpg
1538,20241014,103537,GOOD,/home/kaizen-ai/Desktop/thrust_bearing_app/python-backend/Downloads/bearing_complete/GOOD_20241014_103537.jpg
1539,20241014,103638,NG,/home/kaizen-ai/Desktop/thrust_bearing_app/python-backend/Downloads/not_good_NG1/NG_20241014_103638.jpg
1540,20241014,103728,NG,/home/kaizen-ai/Desktop/thrust_bearing_app/python-backend/Downloads/not_good_NG3/NG_20241014_103728.jpg
1541,20241014,103848,GOOD,/home/kaizen-ai/Desktop/thrust_bearing_app/python-backend/Downloads/bearing_complete/GOOD_20241014_103848.jpg
1542,20241014,103957,GOOD,/home/kaizen-ai/Desktop/thrust_bearing_app/python-backend/Downloads/bearing_complete/GOOD_20241014_103957.jpg
1543,20241014,104102,GOOD,/home/kaizen-ai/Desktop/thrust_bearing_app/python-backend/Downloads/bearing_complete/GOOD_20241014_104102.jpg
1544,20241014,104201,GOOD,/home/kaizen-ai/Desktop/thrust_bearing_app/python-backend/Downloads/bearing_complete/GOOD_20241014_104201.jpg
1545,20241014,104303,GOOD,/home/kaizen-ai/Desktop/thrust_bearing_app/python-backend/Downloads/bearing_complete/GOOD_20241014_104303.jpg
1546,20241014,104409,GOOD,/home/kaizen-ai/Desktop/thrust_bearing_app/python-backend/Downloads/bearing_complete/GOOD_20241014_104409.jpg
1547,20241014,104506,GOOD,/home/kaizen-ai/Desktop/thrust_bearing_app/python-backend/Downloads/bearing_complete/GOOD_20241014_104506.jpg
1548,20241014,104605,NG,/home/kaizen-ai/Desktop/thrust_bearing_app/python-backend/Downloads/not_good_NG1/NG_20241014_104605.jpg
1549,20241014,104732,GOOD,/home/kaizen-ai/Desktop/thrust_bearing_app/python-backend/Downloads/bearing_complete/GOOD_20241014_104732.jpg
1550,20241014,104829,GOOD,/home/kaizen-ai/Desktop/thrust_bearing_app/python-backend/Downloads/bearing_complete/GOOD_20241014_104829.jpg
1551,20241014,104914,GOOD,/home/kaizen-ai/Desktop/thrust_bearing_app/python-backend/Downloads/bearing_complete/GOOD_20241014_104914.jpg
1552,20241014,105004,NG,/home/kaizen-ai/Desktop/thrust_bearing_app/python-backend/Downloads/not_good_NG2/NG_20241014_105004.jpg
1553,20241014,105110,GOOD,/home/kaizen-ai/Desktop/thrust_bearing_app/python-backend/Downloads/bearing_complete/GOOD_20241014_105110.jpg
1554,20241014,105211,GOOD,/home/kaizen-ai/Desktop/thrust_bearing_app/python-backend/Downloads/bearing_complete/GOOD_20241014_105211.jpg
1555,20241014,105301,GOOD,/home/kaizen-ai/Desktop/thrust_bearing_app/python-backend/Downloads/bearing_complete/GOOD_20241014_105301.jpg
1556,20241014,105349,GOOD,/home/kaizen-ai/Desktop/thrust_bearing_app/python-backend/Downloads/bearing_complete/GOOD_20241014_105349.jpg
1557,20241014,105500,GOOD,/home/kaizen-ai/Desktop/thrust_bearing_app/python-backend/Downloads/bearing_complete/GOOD_20241014_105500.jpg
1558,20241014,105546,GOOD,/home/kaizen-ai/Desktop/thrust_bearing_app/python-backend/Downloads/bearing_complete/GOOD_20241014_105546.jpg
1559,20241014,105640,GOOD,/home/kaizen-ai/Desktop/thrust_bearing_app/python-backend/Downloads/bearing_complete/GOOD_20241014_105640.jpg
1560,20241014,105736,NG,/home/kaizen-ai/Desktop/thrust_bearing_app/python-backend/Downloads/not_good_NG1/NG_20241014_105736.jpg
1561,20241014,105833,GOOD,/home/kaizen-ai/Desktop/thrust_bearing_app/python-backend/Downloads/bearing_complete/GOOD_20241014_105833.jpg
1562,20241014,110022,GOOD,/home/kaizen-ai/Desktop/thrust_bearing_app/python-backend/Downloads/bearing_complete/GOOD_20241014_110022.jpg
1563,20241014,110150,NG,/home/kaizen-ai/Desktop/thrust_bearing_app/python-backend/Downloads/not_good_NG1/NG_20241014_110150.jpg
1564,20241014,110247,NG,/home/kaizen-ai/Desktop/thrust_bearing_app/python-backend/Downloads/not_good_NG1/NG_20241014_110247.jpg
1565,20241014,110341,GOOD,/home/kaizen-ai/Desktop/thrust_bearing_app/python-backend/Downloads/bearing_complete/GOOD_20241014_110341.jpg
1566,20241014,110435,GOOD,/home/kaizen-ai/Desktop/thrust_bearing_app/python-backend/Downloads/bearing_complete/GOOD_20241014_110435.jpg
1567,20241014,110532,NG,/home/kaizen-ai/Desktop/thrust_bearing_app/python-backend/Downloads/not_good_NG3/NG_20241014_110532.jpg
1568,20241014,110701,GOOD,/home/kaizen-ai/Desktop/thrust_bearing_app/python-backend/Downloads/bearing_complete/GOOD_20241014_110701.jpg
1569,20241014,110805,GOOD,/home/kaizen-ai/Desktop/thrust_bearing_app/python-backend/Downloads/bearing_complete/GOOD_20241014_110805.jpg
1570,20241014,110910,GOOD,/home/kaizen-ai/Desktop/thrust_bearing_app/python-backend/Downloads/bearing_complete/GOOD_20241014_110910.jpg
1571,20241014,111017,GOOD,/home/kaizen-ai/Desktop/thrust_bearing_app/python-backend/Downloads/bearing_complete/GOOD_20241014_111017.jpg
1572,20241014,111140,GOOD,/home/kaizen-ai/Desktop/thrust_bearing_app/python-backend/Downloads/bearing_complete/GOOD_20241014_111140.jpg
1573,20241014,111252,GOOD,/home/kaizen-ai/Desktop/thrust_bearing_app/python-backend/Downloads/bearing_complete/GOOD_20241014_111252.jpg
1574,20241014,111404,NG,/home/kaizen-ai/Desktop/thrust_bearing_app/python-backend/Downloads/not_good_NG1/NG_20241014_111404.jpg
1575,20241014,111525,GOOD,/home/kaizen-ai/Desktop/thrust_bearing_app/python-backend/Downloads/bearing_complete/GOOD_20241014_111525.jpg
1576,20241014,111635,GOOD,/home/kaizen-ai/Desktop/thrust_bearing_app/python-backend/Downloads/bearing_complete/GOOD_20241014_111635.jpg
1577,20241014,111721,GOOD,/home/kaizen-ai/Desktop/thrust_bearing_app/python-backend/Downloads/bearing_complete/GOOD_20241014_111721.jpg
1578,20241014,111813,GOOD,/home/kaizen-ai/Desktop/thrust_bearing_app/python-backend/Downloads/bearing_complete/GOOD_20241014_111813.jpg
1579,20241014,111938,GOOD,/home/kaizen-ai/Desktop/thrust_bearing_app/python-backend/Downloads/bearing_complete/GOOD_20241014_111938.jpg
1580,20241014,112024,GOOD,/home/kaizen-ai/Desktop/thrust_bearing_app/python-backend/Downloads/bearing_complete/GOOD_20241014_112024.jpg
1581,20241014,112111,GOOD,/home/kaizen-ai/Desktop/thrust_bearing_app/python-backend/Downloads/bearing_complete/GOOD_20241014_112111.jpg
1582,20241014,112204,GOOD,/home/kaizen-ai/Desktop/thrust_bearing_app/python-backend/Downloads/bearing_complete/GOOD_20241014_112204.jpg
1583,20241014,112309,GOOD,/home/kaizen-ai/Desktop/thrust_bearing_app/python-backend/Downloads/bearing_complete/GOOD_20241014_112309.jpg
1584,20241014,112403,GOOD,/home/kaizen-ai/Desktop/thrust_bearing_app/python-backend/Downloads/bearing_complete/GOOD_20241014_112403.jpg
1585,20241014,112515,NG,/home/kaizen-ai/Desktop/thrust_bearing_app/python-backend/Downloads/not_good_NG1/NG_20241014_112515.jpg
1586,20241014,112615,GOOD,/home/kaizen-ai/Desktop/thrust_bearing_app/python-backend/Downloads/bearing_complete/GOOD_20241014_112615.jpg
1587,20241014,112738,GOOD,/home/kaizen-ai/Desktop/thrust_bearing_app/python-backend/Downloads/bearing_complete/GOOD_20241014_112738.jpg
1588,20241014,112854,GOOD,/home/kaizen-ai/Desktop/thrust_bearing_app/python-backend/Downloads/bearing_complete/GOOD_20241014_112854.jpg
1589,20241014,112953,NG,/home/kaizen-ai/Desktop/thrust_bearing_app/python-backend/Downloads/not_good_NG1/NG_20241014_112953.jpg
1590,20241014,113049,GOOD,/home/kaizen-ai/Desktop/thrust_bearing_app/python-backend/Downloads/bearing_complete/GOOD_20241014_113049.jpg
1591,20241014,113158,GOOD,/home/kaizen-ai/Desktop/thrust_bearing_app/python-backend/Downloads/bearing_complete/GOOD_20241014_113158.jpg
1592,20241014,113301,GOOD,/home/kaizen-ai/Desktop/thrust_bearing_app/python-backend/Downloads/bearing_complete/GOOD_20241014_113301.jpg
1593,20241014,113424,GOOD,/home/kaizen-ai/Desktop/thrust_bearing_app/python-backend/Downloads/bearing_complete/GOOD_20241014_113424.jpg
1594,20241014,113518,GOOD,/home/kaizen-ai/Desktop/thrust_bearing_app/python-backend/Downloads/bearing_complete/GOOD_20241014_113518.jpg
1595,20241014,113635,GOOD,/home/kaizen-ai/Desktop/thrust_bearing_app/python-backend/Downloads/bearing_complete/GOOD_20241014_113635.jpg
1596,20241014,113750,GOOD,/home/kaizen-ai/Desktop/thrust_bearing_app/python-backend/Downloads/bearing_complete/GOOD_20241014_113750.jpg
1597,20241014,113852,GOOD,/home/kaizen-ai/Desktop/thrust_bearing_app/python-backend/Downloads/bearing_complete/GOOD_20241014_113852.jpg
1598,20241014,113951,GOOD,/home/kaizen-ai/Desktop/thrust_bearing_app/python-backend/Downloads/bearing_complete/GOOD_20241014_113951.jpg
1599,20241014,114103,GOOD,/home/kaizen-ai/Desktop/thrust_bearing_app/python-backend/Downloads/bearing_complete/GOOD_20241014_114103.jpg
1600,20241014,114213,NG,/home/kaizen-ai/Desktop/thrust_bearing_app/python-backend/Downloads/not_good_NG1/NG_20241014_114213.jpg
1601,20241014,114306,GOOD,/home/kaizen-ai/Desktop/thrust_bearing_app/python-backend/Downloads/bearing_complete/GOOD_20241014_114306.jpg
1602,20241014,114405,NG,/home/kaizen-ai/Desktop/thrust_bearing_app/python-backend/Downloads/not_good_NG1/NG_20241014_114405.jpg
1603,20241014,114505,GOOD,/home/kaizen-ai/Desktop/thrust_bearing_app/python-backend/Downloads/bearing_complete/GOOD_20241014_114505.jpg
1604,20241014,122947,GOOD,/home/kaizen-ai/Desktop/thrust_bearing_app/python-backend/Downloads/bearing_complete/GOOD_20241014_122947.jpg
1605,20241014,123131,GOOD,/home/kaizen-ai/Desktop/thrust_bearing_app/python-backend/Downloads/bearing_complete/GOOD_20241014_123131.jpg
1606,20241014,123248,GOOD,/home/kaizen-ai/Desktop/thrust_bearing_app/python-backend/Downloads/bearing_complete/GOOD_20241014_123248.jpg
1607,20241014,123404,NG,/home/kaizen-ai/Desktop/thrust_bearing_app/python-backend/Downloads/not_good_NG1/NG_20241014_123404.jpg
1608,20241014,123509,GOOD,/home/kaizen-ai/Desktop/thrust_bearing_app/python-backend/Downloads/bearing_complete/GOOD_20241014_123509.jpg
1609,20241014,123659,GOOD,/home/kaizen-ai/Desktop/thrust_bearing_app/python-backend/Downloads/bearing_complete/GOOD_20241014_123659.jpg
1610,20241014,123819,GOOD,/home/kaizen-ai/Desktop/thrust_bearing_app/python-backend/Downloads/bearing_complete/GOOD_20241014_123819.jpg
1611,20241014,123906,GOOD,/home/kaizen-ai/Desktop/thrust_bearing_app/python-backend/Downloads/bearing_complete/GOOD_20241014_123906.jpg
1612,20241014,123958,GOOD,/home/kaizen-ai/Desktop/thrust_bearing_app/python-backend/Downloads/bearing_complete/GOOD_20241014_123958.jpg
1613,20241014,124105,GOOD,/home/kaizen-ai/Desktop/thrust_bearing_app/python-backend/Downloads/bearing_complete/GOOD_20241014_124105.jpg
1614,20241014,124215,GOOD,/home/kaizen-ai/Desktop/thrust_bearing_app/python-backend/Downloads/bearing_complete/GOOD_20241014_124215.jpg
1615,20241014,124317,GOOD,/home/kaizen-ai/Desktop/thrust_bearing_app/python-backend/Downloads/bearing_complete/GOOD_20241014_124317.jpg
1616,20241014,124349,GOOD,/home/kaizen-ai/Desktop/thrust_bearing_app/python-backend/Downloads/bearing_complete/GOOD_20241014_124349.jpg
1617,20241014,124443,GOOD,/home/kaizen-ai/Desktop/thrust_bearing_app/python-backend/Downloads/bearing_complete/GOOD_20241014_124443.jpg
1618,20241014,124540,GOOD,/home/kaizen-ai/Desktop/thrust_bearing_app/python-backend/Downloads/bearing_complete/GOOD_20241014_124540.jpg
1619,20241014,124735,NG,/home/kaizen-ai/Desktop/thrust_bearing_app/python-backend/Downloads/not_good_NG1/NG_20241014_124735.jpg
1620,20241014,124821,GOOD,/home/kaizen-ai/Desktop/thrust_bearing_app/python-backend/Downloads/bearing_complete/GOOD_20241014_124821.jpg
1621,20241014,124922,NG,/home/kaizen-ai/Desktop/thrust_bearing_app/python-backend/Downloads/not_good_NG2/NG_20241014_124922.jpg
1622,20241014,125004,GOOD,/home/kaizen-ai/Desktop/thrust_bearing_app/python-backend/Downloads/bearing_complete/GOOD_20241014_125004.jpg
1623,20241014,125105,GOOD,/home/kaizen-ai/Desktop/thrust_bearing_app/python-backend/Downloads/bearing_complete/GOOD_20241014_125105.jpg
1624,20241014,125158,NG,/home/kaizen-ai/Desktop/thrust_bearing_app/python-backend/Downloads/not_good_NG1/NG_20241014_125158.jpg
1625,20241014,125313,GOOD,/home/kaizen-ai/Desktop/thrust_bearing_app/python-backend/Downloads/bearing_complete/GOOD_20241014_125313.jpg
1626,20241014,125510,NG,/home/kaizen-ai/Desktop/thrust_bearing_app/python-backend/Downloads/not_good_NG1/NG_20241014_125510.jpg
1627,20241014,125556,GOOD,/home/kaizen-ai/Desktop/thrust_bearing_app/python-backend/Downloads/bearing_complete/GOOD_20241014_125556.jpg
1628,20241014,125713,GOOD,/home/kaizen-ai/Desktop/thrust_bearing_app/python-backend/Downloads/bearing_complete/GOOD_20241014_125713.jpg
1629,20241014,125758,GOOD,/home/kaizen-ai/Desktop/thrust_bearing_app/python-backend/Downloads/bearing_complete/GOOD_20241014_125758.jpg
1630,20241014,125859,GOOD,/home/kaizen-ai/Desktop/thrust_bearing_app/python-backend/Downloads/bearing_complete/GOOD_20241014_125859.jpg
1631,20241014,130029,GOOD,/home/kaizen-ai/Desktop/thrust_bearing_app/python-backend/Downloads/bearing_complete/GOOD_20241014_130029.jpg
1632,20241014,130127,GOOD,/home/kaizen-ai/Desktop/thrust_bearing_app/python-backend/Downloads/bearing_complete/GOOD_20241014_130127.jpg
1633,20241014,130201,GOOD,/home/kaizen-ai/Desktop/thrust_bearing_app/python-backend/Downloads/bearing_complete/GOOD_20241014_130201.jpg
1634,20241014,130302,GOOD,/home/kaizen-ai/Desktop/thrust_bearing_app/python-backend/Downloads/bearing_complete/GOOD_20241014_130302.jpg
1635,20241014,130406,GOOD,/home/kaizen-ai/Desktop/thrust_bearing_app/python-backend/Downloads/bearing_complete/GOOD_20241014_130406.jpg
1636,20241014,130506,GOOD,/home/kaizen-ai/Desktop/thrust_bearing_app/python-backend/Downloads/bearing_complete/GOOD_20241014_130506.jpg
1637,20241014,130603,GOOD,/home/kaizen-ai/Desktop/thrust_bearing_app/python-backend/Downloads/bearing_complete/GOOD_20241014_130603.jpg
1638,20241014,130709,GOOD,/home/kaizen-ai/Desktop/thrust_bearing_app/python-backend/Downloads/bearing_complete/GOOD_20241014_130709.jpg
1639,20241014,130845,GOOD,/home/kaizen-ai/Desktop/thrust_bearing_app/python-backend/Downloads/bearing_complete/GOOD_20241014_130845.jpg
1640,20241014,130915,GOOD,/home/kaizen-ai/Desktop/thrust_bearing_app/python-backend/Downloads/bearing_complete/GOOD_20241014_130915.jpg
1641,20241014,131037,GOOD,/home/kaizen-ai/Desktop/thrust_bearing_app/python-backend/Downloads/bearing_complete/GOOD_20241014_131037.jpg
1642,20241014,131200,NG,/home/kaizen-ai/Desktop/thrust_bearing_app/python-backend/Downloads/not_good_NG1/NG_20241014_131200.jpg
1643,20241014,131320,GOOD,/home/kaizen-ai/Desktop/thrust_bearing_app/python-backend/Downloads/bearing_complete/GOOD_20241014_131320.jpg
1644,20241014,131414,NG,/home/kaizen-ai/Desktop/thrust_bearing_app/python-backend/Downloads/not_good_NG1/NG_20241014_131414.jpg
1645,20241014,131529,GOOD,/home/kaizen-ai/Desktop/thrust_bearing_app/python-backend/Downloads/bearing_complete/GOOD_20241014_131529.jpg
1646,20241014,131625,NG,/home/kaizen-ai/Desktop/thrust_bearing_app/python-backend/Downloads/not_good_NG1/NG_20241014_131625.jpg
1647,20241014,131714,GOOD,/home/kaizen-ai/Desktop/thrust_bearing_app/python-backend/Downloads/bearing_complete/GOOD_20241014_131714.jpg
1648,20241014,131819,GOOD,/home/kaizen-ai/Desktop/thrust_bearing_app/python-backend/Downloads/bearing_complete/GOOD_20241014_131819.jpg
1649,20241014,131916,GOOD,/home/kaizen-ai/Desktop/thrust_bearing_app/python-backend/Downloads/bearing_complete/GOOD_20241014_131916.jpg
1650,20241014,132025,NG,/home/kaizen-ai/Desktop/thrust_bearing_app/python-backend/Downloads/not_good_NG1/NG_20241014_132025.jpg
1651,20241014,132127,GOOD,/home/kaizen-ai/Desktop/thrust_bearing_app/python-backend/Downloads/bearing_complete/GOOD_20241014_132127.jpg
1652,20241014,132252,GOOD,/home/kaizen-ai/Desktop/thrust_bearing_app/python-backend/Downloads/bearing_complete/GOOD_20241014_132252.jpg
1653,20241014,132410,GOOD,/home/kaizen-ai/Desktop/thrust_bearing_app/python-backend/Downloads/bearing_complete/GOOD_20241014_132410.jpg
1654,20241014,132457,GOOD,/home/kaizen-ai/Desktop/thrust_bearing_app/python-backend/Downloads/bearing_complete/GOOD_20241014_132457.jpg
1655,20241014,132547,GOOD,/home/kaizen-ai/Desktop/thrust_bearing_app/python-backend/Downloads/bearing_complete/GOOD_20241014_132547.jpg
1656,20241014,132649,NG,/home/kaizen-ai/Desktop/thrust_bearing_app/python-backend/Downloads/not_good_NG1/NG_20241014_132649.jpg
1657,20241014,132759,GOOD,/home/kaizen-ai/Desktop/thrust_bearing_app/python-backend/Downloads/bearing_complete/GOOD_20241014_132759.jpg
1658,20241014,132918,GOOD,/home/kaizen-ai/Desktop/thrust_bearing_app/python-backend/Downloads/bearing_complete/GOOD_20241014_132918.jpg
1659,20241014,133007,GOOD,/home/kaizen-ai/Desktop/thrust_bearing_app/python-backend/Downloads/bearing_complete/GOOD_20241014_133007.jpg
1660,20241014,133129,GOOD,/home/kaizen-ai/Desktop/thrust_bearing_app/python-backend/Downloads/bearing_complete/GOOD_20241014_133129.jpg
1661,20241014,133246,GOOD,/home/kaizen-ai/Desktop/thrust_bearing_app/python-backend/Downloads/bearing_complete/GOOD_20241014_133246.jpg
1662,20241014,133356,GOOD,/home/kaizen-ai/Desktop/thrust_bearing_app/python-backend/Downloads/bearing_complete/GOOD_20241014_133356.jpg
1663,20241014,133506,GOOD,/home/kaizen-ai/Desktop/thrust_bearing_app/python-backend/Downloads/bearing_complete/GOOD_20241014_133506.jpg
1664,20241014,133623,GOOD,/home/kaizen-ai/Desktop/thrust_bearing_app/python-backend/Downloads/bearing_complete/GOOD_20241014_133623.jpg
1665,20241014,133752,GOOD,/home/kaizen-ai/Desktop/thrust_bearing_app/python-backend/Downloads/bearing_complete/GOOD_20241014_133752.jpg
1666,20241014,133857,GOOD,/home/kaizen-ai/Desktop/thrust_bearing_app/python-backend/Downloads/bearing_complete/GOOD_20241014_133857.jpg
1667,20241014,134016,GOOD,/home/kaizen-ai/Desktop/thrust_bearing_app/python-backend/Downloads/bearing_complete/GOOD_20241014_134016.jpg
1668,20241014,134155,GOOD,/home/kaizen-ai/Desktop/thrust_bearing_app/python-backend/Downloads/bearing_complete/GOOD_20241014_134155.jpg
1669,20241014,134307,GOOD,/home/kaizen-ai/Desktop/thrust_bearing_app/python-backend/Downloads/bearing_complete/GOOD_20241014_134307.jpg
1670,20241014,134452,GOOD,/home/kaizen-ai/Desktop/thrust_bearing_app/python-backend/Downloads/bearing_complete/GOOD_20241014_134452.jpg
1671,20241014,134539,GOOD,/home/kaizen-ai/Desktop/thrust_bearing_app/python-backend/Downloads/bearing_complete/GOOD_20241014_134539.jpg
1672,20241014,134648,GOOD,/home/kaizen-ai/Desktop/thrust_bearing_app/python-backend/Downloads/bearing_complete/GOOD_20241014_134648.jpg
1673,20241014,134756,GOOD,/home/kaizen-ai/Desktop/thrust_bearing_app/python-backend/Downloads/bearing_complete/GOOD_20241014_134756.jpg
1674,20241014,134902,GOOD,/home/kaizen-ai/Desktop/thrust_bearing_app/python-backend/Downloads/bearing_complete/GOOD_20241014_134902.jpg
1675,20241014,135027,GOOD,/home/kaizen-ai/Desktop/thrust_bearing_app/python-backend/Downloads/bearing_complete/GOOD_20241014_135027.jpg
1676,20241014,135135,GOOD,/home/kaizen-ai/Desktop/thrust_bearing_app/python-backend/Downloads/bearing_complete/GOOD_20241014_135135.jpg
1677,20241014,135251,GOOD,/home/kaizen-ai/Desktop/thrust_bearing_app/python-backend/Downloads/bearing_complete/GOOD_20241014_135251.jpg
1678,20241014,135430,NG,/home/kaizen-ai/Desktop/thrust_bearing_app/python-backend/Downloads/not_good_NG1/NG_20241014_135430.jpg
1679,20241014,135516,GOOD,/home/kaizen-ai/Desktop/thrust_bearing_app/python-backend/Downloads/bearing_complete/GOOD_20241014_135516.jpg
1680,20241014,135627,GOOD,/home/kaizen-ai/Desktop/thrust_bearing_app/python-backend/Downloads/bearing_complete/GOOD_20241014_135627.jpg
1681,20241014,135729,GOOD,/home/kaizen-ai/Desktop/thrust_bearing_app/python-backend/Downloads/bearing_complete/GOOD_20241014_135729.jpg
1682,20241014,135825,GOOD,/home/kaizen-ai/Desktop/thrust_bearing_app/python-backend/Downloads/bearing_complete/GOOD_20241014_135825.jpg
1683,20241014,135928,NG,/home/kaizen-ai/Desktop/thrust_bearing_app/python-backend/Downloads/not_good_NG1/NG_20241014_135928.jpg
1684,20241014,140022,GOOD,/home/kaizen-ai/Desktop/thrust_bearing_app/python-backend/Downloads/bearing_complete/GOOD_20241014_140022.jpg
1685,20241014,141142,NG,/home/kaizen-ai/Desktop/thrust_bearing_app/python-backend/Downloads/not_good_NG1/NG_20241014_141142.jpg
1686,20241014,141229,GOOD,/home/kaizen-ai/Desktop/thrust_bearing_app/python-backend/Downloads/bearing_complete/GOOD_20241014_141229.jpg
1687,20241014,141323,GOOD,/home/kaizen-ai/Desktop/thrust_bearing_app/python-backend/Downloads/bearing_complete/GOOD_20241014_141323.jpg
1688,20241014,141422,NG,/home/kaizen-ai/Desktop/thrust_bearing_app/python-backend/Downloads/not_good_NG1/NG_20241014_141422.jpg
1689,20241014,141518,GOOD,/home/kaizen-ai/Desktop/thrust_bearing_app/python-backend/Downloads/bearing_complete/GOOD_20241014_141518.jpg
1690,20241014,141708,GOOD,/home/kaizen-ai/Desktop/thrust_bearing_app/python-backend/Downloads/bearing_complete/GOOD_20241014_141708.jpg
1691,20241014,141806,GOOD,/home/kaizen-ai/Desktop/thrust_bearing_app/python-backend/Downloads/bearing_complete/GOOD_20241014_141806.jpg
1692,20241014,141908,GOOD,/home/kaizen-ai/Desktop/thrust_bearing_app/python-backend/Downloads/bearing_complete/GOOD_20241014_141908.jpg
1693,20241014,141957,GOOD,/home/kaizen-ai/Desktop/thrust_bearing_app/python-backend/Downloads/bearing_complete/GOOD_20241014_141957.jpg
1694,20241014,142100,NG,/home/kaizen-ai/Desktop/thrust_bearing_app/python-backend/Downloads/not_good_NG1/NG_20241014_142100.jpg
1695,20241014,142241,GOOD,/home/kaizen-ai/Desktop/thrust_bearing_app/python-backend/Downloads/bearing_complete/GOOD_20241014_142241.jpg
1696,20241014,142332,GOOD,/home/kaizen-ai/Desktop/thrust_bearing_app/python-backend/Downloads/bearing_complete/GOOD_20241014_142332.jpg
1697,20241014,142443,GOOD,/home/kaizen-ai/Desktop/thrust_bearing_app/python-backend/Downloads/bearing_complete/GOOD_20241014_142443.jpg
1698,20241014,142538,GOOD,/home/kaizen-ai/Desktop/thrust_bearing_app/python-backend/Downloads/bearing_complete/GOOD_20241014_142538.jpg
1699,20241014,142634,GOOD,/home/kaizen-ai/Desktop/thrust_bearing_app/python-backend/Downloads/bearing_complete/GOOD_20241014_142634.jpg
1700,20241014,142740,GOOD,/home/kaizen-ai/Desktop/thrust_bearing_app/python-backend/Downloads/bearing_complete/GOOD_20241014_142740.jpg
1701,20241014,142904,GOOD,/home/kaizen-ai/Desktop/thrust_bearing_app/python-backend/Downloads/bearing_complete/GOOD_20241014_142904.jpg
1702,20241014,143000,GOOD,/home/kaizen-ai/Desktop/thrust_bearing_app/python-backend/Downloads/bearing_complete/GOOD_20241014_143000.jpg
1703,20241014,143053,GOOD,/home/kaizen-ai/Desktop/thrust_bearing_app/python-backend/Downloads/bearing_complete/GOOD_20241014_143053.jpg
1704,20241014,143212,GOOD,/home/kaizen-ai/Desktop/thrust_bearing_app/python-backend/Downloads/bearing_complete/GOOD_20241014_143212.jpg
1705,20241014,143300,GOOD,/home/kaizen-ai/Desktop/thrust_bearing_app/python-backend/Downloads/bearing_complete/GOOD_20241014_143300.jpg
1706,20241014,143400,GOOD,/home/kaizen-ai/Desktop/thrust_bearing_app/python-backend/Downloads/bearing_complete/GOOD_20241014_143400.jpg
1707,20241014,143505,NG,/home/kaizen-ai/Desktop/thrust_bearing_app/python-backend/Downloads/not_good_NG1/NG_20241014_143505.jpg
1708,20241014,143654,GOOD,/home/kaizen-ai/Desktop/thrust_bearing_app/python-backend/Downloads/bearing_complete/GOOD_20241014_143654.jpg
1709,20241014,143743,GOOD,/home/kaizen-ai/Desktop/thrust_bearing_app/python-backend/Downloads/bearing_complete/GOOD_20241014_143743.jpg
1710,20241014,143843,GOOD,/home/kaizen-ai/Desktop/thrust_bearing_app/python-backend/Downloads/bearing_complete/GOOD_20241014_143843.jpg
1711,20241014,143936,GOOD,/home/kaizen-ai/Desktop/thrust_bearing_app/python-backend/Downloads/bearing_complete/GOOD_20241014_143936.jpg
1712,20241014,144037,GOOD,/home/kaizen-ai/Desktop/thrust_bearing_app/python-backend/Downloads/bearing_complete/GOOD_20241014_144037.jpg
1713,20241014,144146,GOOD,/home/kaizen-ai/Desktop/thrust_bearing_app/python-backend/Downloads/bearing_complete/GOOD_20241014_144146.jpg
1714,20241014,144252,GOOD,/home/kaizen-ai/Desktop/thrust_bearing_app/python-backend/Downloads/bearing_complete/GOOD_20241014_144252.jpg
1715,20241014,144352,GOOD,/home/kaizen-ai/Desktop/thrust_bearing_app/python-backend/Downloads/bearing_complete/GOOD_20241014_144352.jpg
1716,20241014,144529,GOOD,/home/kaizen-ai/Desktop/thrust_bearing_app/python-backend/Downloads/bearing_complete/GOOD_20241014_144529.jpg
1717,20241014,144639,GOOD,/home/kaizen-ai/Desktop/thrust_bearing_app/python-backend/Downloads/bearing_complete/GOOD_20241014_144639.jpg
1718,20241014,144724,GOOD,/home/kaizen-ai/Desktop/thrust_bearing_app/python-backend/Downloads/bearing_complete/GOOD_20241014_144724.jpg
1719,20241014,144827,GOOD,/home/kaizen-ai/Desktop/thrust_bearing_app/python-backend/Downloads/bearing_complete/GOOD_20241014_144827.jpg
1720,20241014,144941,GOOD,/home/kaizen-ai/Desktop/thrust_bearing_app/python-backend/Downloads/bearing_complete/GOOD_20241014_144941.jpg
1721,20241014,145102,GOOD,/home/kaizen-ai/Desktop/thrust_bearing_app/python-backend/Downloads/bearing_complete/GOOD_20241014_145102.jpg
1722,20241014,145216,GOOD,/home/kaizen-ai/Desktop/thrust_bearing_app/python-backend/Downloads/bearing_complete/GOOD_20241014_145216.jpg
1723,20241014,145315,GOOD,/home/kaizen-ai/Desktop/thrust_bearing_app/python-backend/Downloads/bearing_complete/GOOD_20241014_145315.jpg
1724,20241014,145439,GOOD,/home/kaizen-ai/Desktop/thrust_bearing_app/python-backend/Downloads/bearing_complete/GOOD_20241014_145439.jpg
1725,20241014,145459,GOOD,/home/kaizen-ai/Desktop/thrust_bearing_app/python-backend/Downloads/bearing_complete/GOOD_20241014_145459.jpg
1726,20241014,145605,GOOD,/home/kaizen-ai/Desktop/thrust_bearing_app/python-backend/Downloads/bearing_complete/GOOD_20241014_145605.jpg
1727,20241014,145715,GOOD,/home/kaizen-ai/Desktop/thrust_bearing_app/python-backend/Downloads/bearing_complete/GOOD_20241014_145715.jpg
1728,20241014,145818,GOOD,/home/kaizen-ai/Desktop/thrust_bearing_app/python-backend/Downloads/bearing_complete/GOOD_20241014_145818.jpg
1729,20241014,145923,GOOD,/home/kaizen-ai/Desktop/thrust_bearing_app/python-backend/Downloads/bearing_complete/GOOD_20241014_145923.jpg
1730,20241014,150047,GOOD,/home/kaizen-ai/Desktop/thrust_bearing_app/python-backend/Downloads/bearing_complete/GOOD_20241014_150047.jpg
1731,20241014,150205,GOOD,/home/kaizen-ai/Desktop/thrust_bearing_app/python-backend/Downloads/bearing_complete/GOOD_20241014_150205.jpg
1732,20241014,150252,NG,/home/kaizen-ai/Desktop/thrust_bearing_app/python-backend/Downloads/not_good_NG1/NG_20241014_150252.jpg
1733,20241014,150342,GOOD,/home/kaizen-ai/Desktop/thrust_bearing_app/python-backend/Downloads/bearing_complete/GOOD_20241014_150342.jpg
1734,20241014,150459,GOOD,/home/kaizen-ai/Desktop/thrust_bearing_app/python-backend/Downloads/bearing_complete/GOOD_20241014_150459.jpg
1735,20241014,150551,GOOD,/home/kaizen-ai/Desktop/thrust_bearing_app/python-backend/Downloads/bearing_complete/GOOD_20241014_150551.jpg
1736,20241014,150746,GOOD,/home/kaizen-ai/Desktop/thrust_bearing_app/python-backend/Downloads/bearing_complete/GOOD_20241014_150746.jpg
1737,20241014,150906,GOOD,/home/kaizen-ai/Desktop/thrust_bearing_app/python-backend/Downloads/bearing_complete/GOOD_20241014_150906.jpg
1738,20241014,150956,GOOD,/home/kaizen-ai/Desktop/thrust_bearing_app/python-backend/Downloads/bearing_complete/GOOD_20241014_150956.jpg
1739,20241014,151129,GOOD,/home/kaizen-ai/Desktop/thrust_bearing_app/python-backend/Downloads/bearing_complete/GOOD_20241014_151129.jpg
1740,20241014,151244,GOOD,/home/kaizen-ai/Desktop/thrust_bearing_app/python-backend/Downloads/bearing_complete/GOOD_20241014_151244.jpg
1741,20241014,151309,NG,/home/kaizen-ai/Desktop/thrust_bearing_app/python-backend/Downloads/not_good_NG1/NG_20241014_151309.jpg
1742,20241014,151407,GOOD,/home/kaizen-ai/Desktop/thrust_bearing_app/python-backend/Downloads/bearing_complete/GOOD_20241014_151407.jpg
1743,20241014,151536,GOOD,/home/kaizen-ai/Desktop/thrust_bearing_app/python-backend/Downloads/bearing_complete/GOOD_20241014_151536.jpg
1744,20241014,151703,GOOD,/home/kaizen-ai/Desktop/thrust_bearing_app/python-backend/Downloads/bearing_complete/GOOD_20241014_151703.jpg
1745,20241014,151819,GOOD,/home/kaizen-ai/Desktop/thrust_bearing_app/python-backend/Downloads/bearing_complete/GOOD_20241014_151819.jpg
1746,20241014,151908,GOOD,/home/kaizen-ai/Desktop/thrust_bearing_app/python-backend/Downloads/bearing_complete/GOOD_20241014_151908.jpg
1747,20241014,152020,GOOD,/home/kaizen-ai/Desktop/thrust_bearing_app/python-backend/Downloads/bearing_complete/GOOD_20241014_152020.jpg
1748,20241014,152114,GOOD,/home/kaizen-ai/Desktop/thrust_bearing_app/python-backend/Downloads/bearing_complete/GOOD_20241014_152114.jpg
1749,20241014,152208,GOOD,/home/kaizen-ai/Desktop/thrust_bearing_app/python-backend/Downloads/bearing_complete/GOOD_20241014_152208.jpg
1750,20241014,152316,GOOD,/home/kaizen-ai/Desktop/thrust_bearing_app/python-backend/Downloads/bearing_complete/GOOD_20241014_152316.jpg
1751,20241014,152418,GOOD,/home/kaizen-ai/Desktop/thrust_bearing_app/python-backend/Downloads/bearing_complete/GOOD_20241014_152418.jpg
1752,20241014,152558,GOOD,/home/kaizen-ai/Desktop/thrust_bearing_app/python-backend/Downloads/bearing_complete/GOOD_20241014_152558.jpg
1753,20241014,152658,GOOD,/home/kaizen-ai/Desktop/thrust_bearing_app/python-backend/Downloads/bearing_complete/GOOD_20241014_152658.jpg
1754,20241014,152738,GOOD,/home/kaizen-ai/Desktop/thrust_bearing_app/python-backend/Downloads/bearing_complete/GOOD_20241014_152738.jpg
1755,20241014,152912,GOOD,/home/kaizen-ai/Desktop/thrust_bearing_app/python-backend/Downloads/bearing_complete/GOOD_20241014_152912.jpg
1756,20241014,153010,GOOD,/home/kaizen-ai/Desktop/thrust_bearing_app/python-backend/Downloads/bearing_complete/GOOD_20241014_153010.jpg
1757,20241014,153137,GOOD,/home/kaizen-ai/Desktop/thrust_bearing_app/python-backend/Downloads/bearing_complete/GOOD_20241014_153137.jpg
1758,20241014,153223,GOOD,/home/kaizen-ai/Desktop/thrust_bearing_app/python-backend/Downloads/bearing_complete/GOOD_20241014_153223.jpg
1759,20241014,153318,GOOD,/home/kaizen-ai/Desktop/thrust_bearing_app/python-backend/Downloads/bearing_complete/GOOD_20241014_153318.jpg
1761,20241014,201207,GOOD,/home/kaizen-ai/Desktop/thrust_bearing_app/python-backend/Downloads/bearing_complete/GOOD_20241014_201207.jpg
1763,20241014,201228,GOOD,/home/kaizen-ai/Desktop/thrust_bearing_app/python-backend/Downloads/bearing_complete/GOOD_20241014_201228.jpg
1764,20241014,201516,GOOD,/home/kaizen-ai/Desktop/thrust_bearing_app/python-backend/Downloads/bearing_complete/GOOD_20241014_201516.jpg
1765,20241014,201527,GOOD,/home/kaizen-ai/Desktop/thrust_bearing_app/python-backend/Downloads/bearing_complete/GOOD_20241014_201527.jpg
1766,20241014,201539,GOOD,/home/kaizen-ai/Desktop/thrust_bearing_app/python-backend/Downloads/bearing_complete/GOOD_20241014_201539.jpg
1767,20241014,201547,GOOD,/home/kaizen-ai/Desktop/thrust_bearing_app/python-backend/Downloads/bearing_complete/GOOD_20241014_201547.jpg
1768,20241014,201555,GOOD,/home/kaizen-ai/Desktop/thrust_bearing_app/python-backend/Downloads/bearing_complete/GOOD_20241014_201555.jpg
1769,20241014,205144,GOOD,/home/kaizen-ai/Desktop/thrust_bearing_app/python-backend/Downloads/bearing_complete/GOOD_20241014_205144.jpg
1770,20241014,205157,GOOD,/home/kaizen-ai/Desktop/thrust_bearing_app/python-backend/Downloads/bearing_complete/GOOD_20241014_205157.jpg
1771,20241014,210343,GOOD,/home/kaizen-ai/Desktop/thrust_bearing_app/python-backend/Downloads/bearing_complete/GOOD_20241014_210343.jpg
1772,20241014,210736,GOOD,/home/kaizen-ai/Desktop/thrust_bearing_app/python-backend/Downloads/bearing_complete/GOOD_20241014_210736.jpg
1773,20241014,211026,GOOD,/home/kaizen-ai/Desktop/thrust_bearing_app/python-backend/Downloads/bearing_complete/GOOD_20241014_211026.jpg
1774,20241014,211141,GOOD,/home/kaizen-ai/Desktop/thrust_bearing_app/python-backend/Downloads/bearing_complete/GOOD_20241014_211141.jpg
1775,20241014,211247,GOOD,/home/kaizen-ai/Desktop/thrust_bearing_app/python-backend/Downloads/bearing_complete/GOOD_20241014_211247.jpg
1776,20241014,211350,GOOD,/home/kaizen-ai/Desktop/thrust_bearing_app/python-backend/Downloads/bearing_complete/GOOD_20241014_211350.jpg
1777,20241014,211451,GOOD,/home/kaizen-ai/Desktop/thrust_bearing_app/python-backend/Downloads/bearing_complete/GOOD_20241014_211451.jpg
1778,20241014,211553,GOOD,/home/kaizen-ai/Desktop/thrust_bearing_app/python-backend/Downloads/bearing_complete/GOOD_20241014_211553.jpg
1779,20241014,211657,GOOD,/home/kaizen-ai/Desktop/thrust_bearing_app/python-backend/Downloads/bearing_complete/GOOD_20241014_211657.jpg
1780,20241014,211841,GOOD,/home/kaizen-ai/Desktop/thrust_bearing_app/python-backend/Downloads/bearing_complete/GOOD_20241014_211841.jpg
1781,20241014,211931,GOOD,/home/kaizen-ai/Desktop/thrust_bearing_app/python-backend/Downloads/bearing_complete/GOOD_20241014_211931.jpg
1782,20241014,212026,GOOD,/home/kaizen-ai/Desktop/thrust_bearing_app/python-backend/Downloads/bearing_complete/GOOD_20241014_212026.jpg
1783,20241014,212125,GOOD,/home/kaizen-ai/Desktop/thrust_bearing_app/python-backend/Downloads/bearing_complete/GOOD_20241014_212125.jpg
1784,20241014,212303,GOOD,/home/kaizen-ai/Desktop/thrust_bearing_app/python-backend/Downloads/bearing_complete/GOOD_20241014_212303.jpg
1785,20241014,212439,GOOD,/home/kaizen-ai/Desktop/thrust_bearing_app/python-backend/Downloads/bearing_complete/GOOD_20241014_212439.jpg
1786,20241014,212544,GOOD,/home/kaizen-ai/Desktop/thrust_bearing_app/python-backend/Downloads/bearing_complete/GOOD_20241014_212544.jpg
1787,20241014,212701,GOOD,/home/kaizen-ai/Desktop/thrust_bearing_app/python-backend/Downloads/bearing_complete/GOOD_20241014_212701.jpg
1788,20241014,212806,GOOD,/home/kaizen-ai/Desktop/thrust_bearing_app/python-backend/Downloads/bearing_complete/GOOD_20241014_212806.jpg
1789,20241014,212854,GOOD,/home/kaizen-ai/Desktop/thrust_bearing_app/python-backend/Downloads/bearing_complete/GOOD_20241014_212854.jpg
1790,20241014,213018,GOOD,/home/kaizen-ai/Desktop/thrust_bearing_app/python-backend/Downloads/bearing_complete/GOOD_20241014_213018.jpg
1791,20241014,213125,GOOD,/home/kaizen-ai/Desktop/thrust_bearing_app/python-backend/Downloads/bearing_complete/GOOD_20241014_213125.jpg
1792,20241014,213213,GOOD,/home/kaizen-ai/Desktop/thrust_bearing_app/python-backend/Downloads/bearing_complete/GOOD_20241014_213213.jpg
1793,20241014,213259,GOOD,/home/kaizen-ai/Desktop/thrust_bearing_app/python-backend/Downloads/bearing_complete/GOOD_20241014_213259.jpg
1794,20241014,213415,GOOD,/home/kaizen-ai/Desktop/thrust_bearing_app/python-backend/Downloads/bearing_complete/GOOD_20241014_213415.jpg
1795,20241014,213526,GOOD,/home/kaizen-ai/Desktop/thrust_bearing_app/python-backend/Downloads/bearing_complete/GOOD_20241014_213526.jpg
1796,20241014,213617,GOOD,/home/kaizen-ai/Desktop/thrust_bearing_app/python-backend/Downloads/bearing_complete/GOOD_20241014_213617.jpg
1797,20241014,213718,GOOD,/home/kaizen-ai/Desktop/thrust_bearing_app/python-backend/Downloads/bearing_complete/GOOD_20241014_213718.jpg
1798,20241014,213850,GOOD,/home/kaizen-ai/Desktop/thrust_bearing_app/python-backend/Downloads/bearing_complete/GOOD_20241014_213850.jpg
1799,20241014,214003,GOOD,/home/kaizen-ai/Desktop/thrust_bearing_app/python-backend/Downloads/bearing_complete/GOOD_20241014_214003.jpg
1800,20241014,214112,GOOD,/home/kaizen-ai/Desktop/thrust_bearing_app/python-backend/Downloads/bearing_complete/GOOD_20241014_214112.jpg
1801,20241014,214207,GOOD,/home/kaizen-ai/Desktop/thrust_bearing_app/python-backend/Downloads/bearing_complete/GOOD_20241014_214207.jpg
1802,20241014,214315,GOOD,/home/kaizen-ai/Desktop/thrust_bearing_app/python-backend/Downloads/bearing_complete/GOOD_20241014_214315.jpg
1803,20241014,214408,GOOD,/home/kaizen-ai/Desktop/thrust_bearing_app/python-backend/Downloads/bearing_complete/GOOD_20241014_214408.jpg
1804,20241014,214517,GOOD,/home/kaizen-ai/Desktop/thrust_bearing_app/python-backend/Downloads/bearing_complete/GOOD_20241014_214517.jpg
1805,20241014,214626,GOOD,/home/kaizen-ai/Desktop/thrust_bearing_app/python-backend/Downloads/bearing_complete/GOOD_20241014_214626.jpg
1806,20241014,214718,GOOD,/home/kaizen-ai/Desktop/thrust_bearing_app/python-backend/Downloads/bearing_complete/GOOD_20241014_214718.jpg
1807,20241014,214832,GOOD,/home/kaizen-ai/Desktop/thrust_bearing_app/python-backend/Downloads/bearing_complete/GOOD_20241014_214832.jpg
1808,20241014,214935,GOOD,/home/kaizen-ai/Desktop/thrust_bearing_app/python-backend/Downloads/bearing_complete/GOOD_20241014_214935.jpg
1809,20241014,215036,GOOD,/home/kaizen-ai/Desktop/thrust_bearing_app/python-backend/Downloads/bearing_complete/GOOD_20241014_215036.jpg
1810,20241014,215131,GOOD,/home/kaizen-ai/Desktop/thrust_bearing_app/python-backend/Downloads/bearing_complete/GOOD_20241014_215131.jpg
1811,20241014,215230,GOOD,/home/kaizen-ai/Desktop/thrust_bearing_app/python-backend/Downloads/bearing_complete/GOOD_20241014_215230.jpg
1812,20241014,215337,GOOD,/home/kaizen-ai/Desktop/thrust_bearing_app/python-backend/Downloads/bearing_complete/GOOD_20241014_215337.jpg
1813,20241014,215439,GOOD,/home/kaizen-ai/Desktop/thrust_bearing_app/python-backend/Downloads/bearing_complete/GOOD_20241014_215439.jpg
1814,20241014,215536,GOOD,/home/kaizen-ai/Desktop/thrust_bearing_app/python-backend/Downloads/bearing_complete/GOOD_20241014_215536.jpg
1815,20241014,215649,GOOD,/home/kaizen-ai/Desktop/thrust_bearing_app/python-backend/Downloads/bearing_complete/GOOD_20241014_215649.jpg
1816,20241014,215759,GOOD,/home/kaizen-ai/Desktop/thrust_bearing_app/python-backend/Downloads/bearing_complete/GOOD_20241014_215759.jpg
1817,20241014,215908,GOOD,/home/kaizen-ai/Desktop/thrust_bearing_app/python-backend/Downloads/bearing_complete/GOOD_20241014_215908.jpg
1818,20241014,220003,GOOD,/home/kaizen-ai/Desktop/thrust_bearing_app/python-backend/Downloads/bearing_complete/GOOD_20241014_220003.jpg
1819,20241014,220912,GOOD,/home/kaizen-ai/Desktop/thrust_bearing_app/python-backend/Downloads/bearing_complete/GOOD_20241014_220912.jpg
1820,20241014,221113,GOOD,/home/kaizen-ai/Desktop/thrust_bearing_app/python-backend/Downloads/bearing_complete/GOOD_20241014_221113.jpg
1821,20241014,221214,GOOD,/home/kaizen-ai/Desktop/thrust_bearing_app/python-backend/Downloads/bearing_complete/GOOD_20241014_221214.jpg
1822,20241014,221308,GOOD,/home/kaizen-ai/Desktop/thrust_bearing_app/python-backend/Downloads/bearing_complete/GOOD_20241014_221308.jpg
1823,20241014,221428,GOOD,/home/kaizen-ai/Desktop/thrust_bearing_app/python-backend/Downloads/bearing_complete/GOOD_20241014_221428.jpg
1824,20241014,221528,GOOD,/home/kaizen-ai/Desktop/thrust_bearing_app/python-backend/Downloads/bearing_complete/GOOD_20241014_221528.jpg
1825,20241014,221647,GOOD,/home/kaizen-ai/Desktop/thrust_bearing_app/python-backend/Downloads/bearing_complete/GOOD_20241014_221647.jpg
1826,20241014,221739,GOOD,/home/kaizen-ai/Desktop/thrust_bearing_app/python-backend/Downloads/bearing_complete/GOOD_20241014_221739.jpg
1827,20241014,221918,GOOD,/home/kaizen-ai/Desktop/thrust_bearing_app/python-backend/Downloads/bearing_complete/GOOD_20241014_221918.jpg
1828,20241014,222004,GOOD,/home/kaizen-ai/Desktop/thrust_bearing_app/python-backend/Downloads/bearing_complete/GOOD_20241014_222004.jpg
1829,20241014,222054,GOOD,/home/kaizen-ai/Desktop/thrust_bearing_app/python-backend/Downloads/bearing_complete/GOOD_20241014_222054.jpg
1830,20241014,222149,GOOD,/home/kaizen-ai/Desktop/thrust_bearing_app/python-backend/Downloads/bearing_complete/GOOD_20241014_222149.jpg
1831,20241014,222258,GOOD,/home/kaizen-ai/Desktop/thrust_bearing_app/python-backend/Downloads/bearing_complete/GOOD_20241014_222258.jpg
1832,20241014,222404,GOOD,/home/kaizen-ai/Desktop/thrust_bearing_app/python-backend/Downloads/bearing_complete/GOOD_20241014_222404.jpg
1833,20241014,222508,GOOD,/home/kaizen-ai/Desktop/thrust_bearing_app/python-backend/Downloads/bearing_complete/GOOD_20241014_222508.jpg
1834,20241014,222609,GOOD,/home/kaizen-ai/Desktop/thrust_bearing_app/python-backend/Downloads/bearing_complete/GOOD_20241014_222609.jpg
1835,20241014,222705,GOOD,/home/kaizen-ai/Desktop/thrust_bearing_app/python-backend/Downloads/bearing_complete/GOOD_20241014_222705.jpg
1836,20241014,222758,GOOD,/home/kaizen-ai/Desktop/thrust_bearing_app/python-backend/Downloads/bearing_complete/GOOD_20241014_222758.jpg
1837,20241014,222854,GOOD,/home/kaizen-ai/Desktop/thrust_bearing_app/python-backend/Downloads/bearing_complete/GOOD_20241014_222854.jpg
1838,20241014,223012,GOOD,/home/kaizen-ai/Desktop/thrust_bearing_app/python-backend/Downloads/bearing_complete/GOOD_20241014_223012.jpg
1839,20241014,223239,GOOD,/home/kaizen-ai/Desktop/thrust_bearing_app/python-backend/Downloads/bearing_complete/GOOD_20241014_223239.jpg
1840,20241014,223343,GOOD,/home/kaizen-ai/Desktop/thrust_bearing_app/python-backend/Downloads/bearing_complete/GOOD_20241014_223343.jpg
1841,20241014,223434,GOOD,/home/kaizen-ai/Desktop/thrust_bearing_app/python-backend/Downloads/bearing_complete/GOOD_20241014_223434.jpg
1842,20241014,223540,GOOD,/home/kaizen-ai/Desktop/thrust_bearing_app/python-backend/Downloads/bearing_complete/GOOD_20241014_223540.jpg
1843,20241014,223634,GOOD,/home/kaizen-ai/Desktop/thrust_bearing_app/python-backend/Downloads/bearing_complete/GOOD_20241014_223634.jpg
1844,20241014,223730,GOOD,/home/kaizen-ai/Desktop/thrust_bearing_app/python-backend/Downloads/bearing_complete/GOOD_20241014_223730.jpg
1845,20241014,223823,GOOD,/home/kaizen-ai/Desktop/thrust_bearing_app/python-backend/Downloads/bearing_complete/GOOD_20241014_223823.jpg
1846,20241014,223943,GOOD,/home/kaizen-ai/Desktop/thrust_bearing_app/python-backend/Downloads/bearing_complete/GOOD_20241014_223943.jpg
1847,20241014,224053,GOOD,/home/kaizen-ai/Desktop/thrust_bearing_app/python-backend/Downloads/bearing_complete/GOOD_20241014_224053.jpg
1848,20241014,224149,GOOD,/home/kaizen-ai/Desktop/thrust_bearing_app/python-backend/Downloads/bearing_complete/GOOD_20241014_224149.jpg
1849,20241014,224320,GOOD,/home/kaizen-ai/Desktop/thrust_bearing_app/python-backend/Downloads/bearing_complete/GOOD_20241014_224320.jpg
1850,20241014,224422,GOOD,/home/kaizen-ai/Desktop/thrust_bearing_app/python-backend/Downloads/bearing_complete/GOOD_20241014_224422.jpg
1851,20241014,224528,GOOD,/home/kaizen-ai/Desktop/thrust_bearing_app/python-backend/Downloads/bearing_complete/GOOD_20241014_224528.jpg
1852,20241014,224628,GOOD,/home/kaizen-ai/Desktop/thrust_bearing_app/python-backend/Downloads/bearing_complete/GOOD_20241014_224628.jpg
1853,20241014,224722,GOOD,/home/kaizen-ai/Desktop/thrust_bearing_app/python-backend/Downloads/bearing_complete/GOOD_20241014_224722.jpg
1854,20241014,224825,GOOD,/home/kaizen-ai/Desktop/thrust_bearing_app/python-backend/Downloads/bearing_complete/GOOD_20241014_224825.jpg
1855,20241014,224925,GOOD,/home/kaizen-ai/Desktop/thrust_bearing_app/python-backend/Downloads/bearing_complete/GOOD_20241014_224925.jpg
1856,20241014,225031,GOOD,/home/kaizen-ai/Desktop/thrust_bearing_app/python-backend/Downloads/bearing_complete/GOOD_20241014_225031.jpg
1857,20241014,225114,GOOD,/home/kaizen-ai/Desktop/thrust_bearing_app/python-backend/Downloads/bearing_complete/GOOD_20241014_225114.jpg
1858,20241014,225212,GOOD,/home/kaizen-ai/Desktop/thrust_bearing_app/python-backend/Downloads/bearing_complete/GOOD_20241014_225212.jpg
1859,20241014,225319,GOOD,/home/kaizen-ai/Desktop/thrust_bearing_app/python-backend/Downloads/bearing_complete/GOOD_20241014_225319.jpg
1860,20241014,225410,GOOD,/home/kaizen-ai/Desktop/thrust_bearing_app/python-backend/Downloads/bearing_complete/GOOD_20241014_225410.jpg
1861,20241014,225533,GOOD,/home/kaizen-ai/Desktop/thrust_bearing_app/python-backend/Downloads/bearing_complete/GOOD_20241014_225533.jpg
1862,20241014,225628,GOOD,/home/kaizen-ai/Desktop/thrust_bearing_app/python-backend/Downloads/bearing_complete/GOOD_20241014_225628.jpg
1863,20241014,225733,GOOD,/home/kaizen-ai/Desktop/thrust_bearing_app/python-backend/Downloads/bearing_complete/GOOD_20241014_225733.jpg
1864,20241014,225914,GOOD,/home/kaizen-ai/Desktop/thrust_bearing_app/python-backend/Downloads/bearing_complete/GOOD_20241014_225914.jpg
1865,20241014,230015,GOOD,/home/kaizen-ai/Desktop/thrust_bearing_app/python-backend/Downloads/bearing_complete/GOOD_20241014_230015.jpg
1866,20241014,230151,GOOD,/home/kaizen-ai/Desktop/thrust_bearing_app/python-backend/Downloads/bearing_complete/GOOD_20241014_230151.jpg
1867,20241014,230316,GOOD,/home/kaizen-ai/Desktop/thrust_bearing_app/python-backend/Downloads/bearing_complete/GOOD_20241014_230316.jpg
1868,20241014,230403,GOOD,/home/kaizen-ai/Desktop/thrust_bearing_app/python-backend/Downloads/bearing_complete/GOOD_20241014_230403.jpg
1869,20241014,230503,GOOD,/home/kaizen-ai/Desktop/thrust_bearing_app/python-backend/Downloads/bearing_complete/GOOD_20241014_230503.jpg
1870,20241014,230606,GOOD,/home/kaizen-ai/Desktop/thrust_bearing_app/python-backend/Downloads/bearing_complete/GOOD_20241014_230606.jpg
1871,20241014,230719,GOOD,/home/kaizen-ai/Desktop/thrust_bearing_app/python-backend/Downloads/bearing_complete/GOOD_20241014_230719.jpg
1872,20241014,230809,GOOD,/home/kaizen-ai/Desktop/thrust_bearing_app/python-backend/Downloads/bearing_complete/GOOD_20241014_230809.jpg
1873,20241014,230929,GOOD,/home/kaizen-ai/Desktop/thrust_bearing_app/python-backend/Downloads/bearing_complete/GOOD_20241014_230929.jpg
1874,20241014,231026,GOOD,/home/kaizen-ai/Desktop/thrust_bearing_app/python-backend/Downloads/bearing_complete/GOOD_20241014_231026.jpg
1875,20241014,231133,GOOD,/home/kaizen-ai/Desktop/thrust_bearing_app/python-backend/Downloads/bearing_complete/GOOD_20241014_231133.jpg
1876,20241014,231234,GOOD,/home/kaizen-ai/Desktop/thrust_bearing_app/python-backend/Downloads/bearing_complete/GOOD_20241014_231234.jpg
1877,20241014,231607,GOOD,/home/kaizen-ai/Desktop/thrust_bearing_app/python-backend/Downloads/bearing_complete/GOOD_20241014_231607.jpg
1878,20241014,231743,GOOD,/home/kaizen-ai/Desktop/thrust_bearing_app/python-backend/Downloads/bearing_complete/GOOD_20241014_231743.jpg
1879,20241014,231852,GOOD,/home/kaizen-ai/Desktop/thrust_bearing_app/python-backend/Downloads/bearing_complete/GOOD_20241014_231852.jpg
1880,20241014,232132,GOOD,/home/kaizen-ai/Desktop/thrust_bearing_app/python-backend/Downloads/bearing_complete/GOOD_20241014_232132.jpg
1881,20241014,232239,GOOD,/home/kaizen-ai/Desktop/thrust_bearing_app/python-backend/Downloads/bearing_complete/GOOD_20241014_232239.jpg
1882,20241014,232331,GOOD,/home/kaizen-ai/Desktop/thrust_bearing_app/python-backend/Downloads/bearing_complete/GOOD_20241014_232331.jpg
1883,20241014,232439,GOOD,/home/kaizen-ai/Desktop/thrust_bearing_app/python-backend/Downloads/bearing_complete/GOOD_20241014_232439.jpg
1884,20241014,232531,GOOD,/home/kaizen-ai/Desktop/thrust_bearing_app/python-backend/Downloads/bearing_complete/GOOD_20241014_232531.jpg
1885,20241014,232628,GOOD,/home/kaizen-ai/Desktop/thrust_bearing_app/python-backend/Downloads/bearing_complete/GOOD_20241014_232628.jpg
1886,20241014,232726,GOOD,/home/kaizen-ai/Desktop/thrust_bearing_app/python-backend/Downloads/bearing_complete/GOOD_20241014_232726.jpg
1887,20241014,232830,GOOD,/home/kaizen-ai/Desktop/thrust_bearing_app/python-backend/Downloads/bearing_complete/GOOD_20241014_232830.jpg
1888,20241014,232922,GOOD,/home/kaizen-ai/Desktop/thrust_bearing_app/python-backend/Downloads/bearing_complete/GOOD_20241014_232922.jpg
1889,20241014,233021,GOOD,/home/kaizen-ai/Desktop/thrust_bearing_app/python-backend/Downloads/bearing_complete/GOOD_20241014_233021.jpg
1890,20241014,233120,GOOD,/home/kaizen-ai/Desktop/thrust_bearing_app/python-backend/Downloads/bearing_complete/GOOD_20241014_233120.jpg
1891,20241014,233315,GOOD,/home/kaizen-ai/Desktop/thrust_bearing_app/python-backend/Downloads/bearing_complete/GOOD_20241014_233315.jpg
1892,20241014,233412,GOOD,/home/kaizen-ai/Desktop/thrust_bearing_app/python-backend/Downloads/bearing_complete/GOOD_20241014_233412.jpg
1893,20241014,233506,GOOD,/home/kaizen-ai/Desktop/thrust_bearing_app/python-backend/Downloads/bearing_complete/GOOD_20241014_233506.jpg
1894,20241014,233620,GOOD,/home/kaizen-ai/Desktop/thrust_bearing_app/python-backend/Downloads/bearing_complete/GOOD_20241014_233620.jpg
1895,20241014,233733,GOOD,/home/kaizen-ai/Desktop/thrust_bearing_app/python-backend/Downloads/bearing_complete/GOOD_20241014_233733.jpg
1896,20241014,233834,GOOD,/home/kaizen-ai/Desktop/thrust_bearing_app/python-backend/Downloads/bearing_complete/GOOD_20241014_233834.jpg
1897,20241014,233937,GOOD,/home/kaizen-ai/Desktop/thrust_bearing_app/python-backend/Downloads/bearing_complete/GOOD_20241014_233937.jpg
1898,20241014,234056,GOOD,/home/kaizen-ai/Desktop/thrust_bearing_app/python-backend/Downloads/bearing_complete/GOOD_20241014_234056.jpg
1899,20241014,234210,GOOD,/home/kaizen-ai/Desktop/thrust_bearing_app/python-backend/Downloads/bearing_complete/GOOD_20241014_234210.jpg
1900,20241014,234347,GOOD,/home/kaizen-ai/Desktop/thrust_bearing_app/python-backend/Downloads/bearing_complete/GOOD_20241014_234347.jpg
1901,20241014,234508,GOOD,/home/kaizen-ai/Desktop/thrust_bearing_app/python-backend/Downloads/bearing_complete/GOOD_20241014_234508.jpg
1902,20241014,234626,GOOD,/home/kaizen-ai/Desktop/thrust_bearing_app/python-backend/Downloads/bearing_complete/GOOD_20241014_234626.jpg
1903,20241014,234739,GOOD,/home/kaizen-ai/Desktop/thrust_bearing_app/python-backend/Downloads/bearing_complete/GOOD_20241014_234739.jpg
1904,20241014,234835,GOOD,/home/kaizen-ai/Desktop/thrust_bearing_app/python-backend/Downloads/bearing_complete/GOOD_20241014_234835.jpg
1905,20241014,234923,GOOD,/home/kaizen-ai/Desktop/thrust_bearing_app/python-backend/Downloads/bearing_complete/GOOD_20241014_234923.jpg
1906,20241014,235029,GOOD,/home/kaizen-ai/Desktop/thrust_bearing_app/python-backend/Downloads/bearing_complete/GOOD_20241014_235029.jpg
1907,20241014,235145,GOOD,/home/kaizen-ai/Desktop/thrust_bearing_app/python-backend/Downloads/bearing_complete/GOOD_20241014_235145.jpg
1908,20241014,235250,GOOD,/home/kaizen-ai/Desktop/thrust_bearing_app/python-backend/Downloads/bearing_complete/GOOD_20241014_235250.jpg
1909,20241014,235400,GOOD,/home/kaizen-ai/Desktop/thrust_bearing_app/python-backend/Downloads/bearing_complete/GOOD_20241014_235400.jpg
1910,20241014,235457,GOOD,/home/kaizen-ai/Desktop/thrust_bearing_app/python-backend/Downloads/bearing_complete/GOOD_20241014_235457.jpg
1911,20241014,235544,GOOD,/home/kaizen-ai/Desktop/thrust_bearing_app/python-backend/Downloads/bearing_complete/GOOD_20241014_235544.jpg
1912,20241014,235638,GOOD,/home/kaizen-ai/Desktop/thrust_bearing_app/python-backend/Downloads/bearing_complete/GOOD_20241014_235638.jpg
1913,20241014,235736,GOOD,/home/kaizen-ai/Desktop/thrust_bearing_app/python-backend/Downloads/bearing_complete/GOOD_20241014_235736.jpg
1914,20241014,235848,GOOD,/home/kaizen-ai/Desktop/thrust_bearing_app/python-backend/Downloads/bearing_complete/GOOD_20241014_235848.jpg
1915,20241015,2655,GOOD,/home/kaizen-ai/Desktop/thrust_bearing_app/python-backend/Downloads/bearing_complete/GOOD_20241015_002655.jpg
1916,20241015,3013,GOOD,/home/kaizen-ai/Desktop/thrust_bearing_app/python-backend/Downloads/bearing_complete/GOOD_20241015_003013.jpg
1917,20241015,3207,GOOD,/home/kaizen-ai/Desktop/thrust_bearing_app/python-backend/Downloads/bearing_complete/GOOD_20241015_003207.jpg
1918,20241015,3325,GOOD,/home/kaizen-ai/Desktop/thrust_bearing_app/python-backend/Downloads/bearing_complete/GOOD_20241015_003325.jpg
1919,20241015,3520,GOOD,/home/kaizen-ai/Desktop/thrust_bearing_app/python-backend/Downloads/bearing_complete/GOOD_20241015_003520.jpg
1920,20241015,3614,GOOD,/home/kaizen-ai/Desktop/thrust_bearing_app/python-backend/Downloads/bearing_complete/GOOD_20241015_003614.jpg
1921,20241015,3716,GOOD,/home/kaizen-ai/Desktop/thrust_bearing_app/python-backend/Downloads/bearing_complete/GOOD_20241015_003716.jpg
1922,20241015,3810,GOOD,/home/kaizen-ai/Desktop/thrust_bearing_app/python-backend/Downloads/bearing_complete/GOOD_20241015_003810.jpg
1923,20241015,3858,GOOD,/home/kaizen-ai/Desktop/thrust_bearing_app/python-backend/Downloads/bearing_complete/GOOD_20241015_003858.jpg
1924,20241015,3939,GOOD,/home/kaizen-ai/Desktop/thrust_bearing_app/python-backend/Downloads/bearing_complete/GOOD_20241015_003939.jpg
1925,20241015,4052,GOOD,/home/kaizen-ai/Desktop/thrust_bearing_app/python-backend/Downloads/bearing_complete/GOOD_20241015_004052.jpg
1926,20241015,4146,GOOD,/home/kaizen-ai/Desktop/thrust_bearing_app/python-backend/Downloads/bearing_complete/GOOD_20241015_004146.jpg
1927,20241015,4249,GOOD,/home/kaizen-ai/Desktop/thrust_bearing_app/python-backend/Downloads/bearing_complete/GOOD_20241015_004249.jpg
1928,20241015,4355,GOOD,/home/kaizen-ai/Desktop/thrust_bearing_app/python-backend/Downloads/bearing_complete/GOOD_20241015_004355.jpg
1929,20241015,4521,GOOD,/home/kaizen-ai/Desktop/thrust_bearing_app/python-backend/Downloads/bearing_complete/GOOD_20241015_004521.jpg
1930,20241015,4642,GOOD,/home/kaizen-ai/Desktop/thrust_bearing_app/python-backend/Downloads/bearing_complete/GOOD_20241015_004642.jpg
1931,20241015,4808,GOOD,/home/kaizen-ai/Desktop/thrust_bearing_app/python-backend/Downloads/bearing_complete/GOOD_20241015_004808.jpg
1932,20241015,4900,GOOD,/home/kaizen-ai/Desktop/thrust_bearing_app/python-backend/Downloads/bearing_complete/GOOD_20241015_004900.jpg
1933,20241015,5010,GOOD,/home/kaizen-ai/Desktop/thrust_bearing_app/python-backend/Downloads/bearing_complete/GOOD_20241015_005010.jpg
1934,20241015,5150,GOOD,/home/kaizen-ai/Desktop/thrust_bearing_app/python-backend/Downloads/bearing_complete/GOOD_20241015_005150.jpg
1935,20241015,5244,GOOD,/home/kaizen-ai/Desktop/thrust_bearing_app/python-backend/Downloads/bearing_complete/GOOD_20241015_005244.jpg
1936,20241015,5355,GOOD,/home/kaizen-ai/Desktop/thrust_bearing_app/python-backend/Downloads/bearing_complete/GOOD_20241015_005355.jpg
1937,20241015,5450,GOOD,/home/kaizen-ai/Desktop/thrust_bearing_app/python-backend/Downloads/bearing_complete/GOOD_20241015_005450.jpg
1938,20241015,5554,GOOD,/home/kaizen-ai/Desktop/thrust_bearing_app/python-backend/Downloads/bearing_complete/GOOD_20241015_005554.jpg
1939,20241015,5640,GOOD,/home/kaizen-ai/Desktop/thrust_bearing_app/python-backend/Downloads/bearing_complete/GOOD_20241015_005640.jpg
1940,20241015,5732,GOOD,/home/kaizen-ai/Desktop/thrust_bearing_app/python-backend/Downloads/bearing_complete/GOOD_20241015_005732.jpg
1941,20241015,5834,GOOD,/home/kaizen-ai/Desktop/thrust_bearing_app/python-backend/Downloads/bearing_complete/GOOD_20241015_005834.jpg
1942,20241015,5927,GOOD,/home/kaizen-ai/Desktop/thrust_bearing_app/python-backend/Downloads/bearing_complete/GOOD_20241015_005927.jpg
1943,20241015,10014,GOOD,/home/kaizen-ai/Desktop/thrust_bearing_app/python-backend/Downloads/bearing_complete/GOOD_20241015_010014.jpg
1944,20241015,10100,GOOD,/home/kaizen-ai/Desktop/thrust_bearing_app/python-backend/Downloads/bearing_complete/GOOD_20241015_010100.jpg
1945,20241015,10221,GOOD,/home/kaizen-ai/Desktop/thrust_bearing_app/python-backend/Downloads/bearing_complete/GOOD_20241015_010221.jpg
1946,20241015,10322,GOOD,/home/kaizen-ai/Desktop/thrust_bearing_app/python-backend/Downloads/bearing_complete/GOOD_20241015_010322.jpg
1947,20241015,10430,GOOD,/home/kaizen-ai/Desktop/thrust_bearing_app/python-backend/Downloads/bearing_complete/GOOD_20241015_010430.jpg
1948,20241015,10548,GOOD,/home/kaizen-ai/Desktop/thrust_bearing_app/python-backend/Downloads/bearing_complete/GOOD_20241015_010548.jpg
1949,20241015,10641,GOOD,/home/kaizen-ai/Desktop/thrust_bearing_app/python-backend/Downloads/bearing_complete/GOOD_20241015_010641.jpg
1950,20241015,10754,GOOD,/home/kaizen-ai/Desktop/thrust_bearing_app/python-backend/Downloads/bearing_complete/GOOD_20241015_010754.jpg
1951,20241015,10904,GOOD,/home/kaizen-ai/Desktop/thrust_bearing_app/python-backend/Downloads/bearing_complete/GOOD_20241015_010904.jpg
1952,20241015,11007,GOOD,/home/kaizen-ai/Desktop/thrust_bearing_app/python-backend/Downloads/bearing_complete/GOOD_20241015_011007.jpg
1953,20241015,11205,GOOD,/home/kaizen-ai/Desktop/thrust_bearing_app/python-backend/Downloads/bearing_complete/GOOD_20241015_011205.jpg
1954,20241015,11258,GOOD,/home/kaizen-ai/Desktop/thrust_bearing_app/python-backend/Downloads/bearing_complete/GOOD_20241015_011258.jpg
1955,20241015,11403,GOOD,/home/kaizen-ai/Desktop/thrust_bearing_app/python-backend/Downloads/bearing_complete/GOOD_20241015_011403.jpg
1956,20241015,11512,GOOD,/home/kaizen-ai/Desktop/thrust_bearing_app/python-backend/Downloads/bearing_complete/GOOD_20241015_011512.jpg
1957,20241015,11605,GOOD,/home/kaizen-ai/Desktop/thrust_bearing_app/python-backend/Downloads/bearing_complete/GOOD_20241015_011605.jpg
1958,20241015,11714,GOOD,/home/kaizen-ai/Desktop/thrust_bearing_app/python-backend/Downloads/bearing_complete/GOOD_20241015_011714.jpg
1959,20241015,11832,GOOD,/home/kaizen-ai/Desktop/thrust_bearing_app/python-backend/Downloads/bearing_complete/GOOD_20241015_011832.jpg
1960,20241015,11925,GOOD,/home/kaizen-ai/Desktop/thrust_bearing_app/python-backend/Downloads/bearing_complete/GOOD_20241015_011925.jpg
1961,20241015,12024,GOOD,/home/kaizen-ai/Desktop/thrust_bearing_app/python-backend/Downloads/bearing_complete/GOOD_20241015_012024.jpg
1962,20241015,12128,GOOD,/home/kaizen-ai/Desktop/thrust_bearing_app/python-backend/Downloads/bearing_complete/GOOD_20241015_012128.jpg
1963,20241015,12214,GOOD,/home/kaizen-ai/Desktop/thrust_bearing_app/python-backend/Downloads/bearing_complete/GOOD_20241015_012214.jpg
1964,20241015,12320,GOOD,/home/kaizen-ai/Desktop/thrust_bearing_app/python-backend/Downloads/bearing_complete/GOOD_20241015_012320.jpg
1965,20241015,12421,GOOD,/home/kaizen-ai/Desktop/thrust_bearing_app/python-backend/Downloads/bearing_complete/GOOD_20241015_012421.jpg
1966,20241015,12531,GOOD,/home/kaizen-ai/Desktop/thrust_bearing_app/python-backend/Downloads/bearing_complete/GOOD_20241015_012531.jpg
1967,20241015,12647,GOOD,/home/kaizen-ai/Desktop/thrust_bearing_app/python-backend/Downloads/bearing_complete/GOOD_20241015_012647.jpg
1968,20241015,12801,GOOD,/home/kaizen-ai/Desktop/thrust_bearing_app/python-backend/Downloads/bearing_complete/GOOD_20241015_012801.jpg
1969,20241015,13100,GOOD,/home/kaizen-ai/Desktop/thrust_bearing_app/python-backend/Downloads/bearing_complete/GOOD_20241015_013100.jpg
1970,20241015,13204,GOOD,/home/kaizen-ai/Desktop/thrust_bearing_app/python-backend/Downloads/bearing_complete/GOOD_20241015_013204.jpg
1971,20241015,13957,GOOD,/home/kaizen-ai/Desktop/thrust_bearing_app/python-backend/Downloads/bearing_complete/GOOD_20241015_013957.jpg
1972,20241015,14108,GOOD,/home/kaizen-ai/Desktop/thrust_bearing_app/python-backend/Downloads/bearing_complete/GOOD_20241015_014108.jpg
1973,20241015,14216,GOOD,/home/kaizen-ai/Desktop/thrust_bearing_app/python-backend/Downloads/bearing_complete/GOOD_20241015_014216.jpg
1974,20241015,14313,GOOD,/home/kaizen-ai/Desktop/thrust_bearing_app/python-backend/Downloads/bearing_complete/GOOD_20241015_014313.jpg
1975,20241015,14508,GOOD,/home/kaizen-ai/Desktop/thrust_bearing_app/python-backend/Downloads/bearing_complete/GOOD_20241015_014508.jpg
1976,20241015,14606,GOOD,/home/kaizen-ai/Desktop/thrust_bearing_app/python-backend/Downloads/bearing_complete/GOOD_20241015_014606.jpg
1977,20241015,14830,GOOD,/home/kaizen-ai/Desktop/thrust_bearing_app/python-backend/Downloads/bearing_complete/GOOD_20241015_014830.jpg
1978,20241015,14921,GOOD,/home/kaizen-ai/Desktop/thrust_bearing_app/python-backend/Downloads/bearing_complete/GOOD_20241015_014921.jpg
1979,20241015,15022,GOOD,/home/kaizen-ai/Desktop/thrust_bearing_app/python-backend/Downloads/bearing_complete/GOOD_20241015_015022.jpg
1980,20241015,15102,GOOD,/home/kaizen-ai/Desktop/thrust_bearing_app/python-backend/Downloads/bearing_complete/GOOD_20241015_015102.jpg
1981,20241015,15208,GOOD,/home/kaizen-ai/Desktop/thrust_bearing_app/python-backend/Downloads/bearing_complete/GOOD_20241015_015208.jpg
1982,20241015,15311,GOOD,/home/kaizen-ai/Desktop/thrust_bearing_app/python-backend/Downloads/bearing_complete/GOOD_20241015_015311.jpg
1983,20241015,15401,GOOD,/home/kaizen-ai/Desktop/thrust_bearing_app/python-backend/Downloads/bearing_complete/GOOD_20241015_015401.jpg
1984,20241015,15500,GOOD,/home/kaizen-ai/Desktop/thrust_bearing_app/python-backend/Downloads/bearing_complete/GOOD_20241015_015500.jpg
1985,20241015,15601,GOOD,/home/kaizen-ai/Desktop/thrust_bearing_app/python-backend/Downloads/bearing_complete/GOOD_20241015_015601.jpg
1986,20241015,15705,GOOD,/home/kaizen-ai/Desktop/thrust_bearing_app/python-backend/Downloads/bearing_complete/GOOD_20241015_015705.jpg
1987,20241015,15811,GOOD,/home/kaizen-ai/Desktop/thrust_bearing_app/python-backend/Downloads/bearing_complete/GOOD_20241015_015811.jpg
1988,20241015,15918,GOOD,/home/kaizen-ai/Desktop/thrust_bearing_app/python-backend/Downloads/bearing_complete/GOOD_20241015_015918.jpg
1989,20241015,20007,GOOD,/home/kaizen-ai/Desktop/thrust_bearing_app/python-backend/Downloads/bearing_complete/GOOD_20241015_020007.jpg
1990,20241015,20229,GOOD,/home/kaizen-ai/Desktop/thrust_bearing_app/python-backend/Downloads/bearing_complete/GOOD_20241015_020229.jpg
1991,20241015,20329,GOOD,/home/kaizen-ai/Desktop/thrust_bearing_app/python-backend/Downloads/bearing_complete/GOOD_20241015_020329.jpg
1992,20241015,20446,GOOD,/home/kaizen-ai/Desktop/thrust_bearing_app/python-backend/Downloads/bearing_complete/GOOD_20241015_020446.jpg
1993,20241015,20535,GOOD,/home/kaizen-ai/Desktop/thrust_bearing_app/python-backend/Downloads/bearing_complete/GOOD_20241015_020535.jpg
1994,20241015,20621,GOOD,/home/kaizen-ai/Desktop/thrust_bearing_app/python-backend/Downloads/bearing_complete/GOOD_20241015_020621.jpg
1995,20241015,20750,GOOD,/home/kaizen-ai/Desktop/thrust_bearing_app/python-backend/Downloads/bearing_complete/GOOD_20241015_020750.jpg
1996,20241015,20836,GOOD,/home/kaizen-ai/Desktop/thrust_bearing_app/python-backend/Downloads/bearing_complete/GOOD_20241015_020836.jpg
1997,20241015,20938,GOOD,/home/kaizen-ai/Desktop/thrust_bearing_app/python-backend/Downloads/bearing_complete/GOOD_20241015_020938.jpg
1998,20241015,21044,GOOD,/home/kaizen-ai/Desktop/thrust_bearing_app/python-backend/Downloads/bearing_complete/GOOD_20241015_021044.jpg
1999,20241015,21147,GOOD,/home/kaizen-ai/Desktop/thrust_bearing_app/python-backend/Downloads/bearing_complete/GOOD_20241015_021147.jpg
2000,20241015,21253,GOOD,/home/kaizen-ai/Desktop/thrust_bearing_app/python-backend/Downloads/bearing_complete/GOOD_20241015_021253.jpg
2001,20241015,21422,GOOD,/home/kaizen-ai/Desktop/thrust_bearing_app/python-backend/Downloads/bearing_complete/GOOD_20241015_021422.jpg
2002,20241015,21503,GOOD,/home/kaizen-ai/Desktop/thrust_bearing_app/python-backend/Downloads/bearing_complete/GOOD_20241015_021503.jpg
2003,20241015,21636,GOOD,/home/kaizen-ai/Desktop/thrust_bearing_app/python-backend/Downloads/bearing_complete/GOOD_20241015_021636.jpg
2004,20241015,21731,GOOD,/home/kaizen-ai/Desktop/thrust_bearing_app/python-backend/Downloads/bearing_complete/GOOD_20241015_021731.jpg
2005,20241015,21813,GOOD,/home/kaizen-ai/Desktop/thrust_bearing_app/python-backend/Downloads/bearing_complete/GOOD_20241015_021813.jpg
2006,20241015,21927,GOOD,/home/kaizen-ai/Desktop/thrust_bearing_app/python-backend/Downloads/bearing_complete/GOOD_20241015_021927.jpg
2007,20241015,22027,GOOD,/home/kaizen-ai/Desktop/thrust_bearing_app/python-backend/Downloads/bearing_complete/GOOD_20241015_022027.jpg
2008,20241015,22131,GOOD,/home/kaizen-ai/Desktop/thrust_bearing_app/python-backend/Downloads/bearing_complete/GOOD_20241015_022131.jpg
2009,20241015,22242,GOOD,/home/kaizen-ai/Desktop/thrust_bearing_app/python-backend/Downloads/bearing_complete/GOOD_20241015_022242.jpg
2010,20241015,22338,GOOD,/home/kaizen-ai/Desktop/thrust_bearing_app/python-backend/Downloads/bearing_complete/GOOD_20241015_022338.jpg
2011,20241015,22449,GOOD,/home/kaizen-ai/Desktop/thrust_bearing_app/python-backend/Downloads/bearing_complete/GOOD_20241015_022449.jpg
2012,20241015,22600,GOOD,/home/kaizen-ai/Desktop/thrust_bearing_app/python-backend/Downloads/bearing_complete/GOOD_20241015_022600.jpg
2013,20241015,22651,GOOD,/home/kaizen-ai/Desktop/thrust_bearing_app/python-backend/Downloads/bearing_complete/GOOD_20241015_022651.jpg
2014,20241015,22746,GOOD,/home/kaizen-ai/Desktop/thrust_bearing_app/python-backend/Downloads/bearing_complete/GOOD_20241015_022746.jpg
2015,20241015,22850,GOOD,/home/kaizen-ai/Desktop/thrust_bearing_app/python-backend/Downloads/bearing_complete/GOOD_20241015_022850.jpg
2016,20241015,22953,GOOD,/home/kaizen-ai/Desktop/thrust_bearing_app/python-backend/Downloads/bearing_complete/GOOD_20241015_022953.jpg
2017,20241015,23842,GOOD,/home/kaizen-ai/Desktop/thrust_bearing_app/python-backend/Downloads/bearing_complete/GOOD_20241015_023842.jpg
2018,20241015,24029,GOOD,/home/kaizen-ai/Desktop/thrust_bearing_app/python-backend/Downloads/bearing_complete/GOOD_20241015_024029.jpg
2019,20241015,24305,GOOD,/home/kaizen-ai/Desktop/thrust_bearing_app/python-backend/Downloads/bearing_complete/GOOD_20241015_024305.jpg
2020,20241015,24352,GOOD,/home/kaizen-ai/Desktop/thrust_bearing_app/python-backend/Downloads/bearing_complete/GOOD_20241015_024352.jpg
2021,20241015,24503,GOOD,/home/kaizen-ai/Desktop/thrust_bearing_app/python-backend/Downloads/bearing_complete/GOOD_20241015_024503.jpg
2022,20241015,24554,GOOD,/home/kaizen-ai/Desktop/thrust_bearing_app/python-backend/Downloads/bearing_complete/GOOD_20241015_024554.jpg
2023,20241015,24702,GOOD,/home/kaizen-ai/Desktop/thrust_bearing_app/python-backend/Downloads/bearing_complete/GOOD_20241015_024702.jpg
2024,20241015,24812,GOOD,/home/kaizen-ai/Desktop/thrust_bearing_app/python-backend/Downloads/bearing_complete/GOOD_20241015_024812.jpg
2025,20241015,24905,GOOD,/home/kaizen-ai/Desktop/thrust_bearing_app/python-backend/Downloads/bearing_complete/GOOD_20241015_024905.jpg
2026,20241015,25007,GOOD,/home/kaizen-ai/Desktop/thrust_bearing_app/python-backend/Downloads/bearing_complete/GOOD_20241015_025007.jpg
2027,20241015,25130,GOOD,/home/kaizen-ai/Desktop/thrust_bearing_app/python-backend/Downloads/bearing_complete/GOOD_20241015_025130.jpg
2028,20241015,25229,GOOD,/home/kaizen-ai/Desktop/thrust_bearing_app/python-backend/Downloads/bearing_complete/GOOD_20241015_025229.jpg
2029,20241015,25329,GOOD,/home/kaizen-ai/Desktop/thrust_bearing_app/python-backend/Downloads/bearing_complete/GOOD_20241015_025329.jpg
2030,20241015,25417,GOOD,/home/kaizen-ai/Desktop/thrust_bearing_app/python-backend/Downloads/bearing_complete/GOOD_20241015_025417.jpg
2031,20241015,25516,GOOD,/home/kaizen-ai/Desktop/thrust_bearing_app/python-backend/Downloads/bearing_complete/GOOD_20241015_025516.jpg
2032,20241015,25617,GOOD,/home/kaizen-ai/Desktop/thrust_bearing_app/python-backend/Downloads/bearing_complete/GOOD_20241015_025617.jpg
2033,20241015,25712,GOOD,/home/kaizen-ai/Desktop/thrust_bearing_app/python-backend/Downloads/bearing_complete/GOOD_20241015_025712.jpg
2034,20241015,25814,GOOD,/home/kaizen-ai/Desktop/thrust_bearing_app/python-backend/Downloads/bearing_complete/GOOD_20241015_025814.jpg
2035,20241015,25927,GOOD,/home/kaizen-ai/Desktop/thrust_bearing_app/python-backend/Downloads/bearing_complete/GOOD_20241015_025927.jpg
2036,20241015,30051,GOOD,/home/kaizen-ai/Desktop/thrust_bearing_app/python-backend/Downloads/bearing_complete/GOOD_20241015_030051.jpg
2037,20241015,30145,GOOD,/home/kaizen-ai/Desktop/thrust_bearing_app/python-backend/Downloads/bearing_complete/GOOD_20241015_030145.jpg
2038,20241015,30250,GOOD,/home/kaizen-ai/Desktop/thrust_bearing_app/python-backend/Downloads/bearing_complete/GOOD_20241015_030250.jpg
2039,20241015,30347,GOOD,/home/kaizen-ai/Desktop/thrust_bearing_app/python-backend/Downloads/bearing_complete/GOOD_20241015_030347.jpg
2040,20241015,30451,GOOD,/home/kaizen-ai/Desktop/thrust_bearing_app/python-backend/Downloads/bearing_complete/GOOD_20241015_030451.jpg
2041,20241015,30557,GOOD,/home/kaizen-ai/Desktop/thrust_bearing_app/python-backend/Downloads/bearing_complete/GOOD_20241015_030557.jpg
2042,20241015,30712,GOOD,/home/kaizen-ai/Desktop/thrust_bearing_app/python-backend/Downloads/bearing_complete/GOOD_20241015_030712.jpg
2043,20241015,30815,GOOD,/home/kaizen-ai/Desktop/thrust_bearing_app/python-backend/Downloads/bearing_complete/GOOD_20241015_030815.jpg
2044,20241015,30900,GOOD,/home/kaizen-ai/Desktop/thrust_bearing_app/python-backend/Downloads/bearing_complete/GOOD_20241015_030900.jpg
2045,20241015,31023,GOOD,/home/kaizen-ai/Desktop/thrust_bearing_app/python-backend/Downloads/bearing_complete/GOOD_20241015_031023.jpg
2046,20241015,31127,GOOD,/home/kaizen-ai/Desktop/thrust_bearing_app/python-backend/Downloads/bearing_complete/GOOD_20241015_031127.jpg
2047,20241015,31229,GOOD,/home/kaizen-ai/Desktop/thrust_bearing_app/python-backend/Downloads/bearing_complete/GOOD_20241015_031229.jpg
2048,20241015,31325,GOOD,/home/kaizen-ai/Desktop/thrust_bearing_app/python-backend/Downloads/bearing_complete/GOOD_20241015_031325.jpg
2049,20241015,31506,GOOD,/home/kaizen-ai/Desktop/thrust_bearing_app/python-backend/Downloads/bearing_complete/GOOD_20241015_031506.jpg
2050,20241015,31604,GOOD,/home/kaizen-ai/Desktop/thrust_bearing_app/python-backend/Downloads/bearing_complete/GOOD_20241015_031604.jpg
2051,20241015,31714,GOOD,/home/kaizen-ai/Desktop/thrust_bearing_app/python-backend/Downloads/bearing_complete/GOOD_20241015_031714.jpg
2052,20241015,31807,GOOD,/home/kaizen-ai/Desktop/thrust_bearing_app/python-backend/Downloads/bearing_complete/GOOD_20241015_031807.jpg
2053,20241015,31917,GOOD,/home/kaizen-ai/Desktop/thrust_bearing_app/python-backend/Downloads/bearing_complete/GOOD_20241015_031917.jpg
2054,20241015,32010,GOOD,/home/kaizen-ai/Desktop/thrust_bearing_app/python-backend/Downloads/bearing_complete/GOOD_20241015_032010.jpg
2055,20241015,32224,GOOD,/home/kaizen-ai/Desktop/thrust_bearing_app/python-backend/Downloads/bearing_complete/GOOD_20241015_032224.jpg
2056,20241015,32324,GOOD,/home/kaizen-ai/Desktop/thrust_bearing_app/python-backend/Downloads/bearing_complete/GOOD_20241015_032324.jpg
2057,20241015,32429,GOOD,/home/kaizen-ai/Desktop/thrust_bearing_app/python-backend/Downloads/bearing_complete/GOOD_20241015_032429.jpg
2058,20241015,32537,GOOD,/home/kaizen-ai/Desktop/thrust_bearing_app/python-backend/Downloads/bearing_complete/GOOD_20241015_032537.jpg
2059,20241015,32640,GOOD,/home/kaizen-ai/Desktop/thrust_bearing_app/python-backend/Downloads/bearing_complete/GOOD_20241015_032640.jpg
2060,20241015,32736,GOOD,/home/kaizen-ai/Desktop/thrust_bearing_app/python-backend/Downloads/bearing_complete/GOOD_20241015_032736.jpg
2061,20241015,32844,GOOD,/home/kaizen-ai/Desktop/thrust_bearing_app/python-backend/Downloads/bearing_complete/GOOD_20241015_032844.jpg
2062,20241015,32946,GOOD,/home/kaizen-ai/Desktop/thrust_bearing_app/python-backend/Downloads/bearing_complete/GOOD_20241015_032946.jpg
2063,20241015,33048,GOOD,/home/kaizen-ai/Desktop/thrust_bearing_app/python-backend/Downloads/bearing_complete/GOOD_20241015_033048.jpg
2064,20241015,33139,GOOD,/home/kaizen-ai/Desktop/thrust_bearing_app/python-backend/Downloads/bearing_complete/GOOD_20241015_033139.jpg
2065,20241015,33310,GOOD,/home/kaizen-ai/Desktop/thrust_bearing_app/python-backend/Downloads/bearing_complete/GOOD_20241015_033310.jpg
2066,20241015,33334,GOOD,/home/kaizen-ai/Desktop/thrust_bearing_app/python-backend/Downloads/bearing_complete/GOOD_20241015_033334.jpg
2067,20241015,33419,GOOD,/home/kaizen-ai/Desktop/thrust_bearing_app/python-backend/Downloads/bearing_complete/GOOD_20241015_033419.jpg
2068,20241015,33540,GOOD,/home/kaizen-ai/Desktop/thrust_bearing_app/python-backend/Downloads/bearing_complete/GOOD_20241015_033540.jpg
2069,20241015,33635,GOOD,/home/kaizen-ai/Desktop/thrust_bearing_app/python-backend/Downloads/bearing_complete/GOOD_20241015_033635.jpg
2070,20241015,33720,GOOD,/home/kaizen-ai/Desktop/thrust_bearing_app/python-backend/Downloads/bearing_complete/GOOD_20241015_033720.jpg
2071,20241015,33827,GOOD,/home/kaizen-ai/Desktop/thrust_bearing_app/python-backend/Downloads/bearing_complete/GOOD_20241015_033827.jpg
2072,20241015,33909,GOOD,/home/kaizen-ai/Desktop/thrust_bearing_app/python-backend/Downloads/bearing_complete/GOOD_20241015_033909.jpg
2073,20241015,34102,GOOD,/home/kaizen-ai/Desktop/thrust_bearing_app/python-backend/Downloads/bearing_complete/GOOD_20241015_034102.jpg
2074,20241015,34137,GOOD,/home/kaizen-ai/Desktop/thrust_bearing_app/python-backend/Downloads/bearing_complete/GOOD_20241015_034137.jpg
2075,20241015,34230,GOOD,/home/kaizen-ai/Desktop/thrust_bearing_app/python-backend/Downloads/bearing_complete/GOOD_20241015_034230.jpg
2076,20241015,34413,GOOD,/home/kaizen-ai/Desktop/thrust_bearing_app/python-backend/Downloads/bearing_complete/GOOD_20241015_034413.jpg
2077,20241015,34501,GOOD,/home/kaizen-ai/Desktop/thrust_bearing_app/python-backend/Downloads/bearing_complete/GOOD_20241015_034501.jpg
2078,20241015,34550,GOOD,/home/kaizen-ai/Desktop/thrust_bearing_app/python-backend/Downloads/bearing_complete/GOOD_20241015_034550.jpg
2079,20241015,34633,GOOD,/home/kaizen-ai/Desktop/thrust_bearing_app/python-backend/Downloads/bearing_complete/GOOD_20241015_034633.jpg
2080,20241015,34716,GOOD,/home/kaizen-ai/Desktop/thrust_bearing_app/python-backend/Downloads/bearing_complete/GOOD_20241015_034716.jpg
2081,20241015,34826,GOOD,/home/kaizen-ai/Desktop/thrust_bearing_app/python-backend/Downloads/bearing_complete/GOOD_20241015_034826.jpg
2082,20241015,34917,GOOD,/home/kaizen-ai/Desktop/thrust_bearing_app/python-backend/Downloads/bearing_complete/GOOD_20241015_034917.jpg
2083,20241015,35011,GOOD,/home/kaizen-ai/Desktop/thrust_bearing_app/python-backend/Downloads/bearing_complete/GOOD_20241015_035011.jpg
2084,20241015,35108,GOOD,/home/kaizen-ai/Desktop/thrust_bearing_app/python-backend/Downloads/bearing_complete/GOOD_20241015_035108.jpg
2085,20241015,35158,GOOD,/home/kaizen-ai/Desktop/thrust_bearing_app/python-backend/Downloads/bearing_complete/GOOD_20241015_035158.jpg
2086,20241015,35317,GOOD,/home/kaizen-ai/Desktop/thrust_bearing_app/python-backend/Downloads/bearing_complete/GOOD_20241015_035317.jpg
2087,20241015,35404,GOOD,/home/kaizen-ai/Desktop/thrust_bearing_app/python-backend/Downloads/bearing_complete/GOOD_20241015_035404.jpg
2088,20241015,35526,GOOD,/home/kaizen-ai/Desktop/thrust_bearing_app/python-backend/Downloads/bearing_complete/GOOD_20241015_035526.jpg
2089,20241015,35618,GOOD,/home/kaizen-ai/Desktop/thrust_bearing_app/python-backend/Downloads/bearing_complete/GOOD_20241015_035618.jpg
2090,20241015,35744,GOOD,/home/kaizen-ai/Desktop/thrust_bearing_app/python-backend/Downloads/bearing_complete/GOOD_20241015_035744.jpg
2091,20241015,35840,GOOD,/home/kaizen-ai/Desktop/thrust_bearing_app/python-backend/Downloads/bearing_complete/GOOD_20241015_035840.jpg
2092,20241015,35950,GOOD,/home/kaizen-ai/Desktop/thrust_bearing_app/python-backend/Downloads/bearing_complete/GOOD_20241015_035950.jpg
2093,20241015,40119,GOOD,/home/kaizen-ai/Desktop/thrust_bearing_app/python-backend/Downloads/bearing_complete/GOOD_20241015_040119.jpg
2094,20241015,40237,GOOD,/home/kaizen-ai/Desktop/thrust_bearing_app/python-backend/Downloads/bearing_complete/GOOD_20241015_040237.jpg
2095,20241015,40325,GOOD,/home/kaizen-ai/Desktop/thrust_bearing_app/python-backend/Downloads/bearing_complete/GOOD_20241015_040325.jpg
2096,20241015,40448,GOOD,/home/kaizen-ai/Desktop/thrust_bearing_app/python-backend/Downloads/bearing_complete/GOOD_20241015_040448.jpg
2097,20241015,40556,GOOD,/home/kaizen-ai/Desktop/thrust_bearing_app/python-backend/Downloads/bearing_complete/GOOD_20241015_040556.jpg
2098,20241015,40705,GOOD,/home/kaizen-ai/Desktop/thrust_bearing_app/python-backend/Downloads/bearing_complete/GOOD_20241015_040705.jpg
2099,20241015,40823,GOOD,/home/kaizen-ai/Desktop/thrust_bearing_app/python-backend/Downloads/bearing_complete/GOOD_20241015_040823.jpg
2100,20241015,40950,GOOD,/home/kaizen-ai/Desktop/thrust_bearing_app/python-backend/Downloads/bearing_complete/GOOD_20241015_040950.jpg
2101,20241015,41109,GOOD,/home/kaizen-ai/Desktop/thrust_bearing_app/python-backend/Downloads/bearing_complete/GOOD_20241015_041109.jpg
2102,20241015,41216,GOOD,/home/kaizen-ai/Desktop/thrust_bearing_app/python-backend/Downloads/bearing_complete/GOOD_20241015_041216.jpg
2103,20241015,41334,GOOD,/home/kaizen-ai/Desktop/thrust_bearing_app/python-backend/Downloads/bearing_complete/GOOD_20241015_041334.jpg
2104,20241015,41429,GOOD,/home/kaizen-ai/Desktop/thrust_bearing_app/python-backend/Downloads/bearing_complete/GOOD_20241015_041429.jpg
2105,20241015,41539,GOOD,/home/kaizen-ai/Desktop/thrust_bearing_app/python-backend/Downloads/bearing_complete/GOOD_20241015_041539.jpg
2106,20241015,41635,GOOD,/home/kaizen-ai/Desktop/thrust_bearing_app/python-backend/Downloads/bearing_complete/GOOD_20241015_041635.jpg
2107,20241015,41846,GOOD,/home/kaizen-ai/Desktop/thrust_bearing_app/python-backend/Downloads/bearing_complete/GOOD_20241015_041846.jpg
2108,20241015,41930,GOOD,/home/kaizen-ai/Desktop/thrust_bearing_app/python-backend/Downloads/bearing_complete/GOOD_20241015_041930.jpg
2109,20241015,42111,GOOD,/home/kaizen-ai/Desktop/thrust_bearing_app/python-backend/Downloads/bearing_complete/GOOD_20241015_042111.jpg
2110,20241015,42219,GOOD,/home/kaizen-ai/Desktop/thrust_bearing_app/python-backend/Downloads/bearing_complete/GOOD_20241015_042219.jpg
2111,20241015,42318,GOOD,/home/kaizen-ai/Desktop/thrust_bearing_app/python-backend/Downloads/bearing_complete/GOOD_20241015_042318.jpg
2112,20241015,42409,GOOD,/home/kaizen-ai/Desktop/thrust_bearing_app/python-backend/Downloads/bearing_complete/GOOD_20241015_042409.jpg
2113,20241015,42524,GOOD,/home/kaizen-ai/Desktop/thrust_bearing_app/python-backend/Downloads/bearing_complete/GOOD_20241015_042524.jpg
2114,20241015,42647,GOOD,/home/kaizen-ai/Desktop/thrust_bearing_app/python-backend/Downloads/bearing_complete/GOOD_20241015_042647.jpg
2115,20241015,42747,GOOD,/home/kaizen-ai/Desktop/thrust_bearing_app/python-backend/Downloads/bearing_complete/GOOD_20241015_042747.jpg
2116,20241015,42934,GOOD,/home/kaizen-ai/Desktop/thrust_bearing_app/python-backend/Downloads/bearing_complete/GOOD_20241015_042934.jpg
2117,20241015,45902,GOOD,/home/kaizen-ai/Desktop/thrust_bearing_app/python-backend/Downloads/bearing_complete/GOOD_20241015_045902.jpg
2118,20241015,50006,GOOD,/home/kaizen-ai/Desktop/thrust_bearing_app/python-backend/Downloads/bearing_complete/GOOD_20241015_050006.jpg
2119,20241015,50138,GOOD,/home/kaizen-ai/Desktop/thrust_bearing_app/python-backend/Downloads/bearing_complete/GOOD_20241015_050138.jpg
2120,20241015,50251,GOOD,/home/kaizen-ai/Desktop/thrust_bearing_app/python-backend/Downloads/bearing_complete/GOOD_20241015_050251.jpg
2121,20241015,50407,GOOD,/home/kaizen-ai/Desktop/thrust_bearing_app/python-backend/Downloads/bearing_complete/GOOD_20241015_050407.jpg
2122,20241015,50527,GOOD,/home/kaizen-ai/Desktop/thrust_bearing_app/python-backend/Downloads/bearing_complete/GOOD_20241015_050527.jpg
2123,20241015,50607,GOOD,/home/kaizen-ai/Desktop/thrust_bearing_app/python-backend/Downloads/bearing_complete/GOOD_20241015_050607.jpg
2124,20241015,50722,GOOD,/home/kaizen-ai/Desktop/thrust_bearing_app/python-backend/Downloads/bearing_complete/GOOD_20241015_050722.jpg
2125,20241015,50830,GOOD,/home/kaizen-ai/Desktop/thrust_bearing_app/python-backend/Downloads/bearing_complete/GOOD_20241015_050830.jpg
2126,20241015,50925,GOOD,/home/kaizen-ai/Desktop/thrust_bearing_app/python-backend/Downloads/bearing_complete/GOOD_20241015_050925.jpg
2127,20241015,51046,GOOD,/home/kaizen-ai/Desktop/thrust_bearing_app/python-backend/Downloads/bearing_complete/GOOD_20241015_051046.jpg
2128,20241015,51142,GOOD,/home/kaizen-ai/Desktop/thrust_bearing_app/python-backend/Downloads/bearing_complete/GOOD_20241015_051142.jpg
2129,20241015,51249,GOOD,/home/kaizen-ai/Desktop/thrust_bearing_app/python-backend/Downloads/bearing_complete/GOOD_20241015_051249.jpg
2130,20241015,51350,GOOD,/home/kaizen-ai/Desktop/thrust_bearing_app/python-backend/Downloads/bearing_complete/GOOD_20241015_051350.jpg
2131,20241015,51436,GOOD,/home/kaizen-ai/Desktop/thrust_bearing_app/python-backend/Downloads/bearing_complete/GOOD_20241015_051436.jpg
2132,20241015,51550,GOOD,/home/kaizen-ai/Desktop/thrust_bearing_app/python-backend/Downloads/bearing_complete/GOOD_20241015_051550.jpg
2133,20241015,51824,GOOD,/home/kaizen-ai/Desktop/thrust_bearing_app/python-backend/Downloads/bearing_complete/GOOD_20241015_051824.jpg
2134,20241015,51914,GOOD,/home/kaizen-ai/Desktop/thrust_bearing_app/python-backend/Downloads/bearing_complete/GOOD_20241015_051914.jpg
2135,20241015,52042,GOOD,/home/kaizen-ai/Desktop/thrust_bearing_app/python-backend/Downloads/bearing_complete/GOOD_20241015_052042.jpg
2136,20241015,52140,GOOD,/home/kaizen-ai/Desktop/thrust_bearing_app/python-backend/Downloads/bearing_complete/GOOD_20241015_052140.jpg
2137,20241015,52257,GOOD,/home/kaizen-ai/Desktop/thrust_bearing_app/python-backend/Downloads/bearing_complete/GOOD_20241015_052257.jpg
2138,20241015,52355,GOOD,/home/kaizen-ai/Desktop/thrust_bearing_app/python-backend/Downloads/bearing_complete/GOOD_20241015_052355.jpg
2139,20241015,52507,GOOD,/home/kaizen-ai/Desktop/thrust_bearing_app/python-backend/Downloads/bearing_complete/GOOD_20241015_052507.jpg
2140,20241015,52553,GOOD,/home/kaizen-ai/Desktop/thrust_bearing_app/python-backend/Downloads/bearing_complete/GOOD_20241015_052553.jpg
2141,20241015,52700,GOOD,/home/kaizen-ai/Desktop/thrust_bearing_app/python-backend/Downloads/bearing_complete/GOOD_20241015_052700.jpg
2142,20241015,52751,GOOD,/home/kaizen-ai/Desktop/thrust_bearing_app/python-backend/Downloads/bearing_complete/GOOD_20241015_052751.jpg
2143,20241015,52858,GOOD,/home/kaizen-ai/Desktop/thrust_bearing_app/python-backend/Downloads/bearing_complete/GOOD_20241015_052858.jpg
2144,20241015,52950,GOOD,/home/kaizen-ai/Desktop/thrust_bearing_app/python-backend/Downloads/bearing_complete/GOOD_20241015_052950.jpg
2145,20241015,53041,GOOD,/home/kaizen-ai/Desktop/thrust_bearing_app/python-backend/Downloads/bearing_complete/GOOD_20241015_053041.jpg
2146,20241015,53133,GOOD,/home/kaizen-ai/Desktop/thrust_bearing_app/python-backend/Downloads/bearing_complete/GOOD_20241015_053133.jpg
2147,20241015,53228,GOOD,/home/kaizen-ai/Desktop/thrust_bearing_app/python-backend/Downloads/bearing_complete/GOOD_20241015_053228.jpg
2148,20241015,53327,GOOD,/home/kaizen-ai/Desktop/thrust_bearing_app/python-backend/Downloads/bearing_complete/GOOD_20241015_053327.jpg
2149,20241015,53422,GOOD,/home/kaizen-ai/Desktop/thrust_bearing_app/python-backend/Downloads/bearing_complete/GOOD_20241015_053422.jpg
2150,20241015,53535,GOOD,/home/kaizen-ai/Desktop/thrust_bearing_app/python-backend/Downloads/bearing_complete/GOOD_20241015_053535.jpg
2151,20241015,53638,GOOD,/home/kaizen-ai/Desktop/thrust_bearing_app/python-backend/Downloads/bearing_complete/GOOD_20241015_053638.jpg
2152,20241015,53756,GOOD,/home/kaizen-ai/Desktop/thrust_bearing_app/python-backend/Downloads/bearing_complete/GOOD_20241015_053756.jpg
2153,20241015,53908,GOOD,/home/kaizen-ai/Desktop/thrust_bearing_app/python-backend/Downloads/bearing_complete/GOOD_20241015_053908.jpg
2154,20241015,54012,GOOD,/home/kaizen-ai/Desktop/thrust_bearing_app/python-backend/Downloads/bearing_complete/GOOD_20241015_054012.jpg
2155,20241015,54219,GOOD,/home/kaizen-ai/Desktop/thrust_bearing_app/python-backend/Downloads/bearing_complete/GOOD_20241015_054219.jpg
2156,20241015,54401,GOOD,/home/kaizen-ai/Desktop/thrust_bearing_app/python-backend/Downloads/bearing_complete/GOOD_20241015_054401.jpg
2157,20241015,54533,GOOD,/home/kaizen-ai/Desktop/thrust_bearing_app/python-backend/Downloads/bearing_complete/GOOD_20241015_054533.jpg
2158,20241015,72039,GOOD,/home/kaizen-ai/Desktop/thrust_bearing_app/python-backend/Downloads/bearing_complete/GOOD_20241015_072039.jpg
2159,20241015,72209,GOOD,/home/kaizen-ai/Desktop/thrust_bearing_app/python-backend/Downloads/bearing_complete/GOOD_20241015_072209.jpg
2160,20241015,72354,GOOD,/home/kaizen-ai/Desktop/thrust_bearing_app/python-backend/Downloads/bearing_complete/GOOD_20241015_072354.jpg
2161,20241015,72453,GOOD,/home/kaizen-ai/Desktop/thrust_bearing_app/python-backend/Downloads/bearing_complete/GOOD_20241015_072453.jpg
2162,20241015,72556,GOOD,/home/kaizen-ai/Desktop/thrust_bearing_app/python-backend/Downloads/bearing_complete/GOOD_20241015_072556.jpg
2163,20241015,72720,GOOD,/home/kaizen-ai/Desktop/thrust_bearing_app/python-backend/Downloads/bearing_complete/GOOD_20241015_072720.jpg
2164,20241015,72813,GOOD,/home/kaizen-ai/Desktop/thrust_bearing_app/python-backend/Downloads/bearing_complete/GOOD_20241015_072813.jpg
2165,20241015,72919,GOOD,/home/kaizen-ai/Desktop/thrust_bearing_app/python-backend/Downloads/bearing_complete/GOOD_20241015_072919.jpg
2166,20241015,73100,GOOD,/home/kaizen-ai/Desktop/thrust_bearing_app/python-backend/Downloads/bearing_complete/GOOD_20241015_073100.jpg
2167,20241015,73225,GOOD,/home/kaizen-ai/Desktop/thrust_bearing_app/python-backend/Downloads/bearing_complete/GOOD_20241015_073225.jpg
2168,20241015,73331,GOOD,/home/kaizen-ai/Desktop/thrust_bearing_app/python-backend/Downloads/bearing_complete/GOOD_20241015_073331.jpg
2169,20241015,73429,GOOD,/home/kaizen-ai/Desktop/thrust_bearing_app/python-backend/Downloads/bearing_complete/GOOD_20241015_073429.jpg
2170,20241015,73550,GOOD,/home/kaizen-ai/Desktop/thrust_bearing_app/python-backend/Downloads/bearing_complete/GOOD_20241015_073550.jpg
2171,20241015,73717,GOOD,/home/kaizen-ai/Desktop/thrust_bearing_app/python-backend/Downloads/bearing_complete/GOOD_20241015_073717.jpg
2172,20241015,73821,GOOD,/home/kaizen-ai/Desktop/thrust_bearing_app/python-backend/Downloads/bearing_complete/GOOD_20241015_073821.jpg
2173,20241015,73955,GOOD,/home/kaizen-ai/Desktop/thrust_bearing_app/python-backend/Downloads/bearing_complete/GOOD_20241015_073955.jpg
2174,20241015,74043,GOOD,/home/kaizen-ai/Desktop/thrust_bearing_app/python-backend/Downloads/bearing_complete/GOOD_20241015_074043.jpg
2175,20241015,74147,GOOD,/home/kaizen-ai/Desktop/thrust_bearing_app/python-backend/Downloads/bearing_complete/GOOD_20241015_074147.jpg
2176,20241015,74254,GOOD,/home/kaizen-ai/Desktop/thrust_bearing_app/python-backend/Downloads/bearing_complete/GOOD_20241015_074254.jpg
2177,20241015,74401,GOOD,/home/kaizen-ai/Desktop/thrust_bearing_app/python-backend/Downloads/bearing_complete/GOOD_20241015_074401.jpg
2178,20241015,74515,GOOD,/home/kaizen-ai/Desktop/thrust_bearing_app/python-backend/Downloads/bearing_complete/GOOD_20241015_074515.jpg
2179,20241015,74624,GOOD,/home/kaizen-ai/Desktop/thrust_bearing_app/python-backend/Downloads/bearing_complete/GOOD_20241015_074624.jpg
2180,20241015,74733,GOOD,/home/kaizen-ai/Desktop/thrust_bearing_app/python-backend/Downloads/bearing_complete/GOOD_20241015_074733.jpg
2181,20241015,74835,GOOD,/home/kaizen-ai/Desktop/thrust_bearing_app/python-backend/Downloads/bearing_complete/GOOD_20241015_074835.jpg
2182,20241015,74928,GOOD,/home/kaizen-ai/Desktop/thrust_bearing_app/python-backend/Downloads/bearing_complete/GOOD_20241015_074928.jpg
2183,20241015,75040,GOOD,/home/kaizen-ai/Desktop/thrust_bearing_app/python-backend/Downloads/bearing_complete/GOOD_20241015_075040.jpg
2184,20241015,75143,GOOD,/home/kaizen-ai/Desktop/thrust_bearing_app/python-backend/Downloads/bearing_complete/GOOD_20241015_075143.jpg
2185,20241015,75221,GOOD,/home/kaizen-ai/Desktop/thrust_bearing_app/python-backend/Downloads/bearing_complete/GOOD_20241015_075221.jpg
2186,20241015,75314,GOOD,/home/kaizen-ai/Desktop/thrust_bearing_app/python-backend/Downloads/bearing_complete/GOOD_20241015_075314.jpg
2187,20241015,75423,GOOD,/home/kaizen-ai/Desktop/thrust_bearing_app/python-backend/Downloads/bearing_complete/GOOD_20241015_075423.jpg
2188,20241015,75521,GOOD,/home/kaizen-ai/Desktop/thrust_bearing_app/python-backend/Downloads/bearing_complete/GOOD_20241015_075521.jpg
2189,20241015,75621,GOOD,/home/kaizen-ai/Desktop/thrust_bearing_app/python-backend/Downloads/bearing_complete/GOOD_20241015_075621.jpg
2190,20241015,75741,GOOD,/home/kaizen-ai/Desktop/thrust_bearing_app/python-backend/Downloads/bearing_complete/GOOD_20241015_075741.jpg
2191,20241015,75845,GOOD,/home/kaizen-ai/Desktop/thrust_bearing_app/python-backend/Downloads/bearing_complete/GOOD_20241015_075845.jpg
2192,20241015,75947,GOOD,/home/kaizen-ai/Desktop/thrust_bearing_app/python-backend/Downloads/bearing_complete/GOOD_20241015_075947.jpg
2193,20241015,80059,GOOD,/home/kaizen-ai/Desktop/thrust_bearing_app/python-backend/Downloads/bearing_complete/GOOD_20241015_080059.jpg
2194,20241015,80149,GOOD,/home/kaizen-ai/Desktop/thrust_bearing_app/python-backend/Downloads/bearing_complete/GOOD_20241015_080149.jpg
2195,20241015,80250,GOOD,/home/kaizen-ai/Desktop/thrust_bearing_app/python-backend/Downloads/bearing_complete/GOOD_20241015_080250.jpg
2196,20241015,80400,GOOD,/home/kaizen-ai/Desktop/thrust_bearing_app/python-backend/Downloads/bearing_complete/GOOD_20241015_080400.jpg
2197,20241015,80504,GOOD,/home/kaizen-ai/Desktop/thrust_bearing_app/python-backend/Downloads/bearing_complete/GOOD_20241015_080504.jpg
2198,20241015,80614,GOOD,/home/kaizen-ai/Desktop/thrust_bearing_app/python-backend/Downloads/bearing_complete/GOOD_20241015_080614.jpg
2199,20241015,80712,GOOD,/home/kaizen-ai/Desktop/thrust_bearing_app/python-backend/Downloads/bearing_complete/GOOD_20241015_080712.jpg
2200,20241015,80825,GOOD,/home/kaizen-ai/Desktop/thrust_bearing_app/python-backend/Downloads/bearing_complete/GOOD_20241015_080825.jpg
2201,20241015,80928,GOOD,/home/kaizen-ai/Desktop/thrust_bearing_app/python-backend/Downloads/bearing_complete/GOOD_20241015_080928.jpg
2202,20241015,81036,GOOD,/home/kaizen-ai/Desktop/thrust_bearing_app/python-backend/Downloads/bearing_complete/GOOD_20241015_081036.jpg
2203,20241015,81126,GOOD,/home/kaizen-ai/Desktop/thrust_bearing_app/python-backend/Downloads/bearing_complete/GOOD_20241015_081126.jpg
2204,20241015,81240,GOOD,/home/kaizen-ai/Desktop/thrust_bearing_app/python-backend/Downloads/bearing_complete/GOOD_20241015_081240.jpg
2205,20241015,81350,GOOD,/home/kaizen-ai/Desktop/thrust_bearing_app/python-backend/Downloads/bearing_complete/GOOD_20241015_081350.jpg
2206,20241015,81458,GOOD,/home/kaizen-ai/Desktop/thrust_bearing_app/python-backend/Downloads/bearing_complete/GOOD_20241015_081458.jpg
2207,20241015,81620,GOOD,/home/kaizen-ai/Desktop/thrust_bearing_app/python-backend/Downloads/bearing_complete/GOOD_20241015_081620.jpg
2208,20241015,81731,GOOD,/home/kaizen-ai/Desktop/thrust_bearing_app/python-backend/Downloads/bearing_complete/GOOD_20241015_081731.jpg
2209,20241015,81835,GOOD,/home/kaizen-ai/Desktop/thrust_bearing_app/python-backend/Downloads/bearing_complete/GOOD_20241015_081835.jpg
2210,20241015,82036,GOOD,/home/kaizen-ai/Desktop/thrust_bearing_app/python-backend/Downloads/bearing_complete/GOOD_20241015_082036.jpg
2211,20241015,82138,GOOD,/home/kaizen-ai/Desktop/thrust_bearing_app/python-backend/Downloads/bearing_complete/GOOD_20241015_082138.jpg
2212,20241015,82254,GOOD,/home/kaizen-ai/Desktop/thrust_bearing_app/python-backend/Downloads/bearing_complete/GOOD_20241015_082254.jpg
2213,20241015,82357,GOOD,/home/kaizen-ai/Desktop/thrust_bearing_app/python-backend/Downloads/bearing_complete/GOOD_20241015_082357.jpg
2214,20241015,82509,GOOD,/home/kaizen-ai/Desktop/thrust_bearing_app/python-backend/Downloads/bearing_complete/GOOD_20241015_082509.jpg
2215,20241015,82607,GOOD,/home/kaizen-ai/Desktop/thrust_bearing_app/python-backend/Downloads/bearing_complete/GOOD_20241015_082607.jpg
2216,20241015,82724,GOOD,/home/kaizen-ai/Desktop/thrust_bearing_app/python-backend/Downloads/bearing_complete/GOOD_20241015_082724.jpg
2217,20241015,82837,GOOD,/home/kaizen-ai/Desktop/thrust_bearing_app/python-backend/Downloads/bearing_complete/GOOD_20241015_082837.jpg
2218,20241015,82918,GOOD,/home/kaizen-ai/Desktop/thrust_bearing_app/python-backend/Downloads/bearing_complete/GOOD_20241015_082918.jpg
2219,20241015,83027,GOOD,/home/kaizen-ai/Desktop/thrust_bearing_app/python-backend/Downloads/bearing_complete/GOOD_20241015_083027.jpg
2220,20241015,83126,GOOD,/home/kaizen-ai/Desktop/thrust_bearing_app/python-backend/Downloads/bearing_complete/GOOD_20241015_083126.jpg
2221,20241015,83244,GOOD,/home/kaizen-ai/Desktop/thrust_bearing_app/python-backend/Downloads/bearing_complete/GOOD_20241015_083244.jpg
2222,20241015,83403,GOOD,/home/kaizen-ai/Desktop/thrust_bearing_app/python-backend/Downloads/bearing_complete/GOOD_20241015_083403.jpg
2223,20241015,83526,GOOD,/home/kaizen-ai/Desktop/thrust_bearing_app/python-backend/Downloads/bearing_complete/GOOD_20241015_083526.jpg
2224,20241015,83641,GOOD,/home/kaizen-ai/Desktop/thrust_bearing_app/python-backend/Downloads/bearing_complete/GOOD_20241015_083641.jpg
2225,20241015,83801,GOOD,/home/kaizen-ai/Desktop/thrust_bearing_app/python-backend/Downloads/bearing_complete/GOOD_20241015_083801.jpg
2226,20241015,83900,GOOD,/home/kaizen-ai/Desktop/thrust_bearing_app/python-backend/Downloads/bearing_complete/GOOD_20241015_083900.jpg
2227,20241015,83944,GOOD,/home/kaizen-ai/Desktop/thrust_bearing_app/python-backend/Downloads/bearing_complete/GOOD_20241015_083944.jpg
2228,20241015,84054,GOOD,/home/kaizen-ai/Desktop/thrust_bearing_app/python-backend/Downloads/bearing_complete/GOOD_20241015_084054.jpg
2229,20241015,84207,GOOD,/home/kaizen-ai/Desktop/thrust_bearing_app/python-backend/Downloads/bearing_complete/GOOD_20241015_084207.jpg
2230,20241015,84317,GOOD,/home/kaizen-ai/Desktop/thrust_bearing_app/python-backend/Downloads/bearing_complete/GOOD_20241015_084317.jpg
2231,20241015,84440,GOOD,/home/kaizen-ai/Desktop/thrust_bearing_app/python-backend/Downloads/bearing_complete/GOOD_20241015_084440.jpg
2232,20241015,84523,GOOD,/home/kaizen-ai/Desktop/thrust_bearing_app/python-backend/Downloads/bearing_complete/GOOD_20241015_084523.jpg
2233,20241015,84626,GOOD,/home/kaizen-ai/Desktop/thrust_bearing_app/python-backend/Downloads/bearing_complete/GOOD_20241015_084626.jpg
2234,20241015,84759,GOOD,/home/kaizen-ai/Desktop/thrust_bearing_app/python-backend/Downloads/bearing_complete/GOOD_20241015_084759.jpg
2235,20241015,84838,GOOD,/home/kaizen-ai/Desktop/thrust_bearing_app/python-backend/Downloads/bearing_complete/GOOD_20241015_084838.jpg
2236,20241015,84939,GOOD,/home/kaizen-ai/Desktop/thrust_bearing_app/python-backend/Downloads/bearing_complete/GOOD_20241015_084939.jpg
2237,20241015,85055,GOOD,/home/kaizen-ai/Desktop/thrust_bearing_app/python-backend/Downloads/bearing_complete/GOOD_20241015_085055.jpg
2238,20241015,85140,GOOD,/home/kaizen-ai/Desktop/thrust_bearing_app/python-backend/Downloads/bearing_complete/GOOD_20241015_085140.jpg
2239,20241015,85250,GOOD,/home/kaizen-ai/Desktop/thrust_bearing_app/python-backend/Downloads/bearing_complete/GOOD_20241015_085250.jpg
2240,20241015,85347,GOOD,/home/kaizen-ai/Desktop/thrust_bearing_app/python-backend/Downloads/bearing_complete/GOOD_20241015_085347.jpg
2241,20241015,85519,GOOD,/home/kaizen-ai/Desktop/thrust_bearing_app/python-backend/Downloads/bearing_complete/GOOD_20241015_085519.jpg
2242,20241015,85620,GOOD,/home/kaizen-ai/Desktop/thrust_bearing_app/python-backend/Downloads/bearing_complete/GOOD_20241015_085620.jpg
2243,20241015,85735,GOOD,/home/kaizen-ai/Desktop/thrust_bearing_app/python-backend/Downloads/bearing_complete/GOOD_20241015_085735.jpg
2244,20241015,85821,GOOD,/home/kaizen-ai/Desktop/thrust_bearing_app/python-backend/Downloads/bearing_complete/GOOD_20241015_085821.jpg
2245,20241015,85908,GOOD,/home/kaizen-ai/Desktop/thrust_bearing_app/python-backend/Downloads/bearing_complete/GOOD_20241015_085908.jpg
2246,20241015,90009,GOOD,/home/kaizen-ai/Desktop/thrust_bearing_app/python-backend/Downloads/bearing_complete/GOOD_20241015_090009.jpg
2247,20241015,90123,GOOD,/home/kaizen-ai/Desktop/thrust_bearing_app/python-backend/Downloads/bearing_complete/GOOD_20241015_090123.jpg
2248,20241015,90224,GOOD,/home/kaizen-ai/Desktop/thrust_bearing_app/python-backend/Downloads/bearing_complete/GOOD_20241015_090224.jpg
2249,20241015,90315,GOOD,/home/kaizen-ai/Desktop/thrust_bearing_app/python-backend/Downloads/bearing_complete/GOOD_20241015_090315.jpg
2250,20241015,90437,GOOD,/home/kaizen-ai/Desktop/thrust_bearing_app/python-backend/Downloads/bearing_complete/GOOD_20241015_090437.jpg
2251,20241015,90534,GOOD,/home/kaizen-ai/Desktop/thrust_bearing_app/python-backend/Downloads/bearing_complete/GOOD_20241015_090534.jpg
2252,20241015,90640,GOOD,/home/kaizen-ai/Desktop/thrust_bearing_app/python-backend/Downloads/bearing_complete/GOOD_20241015_090640.jpg
2253,20241015,90740,GOOD,/home/kaizen-ai/Desktop/thrust_bearing_app/python-backend/Downloads/bearing_complete/GOOD_20241015_090740.jpg
2254,20241015,90852,GOOD,/home/kaizen-ai/Desktop/thrust_bearing_app/python-backend/Downloads/bearing_complete/GOOD_20241015_090852.jpg
2255,20241015,91003,GOOD,/home/kaizen-ai/Desktop/thrust_bearing_app/python-backend/Downloads/bearing_complete/GOOD_20241015_091003.jpg
2256,20241015,91043,GOOD,/home/kaizen-ai/Desktop/thrust_bearing_app/python-backend/Downloads/bearing_complete/GOOD_20241015_091043.jpg
2257,20241015,91233,GOOD,/home/kaizen-ai/Desktop/thrust_bearing_app/python-backend/Downloads/bearing_complete/GOOD_20241015_091233.jpg
2258,20241015,91340,GOOD,/home/kaizen-ai/Desktop/thrust_bearing_app/python-backend/Downloads/bearing_complete/GOOD_20241015_091340.jpg
2259,20241015,91433,GOOD,/home/kaizen-ai/Desktop/thrust_bearing_app/python-backend/Downloads/bearing_complete/GOOD_20241015_091433.jpg
2260,20241015,91634,GOOD,/home/kaizen-ai/Desktop/thrust_bearing_app/python-backend/Downloads/bearing_complete/GOOD_20241015_091634.jpg
2261,20241015,91738,GOOD,/home/kaizen-ai/Desktop/thrust_bearing_app/python-backend/Downloads/bearing_complete/GOOD_20241015_091738.jpg
2262,20241015,91839,GOOD,/home/kaizen-ai/Desktop/thrust_bearing_app/python-backend/Downloads/bearing_complete/GOOD_20241015_091839.jpg
2263,20241015,91939,GOOD,/home/kaizen-ai/Desktop/thrust_bearing_app/python-backend/Downloads/bearing_complete/GOOD_20241015_091939.jpg
2264,20241015,92114,GOOD,/home/kaizen-ai/Desktop/thrust_bearing_app/python-backend/Downloads/bearing_complete/GOOD_20241015_092114.jpg
2265,20241015,92156,GOOD,/home/kaizen-ai/Desktop/thrust_bearing_app/python-backend/Downloads/bearing_complete/GOOD_20241015_092156.jpg
2266,20241015,92311,GOOD,/home/kaizen-ai/Desktop/thrust_bearing_app/python-backend/Downloads/bearing_complete/GOOD_20241015_092311.jpg
2267,20241015,92427,GOOD,/home/kaizen-ai/Desktop/thrust_bearing_app/python-backend/Downloads/bearing_complete/GOOD_20241015_092427.jpg
2268,20241015,92529,GOOD,/home/kaizen-ai/Desktop/thrust_bearing_app/python-backend/Downloads/bearing_complete/GOOD_20241015_092529.jpg
2269,20241015,92635,GOOD,/home/kaizen-ai/Desktop/thrust_bearing_app/python-backend/Downloads/bearing_complete/GOOD_20241015_092635.jpg
2270,20241015,92741,GOOD,/home/kaizen-ai/Desktop/thrust_bearing_app/python-backend/Downloads/bearing_complete/GOOD_20241015_092741.jpg
2271,20241015,92818,GOOD,/home/kaizen-ai/Desktop/thrust_bearing_app/python-backend/Downloads/bearing_complete/GOOD_20241015_092818.jpg
2272,20241015,92902,GOOD,/home/kaizen-ai/Desktop/thrust_bearing_app/python-backend/Downloads/bearing_complete/GOOD_20241015_092902.jpg
2273,20241015,94025,GOOD,/home/kaizen-ai/Desktop/thrust_bearing_app/python-backend/Downloads/bearing_complete/GOOD_20241015_094025.jpg
2274,20241015,94116,GOOD,/home/kaizen-ai/Desktop/thrust_bearing_app/python-backend/Downloads/bearing_complete/GOOD_20241015_094116.jpg
2275,20241015,94243,GOOD,/home/kaizen-ai/Desktop/thrust_bearing_app/python-backend/Downloads/bearing_complete/GOOD_20241015_094243.jpg
2276,20241015,94342,GOOD,/home/kaizen-ai/Desktop/thrust_bearing_app/python-backend/Downloads/bearing_complete/GOOD_20241015_094342.jpg
2277,20241015,94514,GOOD,/home/kaizen-ai/Desktop/thrust_bearing_app/python-backend/Downloads/bearing_complete/GOOD_20241015_094514.jpg
2278,20241015,94618,GOOD,/home/kaizen-ai/Desktop/thrust_bearing_app/python-backend/Downloads/bearing_complete/GOOD_20241015_094618.jpg
2279,20241015,94713,GOOD,/home/kaizen-ai/Desktop/thrust_bearing_app/python-backend/Downloads/bearing_complete/GOOD_20241015_094713.jpg
2280,20241015,94804,GOOD,/home/kaizen-ai/Desktop/thrust_bearing_app/python-backend/Downloads/bearing_complete/GOOD_20241015_094804.jpg
2281,20241015,94917,GOOD,/home/kaizen-ai/Desktop/thrust_bearing_app/python-backend/Downloads/bearing_complete/GOOD_20241015_094917.jpg
2282,20241015,95020,GOOD,/home/kaizen-ai/Desktop/thrust_bearing_app/python-backend/Downloads/bearing_complete/GOOD_20241015_095020.jpg
2283,20241015,95109,GOOD,/home/kaizen-ai/Desktop/thrust_bearing_app/python-backend/Downloads/bearing_complete/GOOD_20241015_095109.jpg
2284,20241015,95217,GOOD,/home/kaizen-ai/Desktop/thrust_bearing_app/python-backend/Downloads/bearing_complete/GOOD_20241015_095217.jpg
2285,20241015,95331,GOOD,/home/kaizen-ai/Desktop/thrust_bearing_app/python-backend/Downloads/bearing_complete/GOOD_20241015_095331.jpg
2286,20241015,95438,GOOD,/home/kaizen-ai/Desktop/thrust_bearing_app/python-backend/Downloads/bearing_complete/GOOD_20241015_095438.jpg
2287,20241015,95558,GOOD,/home/kaizen-ai/Desktop/thrust_bearing_app/python-backend/Downloads/bearing_complete/GOOD_20241015_095558.jpg
2288,20241015,95702,GOOD,/home/kaizen-ai/Desktop/thrust_bearing_app/python-backend/Downloads/bearing_complete/GOOD_20241015_095702.jpg
2289,20241015,95807,GOOD,/home/kaizen-ai/Desktop/thrust_bearing_app/python-backend/Downloads/bearing_complete/GOOD_20241015_095807.jpg
2290,20241015,95906,GOOD,/home/kaizen-ai/Desktop/thrust_bearing_app/python-backend/Downloads/bearing_complete/GOOD_20241015_095906.jpg
2291,20241015,100010,GOOD,/home/kaizen-ai/Desktop/thrust_bearing_app/python-backend/Downloads/bearing_complete/GOOD_20241015_100010.jpg
2292,20241015,100114,GOOD,/home/kaizen-ai/Desktop/thrust_bearing_app/python-backend/Downloads/bearing_complete/GOOD_20241015_100114.jpg
2293,20241015,100207,GOOD,/home/kaizen-ai/Desktop/thrust_bearing_app/python-backend/Downloads/bearing_complete/GOOD_20241015_100207.jpg
2294,20241015,100308,GOOD,/home/kaizen-ai/Desktop/thrust_bearing_app/python-backend/Downloads/bearing_complete/GOOD_20241015_100308.jpg
2295,20241015,100422,GOOD,/home/kaizen-ai/Desktop/thrust_bearing_app/python-backend/Downloads/bearing_complete/GOOD_20241015_100422.jpg
2296,20241015,100532,GOOD,/home/kaizen-ai/Desktop/thrust_bearing_app/python-backend/Downloads/bearing_complete/GOOD_20241015_100532.jpg
2297,20241015,100628,GOOD,/home/kaizen-ai/Desktop/thrust_bearing_app/python-backend/Downloads/bearing_complete/GOOD_20241015_100628.jpg
2298,20241015,100744,GOOD,/home/kaizen-ai/Desktop/thrust_bearing_app/python-backend/Downloads/bearing_complete/GOOD_20241015_100744.jpg
2299,20241015,100851,GOOD,/home/kaizen-ai/Desktop/thrust_bearing_app/python-backend/Downloads/bearing_complete/GOOD_20241015_100851.jpg
2300,20241015,101006,GOOD,/home/kaizen-ai/Desktop/thrust_bearing_app/python-backend/Downloads/bearing_complete/GOOD_20241015_101006.jpg
2301,20241015,101104,GOOD,/home/kaizen-ai/Desktop/thrust_bearing_app/python-backend/Downloads/bearing_complete/GOOD_20241015_101104.jpg
2302,20241015,101158,GOOD,/home/kaizen-ai/Desktop/thrust_bearing_app/python-backend/Downloads/bearing_complete/GOOD_20241015_101158.jpg
2303,20241015,101305,GOOD,/home/kaizen-ai/Desktop/thrust_bearing_app/python-backend/Downloads/bearing_complete/GOOD_20241015_101305.jpg
2304,20241015,101400,GOOD,/home/kaizen-ai/Desktop/thrust_bearing_app/python-backend/Downloads/bearing_complete/GOOD_20241015_101400.jpg
2305,20241015,101457,GOOD,/home/kaizen-ai/Desktop/thrust_bearing_app/python-backend/Downloads/bearing_complete/GOOD_20241015_101457.jpg
2306,20241015,101615,GOOD,/home/kaizen-ai/Desktop/thrust_bearing_app/python-backend/Downloads/bearing_complete/GOOD_20241015_101615.jpg
2307,20241015,101712,GOOD,/home/kaizen-ai/Desktop/thrust_bearing_app/python-backend/Downloads/bearing_complete/GOOD_20241015_101712.jpg
2308,20241015,101852,GOOD,/home/kaizen-ai/Desktop/thrust_bearing_app/python-backend/Downloads/bearing_complete/GOOD_20241015_101852.jpg
2309,20241015,102039,GOOD,/home/kaizen-ai/Desktop/thrust_bearing_app/python-backend/Downloads/bearing_complete/GOOD_20241015_102039.jpg
2310,20241015,102224,GOOD,/home/kaizen-ai/Desktop/thrust_bearing_app/python-backend/Downloads/bearing_complete/GOOD_20241015_102224.jpg
2311,20241015,102335,GOOD,/home/kaizen-ai/Desktop/thrust_bearing_app/python-backend/Downloads/bearing_complete/GOOD_20241015_102335.jpg
2312,20241015,102531,GOOD,/home/kaizen-ai/Desktop/thrust_bearing_app/python-backend/Downloads/bearing_complete/GOOD_20241015_102531.jpg
2313,20241015,102648,GOOD,/home/kaizen-ai/Desktop/thrust_bearing_app/python-backend/Downloads/bearing_complete/GOOD_20241015_102648.jpg
2314,20241015,102756,GOOD,/home/kaizen-ai/Desktop/thrust_bearing_app/python-backend/Downloads/bearing_complete/GOOD_20241015_102756.jpg
2315,20241015,102856,GOOD,/home/kaizen-ai/Desktop/thrust_bearing_app/python-backend/Downloads/bearing_complete/GOOD_20241015_102856.jpg
2316,20241015,103054,GOOD,/home/kaizen-ai/Desktop/thrust_bearing_app/python-backend/Downloads/bearing_complete/GOOD_20241015_103054.jpg
2317,20241015,103135,GOOD,/home/kaizen-ai/Desktop/thrust_bearing_app/python-backend/Downloads/bearing_complete/GOOD_20241015_103135.jpg
2318,20241015,103300,GOOD,/home/kaizen-ai/Desktop/thrust_bearing_app/python-backend/Downloads/bearing_complete/GOOD_20241015_103300.jpg
2319,20241015,103441,GOOD,/home/kaizen-ai/Desktop/thrust_bearing_app/python-backend/Downloads/bearing_complete/GOOD_20241015_103441.jpg
2320,20241015,103547,GOOD,/home/kaizen-ai/Desktop/thrust_bearing_app/python-backend/Downloads/bearing_complete/GOOD_20241015_103547.jpg
2321,20241015,103654,GOOD,/home/kaizen-ai/Desktop/thrust_bearing_app/python-backend/Downloads/bearing_complete/GOOD_20241015_103654.jpg
2322,20241015,103750,GOOD,/home/kaizen-ai/Desktop/thrust_bearing_app/python-backend/Downloads/bearing_complete/GOOD_20241015_103750.jpg
2323,20241015,103848,GOOD,/home/kaizen-ai/Desktop/thrust_bearing_app/python-backend/Downloads/bearing_complete/GOOD_20241015_103848.jpg
2324,20241015,103957,GOOD,/home/kaizen-ai/Desktop/thrust_bearing_app/python-backend/Downloads/bearing_complete/GOOD_20241015_103957.jpg
2325,20241015,104107,GOOD,/home/kaizen-ai/Desktop/thrust_bearing_app/python-backend/Downloads/bearing_complete/GOOD_20241015_104107.jpg
2326,20241015,104151,GOOD,/home/kaizen-ai/Desktop/thrust_bearing_app/python-backend/Downloads/bearing_complete/GOOD_20241015_104151.jpg
2327,20241015,104337,GOOD,/home/kaizen-ai/Desktop/thrust_bearing_app/python-backend/Downloads/bearing_complete/GOOD_20241015_104337.jpg
2328,20241015,104437,GOOD,/home/kaizen-ai/Desktop/thrust_bearing_app/python-backend/Downloads/bearing_complete/GOOD_20241015_104437.jpg
2329,20241015,104531,GOOD,/home/kaizen-ai/Desktop/thrust_bearing_app/python-backend/Downloads/bearing_complete/GOOD_20241015_104531.jpg
2330,20241015,104635,GOOD,/home/kaizen-ai/Desktop/thrust_bearing_app/python-backend/Downloads/bearing_complete/GOOD_20241015_104635.jpg
2331,20241015,104804,GOOD,/home/kaizen-ai/Desktop/thrust_bearing_app/python-backend/Downloads/bearing_complete/GOOD_20241015_104804.jpg
2332,20241015,104908,GOOD,/home/kaizen-ai/Desktop/thrust_bearing_app/python-backend/Downloads/bearing_complete/GOOD_20241015_104908.jpg
2333,20241015,104957,GOOD,/home/kaizen-ai/Desktop/thrust_bearing_app/python-backend/Downloads/bearing_complete/GOOD_20241015_104957.jpg
2334,20241015,105104,GOOD,/home/kaizen-ai/Desktop/thrust_bearing_app/python-backend/Downloads/bearing_complete/GOOD_20241015_105104.jpg
2335,20241015,105159,GOOD,/home/kaizen-ai/Desktop/thrust_bearing_app/python-backend/Downloads/bearing_complete/GOOD_20241015_105159.jpg
2336,20241015,105258,GOOD,/home/kaizen-ai/Desktop/thrust_bearing_app/python-backend/Downloads/bearing_complete/GOOD_20241015_105258.jpg
2337,20241015,105357,GOOD,/home/kaizen-ai/Desktop/thrust_bearing_app/python-backend/Downloads/bearing_complete/GOOD_20241015_105357.jpg
2338,20241015,105517,GOOD,/home/kaizen-ai/Desktop/thrust_bearing_app/python-backend/Downloads/bearing_complete/GOOD_20241015_105517.jpg
2339,20241015,105634,GOOD,/home/kaizen-ai/Desktop/thrust_bearing_app/python-backend/Downloads/bearing_complete/GOOD_20241015_105634.jpg
2340,20241015,105737,GOOD,/home/kaizen-ai/Desktop/thrust_bearing_app/python-backend/Downloads/bearing_complete/GOOD_20241015_105737.jpg
2341,20241015,105846,GOOD,/home/kaizen-ai/Desktop/thrust_bearing_app/python-backend/Downloads/bearing_complete/GOOD_20241015_105846.jpg
2342,20241015,105942,GOOD,/home/kaizen-ai/Desktop/thrust_bearing_app/python-backend/Downloads/bearing_complete/GOOD_20241015_105942.jpg
2343,20241015,110029,GOOD,/home/kaizen-ai/Desktop/thrust_bearing_app/python-backend/Downloads/bearing_complete/GOOD_20241015_110029.jpg
2344,20241015,110206,GOOD,/home/kaizen-ai/Desktop/thrust_bearing_app/python-backend/Downloads/bearing_complete/GOOD_20241015_110206.jpg
2345,20241015,110309,GOOD,/home/kaizen-ai/Desktop/thrust_bearing_app/python-backend/Downloads/bearing_complete/GOOD_20241015_110309.jpg
2346,20241015,110412,GOOD,/home/kaizen-ai/Desktop/thrust_bearing_app/python-backend/Downloads/bearing_complete/GOOD_20241015_110412.jpg
2347,20241015,110517,GOOD,/home/kaizen-ai/Desktop/thrust_bearing_app/python-backend/Downloads/bearing_complete/GOOD_20241015_110517.jpg
2348,20241015,110646,GOOD,/home/kaizen-ai/Desktop/thrust_bearing_app/python-backend/Downloads/bearing_complete/GOOD_20241015_110646.jpg
2349,20241015,110803,GOOD,/home/kaizen-ai/Desktop/thrust_bearing_app/python-backend/Downloads/bearing_complete/GOOD_20241015_110803.jpg
2350,20241015,110915,GOOD,/home/kaizen-ai/Desktop/thrust_bearing_app/python-backend/Downloads/bearing_complete/GOOD_20241015_110915.jpg
2351,20241015,110952,GOOD,/home/kaizen-ai/Desktop/thrust_bearing_app/python-backend/Downloads/bearing_complete/GOOD_20241015_110952.jpg
2352,20241015,111057,GOOD,/home/kaizen-ai/Desktop/thrust_bearing_app/python-backend/Downloads/bearing_complete/GOOD_20241015_111057.jpg
2353,20241015,111205,GOOD,/home/kaizen-ai/Desktop/thrust_bearing_app/python-backend/Downloads/bearing_complete/GOOD_20241015_111205.jpg
2354,20241015,111344,GOOD,/home/kaizen-ai/Desktop/thrust_bearing_app/python-backend/Downloads/bearing_complete/GOOD_20241015_111344.jpg
2355,20241015,111500,GOOD,/home/kaizen-ai/Desktop/thrust_bearing_app/python-backend/Downloads/bearing_complete/GOOD_20241015_111500.jpg
2356,20241015,111555,GOOD,/home/kaizen-ai/Desktop/thrust_bearing_app/python-backend/Downloads/bearing_complete/GOOD_20241015_111555.jpg
2357,20241015,111702,GOOD,/home/kaizen-ai/Desktop/thrust_bearing_app/python-backend/Downloads/bearing_complete/GOOD_20241015_111702.jpg
2358,20241015,111823,GOOD,/home/kaizen-ai/Desktop/thrust_bearing_app/python-backend/Downloads/bearing_complete/GOOD_20241015_111823.jpg
2359,20241015,112005,GOOD,/home/kaizen-ai/Desktop/thrust_bearing_app/python-backend/Downloads/bearing_complete/GOOD_20241015_112005.jpg
2360,20241015,112113,GOOD,/home/kaizen-ai/Desktop/thrust_bearing_app/python-backend/Downloads/bearing_complete/GOOD_20241015_112113.jpg
2361,20241015,112211,GOOD,/home/kaizen-ai/Desktop/thrust_bearing_app/python-backend/Downloads/bearing_complete/GOOD_20241015_112211.jpg
2362,20241015,112308,GOOD,/home/kaizen-ai/Desktop/thrust_bearing_app/python-backend/Downloads/bearing_complete/GOOD_20241015_112308.jpg
2363,20241015,112426,GOOD,/home/kaizen-ai/Desktop/thrust_bearing_app/python-backend/Downloads/bearing_complete/GOOD_20241015_112426.jpg
2364,20241015,112544,GOOD,/home/kaizen-ai/Desktop/thrust_bearing_app/python-backend/Downloads/bearing_complete/GOOD_20241015_112544.jpg
2365,20241015,112643,GOOD,/home/kaizen-ai/Desktop/thrust_bearing_app/python-backend/Downloads/bearing_complete/GOOD_20241015_112643.jpg
2366,20241015,112747,GOOD,/home/kaizen-ai/Desktop/thrust_bearing_app/python-backend/Downloads/bearing_complete/GOOD_20241015_112747.jpg
2367,20241015,112855,GOOD,/home/kaizen-ai/Desktop/thrust_bearing_app/python-backend/Downloads/bearing_complete/GOOD_20241015_112855.jpg
2368,20241015,113023,GOOD,/home/kaizen-ai/Desktop/thrust_bearing_app/python-backend/Downloads/bearing_complete/GOOD_20241015_113023.jpg
2369,20241015,113135,GOOD,/home/kaizen-ai/Desktop/thrust_bearing_app/python-backend/Downloads/bearing_complete/GOOD_20241015_113135.jpg
2370,20241015,113312,GOOD,/home/kaizen-ai/Desktop/thrust_bearing_app/python-backend/Downloads/bearing_complete/GOOD_20241015_113312.jpg
2371,20241015,113414,GOOD,/home/kaizen-ai/Desktop/thrust_bearing_app/python-backend/Downloads/bearing_complete/GOOD_20241015_113414.jpg
2372,20241015,113529,GOOD,/home/kaizen-ai/Desktop/thrust_bearing_app/python-backend/Downloads/bearing_complete/GOOD_20241015_113529.jpg
2373,20241015,113627,GOOD,/home/kaizen-ai/Desktop/thrust_bearing_app/python-backend/Downloads/bearing_complete/GOOD_20241015_113627.jpg
2374,20241015,113735,GOOD,/home/kaizen-ai/Desktop/thrust_bearing_app/python-backend/Downloads/bearing_complete/GOOD_20241015_113735.jpg
2375,20241015,113825,GOOD,/home/kaizen-ai/Desktop/thrust_bearing_app/python-backend/Downloads/bearing_complete/GOOD_20241015_113825.jpg
2376,20241015,113927,GOOD,/home/kaizen-ai/Desktop/thrust_bearing_app/python-backend/Downloads/bearing_complete/GOOD_20241015_113927.jpg
2377,20241015,114024,GOOD,/home/kaizen-ai/Desktop/thrust_bearing_app/python-backend/Downloads/bearing_complete/GOOD_20241015_114024.jpg
2378,20241015,114111,GOOD,/home/kaizen-ai/Desktop/thrust_bearing_app/python-backend/Downloads/bearing_complete/GOOD_20241015_114111.jpg
2379,20241015,114208,GOOD,/home/kaizen-ai/Desktop/thrust_bearing_app/python-backend/Downloads/bearing_complete/GOOD_20241015_114208.jpg
2380,20241015,114306,GOOD,/home/kaizen-ai/Desktop/thrust_bearing_app/python-backend/Downloads/bearing_complete/GOOD_20241015_114306.jpg
2381,20241015,114404,GOOD,/home/kaizen-ai/Desktop/thrust_bearing_app/python-backend/Downloads/bearing_complete/GOOD_20241015_114404.jpg
2382,20241015,114507,GOOD,/home/kaizen-ai/Desktop/thrust_bearing_app/python-backend/Downloads/bearing_complete/GOOD_20241015_114507.jpg
2383,20241015,123136,GOOD,/home/kaizen-ai/Desktop/thrust_bearing_app/python-backend/Downloads/bearing_complete/GOOD_20241015_123136.jpg
2384,20241015,123235,GOOD,/home/kaizen-ai/Desktop/thrust_bearing_app/python-backend/Downloads/bearing_complete/GOOD_20241015_123235.jpg
2385,20241015,123336,GOOD,/home/kaizen-ai/Desktop/thrust_bearing_app/python-backend/Downloads/bearing_complete/GOOD_20241015_123336.jpg
2386,20241015,123436,GOOD,/home/kaizen-ai/Desktop/thrust_bearing_app/python-backend/Downloads/bearing_complete/GOOD_20241015_123436.jpg
2387,20241015,123532,GOOD,/home/kaizen-ai/Desktop/thrust_bearing_app/python-backend/Downloads/bearing_complete/GOOD_20241015_123532.jpg
2388,20241015,123701,GOOD,/home/kaizen-ai/Desktop/thrust_bearing_app/python-backend/Downloads/bearing_complete/GOOD_20241015_123701.jpg
2389,20241015,123802,GOOD,/home/kaizen-ai/Desktop/thrust_bearing_app/python-backend/Downloads/bearing_complete/GOOD_20241015_123802.jpg
2390,20241015,123905,GOOD,/home/kaizen-ai/Desktop/thrust_bearing_app/python-backend/Downloads/bearing_complete/GOOD_20241015_123905.jpg
2391,20241015,123947,GOOD,/home/kaizen-ai/Desktop/thrust_bearing_app/python-backend/Downloads/bearing_complete/GOOD_20241015_123947.jpg
2392,20241015,124044,GOOD,/home/kaizen-ai/Desktop/thrust_bearing_app/python-backend/Downloads/bearing_complete/GOOD_20241015_124044.jpg
2393,20241015,124122,GOOD,/home/kaizen-ai/Desktop/thrust_bearing_app/python-backend/Downloads/bearing_complete/GOOD_20241015_124122.jpg
2394,20241015,124222,GOOD,/home/kaizen-ai/Desktop/thrust_bearing_app/python-backend/Downloads/bearing_complete/GOOD_20241015_124222.jpg
2395,20241015,124318,GOOD,/home/kaizen-ai/Desktop/thrust_bearing_app/python-backend/Downloads/bearing_complete/GOOD_20241015_124318.jpg
2396,20241015,124419,GOOD,/home/kaizen-ai/Desktop/thrust_bearing_app/python-backend/Downloads/bearing_complete/GOOD_20241015_124419.jpg
2397,20241015,124531,GOOD,/home/kaizen-ai/Desktop/thrust_bearing_app/python-backend/Downloads/bearing_complete/GOOD_20241015_124531.jpg
2398,20241015,124651,GOOD,/home/kaizen-ai/Desktop/thrust_bearing_app/python-backend/Downloads/bearing_complete/GOOD_20241015_124651.jpg
2399,20241015,124815,GOOD,/home/kaizen-ai/Desktop/thrust_bearing_app/python-backend/Downloads/bearing_complete/GOOD_20241015_124815.jpg
2400,20241015,124907,GOOD,/home/kaizen-ai/Desktop/thrust_bearing_app/python-backend/Downloads/bearing_complete/GOOD_20241015_124907.jpg
2401,20241015,125004,GOOD,/home/kaizen-ai/Desktop/thrust_bearing_app/python-backend/Downloads/bearing_complete/GOOD_20241015_125004.jpg
2402,20241015,125142,GOOD,/home/kaizen-ai/Desktop/thrust_bearing_app/python-backend/Downloads/bearing_complete/GOOD_20241015_125142.jpg
2403,20241015,125249,GOOD,/home/kaizen-ai/Desktop/thrust_bearing_app/python-backend/Downloads/bearing_complete/GOOD_20241015_125249.jpg
2404,20241015,125352,GOOD,/home/kaizen-ai/Desktop/thrust_bearing_app/python-backend/Downloads/bearing_complete/GOOD_20241015_125352.jpg
2405,20241015,125425,GOOD,/home/kaizen-ai/Desktop/thrust_bearing_app/python-backend/Downloads/bearing_complete/GOOD_20241015_125425.jpg
2406,20241015,125525,GOOD,/home/kaizen-ai/Desktop/thrust_bearing_app/python-backend/Downloads/bearing_complete/GOOD_20241015_125525.jpg
2407,20241015,125620,GOOD,/home/kaizen-ai/Desktop/thrust_bearing_app/python-backend/Downloads/bearing_complete/GOOD_20241015_125620.jpg
2408,20241015,125720,GOOD,/home/kaizen-ai/Desktop/thrust_bearing_app/python-backend/Downloads/bearing_complete/GOOD_20241015_125720.jpg
2409,20241015,125817,GOOD,/home/kaizen-ai/Desktop/thrust_bearing_app/python-backend/Downloads/bearing_complete/GOOD_20241015_125817.jpg
2410,20241015,125915,GOOD,/home/kaizen-ai/Desktop/thrust_bearing_app/python-backend/Downloads/bearing_complete/GOOD_20241015_125915.jpg
2411,20241015,130023,GOOD,/home/kaizen-ai/Desktop/thrust_bearing_app/python-backend/Downloads/bearing_complete/GOOD_20241015_130023.jpg
2412,20241015,130123,GOOD,/home/kaizen-ai/Desktop/thrust_bearing_app/python-backend/Downloads/bearing_complete/GOOD_20241015_130123.jpg
2413,20241015,130205,GOOD,/home/kaizen-ai/Desktop/thrust_bearing_app/python-backend/Downloads/bearing_complete/GOOD_20241015_130205.jpg
2414,20241015,130356,GOOD,/home/kaizen-ai/Desktop/thrust_bearing_app/python-backend/Downloads/bearing_complete/GOOD_20241015_130356.jpg
2415,20241015,130446,GOOD,/home/kaizen-ai/Desktop/thrust_bearing_app/python-backend/Downloads/bearing_complete/GOOD_20241015_130446.jpg
2416,20241015,130543,GOOD,/home/kaizen-ai/Desktop/thrust_bearing_app/python-backend/Downloads/bearing_complete/GOOD_20241015_130543.jpg
2417,20241015,130643,GOOD,/home/kaizen-ai/Desktop/thrust_bearing_app/python-backend/Downloads/bearing_complete/GOOD_20241015_130643.jpg
2418,20241015,130754,GOOD,/home/kaizen-ai/Desktop/thrust_bearing_app/python-backend/Downloads/bearing_complete/GOOD_20241015_130754.jpg
2419,20241015,130856,GOOD,/home/kaizen-ai/Desktop/thrust_bearing_app/python-backend/Downloads/bearing_complete/GOOD_20241015_130856.jpg
2420,20241015,130948,GOOD,/home/kaizen-ai/Desktop/thrust_bearing_app/python-backend/Downloads/bearing_complete/GOOD_20241015_130948.jpg
2421,20241015,131055,GOOD,/home/kaizen-ai/Desktop/thrust_bearing_app/python-backend/Downloads/bearing_complete/GOOD_20241015_131055.jpg
2422,20241015,131205,GOOD,/home/kaizen-ai/Desktop/thrust_bearing_app/python-backend/Downloads/bearing_complete/GOOD_20241015_131205.jpg
2423,20241015,131308,GOOD,/home/kaizen-ai/Desktop/thrust_bearing_app/python-backend/Downloads/bearing_complete/GOOD_20241015_131308.jpg
2424,20241015,131408,GOOD,/home/kaizen-ai/Desktop/thrust_bearing_app/python-backend/Downloads/bearing_complete/GOOD_20241015_131408.jpg
2425,20241015,131515,GOOD,/home/kaizen-ai/Desktop/thrust_bearing_app/python-backend/Downloads/bearing_complete/GOOD_20241015_131515.jpg
2426,20241015,131615,GOOD,/home/kaizen-ai/Desktop/thrust_bearing_app/python-backend/Downloads/bearing_complete/GOOD_20241015_131615.jpg
2427,20241015,131748,GOOD,/home/kaizen-ai/Desktop/thrust_bearing_app/python-backend/Downloads/bearing_complete/GOOD_20241015_131748.jpg
2428,20241015,131926,GOOD,/home/kaizen-ai/Desktop/thrust_bearing_app/python-backend/Downloads/bearing_complete/GOOD_20241015_131926.jpg
2429,20241015,132124,GOOD,/home/kaizen-ai/Desktop/thrust_bearing_app/python-backend/Downloads/bearing_complete/GOOD_20241015_132124.jpg
2430,20241015,132320,GOOD,/home/kaizen-ai/Desktop/thrust_bearing_app/python-backend/Downloads/bearing_complete/GOOD_20241015_132320.jpg
2431,20241015,132418,GOOD,/home/kaizen-ai/Desktop/thrust_bearing_app/python-backend/Downloads/bearing_complete/GOOD_20241015_132418.jpg
2432,20241015,132524,GOOD,/home/kaizen-ai/Desktop/thrust_bearing_app/python-backend/Downloads/bearing_complete/GOOD_20241015_132524.jpg
2433,20241015,132722,GOOD,/home/kaizen-ai/Desktop/thrust_bearing_app/python-backend/Downloads/bearing_complete/GOOD_20241015_132722.jpg
2434,20241015,132814,GOOD,/home/kaizen-ai/Desktop/thrust_bearing_app/python-backend/Downloads/bearing_complete/GOOD_20241015_132814.jpg
2435,20241015,132909,GOOD,/home/kaizen-ai/Desktop/thrust_bearing_app/python-backend/Downloads/bearing_complete/GOOD_20241015_132909.jpg
2436,20241015,132956,GOOD,/home/kaizen-ai/Desktop/thrust_bearing_app/python-backend/Downloads/bearing_complete/GOOD_20241015_132956.jpg
2437,20241015,133100,GOOD,/home/kaizen-ai/Desktop/thrust_bearing_app/python-backend/Downloads/bearing_complete/GOOD_20241015_133100.jpg
2438,20241015,133153,GOOD,/home/kaizen-ai/Desktop/thrust_bearing_app/python-backend/Downloads/bearing_complete/GOOD_20241015_133153.jpg
2439,20241015,133306,GOOD,/home/kaizen-ai/Desktop/thrust_bearing_app/python-backend/Downloads/bearing_complete/GOOD_20241015_133306.jpg
2440,20241015,133449,GOOD,/home/kaizen-ai/Desktop/thrust_bearing_app/python-backend/Downloads/bearing_complete/GOOD_20241015_133449.jpg
2441,20241015,133551,GOOD,/home/kaizen-ai/Desktop/thrust_bearing_app/python-backend/Downloads/bearing_complete/GOOD_20241015_133551.jpg
2442,20241015,133652,GOOD,/home/kaizen-ai/Desktop/thrust_bearing_app/python-backend/Downloads/bearing_complete/GOOD_20241015_133652.jpg
2443,20241015,133746,GOOD,/home/kaizen-ai/Desktop/thrust_bearing_app/python-backend/Downloads/bearing_complete/GOOD_20241015_133746.jpg
2444,20241015,133848,GOOD,/home/kaizen-ai/Desktop/thrust_bearing_app/python-backend/Downloads/bearing_complete/GOOD_20241015_133848.jpg
2445,20241015,133943,GOOD,/home/kaizen-ai/Desktop/thrust_bearing_app/python-backend/Downloads/bearing_complete/GOOD_20241015_133943.jpg
2446,20241015,134048,GOOD,/home/kaizen-ai/Desktop/thrust_bearing_app/python-backend/Downloads/bearing_complete/GOOD_20241015_134048.jpg
2447,20241015,134139,GOOD,/home/kaizen-ai/Desktop/thrust_bearing_app/python-backend/Downloads/bearing_complete/GOOD_20241015_134139.jpg
2448,20241015,134318,GOOD,/home/kaizen-ai/Desktop/thrust_bearing_app/python-backend/Downloads/bearing_complete/GOOD_20241015_134318.jpg
2449,20241015,134603,GOOD,/home/kaizen-ai/Desktop/thrust_bearing_app/python-backend/Downloads/bearing_complete/GOOD_20241015_134603.jpg
2450,20241015,134701,GOOD,/home/kaizen-ai/Desktop/thrust_bearing_app/python-backend/Downloads/bearing_complete/GOOD_20241015_134701.jpg
2451,20241015,134751,GOOD,/home/kaizen-ai/Desktop/thrust_bearing_app/python-backend/Downloads/bearing_complete/GOOD_20241015_134751.jpg
2452,20241015,134845,GOOD,/home/kaizen-ai/Desktop/thrust_bearing_app/python-backend/Downloads/bearing_complete/GOOD_20241015_134845.jpg
2453,20241015,134923,GOOD,/home/kaizen-ai/Desktop/thrust_bearing_app/python-backend/Downloads/bearing_complete/GOOD_20241015_134923.jpg
2454,20241015,135019,GOOD,/home/kaizen-ai/Desktop/thrust_bearing_app/python-backend/Downloads/bearing_complete/GOOD_20241015_135019.jpg
2455,20241015,135119,GOOD,/home/kaizen-ai/Desktop/thrust_bearing_app/python-backend/Downloads/bearing_complete/GOOD_20241015_135119.jpg
2456,20241015,135215,GOOD,/home/kaizen-ai/Desktop/thrust_bearing_app/python-backend/Downloads/bearing_complete/GOOD_20241015_135215.jpg
2457,20241015,135310,GOOD,/home/kaizen-ai/Desktop/thrust_bearing_app/python-backend/Downloads/bearing_complete/GOOD_20241015_135310.jpg
2458,20241015,135418,GOOD,/home/kaizen-ai/Desktop/thrust_bearing_app/python-backend/Downloads/bearing_complete/GOOD_20241015_135418.jpg
2459,20241015,135522,GOOD,/home/kaizen-ai/Desktop/thrust_bearing_app/python-backend/Downloads/bearing_complete/GOOD_20241015_135522.jpg
2460,20241015,135608,GOOD,/home/kaizen-ai/Desktop/thrust_bearing_app/python-backend/Downloads/bearing_complete/GOOD_20241015_135608.jpg
2461,20241015,135700,GOOD,/home/kaizen-ai/Desktop/thrust_bearing_app/python-backend/Downloads/bearing_complete/GOOD_20241015_135700.jpg
2462,20241015,135748,GOOD,/home/kaizen-ai/Desktop/thrust_bearing_app/python-backend/Downloads/bearing_complete/GOOD_20241015_135748.jpg
2463,20241015,135842,GOOD,/home/kaizen-ai/Desktop/thrust_bearing_app/python-backend/Downloads/bearing_complete/GOOD_20241015_135842.jpg
2464,20241015,141013,GOOD,/home/kaizen-ai/Desktop/thrust_bearing_app/python-backend/Downloads/bearing_complete/GOOD_20241015_141013.jpg
2465,20241015,141112,GOOD,/home/kaizen-ai/Desktop/thrust_bearing_app/python-backend/Downloads/bearing_complete/GOOD_20241015_141112.jpg
2466,20241015,141213,GOOD,/home/kaizen-ai/Desktop/thrust_bearing_app/python-backend/Downloads/bearing_complete/GOOD_20241015_141213.jpg
2467,20241015,141338,GOOD,/home/kaizen-ai/Desktop/thrust_bearing_app/python-backend/Downloads/bearing_complete/GOOD_20241015_141338.jpg
2468,20241015,141528,GOOD,/home/kaizen-ai/Desktop/thrust_bearing_app/python-backend/Downloads/bearing_complete/GOOD_20241015_141528.jpg
2469,20241015,141623,GOOD,/home/kaizen-ai/Desktop/thrust_bearing_app/python-backend/Downloads/bearing_complete/GOOD_20241015_141623.jpg
2470,20241015,141723,GOOD,/home/kaizen-ai/Desktop/thrust_bearing_app/python-backend/Downloads/bearing_complete/GOOD_20241015_141723.jpg
2471,20241015,141827,GOOD,/home/kaizen-ai/Desktop/thrust_bearing_app/python-backend/Downloads/bearing_complete/GOOD_20241015_141827.jpg
2472,20241015,141926,GOOD,/home/kaizen-ai/Desktop/thrust_bearing_app/python-backend/Downloads/bearing_complete/GOOD_20241015_141926.jpg
2473,20241015,142046,GOOD,/home/kaizen-ai/Desktop/thrust_bearing_app/python-backend/Downloads/bearing_complete/GOOD_20241015_142046.jpg
2474,20241015,142124,GOOD,/home/kaizen-ai/Desktop/thrust_bearing_app/python-backend/Downloads/bearing_complete/GOOD_20241015_142124.jpg
2475,20241015,142219,GOOD,/home/kaizen-ai/Desktop/thrust_bearing_app/python-backend/Downloads/bearing_complete/GOOD_20241015_142219.jpg
2476,20241015,142314,GOOD,/home/kaizen-ai/Desktop/thrust_bearing_app/python-backend/Downloads/bearing_complete/GOOD_20241015_142314.jpg
2477,20241015,142430,GOOD,/home/kaizen-ai/Desktop/thrust_bearing_app/python-backend/Downloads/bearing_complete/GOOD_20241015_142430.jpg
2478,20241015,142537,GOOD,/home/kaizen-ai/Desktop/thrust_bearing_app/python-backend/Downloads/bearing_complete/GOOD_20241015_142537.jpg
2479,20241015,142632,GOOD,/home/kaizen-ai/Desktop/thrust_bearing_app/python-backend/Downloads/bearing_complete/GOOD_20241015_142632.jpg
2480,20241015,142729,GOOD,/home/kaizen-ai/Desktop/thrust_bearing_app/python-backend/Downloads/bearing_complete/GOOD_20241015_142729.jpg
2481,20241015,142829,GOOD,/home/kaizen-ai/Desktop/thrust_bearing_app/python-backend/Downloads/bearing_complete/GOOD_20241015_142829.jpg
2482,20241015,142921,GOOD,/home/kaizen-ai/Desktop/thrust_bearing_app/python-backend/Downloads/bearing_complete/GOOD_20241015_142921.jpg
2483,20241015,143016,GOOD,/home/kaizen-ai/Desktop/thrust_bearing_app/python-backend/Downloads/bearing_complete/GOOD_20241015_143016.jpg
2484,20241015,143131,GOOD,/home/kaizen-ai/Desktop/thrust_bearing_app/python-backend/Downloads/bearing_complete/GOOD_20241015_143131.jpg
2485,20241015,143259,GOOD,/home/kaizen-ai/Desktop/thrust_bearing_app/python-backend/Downloads/bearing_complete/GOOD_20241015_143259.jpg
2486,20241015,143447,GOOD,/home/kaizen-ai/Desktop/thrust_bearing_app/python-backend/Downloads/bearing_complete/GOOD_20241015_143447.jpg
2487,20241015,143618,GOOD,/home/kaizen-ai/Desktop/thrust_bearing_app/python-backend/Downloads/bearing_complete/GOOD_20241015_143618.jpg
2488,20241015,143721,GOOD,/home/kaizen-ai/Desktop/thrust_bearing_app/python-backend/Downloads/bearing_complete/GOOD_20241015_143721.jpg
2489,20241015,143812,GOOD,/home/kaizen-ai/Desktop/thrust_bearing_app/python-backend/Downloads/bearing_complete/GOOD_20241015_143812.jpg
2490,20241015,143929,GOOD,/home/kaizen-ai/Desktop/thrust_bearing_app/python-backend/Downloads/bearing_complete/GOOD_20241015_143929.jpg
2491,20241015,144033,GOOD,/home/kaizen-ai/Desktop/thrust_bearing_app/python-backend/Downloads/bearing_complete/GOOD_20241015_144033.jpg
2492,20241015,144137,GOOD,/home/kaizen-ai/Desktop/thrust_bearing_app/python-backend/Downloads/bearing_complete/GOOD_20241015_144137.jpg
2493,20241015,144230,GOOD,/home/kaizen-ai/Desktop/thrust_bearing_app/python-backend/Downloads/bearing_complete/GOOD_20241015_144230.jpg
2494,20241015,144327,GOOD,/home/kaizen-ai/Desktop/thrust_bearing_app/python-backend/Downloads/bearing_complete/GOOD_20241015_144327.jpg
2495,20241015,144421,GOOD,/home/kaizen-ai/Desktop/thrust_bearing_app/python-backend/Downloads/bearing_complete/GOOD_20241015_144421.jpg
2496,20241015,144513,GOOD,/home/kaizen-ai/Desktop/thrust_bearing_app/python-backend/Downloads/bearing_complete/GOOD_20241015_144513.jpg
2497,20241015,144601,GOOD,/home/kaizen-ai/Desktop/thrust_bearing_app/python-backend/Downloads/bearing_complete/GOOD_20241015_144601.jpg
2498,20241015,144650,GOOD,/home/kaizen-ai/Desktop/thrust_bearing_app/python-backend/Downloads/bearing_complete/GOOD_20241015_144650.jpg
2499,20241015,144756,GOOD,/home/kaizen-ai/Desktop/thrust_bearing_app/python-backend/Downloads/bearing_complete/GOOD_20241015_144756.jpg
2500,20241015,144848,GOOD,/home/kaizen-ai/Desktop/thrust_bearing_app/python-backend/Downloads/bearing_complete/GOOD_20241015_144848.jpg
2501,20241015,144946,GOOD,/home/kaizen-ai/Desktop/thrust_bearing_app/python-backend/Downloads/bearing_complete/GOOD_20241015_144946.jpg
2502,20241015,145047,GOOD,/home/kaizen-ai/Desktop/thrust_bearing_app/python-backend/Downloads/bearing_complete/GOOD_20241015_145047.jpg
2503,20241015,145135,GOOD,/home/kaizen-ai/Desktop/thrust_bearing_app/python-backend/Downloads/bearing_complete/GOOD_20241015_145135.jpg
2504,20241015,145250,GOOD,/home/kaizen-ai/Desktop/thrust_bearing_app/python-backend/Downloads/bearing_complete/GOOD_20241015_145250.jpg
2505,20241015,145352,GOOD,/home/kaizen-ai/Desktop/thrust_bearing_app/python-backend/Downloads/bearing_complete/GOOD_20241015_145352.jpg
2506,20241015,145500,GOOD,/home/kaizen-ai/Desktop/thrust_bearing_app/python-backend/Downloads/bearing_complete/GOOD_20241015_145500.jpg
2507,20241015,145620,GOOD,/home/kaizen-ai/Desktop/thrust_bearing_app/python-backend/Downloads/bearing_complete/GOOD_20241015_145620.jpg
2508,20241015,145743,GOOD,/home/kaizen-ai/Desktop/thrust_bearing_app/python-backend/Downloads/bearing_complete/GOOD_20241015_145743.jpg
2509,20241015,145952,GOOD,/home/kaizen-ai/Desktop/thrust_bearing_app/python-backend/Downloads/bearing_complete/GOOD_20241015_145952.jpg
2510,20241015,150054,GOOD,/home/kaizen-ai/Desktop/thrust_bearing_app/python-backend/Downloads/bearing_complete/GOOD_20241015_150054.jpg
2511,20241015,150217,GOOD,/home/kaizen-ai/Desktop/thrust_bearing_app/python-backend/Downloads/bearing_complete/GOOD_20241015_150217.jpg
2512,20241015,150335,GOOD,/home/kaizen-ai/Desktop/thrust_bearing_app/python-backend/Downloads/bearing_complete/GOOD_20241015_150335.jpg
2513,20241015,150449,GOOD,/home/kaizen-ai/Desktop/thrust_bearing_app/python-backend/Downloads/bearing_complete/GOOD_20241015_150449.jpg
2514,20241015,150550,GOOD,/home/kaizen-ai/Desktop/thrust_bearing_app/python-backend/Downloads/bearing_complete/GOOD_20241015_150550.jpg
2515,20241015,150653,GOOD,/home/kaizen-ai/Desktop/thrust_bearing_app/python-backend/Downloads/bearing_complete/GOOD_20241015_150653.jpg
2516,20241015,150813,GOOD,/home/kaizen-ai/Desktop/thrust_bearing_app/python-backend/Downloads/bearing_complete/GOOD_20241015_150813.jpg
2517,20241015,150911,GOOD,/home/kaizen-ai/Desktop/thrust_bearing_app/python-backend/Downloads/bearing_complete/GOOD_20241015_150911.jpg
2518,20241015,151009,GOOD,/home/kaizen-ai/Desktop/thrust_bearing_app/python-backend/Downloads/bearing_complete/GOOD_20241015_151009.jpg
2519,20241015,151116,GOOD,/home/kaizen-ai/Desktop/thrust_bearing_app/python-backend/Downloads/bearing_complete/GOOD_20241015_151116.jpg
2520,20241015,151235,GOOD,/home/kaizen-ai/Desktop/thrust_bearing_app/python-backend/Downloads/bearing_complete/GOOD_20241015_151235.jpg
2521,20241015,151326,GOOD,/home/kaizen-ai/Desktop/thrust_bearing_app/python-backend/Downloads/bearing_complete/GOOD_20241015_151326.jpg
2522,20241015,151457,GOOD,/home/kaizen-ai/Desktop/thrust_bearing_app/python-backend/Downloads/bearing_complete/GOOD_20241015_151457.jpg
2523,20241015,151554,GOOD,/home/kaizen-ai/Desktop/thrust_bearing_app/python-backend/Downloads/bearing_complete/GOOD_20241015_151554.jpg
2524,20241015,151654,GOOD,/home/kaizen-ai/Desktop/thrust_bearing_app/python-backend/Downloads/bearing_complete/GOOD_20241015_151654.jpg
2525,20241015,151811,GOOD,/home/kaizen-ai/Desktop/thrust_bearing_app/python-backend/Downloads/bearing_complete/GOOD_20241015_151811.jpg
2526,20241015,151917,GOOD,/home/kaizen-ai/Desktop/thrust_bearing_app/python-backend/Downloads/bearing_complete/GOOD_20241015_151917.jpg
2527,20241015,152028,GOOD,/home/kaizen-ai/Desktop/thrust_bearing_app/python-backend/Downloads/bearing_complete/GOOD_20241015_152028.jpg
2528,20241015,152141,GOOD,/home/kaizen-ai/Desktop/thrust_bearing_app/python-backend/Downloads/bearing_complete/GOOD_20241015_152141.jpg
2529,20241015,152232,GOOD,/home/kaizen-ai/Desktop/thrust_bearing_app/python-backend/Downloads/bearing_complete/GOOD_20241015_152232.jpg
2530,20241015,152335,GOOD,/home/kaizen-ai/Desktop/thrust_bearing_app/python-backend/Downloads/bearing_complete/GOOD_20241015_152335.jpg
2531,20241015,152429,GOOD,/home/kaizen-ai/Desktop/thrust_bearing_app/python-backend/Downloads/bearing_complete/GOOD_20241015_152429.jpg
2532,20241015,152529,GOOD,/home/kaizen-ai/Desktop/thrust_bearing_app/python-backend/Downloads/bearing_complete/GOOD_20241015_152529.jpg
2533,20241015,152621,GOOD,/home/kaizen-ai/Desktop/thrust_bearing_app/python-backend/Downloads/bearing_complete/GOOD_20241015_152621.jpg
2534,20241015,152735,GOOD,/home/kaizen-ai/Desktop/thrust_bearing_app/python-backend/Downloads/bearing_complete/GOOD_20241015_152735.jpg
2535,20241015,152837,GOOD,/home/kaizen-ai/Desktop/thrust_bearing_app/python-backend/Downloads/bearing_complete/GOOD_20241015_152837.jpg
2536,20241015,152946,GOOD,/home/kaizen-ai/Desktop/thrust_bearing_app/python-backend/Downloads/bearing_complete/GOOD_20241015_152946.jpg
2537,20241015,153120,GOOD,/home/kaizen-ai/Desktop/thrust_bearing_app/python-backend/Downloads/bearing_complete/GOOD_20241015_153120.jpg
2538,20241015,153235,GOOD,/home/kaizen-ai/Desktop/thrust_bearing_app/python-backend/Downloads/bearing_complete/GOOD_20241015_153235.jpg
2539,20241015,153338,GOOD,/home/kaizen-ai/Desktop/thrust_bearing_app/python-backend/Downloads/bearing_complete/GOOD_20241015_153338.jpg
2540,20241015,153437,GOOD,/home/kaizen-ai/Desktop/thrust_bearing_app/python-backend/Downloads/bearing_complete/GOOD_20241015_153437.jpg
2541,20241015,153538,GOOD,/home/kaizen-ai/Desktop/thrust_bearing_app/python-backend/Downloads/bearing_complete/GOOD_20241015_153538.jpg
2542,20241015,153641,GOOD,/home/kaizen-ai/Desktop/thrust_bearing_app/python-backend/Downloads/bearing_complete/GOOD_20241015_153641.jpg
