                  epoch,         train/box_loss,         train/cls_loss,         train/dfl_loss,   metrics/precision(B),      metrics/recall(B),       metrics/mAP50(B),    metrics/mAP50-95(B),           val/box_loss,           val/cls_loss,           val/dfl_loss,                 lr/pg0,                 lr/pg1,                 lr/pg2
                      1,                 4.1194,                 5.4295,                 3.1486,                0.54937,                0.71641,                0.69654,                0.31447,                 2.0363,                 1.6886,                 1.7074,              0.0033121,              0.0033121,              0.0033121
                      2,                 1.7592,                 1.5977,                 1.4255,                0.96521,                0.97633,                0.98946,                0.60326,                 1.4119,                 0.9014,                 1.2606,              0.0066389,              0.0066389,              0.0066389
                      3,                 1.5534,                 1.2337,                 1.2146,                0.99203,                      1,                0.99493,                 0.5491,                 1.5322,                 1.0045,                 1.2779,               0.009959,               0.009959,               0.009959
                      4,                 1.3751,                0.96703,                 1.1016,                0.99891,                      1,                  0.995,                0.61521,                 1.4087,                0.72071,                 1.1515,              0.0099703,              0.0099703,              0.0099703
                      5,                 1.2447,                0.76318,                 1.0328,                0.99875,                      1,                  0.995,                0.68884,                 1.1197,                0.62312,                 1.0459,              0.0099604,              0.0099604,              0.0099604
                      6,                  1.155,                0.67504,                 1.0014,                0.99872,                      1,                  0.995,                0.72159,                 1.0616,                0.52554,                 1.0127,              0.0099505,              0.0099505,              0.0099505
                      7,                 1.1019,                0.61755,                0.98131,                0.99848,                      1,                  0.995,                0.72087,                 1.0331,                0.50694,                0.99412,              0.0099406,              0.0099406,              0.0099406
                      8,                 1.0737,                 0.5643,                0.97233,                0.99875,                      1,                  0.995,                0.71656,                 1.0279,                 0.4925,                 1.0005,              0.0099307,              0.0099307,              0.0099307
                      9,                 1.0463,                0.53738,                0.96679,                0.99866,                      1,                  0.995,                0.72012,                 1.0245,                 0.4731,                 1.0002,              0.0099208,              0.0099208,              0.0099208
                     10,                 1.0209,                 0.5224,                0.95781,                0.99928,                      1,                  0.995,                0.74851,                0.99193,                0.46688,                0.99447,              0.0099109,              0.0099109,              0.0099109
                     11,                 1.0186,                0.50407,                0.95385,                0.99867,                      1,                  0.995,                0.74073,                 1.0182,                0.44783,                0.98182,               0.009901,               0.009901,               0.009901
                     12,                0.99607,                0.49027,                0.95268,                0.99883,                      1,                  0.995,                0.75205,                  1.007,                0.44619,                0.98095,              0.0098911,              0.0098911,              0.0098911
                     13,                0.99269,                0.48217,                0.94927,                0.99902,                      1,                  0.995,                0.75535,                0.95065,                0.42859,                0.97427,              0.0098812,              0.0098812,              0.0098812
                     14,                0.97743,                0.47886,                0.94255,                0.99885,                      1,                  0.995,                0.75776,                0.94583,                0.40184,                0.97791,              0.0098713,              0.0098713,              0.0098713
                     15,                0.96889,                0.46113,                0.94094,                0.99872,                      1,                  0.995,                 0.7569,                 0.9139,                0.40004,                0.95993,              0.0098614,              0.0098614,              0.0098614
                     16,                0.95567,                0.45603,                 0.9354,                0.99925,                      1,                  0.995,                0.75711,                0.92976,                0.38715,                0.96683,              0.0098515,              0.0098515,              0.0098515
                     17,                0.95604,                0.45545,                0.93989,                0.99918,                      1,                  0.995,                0.76383,                0.92577,                0.38333,                0.96908,              0.0098416,              0.0098416,              0.0098416
                     18,                0.94453,                0.45204,                0.93043,                0.99907,                      1,                  0.995,                0.75399,                0.93743,                0.38864,                0.96828,              0.0098317,              0.0098317,              0.0098317
                     19,                 0.9485,                0.44441,                0.93414,                0.99885,                      1,                  0.995,                 0.7689,                0.91249,                0.39156,                0.96411,              0.0098218,              0.0098218,              0.0098218
                     20,                0.94378,                0.44516,                 0.9309,                0.99936,                      1,                  0.995,                0.75944,                0.92756,                0.37829,                0.97329,              0.0098119,              0.0098119,              0.0098119
                     21,                0.93307,                0.43369,                0.92698,                0.99933,                      1,                  0.995,                 0.7629,                 0.9328,                0.37775,                0.97191,               0.009802,               0.009802,               0.009802
                     22,                0.92743,                0.43181,                0.92703,                0.99935,                      1,                  0.995,                0.75959,                0.96455,                0.36662,                0.98626,              0.0097921,              0.0097921,              0.0097921
                     23,                0.91562,                0.42819,                0.92935,                0.99907,                      1,                  0.995,                 0.7637,                0.91827,                0.37516,                0.96831,              0.0097822,              0.0097822,              0.0097822
                     24,                0.91482,                0.42533,                0.92382,                0.99932,                      1,                  0.995,                0.77198,                0.93704,                0.37012,                0.96661,              0.0097723,              0.0097723,              0.0097723
                     25,                0.91365,                0.41768,                0.92176,                0.99902,                      1,                  0.995,                0.77614,                 0.9299,                0.37348,                0.96637,              0.0097624,              0.0097624,              0.0097624
                     26,                0.92081,                0.42016,                0.92399,                0.99906,                      1,                  0.995,                 0.7613,                0.93633,                0.36287,                0.96515,              0.0097525,              0.0097525,              0.0097525
                     27,                0.90085,                0.41631,                0.92212,                0.99929,                      1,                  0.995,                0.77762,                0.90946,                0.35921,                0.95249,              0.0097426,              0.0097426,              0.0097426
                     28,                0.91637,                0.41435,                0.92077,                 0.9991,                      1,                  0.995,                0.78058,                0.92107,                0.36484,                 0.9678,              0.0097327,              0.0097327,              0.0097327
                     29,                0.90555,                0.41073,                0.92319,                0.99935,                      1,                  0.995,                0.76846,                0.92397,                0.34948,                0.97135,              0.0097228,              0.0097228,              0.0097228
                     30,                0.90596,                0.40788,                0.91949,                0.99918,                      1,                  0.995,                0.77822,                0.88908,                0.34192,                0.95994,              0.0097129,              0.0097129,              0.0097129
                     31,                0.90333,                0.40919,                0.92164,                0.99921,                      1,                  0.995,                0.76598,                  0.923,                0.34792,                0.96084,               0.009703,               0.009703,               0.009703
                     32,                0.90561,                0.40538,                0.92143,                0.99917,                      1,                  0.995,                0.78548,                0.88758,                0.33678,                0.95901,              0.0096931,              0.0096931,              0.0096931
                     33,                 0.8972,                0.40368,                0.91739,                0.99898,                      1,                  0.995,                0.78428,                0.89877,                0.35818,                0.95762,              0.0096832,              0.0096832,              0.0096832
                     34,                0.90093,                0.40353,                0.91997,                0.99916,                      1,                  0.995,                0.78624,                0.87361,                0.33428,                0.94543,              0.0096733,              0.0096733,              0.0096733
                     35,                0.88915,                0.40241,                0.91721,                0.99931,                      1,                  0.995,                0.77151,                0.92835,                0.35405,                0.95792,              0.0096634,              0.0096634,              0.0096634
                     36,                0.89074,                0.39721,                0.91601,                0.99923,                      1,                  0.995,                0.76395,                0.91859,                0.35184,                0.96314,              0.0096535,              0.0096535,              0.0096535
                     37,                   0.88,                0.40008,                0.91997,                0.99931,                      1,                  0.995,                0.75766,                0.92387,                0.34724,                0.97408,              0.0096436,              0.0096436,              0.0096436
                     38,                0.88243,                0.39672,                0.91539,                0.99922,                      1,                  0.995,                0.77462,                0.91121,                0.34069,                0.96128,              0.0096337,              0.0096337,              0.0096337
                     39,                  0.882,                0.39267,                0.91872,                0.99906,                      1,                  0.995,                0.77985,                0.87801,                0.33075,                0.95188,              0.0096238,              0.0096238,              0.0096238
                     40,                0.87996,                0.39067,                0.91727,                0.99928,                      1,                  0.995,                0.78464,                0.88001,                0.32553,                0.95216,              0.0096139,              0.0096139,              0.0096139
                     41,                  0.879,                0.39133,                0.91823,                0.99936,                      1,                  0.995,                0.78403,                0.90099,                 0.3459,                0.95692,               0.009604,               0.009604,               0.009604
                     42,                0.86926,                0.38557,                0.91304,                0.99928,                      1,                  0.995,                0.77569,                0.90511,                0.33407,                0.96384,              0.0095941,              0.0095941,              0.0095941
                     43,                0.87469,                0.38713,                0.91374,                0.99904,                      1,                  0.995,                0.78353,                0.91306,                0.33797,                0.95131,              0.0095842,              0.0095842,              0.0095842
                     44,                0.88997,                 0.3927,                0.91997,                0.99921,                      1,                  0.995,                0.76627,                0.90517,                0.34089,                0.95053,              0.0095743,              0.0095743,              0.0095743
                     45,                0.87765,                0.38752,                 0.9143,                0.99913,                      1,                  0.995,                0.77693,                0.91612,                0.33784,                 0.9597,              0.0095644,              0.0095644,              0.0095644
                     46,                 0.8651,                0.38528,                0.91051,                0.99933,                      1,                  0.995,                0.78286,                0.91531,                0.33138,                0.96554,              0.0095545,              0.0095545,              0.0095545
                     47,                0.87679,                0.38398,                 0.9144,                0.99935,                      1,                  0.995,                0.77577,                0.91239,                0.32951,                0.97184,              0.0095446,              0.0095446,              0.0095446
                     48,                0.86837,                0.37851,                0.91492,                0.99936,                      1,                  0.995,                0.78526,                0.88384,                0.32891,                0.95065,              0.0095347,              0.0095347,              0.0095347
                     49,                0.87097,                0.38315,                0.91492,                0.99938,                      1,                  0.995,                0.78047,                0.90913,                0.33048,                0.95634,              0.0095248,              0.0095248,              0.0095248
                     50,                0.86857,                0.38281,                0.91339,                0.99918,                      1,                  0.995,                0.79496,                0.88232,                0.31551,                 0.9509,              0.0095149,              0.0095149,              0.0095149
                     51,                0.85874,                 0.3814,                0.91171,                0.99935,                      1,                  0.995,                0.79878,                0.88658,                0.32788,                0.95402,               0.009505,               0.009505,               0.009505
                     52,                0.87106,                0.37787,                0.91645,                0.99925,                      1,                  0.995,                0.77883,                0.91455,                0.32227,                0.96581,              0.0094951,              0.0094951,              0.0094951
                     53,                0.86299,                0.38449,                0.91131,                0.99933,                      1,                  0.995,                0.77951,                0.89153,                0.32124,                0.95249,              0.0094852,              0.0094852,              0.0094852
                     54,                0.86198,                0.37895,                0.90849,                0.99911,                      1,                  0.995,                0.78107,                0.89201,                 0.3231,                0.95419,              0.0094753,              0.0094753,              0.0094753
                     55,                 0.8675,                0.38078,                0.90912,                0.99938,                      1,                  0.995,                0.77603,                 0.9051,                0.31742,                0.95744,              0.0094654,              0.0094654,              0.0094654
                     56,                0.86678,                0.37419,                0.91634,                0.99916,                      1,                  0.995,                0.77496,                0.88948,                0.31558,                0.95641,              0.0094555,              0.0094555,              0.0094555
                     57,                0.85256,                0.37234,                0.91418,                0.99932,                      1,                  0.995,                0.78825,                0.90483,                0.31436,                 0.9646,              0.0094456,              0.0094456,              0.0094456
                     58,                 0.8476,                0.37058,                0.91123,                0.99928,                      1,                  0.995,                0.78977,                0.89706,                0.32415,                0.94932,              0.0094357,              0.0094357,              0.0094357
                     59,                0.85721,                0.37305,                0.90916,                0.99929,                      1,                  0.995,                0.78305,                0.90225,                0.32766,                 0.9607,              0.0094258,              0.0094258,              0.0094258
                     60,                0.86603,                0.38173,                0.91254,                0.99915,                      1,                  0.995,                0.77307,                0.90477,                 0.3225,                0.96453,              0.0094159,              0.0094159,              0.0094159
                     61,                0.84773,                  0.371,                0.90557,                0.99932,                      1,                  0.995,                0.80005,                0.84423,                0.30442,                 0.9346,               0.009406,               0.009406,               0.009406
                     62,                0.85177,                0.37285,                0.90389,                0.99929,                      1,                  0.995,                0.78478,                0.87362,                0.32511,                 0.9453,              0.0093961,              0.0093961,              0.0093961
                     63,                0.85729,                0.37461,                0.91478,                0.99912,                      1,                  0.995,                0.78573,                0.86585,                0.31529,                0.94397,              0.0093862,              0.0093862,              0.0093862
                     64,                 0.8571,                0.37499,                0.91118,                0.99892,                      1,                  0.995,                0.78752,                0.87652,                0.31628,                0.94603,              0.0093763,              0.0093763,              0.0093763
                     65,                0.85478,                0.37214,                0.90941,                0.99923,                      1,                  0.995,                0.78936,                0.89102,                0.31785,                0.95778,              0.0093664,              0.0093664,              0.0093664
                     66,                0.84656,                0.37418,                0.90891,                0.99923,                      1,                  0.995,                0.78045,                 0.8914,                0.31953,                 0.9478,              0.0093565,              0.0093565,              0.0093565
                     67,                0.85641,                0.37341,                0.90901,                0.99935,                      1,                  0.995,                 0.7785,                0.90914,                0.32574,                0.95846,              0.0093466,              0.0093466,              0.0093466
                     68,                0.85362,                0.36967,                0.90961,                0.99916,                      1,                  0.995,                0.78873,                0.87074,                0.31476,                0.94879,              0.0093367,              0.0093367,              0.0093367
                     69,                0.84107,                 0.3649,                0.90548,                0.99926,                      1,                  0.995,                0.77781,                0.88638,                0.33788,                0.94788,              0.0093268,              0.0093268,              0.0093268
                     70,                0.84329,                 0.3697,                0.90614,                0.99926,                      1,                  0.995,                0.80737,                0.86156,                0.31118,                0.94191,              0.0093169,              0.0093169,              0.0093169
                     71,                0.84666,                0.37096,                0.90679,                 0.9991,                      1,                  0.995,                0.78093,                0.90624,                0.31359,                0.96157,               0.009307,               0.009307,               0.009307
                     72,                0.83866,                0.36416,                0.90517,                0.99927,                      1,                  0.995,                  0.785,                0.89009,                0.31644,                0.96636,              0.0092971,              0.0092971,              0.0092971
                     73,                 0.8371,                0.36332,                0.90372,                0.99928,                      1,                  0.995,                0.79547,                 0.8762,                0.31646,                0.94872,              0.0092872,              0.0092872,              0.0092872
                     74,                  0.845,                0.36774,                0.90647,                0.99921,                      1,                  0.995,                0.79159,                0.87342,                 0.3044,                0.94938,              0.0092773,              0.0092773,              0.0092773
                     75,                0.83987,                0.36349,                0.90666,                0.99913,                      1,                  0.995,                0.78478,                0.88544,                0.30867,                0.95691,              0.0092674,              0.0092674,              0.0092674
                     76,                0.84814,                0.36724,                0.91255,                0.99926,                      1,                  0.995,                0.78669,                0.87773,                0.30613,                0.95071,              0.0092575,              0.0092575,              0.0092575
                     77,                0.84655,                0.36711,                0.90684,                0.99926,                      1,                  0.995,                0.78453,                0.86639,                0.30624,                0.94749,              0.0092476,              0.0092476,              0.0092476
                     78,                0.83753,                0.36515,                 0.9047,                0.99933,                      1,                  0.995,                0.79389,                0.85797,                0.30599,                0.94811,              0.0092377,              0.0092377,              0.0092377
                     79,                0.84459,                0.36545,                0.90582,                0.99935,                      1,                  0.995,                0.79558,                0.87185,                0.30779,                0.95207,              0.0092278,              0.0092278,              0.0092278
                     80,                0.84677,                0.36184,                0.90988,                0.99932,                      1,                  0.995,                0.80684,                0.85671,                0.30439,                0.93945,              0.0092179,              0.0092179,              0.0092179
                     81,                0.83723,                0.36727,                0.90728,                0.99904,                      1,                  0.995,                0.79658,                0.87144,                0.30232,                0.95238,               0.009208,               0.009208,               0.009208
                     82,                 0.8369,                0.36128,                 0.9084,                0.99928,                      1,                  0.995,                0.78337,                0.87064,                0.30888,                0.94618,              0.0091981,              0.0091981,              0.0091981
                     83,                0.83315,                0.36038,                 0.9025,                0.99925,                      1,                  0.995,                0.79304,                0.87727,                0.31552,                0.95275,              0.0091882,              0.0091882,              0.0091882
                     84,                0.84689,                0.36406,                0.90666,                0.99934,                      1,                  0.995,                0.79034,                0.85657,                0.30822,                0.93914,              0.0091783,              0.0091783,              0.0091783
                     85,                0.83173,                0.35707,                0.90165,                0.99925,                      1,                  0.995,                0.79458,                0.86215,                0.29974,                0.94081,              0.0091684,              0.0091684,              0.0091684
                     86,                0.83091,                0.35797,                0.90403,                0.99921,                      1,                  0.995,                0.79239,                 0.8469,                0.29702,                0.94064,              0.0091585,              0.0091585,              0.0091585
                     87,                0.83034,                0.35641,                0.90671,                0.99937,                      1,                  0.995,                 0.7997,                0.85405,                0.30286,                 0.9381,              0.0091486,              0.0091486,              0.0091486
                     88,                0.83276,                0.35915,                0.90521,                0.99933,                      1,                  0.995,                0.79319,                0.86275,                0.30032,                0.94642,              0.0091387,              0.0091387,              0.0091387
                     89,                0.83575,                 0.3618,                0.90242,                0.99936,                      1,                  0.995,                0.80484,                0.84375,                0.29341,                0.93794,              0.0091288,              0.0091288,              0.0091288
                     90,                0.82718,                0.35667,                0.90065,                0.99924,                      1,                  0.995,                0.80225,                0.85541,                0.30084,                0.94474,              0.0091189,              0.0091189,              0.0091189
                     91,                0.83027,                0.36046,                 0.9041,                0.99912,                      1,                  0.995,                0.79554,                0.86836,                0.30093,                0.94609,               0.009109,               0.009109,               0.009109
                     92,                0.82856,                0.35403,                0.90468,                0.99933,                      1,                  0.995,                0.80297,                0.85563,                0.30147,                 0.9436,              0.0090991,              0.0090991,              0.0090991
                     93,                0.82445,                0.35499,                0.90232,                0.99913,                      1,                  0.995,                0.78201,                0.87456,                0.29856,                0.94637,              0.0090892,              0.0090892,              0.0090892
                     94,                0.82769,                0.35382,                0.90448,                0.99938,                      1,                  0.995,                0.79947,                0.85637,                0.30135,                0.93783,              0.0090793,              0.0090793,              0.0090793
                     95,                0.82414,                 0.3579,                0.90576,                0.99935,                      1,                  0.995,                 0.7895,                0.85989,                0.30315,                0.94256,              0.0090694,              0.0090694,              0.0090694
                     96,                 0.8296,                 0.3537,                0.90407,                0.99935,                      1,                  0.995,                0.80438,                0.85172,                0.29754,                0.94653,              0.0090595,              0.0090595,              0.0090595
                     97,                0.82841,                0.35327,                0.90221,                0.99909,                      1,                  0.995,                 0.7965,                0.85372,                0.30262,                0.94271,              0.0090496,              0.0090496,              0.0090496
                     98,                0.81959,                0.35674,                0.89766,                0.99926,                      1,                  0.995,                0.80493,                0.86095,                0.29969,                0.95105,              0.0090397,              0.0090397,              0.0090397
                     99,                0.82919,                  0.354,                0.90251,                 0.9993,                      1,                  0.995,                  0.796,                 0.8519,                0.30137,                0.94491,              0.0090298,              0.0090298,              0.0090298
                    100,                0.82468,                 0.3537,                0.89805,                0.99952,                      1,                  0.995,                0.80455,                0.86304,                0.30087,                0.94544,              0.0090199,              0.0090199,              0.0090199
                    101,                0.82356,                  0.353,                0.90125,                0.99927,                      1,                  0.995,                0.80878,                0.85146,                0.30081,                0.94261,                0.00901,                0.00901,                0.00901
                    102,                0.82885,                0.35331,                0.90571,                0.99915,                      1,                  0.995,                0.78899,                0.87088,                0.29806,                0.95091,              0.0090001,              0.0090001,              0.0090001
                    103,                0.81478,                0.35109,                0.89835,                0.99939,                      1,                  0.995,                0.79687,                0.85297,                0.29654,                0.94808,              0.0089902,              0.0089902,              0.0089902
                    104,                0.81868,                 0.3516,                0.89955,                0.99923,                      1,                  0.995,                0.79802,                0.85774,                0.29715,                0.94484,              0.0089803,              0.0089803,              0.0089803
                    105,                0.82267,                0.35306,                0.89972,                0.99937,                      1,                  0.995,                0.79727,                0.85422,                0.30026,                0.94231,              0.0089704,              0.0089704,              0.0089704
                    106,                0.81753,                0.35036,                0.89818,                0.99878,                      1,                  0.995,                0.79698,                0.86395,                0.29725,                0.94942,              0.0089605,              0.0089605,              0.0089605
                    107,                0.81191,                0.34783,                0.89709,                0.99938,                      1,                  0.995,                0.79992,                0.84641,                0.29818,                0.94168,              0.0089506,              0.0089506,              0.0089506
                    108,                0.81299,                0.35159,                 0.9013,                0.99922,                      1,                  0.995,                 0.7986,                0.85366,                0.29751,                0.94296,              0.0089407,              0.0089407,              0.0089407
                    109,                0.81095,                0.34456,                 0.9019,                0.99931,                      1,                  0.995,                0.78801,                0.85478,                0.29549,                0.94023,              0.0089308,              0.0089308,              0.0089308
                    110,                0.81376,                0.35022,                0.90229,                0.99932,                      1,                  0.995,                0.80287,                0.85628,                0.30527,                0.94964,              0.0089209,              0.0089209,              0.0089209
                    111,                0.82576,                0.35325,                0.90222,                0.99933,                      1,                  0.995,                0.81048,                0.83316,                0.29235,                0.93607,               0.008911,               0.008911,               0.008911
                    112,                0.81172,                0.34669,                0.89922,                0.99938,                      1,                  0.995,                0.80646,                0.83762,                  0.293,                0.94094,              0.0089011,              0.0089011,              0.0089011
                    113,                0.82375,                0.35136,                0.89688,                0.99927,                      1,                  0.995,                0.79336,                 0.8366,                0.29811,                0.93784,              0.0088912,              0.0088912,              0.0088912
                    114,                0.81384,                0.34647,                0.90008,                0.99926,                      1,                  0.995,                0.80724,                0.82092,                0.29059,                0.93109,              0.0088813,              0.0088813,              0.0088813
                    115,                0.81717,                 0.3517,                0.90234,                0.99906,                      1,                  0.995,                 0.8108,                0.83363,                 0.2968,                 0.9366,              0.0088714,              0.0088714,              0.0088714
                    116,                 0.8123,                0.34998,                0.89918,                0.99921,                      1,                  0.995,                0.80756,                0.83648,                0.29411,                0.93847,              0.0088615,              0.0088615,              0.0088615
                    117,                0.81307,                0.34802,                0.90043,                 0.9994,                      1,                  0.995,                0.80396,                0.83371,                0.29031,                0.93524,              0.0088516,              0.0088516,              0.0088516
                    118,                0.80615,                0.34783,                0.89608,                0.99937,                      1,                  0.995,                0.80749,                0.83438,                0.28985,                0.93452,              0.0088417,              0.0088417,              0.0088417
                    119,                0.80471,                0.34425,                0.89242,                0.99931,                      1,                  0.995,                0.80035,                0.84341,                0.28888,                0.94044,              0.0088318,              0.0088318,              0.0088318
                    120,                0.80414,                0.34488,                0.90054,                 0.9994,                      1,                  0.995,                0.79928,                0.84167,                0.28967,                0.93861,              0.0088219,              0.0088219,              0.0088219
                    121,                0.81193,                0.34628,                 0.9019,                0.99937,                      1,                  0.995,                0.80045,                 0.8597,                0.29318,                0.94744,               0.008812,               0.008812,               0.008812
                    122,                 0.8052,                0.34643,                0.90002,                0.99924,                      1,                  0.995,                 0.8054,                0.85439,                0.29659,                0.93973,              0.0088021,              0.0088021,              0.0088021
                    123,                 0.8087,                0.34445,                0.89972,                0.99973,                      1,                  0.995,                0.80737,                 0.8472,                0.29185,                0.94233,              0.0087922,              0.0087922,              0.0087922
                    124,                0.80479,                 0.3456,                0.90158,                0.99938,                      1,                  0.995,                0.81895,                0.83136,                0.28753,                0.93972,              0.0087823,              0.0087823,              0.0087823
                    125,                0.80334,                0.34244,                0.89972,                0.99935,                      1,                  0.995,                 0.8039,                0.83934,                0.28892,                0.93722,              0.0087724,              0.0087724,              0.0087724
                    126,                0.80823,                0.34443,                0.89646,                0.99935,                      1,                  0.995,                0.80474,                0.83495,                0.29256,                0.93494,              0.0087625,              0.0087625,              0.0087625
                    127,                0.80847,                0.34274,                0.90153,                0.99927,                      1,                  0.995,                0.80754,                0.82859,                0.28672,                0.93414,              0.0087526,              0.0087526,              0.0087526
                    128,                0.80402,                0.34316,                0.89894,                0.99933,                      1,                  0.995,                0.80247,                0.83461,                0.28971,                0.93471,              0.0087427,              0.0087427,              0.0087427
                    129,                0.80923,                0.34303,                0.89791,                0.99924,                      1,                  0.995,                0.81416,                0.83428,                0.28741,                0.93708,              0.0087328,              0.0087328,              0.0087328
                    130,                0.80405,                0.34432,                0.89583,                0.99939,                      1,                  0.995,                0.80313,                0.83813,                0.29204,                0.93967,              0.0087229,              0.0087229,              0.0087229
                    131,                0.79987,                0.34463,                0.89581,                0.99937,                      1,                  0.995,                0.80353,                 0.8446,                0.28597,                0.93967,               0.008713,               0.008713,               0.008713
                    132,                0.78869,                0.33757,                0.89656,                0.99928,                      1,                  0.995,                0.80871,                0.82544,                0.28387,                0.93312,              0.0087031,              0.0087031,              0.0087031
                    133,                0.79916,                0.34075,                0.89767,                0.99932,                      1,                  0.995,                0.81301,                0.83163,                0.28537,                0.93696,              0.0086932,              0.0086932,              0.0086932
                    134,                0.79657,                0.34224,                0.89766,                0.99935,                      1,                  0.995,                0.81022,                0.82396,                0.29581,                0.93202,              0.0086833,              0.0086833,              0.0086833
                    135,                0.79534,                 0.3414,                0.89452,                0.99962,                      1,                  0.995,                0.81247,                0.83247,                0.28399,                0.93634,              0.0086734,              0.0086734,              0.0086734
                    136,                0.79563,                0.33706,                 0.8936,                0.99939,                      1,                  0.995,                0.81306,                0.82862,                0.28615,                0.93933,              0.0086635,              0.0086635,              0.0086635
                    137,                0.79896,                0.34111,                0.89826,                0.99938,                      1,                  0.995,                 0.8106,                0.82837,                0.28637,                0.93499,              0.0086536,              0.0086536,              0.0086536
                    138,                 0.7931,                 0.3391,                0.89523,                0.99928,                      1,                  0.995,                0.80638,                0.83232,                0.28498,                0.93873,              0.0086437,              0.0086437,              0.0086437
                    139,                0.79376,                0.33741,                0.89681,                0.99936,                      1,                  0.995,                0.80402,                0.82384,                0.28591,                0.93262,              0.0086338,              0.0086338,              0.0086338
                    140,                0.78486,                0.33346,                0.89603,                0.99933,                      1,                  0.995,                0.81276,                0.81713,                  0.283,                0.93638,              0.0086239,              0.0086239,              0.0086239
                    141,                0.80027,                0.33491,                0.89805,                0.99937,                      1,                  0.995,                0.80627,                0.83229,                0.28048,                0.93851,               0.008614,               0.008614,               0.008614
                    142,                0.79635,                0.33953,                0.89193,                 0.9993,                      1,                  0.995,                0.80897,                0.83062,                0.28524,                0.93556,              0.0086041,              0.0086041,              0.0086041
                    143,                0.79957,                0.33921,                 0.8959,                0.99929,                      1,                  0.995,                0.81529,                0.82687,                0.28579,                 0.9331,              0.0085942,              0.0085942,              0.0085942
                    144,                0.79562,                0.33899,                 0.9003,                0.99928,                      1,                  0.995,                0.81557,                0.81331,                0.28043,                0.93118,              0.0085843,              0.0085843,              0.0085843
                    145,                0.79664,                0.33634,                0.89794,                0.99931,                      1,                  0.995,                0.81591,                0.81771,                0.28296,                0.93215,              0.0085744,              0.0085744,              0.0085744
                    146,                0.79284,                0.34075,                 0.8938,                 0.9993,                      1,                  0.995,                0.81161,                0.82434,                0.28553,                0.93538,              0.0085645,              0.0085645,              0.0085645
                    147,                 0.7861,                0.33221,                0.89489,                0.99929,                      1,                  0.995,                0.80426,                0.82983,                0.28252,                 0.9342,              0.0085546,              0.0085546,              0.0085546
                    148,                0.79512,                0.33428,                0.89647,                0.99937,                      1,                  0.995,                0.80861,                0.82241,                0.28224,                0.93023,              0.0085447,              0.0085447,              0.0085447
                    149,                0.79517,                0.33755,                0.89923,                0.99924,                      1,                  0.995,                0.80821,                0.82572,                0.28151,                0.92958,              0.0085348,              0.0085348,              0.0085348
                    150,                0.78607,                0.33466,                0.89101,                0.99921,                      1,                  0.995,                0.81369,                0.83342,                0.28094,                0.93815,              0.0085249,              0.0085249,              0.0085249
                    151,                0.78337,                0.33661,                0.89206,                0.99913,                      1,                  0.995,                0.80896,                0.81761,                0.28364,                0.93259,               0.008515,               0.008515,               0.008515
                    152,                0.79047,                0.33783,                0.89478,                0.99926,                      1,                  0.995,                0.81676,                0.81725,                0.28104,                0.93077,              0.0085051,              0.0085051,              0.0085051
                    153,                0.78869,                0.33848,                 0.8975,                0.99927,                      1,                  0.995,                0.81396,                0.82156,                0.27495,                0.92823,              0.0084952,              0.0084952,              0.0084952
                    154,                0.79236,                0.33641,                0.89615,                0.99928,                      1,                  0.995,                0.81555,                0.82495,                0.28185,                0.93047,              0.0084853,              0.0084853,              0.0084853
                    155,                0.78772,                0.33574,                0.89341,                0.99926,                      1,                  0.995,                 0.8153,                0.81948,                0.28013,                0.93151,              0.0084754,              0.0084754,              0.0084754
                    156,                0.78627,                0.33683,                0.89404,                0.99924,                      1,                  0.995,                0.80709,                0.82452,                0.27674,                0.93183,              0.0084655,              0.0084655,              0.0084655
                    157,                0.79197,                0.33614,                0.89323,                0.99918,                      1,                  0.995,                0.81265,                0.82323,                 0.2812,                0.92991,              0.0084556,              0.0084556,              0.0084556
                    158,                0.78418,                0.33385,                0.89141,                 0.9993,                      1,                  0.995,                0.80952,                0.82912,                0.28319,                0.93158,              0.0084457,              0.0084457,              0.0084457
                    159,                0.78268,                0.33383,                0.89612,                0.99959,                      1,                  0.995,                0.81068,                0.82812,                0.27982,                 0.9321,              0.0084358,              0.0084358,              0.0084358
                    160,                0.78402,                0.33501,                0.89587,                0.99905,                      1,                  0.995,                0.81487,                0.81628,                0.27626,                0.92779,              0.0084259,              0.0084259,              0.0084259
                    161,                0.78809,                0.33312,                0.89341,                0.99921,                      1,                  0.995,                0.82119,                0.80915,                0.28023,                  0.924,               0.008416,               0.008416,               0.008416
                    162,                0.78714,                0.33775,                0.89382,                0.99918,                      1,                  0.995,                0.81579,                0.81102,                0.27486,                0.92697,              0.0084061,              0.0084061,              0.0084061
                    163,                0.78556,                0.33562,                0.89166,                0.99922,                      1,                  0.995,                0.81376,                0.82627,                0.28201,                0.93085,              0.0083962,              0.0083962,              0.0083962
                    164,                0.78958,                0.33363,                0.88982,                0.99933,                      1,                  0.995,                0.81218,                0.81652,                0.27778,                0.92742,              0.0083863,              0.0083863,              0.0083863
                    165,                0.77823,                0.33063,                0.89313,                0.99917,                      1,                  0.995,                0.82004,                0.81621,                 0.2809,                0.92881,              0.0083764,              0.0083764,              0.0083764
                    166,                0.78983,                0.33496,                0.89169,                0.99918,                      1,                  0.995,                0.81609,                0.82112,                0.28264,                0.93104,              0.0083665,              0.0083665,              0.0083665
                    167,                0.77475,                0.32987,                0.89408,                0.99925,                      1,                  0.995,                0.81441,                0.81666,                0.28264,                0.93006,              0.0083566,              0.0083566,              0.0083566
                    168,                0.78058,                0.33245,                0.89281,                0.99925,                      1,                  0.995,                0.81896,                0.80779,                0.27928,                0.92558,              0.0083467,              0.0083467,              0.0083467
                    169,                0.77146,                0.33124,                0.88808,                0.99911,                      1,                  0.995,                0.81824,                0.81371,                0.28125,                0.92701,              0.0083368,              0.0083368,              0.0083368
                    170,                0.78423,                0.33455,                0.89341,                 0.9992,                      1,                  0.995,                0.81863,                0.81975,                0.27788,                0.92886,              0.0083269,              0.0083269,              0.0083269
                    171,                0.77546,                0.33313,                 0.8903,                0.99922,                      1,                  0.995,                0.81685,                0.81227,                 0.2812,                0.92736,               0.008317,               0.008317,               0.008317
                    172,                0.77702,                0.33114,                 0.8927,                0.99924,                      1,                  0.995,                0.81997,                0.80738,                0.28004,                0.92722,              0.0083071,              0.0083071,              0.0083071
                    173,                0.77499,                0.32933,                 0.8922,                0.99926,                      1,                  0.995,                0.80945,                0.82473,                0.28084,                0.93215,              0.0082972,              0.0082972,              0.0082972
                    174,                 0.7711,                0.32731,                0.89055,                0.99918,                      1,                  0.995,                0.81597,                0.81998,                 0.2824,                0.92854,              0.0082873,              0.0082873,              0.0082873
                    175,                0.78045,                0.32912,                0.89126,                0.99929,                      1,                  0.995,                0.82085,                0.82619,                0.27472,                0.92944,              0.0082774,              0.0082774,              0.0082774
                    176,                0.77769,                0.32928,                 0.8918,                0.99922,                      1,                  0.995,                0.81996,                0.81599,                0.27747,                0.92628,              0.0082675,              0.0082675,              0.0082675
                    177,                0.76844,                0.32741,                0.88706,                0.99925,                      1,                  0.995,                0.82082,                0.80723,                0.27654,                0.92493,              0.0082576,              0.0082576,              0.0082576
                    178,                0.77454,                 0.3274,                0.89162,                 0.9992,                      1,                  0.995,                0.81515,                0.81498,                 0.2773,                0.92656,              0.0082477,              0.0082477,              0.0082477
                    179,                0.77359,                0.32932,                0.88899,                 0.9992,                      1,                  0.995,                0.82523,                0.80873,                0.27252,                0.92674,              0.0082378,              0.0082378,              0.0082378
                    180,                0.77244,                0.32915,                 0.8855,                0.99933,                      1,                  0.995,                0.82498,                0.81216,                0.27312,                0.92597,              0.0082279,              0.0082279,              0.0082279
                    181,                0.77528,                 0.3296,                0.89017,                0.99935,                      1,                  0.995,                0.81972,                0.82588,                0.28065,                0.92834,               0.008218,               0.008218,               0.008218
                    182,                0.77621,                0.32499,                 0.8915,                0.99927,                      1,                  0.995,                0.81867,                0.81031,                0.27624,                 0.9253,              0.0082081,              0.0082081,              0.0082081
                    183,                0.77031,                0.32466,                0.89177,                0.99936,                      1,                  0.995,                0.82001,                0.81901,                0.27561,                0.92948,              0.0081982,              0.0081982,              0.0081982
                    184,                 0.7699,                0.32692,                0.89202,                0.99939,                      1,                  0.995,                0.82695,                0.81721,                0.27389,                 0.9273,              0.0081883,              0.0081883,              0.0081883
                    185,                0.76802,                0.32918,                0.89225,                0.99934,                      1,                  0.995,                0.81918,                0.81693,                0.27136,                0.92904,              0.0081784,              0.0081784,              0.0081784
                    186,                0.76515,                0.32231,                0.88954,                0.99935,                      1,                  0.995,                0.81587,                0.81967,                0.27586,                0.92659,              0.0081685,              0.0081685,              0.0081685
                    187,                0.77303,                0.32964,                0.89421,                0.99924,                      1,                  0.995,                0.81953,                0.81597,                 0.2798,                0.92633,              0.0081586,              0.0081586,              0.0081586
                    188,                0.76335,                0.32563,                0.88924,                0.99923,                      1,                  0.995,                0.81856,                0.82264,                0.27883,                 0.9292,              0.0081487,              0.0081487,              0.0081487
                    189,                0.76715,                0.32886,                0.88955,                0.99927,                      1,                  0.995,                0.81362,                 0.8156,                 0.2762,                0.92953,              0.0081388,              0.0081388,              0.0081388
                    190,                0.77365,                0.32734,                0.88773,                0.99924,                      1,                  0.995,                0.80663,                0.81838,                0.27591,                0.92927,              0.0081289,              0.0081289,              0.0081289
                    191,                0.75747,                0.32398,                0.88617,                0.99928,                      1,                  0.995,                0.81361,                0.82061,                 0.2756,                0.93004,               0.008119,               0.008119,               0.008119
                    192,                0.76245,                0.32449,                0.88713,                 0.9993,                      1,                  0.995,                0.81994,                0.81729,                0.27734,                0.92843,              0.0081091,              0.0081091,              0.0081091
                    193,                0.76639,                0.32497,                0.88822,                0.99931,                      1,                  0.995,                0.82016,                 0.8198,                0.27479,                0.92996,              0.0080992,              0.0080992,              0.0080992
                    194,                0.75919,                0.32189,                0.88385,                0.99935,                      1,                  0.995,                0.81979,                0.82185,                0.27744,                0.92981,              0.0080893,              0.0080893,              0.0080893
                    195,                0.76023,                0.32175,                0.88886,                0.99931,                      1,                  0.995,                0.80941,                0.82091,                0.27946,                0.92837,              0.0080794,              0.0080794,              0.0080794
                    196,                0.75007,                0.31985,                0.88624,                0.99927,                      1,                  0.995,                0.81621,                0.82191,                0.28115,                 0.9282,              0.0080695,              0.0080695,              0.0080695
                    197,                0.76228,                0.32096,                0.88879,                0.99929,                      1,                  0.995,                0.81879,                0.81593,                0.27643,                0.92944,              0.0080596,              0.0080596,              0.0080596
                    198,                0.76104,                 0.3217,                0.89273,                0.99931,                      1,                  0.995,                0.81642,                0.81536,                0.27589,                0.92789,              0.0080497,              0.0080497,              0.0080497
                    199,                0.75509,                0.32258,                0.88778,                0.99931,                      1,                  0.995,                0.81876,                0.81845,                0.27578,                0.92865,              0.0080398,              0.0080398,              0.0080398
                    200,                0.76441,                0.32239,                0.89006,                0.99932,                      1,                  0.995,                0.81943,                0.82034,                0.27429,                0.92884,              0.0080299,              0.0080299,              0.0080299
                    201,                0.76314,                0.32156,                0.88742,                0.99934,                      1,                  0.995,                 0.8213,                0.81484,                0.27415,                0.92654,                0.00802,                0.00802,                0.00802
                    202,                0.75497,                 0.3197,                0.88954,                0.99933,                      1,                  0.995,                0.82335,                0.81442,                0.27277,                0.92645,              0.0080101,              0.0080101,              0.0080101
                    203,                 0.7603,                0.32221,                0.88756,                0.99929,                      1,                  0.995,                0.82442,                0.80677,                0.27514,                0.92497,              0.0080002,              0.0080002,              0.0080002
                    204,                0.75039,                 0.3226,                0.88641,                0.99932,                      1,                  0.995,                0.82344,                0.79956,                0.27335,                0.92331,              0.0079903,              0.0079903,              0.0079903
                    205,                0.75692,                0.32151,                0.88834,                0.99936,                      1,                  0.995,                0.81944,                0.80057,                0.27553,                0.92259,              0.0079804,              0.0079804,              0.0079804
                    206,                0.75577,                0.32057,                0.88824,                0.99931,                      1,                  0.995,                0.81923,                0.80967,                0.27348,                0.92302,              0.0079705,              0.0079705,              0.0079705
                    207,                0.75511,                 0.3213,                0.88775,                0.99934,                      1,                  0.995,                0.81773,                0.81439,                0.27396,                0.92462,              0.0079606,              0.0079606,              0.0079606
                    208,                0.75372,                0.32302,                0.88697,                0.99924,                      1,                  0.995,                0.82184,                  0.815,                0.27599,                0.92592,              0.0079507,              0.0079507,              0.0079507
                    209,                0.74772,                0.31913,                0.88372,                0.99929,                      1,                  0.995,                0.82332,                0.81937,                0.27586,                0.92658,              0.0079408,              0.0079408,              0.0079408
                    210,                0.75202,                 0.3214,                0.88827,                0.99938,                      1,                  0.995,                0.81779,                0.82164,                 0.2785,                 0.9283,              0.0079309,              0.0079309,              0.0079309
                    211,                0.75325,                0.31857,                0.88496,                0.99935,                      1,                  0.995,                0.81728,                0.81967,                0.27992,                0.92797,               0.007921,               0.007921,               0.007921
                    212,                0.74877,                0.32416,                0.88262,                0.99932,                      1,                  0.995,                0.82106,                0.82499,                0.27826,                0.92915,              0.0079111,              0.0079111,              0.0079111
                    213,                0.74577,                0.31867,                0.88308,                0.99938,                      1,                  0.995,                0.81957,                0.82775,                 0.2813,                0.92983,              0.0079012,              0.0079012,              0.0079012
                    214,                 0.7527,                0.32007,                0.88506,                0.99936,                      1,                  0.995,                0.81859,                0.83071,                0.27835,                 0.9307,              0.0078913,              0.0078913,              0.0078913
                    215,                0.75802,                0.32045,                0.89188,                0.99935,                      1,                  0.995,                 0.8177,                0.82903,                0.27918,                 0.9291,              0.0078814,              0.0078814,              0.0078814
                    216,                0.75539,                0.32019,                0.88715,                0.99932,                      1,                  0.995,                 0.8207,                0.82185,                0.27382,                 0.9288,              0.0078715,              0.0078715,              0.0078715
                    217,                0.74988,                0.31962,                0.88763,                0.99937,                      1,                  0.995,                0.81884,                0.82498,                0.27425,                0.93201,              0.0078616,              0.0078616,              0.0078616
                    218,                0.74448,                 0.3202,                0.88332,                0.99934,                      1,                  0.995,                0.81992,                0.82743,                0.27646,                0.93397,              0.0078517,              0.0078517,              0.0078517
                    219,                0.75483,                0.31818,                0.88547,                0.99934,                      1,                  0.995,                0.81887,                0.82327,                0.27509,                 0.9315,              0.0078418,              0.0078418,              0.0078418
                    220,                0.75071,                0.31862,                0.88664,                0.99932,                      1,                  0.995,                0.81743,                0.81952,                 0.2758,                 0.9287,              0.0078319,              0.0078319,              0.0078319
                    221,                0.74693,                0.31844,                 0.8884,                0.99936,                      1,                  0.995,                0.82366,                0.82427,                0.27218,                 0.9278,               0.007822,               0.007822,               0.007822
                    222,                0.74662,                0.32043,                 0.8855,                0.99928,                      1,                  0.995,                0.82421,                0.82522,                0.27639,                0.92972,              0.0078121,              0.0078121,              0.0078121
                    223,                0.74348,                0.31482,                0.88433,                0.99928,                      1,                  0.995,                 0.8214,                0.82573,                0.27558,                0.93093,              0.0078022,              0.0078022,              0.0078022
                    224,                0.74678,                 0.3159,                 0.8836,                0.99925,                      1,                  0.995,                0.81084,                0.82465,                 0.2734,                0.93065,              0.0077923,              0.0077923,              0.0077923
                    225,                0.73678,                0.31269,                0.88132,                0.99928,                      1,                  0.995,                 0.8181,                0.82466,                0.27556,                0.93224,              0.0077824,              0.0077824,              0.0077824
                    226,                0.74518,                0.31624,                0.88276,                0.99928,                      1,                  0.995,                0.81873,                0.82459,                0.27666,                0.93284,              0.0077725,              0.0077725,              0.0077725
                    227,                0.74167,                0.31513,                0.89054,                0.99965,                      1,                  0.995,                0.82212,                0.82411,                0.27316,                0.93205,              0.0077626,              0.0077626,              0.0077626
                    228,                0.74904,                0.31706,                0.88569,                0.99923,                      1,                  0.995,                0.82347,                0.82195,                0.27463,                0.93262,              0.0077527,              0.0077527,              0.0077527
                    229,                 0.7331,                0.31553,                0.88108,                0.99924,                      1,                  0.995,                0.82728,                0.82535,                 0.2736,                0.93157,              0.0077428,              0.0077428,              0.0077428
                    230,                0.74778,                 0.3199,                 0.8854,                0.99923,                      1,                  0.995,                0.81408,                0.82883,                  0.276,                0.93287,              0.0077329,              0.0077329,              0.0077329
                    231,                 0.7343,                0.31214,                0.88474,                0.99928,                      1,                  0.995,                0.81973,                0.82988,                0.27277,                  0.933,               0.007723,               0.007723,               0.007723
                    232,                0.72907,                0.31008,                0.87902,                 0.9993,                      1,                  0.995,                0.82176,                0.82378,                0.27546,                  0.932,              0.0077131,              0.0077131,              0.0077131
                    233,                0.73602,                0.31325,                0.88128,                0.99927,                      1,                  0.995,                0.82209,                0.82591,                0.27495,                0.93284,              0.0077032,              0.0077032,              0.0077032
                    234,                0.73337,                0.31215,                 0.8843,                0.99926,                      1,                  0.995,                0.82176,                0.82288,                0.27438,                0.93133,              0.0076933,              0.0076933,              0.0076933
                    235,                0.73401,                0.31304,                0.88209,                0.99929,                      1,                  0.995,                 0.8258,                0.82138,                 0.2731,                0.93072,              0.0076834,              0.0076834,              0.0076834
                    236,                0.73178,                0.31216,                  0.882,                0.99928,                      1,                  0.995,                0.83022,                0.81366,                0.27335,                0.92912,              0.0076735,              0.0076735,              0.0076735
                    237,                0.73606,                0.31472,                0.88574,                0.99927,                      1,                  0.995,                0.82501,                0.81688,                0.27719,                0.92924,              0.0076636,              0.0076636,              0.0076636
                    238,                0.73321,                0.31718,                0.88052,                0.99928,                      1,                  0.995,                0.82537,                0.81985,                0.27602,                0.93027,              0.0076537,              0.0076537,              0.0076537
                    239,                0.73494,                0.31196,                0.88136,                0.99972,                      1,                  0.995,                0.82737,                0.82242,                 0.2752,                0.93208,              0.0076438,              0.0076438,              0.0076438
                    240,                0.73069,                0.31194,                0.88046,                0.99971,                      1,                  0.995,                0.82321,                0.82173,                0.27408,                0.93083,              0.0076339,              0.0076339,              0.0076339
                    241,                0.73592,                0.31318,                0.88239,                0.99933,                      1,                  0.995,                0.82258,                0.82165,                0.27104,                0.93048,               0.007624,               0.007624,               0.007624
                    242,                0.73134,                0.31008,                0.87978,                0.99931,                      1,                  0.995,                 0.8209,                0.81981,                0.27125,                0.93113,              0.0076141,              0.0076141,              0.0076141
                    243,                0.72652,                 0.3121,                0.87913,                 0.9993,                      1,                  0.995,                0.82221,                0.81977,                0.27179,                 0.9323,              0.0076042,              0.0076042,              0.0076042
                    244,                0.72707,                0.31131,                0.87976,                0.99932,                      1,                  0.995,                0.82533,                0.81787,                0.27355,                0.93165,              0.0075943,              0.0075943,              0.0075943
                    245,                0.73181,                0.31089,                0.88673,                 0.9993,                      1,                  0.995,                0.82127,                0.81956,                0.27386,                0.93223,              0.0075844,              0.0075844,              0.0075844
                    246,                0.72345,                0.31149,                0.88101,                0.99931,                      1,                  0.995,                0.81926,                0.82032,                 0.2748,                0.93229,              0.0075745,              0.0075745,              0.0075745
                    247,                0.72888,                0.31132,                0.87741,                0.99933,                      1,                  0.995,                0.81896,                 0.8181,                0.26903,                0.93157,              0.0075646,              0.0075646,              0.0075646
                    248,                0.72526,                0.30849,                0.88397,                0.99934,                      1,                  0.995,                0.81564,                 0.8151,                0.27073,                0.93067,              0.0075547,              0.0075547,              0.0075547
                    249,                 0.7342,                0.31346,                 0.8791,                0.99933,                      1,                  0.995,                0.81927,                0.81338,                0.27003,                0.93028,              0.0075448,              0.0075448,              0.0075448
                    250,                0.72609,                0.30566,                0.88042,                0.99932,                      1,                  0.995,                0.82312,                0.81911,                0.26885,                0.93185,              0.0075349,              0.0075349,              0.0075349
                    251,                0.72887,                 0.3101,                 0.8797,                0.99933,                      1,                  0.995,                0.81795,                0.81805,                0.26955,                 0.9316,               0.007525,               0.007525,               0.007525
                    252,                 0.7212,                0.30982,                0.87734,                0.99932,                      1,                  0.995,                0.82106,                  0.816,                0.26723,                0.93099,              0.0075151,              0.0075151,              0.0075151
                    253,                0.72274,                0.30657,                0.88279,                0.99929,                      1,                  0.995,                0.81949,                 0.8196,                0.26828,                0.93163,              0.0075052,              0.0075052,              0.0075052
                    254,                0.71611,                0.30645,                0.87607,                0.99929,                      1,                  0.995,                0.81794,                0.81991,                0.27237,                0.93136,              0.0074953,              0.0074953,              0.0074953
                    255,                0.71827,                0.30455,                0.88108,                0.99931,                      1,                  0.995,                0.82019,                0.82028,                0.27156,                0.93135,              0.0074854,              0.0074854,              0.0074854
                    256,                0.72719,                0.30946,                0.87865,                0.99933,                      1,                  0.995,                 0.8207,                0.81959,                0.27091,                0.93071,              0.0074755,              0.0074755,              0.0074755
                    257,                0.70961,                0.30627,                0.87664,                0.99934,                      1,                  0.995,                0.82089,                0.82212,                0.26997,                0.93132,              0.0074656,              0.0074656,              0.0074656
                    258,                0.71489,                 0.3082,                0.87445,                0.99934,                      1,                  0.995,                0.81819,                0.82322,                0.27292,                0.93204,              0.0074557,              0.0074557,              0.0074557
                    259,                0.71747,                0.30854,                0.87883,                0.99934,                      1,                  0.995,                0.81768,                0.82675,                0.27356,                 0.9327,              0.0074458,              0.0074458,              0.0074458
                    260,                0.71748,                0.30867,                0.87952,                0.99934,                      1,                  0.995,                0.81681,                 0.8229,                0.27258,                0.93126,              0.0074359,              0.0074359,              0.0074359
                    261,                0.71544,                0.30876,                0.87561,                0.99932,                      1,                  0.995,                0.81717,                0.82043,                0.26754,                0.93099,               0.007426,               0.007426,               0.007426
                    262,                0.71962,                0.30772,                0.87956,                0.99931,                      1,                  0.995,                0.81581,                0.81951,                0.26821,                0.93028,              0.0074161,              0.0074161,              0.0074161
                    263,                0.71645,                0.30595,                0.87872,                 0.9993,                      1,                  0.995,                0.81921,                0.81716,                0.26753,                0.92958,              0.0074062,              0.0074062,              0.0074062
                    264,                0.71321,                0.30766,                0.87826,                 0.9993,                      1,                  0.995,                0.81875,                0.81684,                0.26652,                0.92928,              0.0073963,              0.0073963,              0.0073963
                    265,                0.71238,                0.30499,                0.87609,                0.99932,                      1,                  0.995,                0.81899,                0.81596,                0.26914,                 0.9296,              0.0073864,              0.0073864,              0.0073864
                    266,                 0.7151,                 0.3065,                0.87666,                0.99934,                      1,                  0.995,                0.81923,                0.81371,                 0.2681,                0.92799,              0.0073765,              0.0073765,              0.0073765
                    267,                0.70893,                0.30451,                0.87866,                0.99937,                      1,                  0.995,                0.82137,                 0.8165,                0.26953,                0.92841,              0.0073666,              0.0073666,              0.0073666
                    268,                0.71136,                0.30659,                 0.8818,                0.99935,                      1,                  0.995,                0.82033,                0.81316,                0.26851,                0.92836,              0.0073567,              0.0073567,              0.0073567
                    269,                0.71618,                0.30504,                0.87926,                0.99934,                      1,                  0.995,                0.82259,                0.81065,                0.26913,                0.92745,              0.0073468,              0.0073468,              0.0073468
                    270,                 0.7075,                 0.3047,                0.87402,                0.99936,                      1,                  0.995,                0.82412,                0.81372,                0.26863,                0.92801,              0.0073369,              0.0073369,              0.0073369
                    271,                0.71167,                 0.3044,                0.87774,                0.99934,                      1,                  0.995,                0.82061,                0.81694,                 0.2695,                0.92844,               0.007327,               0.007327,               0.007327
                    272,                 0.6977,                0.30069,                0.87263,                0.99934,                      1,                  0.995,                0.82053,                0.81712,                0.26997,                0.92889,              0.0073171,              0.0073171,              0.0073171
                    273,                 0.7067,                0.30529,                0.87412,                0.99934,                      1,                  0.995,                0.82096,                0.81937,                0.26809,                0.92945,              0.0073072,              0.0073072,              0.0073072
                    274,                0.70362,                0.30131,                0.87677,                0.99935,                      1,                  0.995,                0.82097,                0.81933,                0.26846,                0.92977,              0.0072973,              0.0072973,              0.0072973
                    275,                0.70332,                0.30337,                0.87529,                0.99934,                      1,                  0.995,                0.82185,                0.81571,                0.26917,                0.92879,              0.0072874,              0.0072874,              0.0072874
                    276,                0.70424,                 0.3019,                0.87396,                0.99932,                      1,                  0.995,                0.82166,                0.81947,                0.26878,                0.92924,              0.0072775,              0.0072775,              0.0072775
                    277,                0.70689,                 0.3032,                0.87497,                0.99932,                      1,                  0.995,                0.82002,                0.82021,                0.26767,                0.92981,              0.0072676,              0.0072676,              0.0072676
                    278,                0.69751,                0.30089,                0.87244,                0.99935,                      1,                  0.995,                0.81961,                  0.824,                0.26719,                0.93159,              0.0072577,              0.0072577,              0.0072577
                    279,                0.70248,                0.30205,                0.87449,                0.99936,                      1,                  0.995,                0.82063,                0.82618,                0.26884,                0.93177,              0.0072478,              0.0072478,              0.0072478
                    280,                 0.7029,                0.30239,                0.87665,                0.99937,                      1,                  0.995,                0.81635,                0.82672,                0.26974,                 0.9322,              0.0072379,              0.0072379,              0.0072379
                    281,                0.70824,                0.30436,                0.87933,                0.99938,                      1,                  0.995,                0.81599,                0.82896,                0.26997,                0.93338,               0.007228,               0.007228,               0.007228
                    282,                0.69837,                0.29758,                0.87585,                0.99936,                      1,                  0.995,                0.81521,                0.82919,                0.26992,                 0.9341,              0.0072181,              0.0072181,              0.0072181
                    283,                0.70589,                0.29894,                0.87516,                0.99934,                      1,                  0.995,                0.81444,                0.82741,                0.26951,                0.93417,              0.0072082,              0.0072082,              0.0072082
                    284,                0.69814,                0.30383,                0.87311,                0.99934,                      1,                  0.995,                0.81678,                0.82715,                0.26938,                0.93403,              0.0071983,              0.0071983,              0.0071983
                    285,                0.69955,                0.30222,                  0.875,                0.99935,                      1,                  0.995,                0.81786,                0.82491,                0.26819,                0.93389,              0.0071884,              0.0071884,              0.0071884
                    286,                0.69938,                0.30074,                0.87332,                0.99936,                      1,                  0.995,                0.81733,                0.82394,                0.27061,                0.93353,              0.0071785,              0.0071785,              0.0071785
                    287,                0.68352,                0.29882,                0.87207,                0.99933,                      1,                  0.995,                0.82124,                0.82228,                0.26968,                0.93347,              0.0071686,              0.0071686,              0.0071686
                    288,                0.69586,                0.29876,                0.87455,                0.99933,                      1,                  0.995,                0.82101,                0.82421,                0.26879,                0.93371,              0.0071587,              0.0071587,              0.0071587
                    289,                0.69206,                0.29511,                0.87543,                0.99932,                      1,                  0.995,                0.82132,                0.82225,                  0.269,                0.93233,              0.0071488,              0.0071488,              0.0071488
                    290,                0.68896,                0.29709,                 0.8726,                0.99932,                      1,                  0.995,                0.82034,                 0.8224,                 0.2707,                0.93224,              0.0071389,              0.0071389,              0.0071389
                    291,                0.67843,                0.29585,                 0.8689,                0.99932,                      1,                  0.995,                0.81952,                0.82302,                 0.2698,                0.93237,               0.007129,               0.007129,               0.007129
                    292,                0.68107,                0.29358,                0.86932,                0.99932,                      1,                  0.995,                0.82125,                0.82118,                0.26935,                0.93178,              0.0071191,              0.0071191,              0.0071191
                    293,                0.69519,                 0.2975,                 0.8741,                0.99933,                      1,                  0.995,                0.82262,                0.82275,                0.26919,                0.93177,              0.0071092,              0.0071092,              0.0071092
                    294,                0.68431,                0.29436,                0.87511,                0.99933,                      1,                  0.995,                0.81817,                0.82359,                0.26777,                0.93227,              0.0070993,              0.0070993,              0.0070993
                    295,                0.68706,                0.29763,                 0.8723,                0.99934,                      1,                  0.995,                0.82097,                0.82323,                0.27032,                0.93212,              0.0070894,              0.0070894,              0.0070894
                    296,                0.68659,                 0.2939,                0.87008,                0.99936,                      1,                  0.995,                0.82165,                0.82322,                0.27104,                0.93241,              0.0070795,              0.0070795,              0.0070795
                    297,                0.69182,                0.29435,                0.87298,                0.99974,                      1,                  0.995,                0.82303,                0.82249,                0.26846,                0.93192,              0.0070696,              0.0070696,              0.0070696
                    298,                 0.6816,                0.29403,                0.87179,                0.99935,                      1,                  0.995,                 0.8236,                0.82146,                0.26852,                0.93166,              0.0070597,              0.0070597,              0.0070597
                    299,                0.68263,                0.29582,                0.87324,                0.99936,                      1,                  0.995,                0.82234,                0.82063,                0.26901,                 0.9315,              0.0070498,              0.0070498,              0.0070498
                    300,                0.68498,                0.29696,                0.86624,                0.99938,                      1,                  0.995,                0.81959,                 0.8209,                0.26614,                 0.9316,              0.0070399,              0.0070399,              0.0070399
                    301,                0.68144,                0.29492,                0.86989,                0.99978,                      1,                  0.995,                0.82148,                0.81846,                0.26809,                0.93089,                0.00703,                0.00703,                0.00703
                    302,                0.67859,                0.29558,                0.86847,                0.99978,                      1,                  0.995,                0.82285,                0.81717,                0.26802,                0.93109,              0.0070201,              0.0070201,              0.0070201
                    303,                0.67715,                0.29391,                0.86772,                0.99978,                      1,                  0.995,                0.82223,                0.81694,                0.26803,                0.93107,              0.0070102,              0.0070102,              0.0070102
                    304,                0.66957,                0.29234,                0.86657,                0.99978,                      1,                  0.995,                0.82241,                0.82144,                0.26755,                  0.932,              0.0070003,              0.0070003,              0.0070003
                    305,                0.68571,                0.29544,                  0.869,                0.99978,                      1,                  0.995,                0.82347,                 0.8202,                0.26732,                0.93151,              0.0069904,              0.0069904,              0.0069904
                    306,                0.67681,                0.29332,                0.86933,                0.99978,                      1,                  0.995,                0.82376,                0.81796,                0.26606,                0.93073,              0.0069805,              0.0069805,              0.0069805
                    307,                0.68266,                0.29275,                0.87228,                0.99978,                      1,                  0.995,                0.82532,                 0.8164,                0.26635,                0.93039,              0.0069706,              0.0069706,              0.0069706
                    308,                0.68293,                 0.2953,                0.87275,                0.99978,                      1,                  0.995,                 0.8243,                0.81465,                0.26563,                0.93015,              0.0069607,              0.0069607,              0.0069607
                    309,                0.67691,                0.29175,                0.87067,                0.99978,                      1,                  0.995,                0.82654,                0.81499,                0.26505,                0.93023,              0.0069508,              0.0069508,              0.0069508
                    310,                0.67938,                0.29607,                0.87039,                0.99978,                      1,                  0.995,                0.82761,                0.81527,                0.26554,                0.93054,              0.0069409,              0.0069409,              0.0069409
                    311,                0.66966,                0.29401,                0.86416,                0.99978,                      1,                  0.995,                0.82758,                 0.8146,                0.26557,                0.93032,               0.006931,               0.006931,               0.006931
                    312,                0.68382,                0.29348,                0.87216,                0.99978,                      1,                  0.995,                0.82751,                0.81407,                0.26363,                0.93043,              0.0069211,              0.0069211,              0.0069211
                    313,                0.67288,                0.29334,                0.86974,                0.99978,                      1,                  0.995,                0.82647,                0.81486,                0.26411,                0.93094,              0.0069112,              0.0069112,              0.0069112
                    314,                0.66709,                0.28987,                0.86717,                0.99978,                      1,                  0.995,                0.82681,                0.81577,                0.26516,                 0.9312,              0.0069013,              0.0069013,              0.0069013
                    315,                0.67205,                0.29431,                0.86616,                0.99978,                      1,                  0.995,                0.82836,                0.81518,                0.26615,                0.93185,              0.0068914,              0.0068914,              0.0068914
                    316,                0.66114,                0.28765,                0.86705,                0.99978,                      1,                  0.995,                0.82813,                0.81303,                0.26451,                0.93125,              0.0068815,              0.0068815,              0.0068815
                    317,                0.66535,                0.28855,                0.86694,                0.99978,                      1,                  0.995,                0.82676,                0.81483,                0.26638,                0.93218,              0.0068716,              0.0068716,              0.0068716
                    318,                0.66521,                0.29054,                0.86541,                0.99978,                      1,                  0.995,                0.82387,                0.81319,                0.26415,                0.93158,              0.0068617,              0.0068617,              0.0068617
                    319,                0.67126,                0.29372,                0.87096,                0.99978,                      1,                  0.995,                0.82619,                0.81236,                0.26272,                0.93144,              0.0068518,              0.0068518,              0.0068518
                    320,                0.66152,                0.28966,                0.86735,                0.99978,                      1,                  0.995,                0.82343,                 0.8118,                0.26445,                0.93118,              0.0068419,              0.0068419,              0.0068419
                    321,                0.66665,                0.29166,                0.86904,                0.99978,                      1,                  0.995,                0.82363,                0.81248,                0.26287,                0.93104,               0.006832,               0.006832,               0.006832
                    322,                0.67657,                0.29418,                0.87218,                0.99978,                      1,                  0.995,                0.82222,                0.81354,                0.26377,                0.93084,              0.0068221,              0.0068221,              0.0068221
                    323,                0.66827,                0.28829,                0.86691,                0.99978,                      1,                  0.995,                0.82239,                0.81371,                0.26294,                 0.9307,              0.0068122,              0.0068122,              0.0068122
                    324,                0.66428,                0.28703,                0.86741,                0.99978,                      1,                  0.995,                0.82148,                0.81432,                0.26425,                 0.9311,              0.0068023,              0.0068023,              0.0068023
                    325,                0.66287,                0.29037,                  0.865,                0.99978,                      1,                  0.995,                0.82102,                0.81374,                0.26327,                0.93073,              0.0067924,              0.0067924,              0.0067924
                    326,                0.65615,                0.28569,                0.86901,                0.99978,                      1,                  0.995,                0.82098,                0.81412,                 0.2626,                0.93091,              0.0067825,              0.0067825,              0.0067825
                    327,                0.66085,                0.28636,                0.86682,                0.99978,                      1,                  0.995,                0.82092,                0.81472,                0.26369,                0.93141,              0.0067726,              0.0067726,              0.0067726
                    328,                0.65624,                0.28719,                0.86568,                0.99978,                      1,                  0.995,                0.81928,                0.81455,                0.26473,                 0.9317,              0.0067627,              0.0067627,              0.0067627
                    329,                0.65633,                 0.2851,                0.86597,                0.99978,                      1,                  0.995,                0.82041,                0.81484,                0.26578,                0.93152,              0.0067528,              0.0067528,              0.0067528
                    330,                0.65286,                0.28763,                0.86497,                0.99936,                      1,                  0.995,                 0.8191,                0.81422,                0.26581,                0.93118,              0.0067429,              0.0067429,              0.0067429
                    331,                 0.6551,                0.28745,                0.86189,                0.99938,                      1,                  0.995,                0.81914,                0.81404,                0.26522,                0.93134,               0.006733,               0.006733,               0.006733
                    332,                0.65265,                0.28764,                0.86154,                0.99932,                      1,                  0.995,                0.82001,                0.81384,                0.26463,                0.93151,              0.0067231,              0.0067231,              0.0067231
                    333,                0.64662,                0.28662,                0.86803,                0.99932,                      1,                  0.995,                0.82006,                0.81423,                0.26406,                0.93205,              0.0067132,              0.0067132,              0.0067132
                    334,                 0.6567,                  0.287,                0.86631,                0.99935,                      1,                  0.995,                0.82083,                0.81607,                0.26533,                0.93214,              0.0067033,              0.0067033,              0.0067033
                    335,                0.64863,                0.28774,                0.86119,                0.99936,                      1,                  0.995,                0.82183,                0.81651,                0.26465,                0.93238,              0.0066934,              0.0066934,              0.0066934
                    336,                0.64824,                0.28618,                0.86373,                0.99934,                      1,                  0.995,                0.82253,                0.81698,                 0.2636,                0.93217,              0.0066835,              0.0066835,              0.0066835
