                  epoch,         train/box_loss,         train/cls_loss,         train/dfl_loss,   metrics/precision(B),      metrics/recall(B),       metrics/mAP50(B),    metrics/mAP50-95(B),           val/box_loss,           val/cls_loss,           val/dfl_loss,                 lr/pg0,                 lr/pg1,                 lr/pg2
                      1,                 1.6458,                 2.2276,                 1.1993,                 0.9958,                      1,                  0.995,                 0.6831,                 1.1324,                0.97241,                0.96471,              0.0033121,              0.0033121,              0.0033121
                      2,                 1.3198,                 1.0484,                 1.0321,                0.99446,                      1,                  0.995,                0.69666,                 1.0331,                0.78891,                0.95556,              0.0066389,              0.0066389,              0.0066389
                      3,                 1.2559,                 0.9326,                 1.0059,                 0.9992,                      1,                  0.995,                0.72523,                 1.0114,                0.69736,                0.98431,               0.009959,               0.009959,               0.009959
                      4,                 1.2247,                 0.7964,                 1.0008,                0.99852,                      1,                  0.995,                0.66327,                 1.2193,                0.60581,                 1.0519,              0.0099703,              0.0099703,              0.0099703
                      5,                 1.1731,                0.68274,                0.98256,                0.99686,                      1,                  0.995,                0.70195,                 1.0771,                0.54795,                0.99533,              0.0099604,              0.0099604,              0.0099604
                      6,                 1.1408,                0.61139,                0.98381,                0.99754,                      1,                  0.995,                0.74232,                0.97478,                0.47406,                0.96174,              0.0099505,              0.0099505,              0.0099505
                      7,                 1.1133,                0.57129,                0.97326,                0.99891,                      1,                  0.995,                0.73416,                0.99779,                0.46603,                0.98951,              0.0099406,              0.0099406,              0.0099406
                      8,                 1.0864,                0.54744,                0.97025,                0.99901,                      1,                  0.995,                0.72994,                  1.019,                0.44124,                 0.9805,              0.0099307,              0.0099307,              0.0099307
                      9,                 1.0792,                0.53232,                0.97207,                0.99933,                      1,                  0.995,                0.75023,                0.94374,                0.43454,                0.95662,              0.0099208,              0.0099208,              0.0099208
                     10,                 1.0602,                0.51515,                0.96396,                0.99905,                      1,                  0.995,                0.77234,                0.89086,                0.40933,                0.94809,              0.0099109,              0.0099109,              0.0099109
                     11,                  1.045,                0.49772,                0.96514,                0.99913,                      1,                  0.995,                 0.7491,                0.93193,                0.41695,                0.96314,               0.009901,               0.009901,               0.009901
                     12,                 1.0356,                 0.4869,                0.96272,                0.99848,                      1,                  0.995,                0.73082,                 1.0249,                0.42838,                 1.0133,              0.0098911,              0.0098911,              0.0098911
                     13,                 1.0305,                0.48223,                0.95834,                 0.9991,                      1,                  0.995,                  0.732,                  1.056,                0.43849,                 1.0136,              0.0098812,              0.0098812,              0.0098812
                     14,                 1.0254,                0.47051,                 0.9575,                0.99904,                      1,                  0.995,                0.75603,                0.98858,                0.40229,                0.98265,              0.0098713,              0.0098713,              0.0098713
                     15,                 1.0161,                0.46127,                0.96007,                0.99934,                      1,                  0.995,                0.75269,                0.95002,                 0.3872,                0.96846,              0.0098614,              0.0098614,              0.0098614
                     16,                 1.0192,                0.46257,                0.95321,                0.99932,                      1,                  0.995,                0.76611,                 0.9424,                 0.3861,                0.97095,              0.0098515,              0.0098515,              0.0098515
                     17,                 1.0027,                0.44886,                0.95477,                0.99891,                      1,                  0.995,                0.76808,                 0.9296,                0.38606,                 0.9696,              0.0098416,              0.0098416,              0.0098416
                     18,                0.99432,                0.45416,                0.94538,                0.99919,                      1,                  0.995,                0.76026,                0.93273,                 0.3719,                0.96356,              0.0098317,              0.0098317,              0.0098317
                     19,                0.99843,                 0.4459,                 0.9528,                0.99928,                      1,                  0.995,                0.76504,                0.93635,                0.36357,                0.95617,              0.0098218,              0.0098218,              0.0098218
                     20,                0.99032,                0.44469,                0.95305,                0.99935,                      1,                  0.995,                0.77217,                0.91824,                0.35193,                0.95361,              0.0098119,              0.0098119,              0.0098119
                     21,                0.98956,                0.43595,                0.95244,                0.99934,                      1,                  0.995,                0.76437,                0.92688,                0.36363,                0.97209,               0.009802,               0.009802,               0.009802
                     22,                 0.9785,                0.43201,                0.94664,                0.99926,                      1,                  0.995,                0.75575,                0.97002,                 0.3543,                0.97545,              0.0097921,              0.0097921,              0.0097921
                     23,                0.96847,                0.42319,                0.94756,                0.99926,                      1,                  0.995,                 0.7699,                0.91481,                0.35066,                0.96215,              0.0097822,              0.0097822,              0.0097822
                     24,                0.96595,                0.42711,                0.94771,                0.99929,                      1,                  0.995,                0.76411,                0.95404,                0.36666,                0.98135,              0.0097723,              0.0097723,              0.0097723
                     25,                 0.9619,                0.41984,                0.94419,                0.99916,                      1,                  0.995,                0.75624,                0.92219,                0.34785,                0.96284,              0.0097624,              0.0097624,              0.0097624
                     26,                0.97123,                0.41902,                0.94945,                0.99939,                      1,                  0.995,                0.77047,                 0.9404,                0.34773,                0.97914,              0.0097525,              0.0097525,              0.0097525
                     27,                 0.9612,                0.41638,                0.94331,                0.99909,                      1,                  0.995,                0.77646,                0.92847,                0.33975,                0.97431,              0.0097426,              0.0097426,              0.0097426
                     28,                0.96055,                0.41365,                 0.9441,                0.99934,                      1,                  0.995,                0.76179,                0.95866,                0.36783,                0.96018,              0.0097327,              0.0097327,              0.0097327
                     29,                0.94808,                0.41013,                0.94464,                0.99919,                      1,                  0.995,                0.79047,                0.87585,                0.32744,                0.94685,              0.0097228,              0.0097228,              0.0097228
                     30,                0.94866,                 0.4106,                0.93851,                0.99915,                      1,                  0.995,                0.78203,                0.90716,                 0.3544,                0.95467,              0.0097129,              0.0097129,              0.0097129
                     31,                0.95014,                0.40972,                0.94056,                0.99937,                      1,                  0.995,                0.78036,                0.90508,                0.33248,                0.96119,               0.009703,               0.009703,               0.009703
                     32,                0.95108,                0.40481,                0.94415,                0.99932,                      1,                  0.995,                0.76367,                  0.922,                0.33814,                0.97391,              0.0096931,              0.0096931,              0.0096931
                     33,                0.94533,                0.40319,                0.93818,                0.99908,                      1,                  0.995,                0.78381,                0.91779,                0.34085,                0.96233,              0.0096832,              0.0096832,              0.0096832
                     34,                0.94291,                0.40241,                 0.9408,                0.99928,                      1,                  0.995,                0.78392,                0.89354,                0.33145,                0.95448,              0.0096733,              0.0096733,              0.0096733
                     35,                0.93727,                0.40887,                0.93808,                0.99923,                      1,                  0.995,                0.77397,                0.94195,                0.35716,                0.97854,              0.0096634,              0.0096634,              0.0096634
                     36,                0.93178,                0.39839,                0.93426,                0.99896,                      1,                  0.995,                0.77091,                0.90449,                0.33244,                0.95592,              0.0096535,              0.0096535,              0.0096535
                     37,                0.92806,                0.39735,                0.94042,                0.99931,                      1,                  0.995,                0.76631,                0.93854,                 0.3365,                0.97445,              0.0096436,              0.0096436,              0.0096436
                     38,                0.92924,                0.39886,                0.93796,                0.99924,                      1,                  0.995,                0.77822,                 0.9115,                0.32653,                0.96123,              0.0096337,              0.0096337,              0.0096337
                     39,                 0.9176,                0.39454,                0.93477,                0.99906,                      1,                  0.995,                0.77472,                0.89561,                0.32554,                0.94802,              0.0096238,              0.0096238,              0.0096238
                     40,                0.92476,                0.39835,                0.93885,                0.99919,                      1,                  0.995,                0.76396,                0.92538,                0.35576,                0.95355,              0.0096139,              0.0096139,              0.0096139
                     41,                0.92724,                0.39129,                0.93692,                0.99926,                      1,                  0.995,                0.78512,                0.89817,                0.32377,                0.95374,               0.009604,               0.009604,               0.009604
                     42,                0.91472,                0.39083,                 0.9296,                0.99935,                      1,                  0.995,                0.77931,                 0.9084,                0.32815,                0.95179,              0.0095941,              0.0095941,              0.0095941
                     43,                0.91478,                0.39103,                0.93609,                 0.9993,                      1,                  0.995,                0.78618,                0.90343,                0.32507,                0.95805,              0.0095842,              0.0095842,              0.0095842
                     44,                0.92735,                0.39235,                0.93707,                0.99938,                      1,                  0.995,                0.78104,                0.89367,                0.32955,                0.94966,              0.0095743,              0.0095743,              0.0095743
                     45,                0.91524,                0.38888,                0.93112,                0.99931,                      1,                  0.995,                 0.7795,                0.88941,                0.32605,                 0.9447,              0.0095644,              0.0095644,              0.0095644
                     46,                0.91215,                0.38783,                0.92769,                0.99927,                      1,                  0.995,                0.79283,                0.87182,                0.31745,                0.94438,              0.0095545,              0.0095545,              0.0095545
                     47,                0.91603,                0.38635,                0.93604,                0.99928,                      1,                  0.995,                0.78713,                0.89138,                0.32372,                0.95462,              0.0095446,              0.0095446,              0.0095446
                     48,                0.90062,                0.38518,                0.92772,                0.99932,                      1,                  0.995,                0.77617,                0.89174,                0.31846,                0.95421,              0.0095347,              0.0095347,              0.0095347
                     49,                0.90828,                0.38581,                0.93252,                0.99926,                      1,                  0.995,                 0.7829,                0.88586,                0.31375,                0.95711,              0.0095248,              0.0095248,              0.0095248
                     50,                0.91581,                0.38755,                0.93162,                0.99928,                      1,                  0.995,                0.78785,                0.89501,                0.31726,                0.95791,              0.0095149,              0.0095149,              0.0095149
                     51,                0.89732,                 0.3794,                0.92843,                 0.9991,                      1,                  0.995,                0.79061,                0.86591,                0.31572,                0.94011,               0.009505,               0.009505,               0.009505
                     52,                0.91111,                0.38347,                0.93242,                0.99958,                      1,                  0.995,                0.78458,                0.90917,                0.33003,                0.96505,              0.0094951,              0.0094951,              0.0094951
                     53,                0.89982,                0.37832,                0.92709,                0.99936,                      1,                  0.995,                0.78407,                 0.9148,                0.32388,                0.95244,              0.0094852,              0.0094852,              0.0094852
                     54,                0.89471,                0.37878,                0.92348,                0.99918,                      1,                  0.995,                0.79052,                 0.8918,                0.32531,                0.95011,              0.0094753,              0.0094753,              0.0094753
                     55,                0.88891,                0.38032,                0.92358,                0.99916,                      1,                  0.995,                0.79617,                0.88768,                0.31792,                  0.945,              0.0094654,              0.0094654,              0.0094654
                     56,                    0.9,                0.37774,                0.93224,                0.99927,                      1,                  0.995,                0.77762,                0.88644,                0.31236,                0.95159,              0.0094555,              0.0094555,              0.0094555
                     57,                0.88831,                0.37023,                0.93044,                0.99936,                      1,                  0.995,                0.78913,                0.88782,                0.31264,                0.95566,              0.0094456,              0.0094456,              0.0094456
                     58,                0.89036,                0.37609,                0.92881,                 0.9992,                      1,                  0.995,                0.78606,                 0.9159,                0.32599,                0.95874,              0.0094357,              0.0094357,              0.0094357
                     59,                0.89854,                0.37683,                0.92872,                0.99948,                      1,                  0.995,                0.79416,                0.88925,                0.31284,                0.95547,              0.0094258,              0.0094258,              0.0094258
                     60,                0.89734,                0.37477,                 0.9263,                0.99923,                      1,                  0.995,                0.77952,                0.89157,                0.31602,                0.95202,              0.0094159,              0.0094159,              0.0094159
                     61,                0.88676,                0.37011,                0.92218,                0.99928,                      1,                  0.995,                0.79756,                0.88941,                0.31473,                0.95427,               0.009406,               0.009406,               0.009406
                     62,                0.87554,                0.37222,                0.92056,                0.99925,                      1,                  0.995,                0.78673,                0.88755,                0.30683,                0.94655,              0.0093961,              0.0093961,              0.0093961
                     63,                0.88927,                0.37379,                0.92964,                0.99977,                      1,                  0.995,                0.79244,                 0.9095,                0.32122,                0.96126,              0.0093862,              0.0093862,              0.0093862
                     64,                0.89066,                0.37098,                0.92787,                0.99952,                      1,                  0.995,                0.77534,                0.90569,                0.31374,                 0.9576,              0.0093763,              0.0093763,              0.0093763
                     65,                0.88071,                0.36903,                0.92593,                      1,                      1,                  0.995,                0.79241,                0.90029,                0.31179,                0.95506,              0.0093664,              0.0093664,              0.0093664
                     66,                0.87708,                0.36532,                0.92451,                0.99924,                      1,                  0.995,                0.77896,                0.90768,                0.30625,                0.95368,              0.0093565,              0.0093565,              0.0093565
                     67,                 0.8903,                0.37475,                 0.9306,                0.99927,                      1,                  0.995,                0.79568,                 0.8799,                 0.3112,                0.94665,              0.0093466,              0.0093466,              0.0093466
                     68,                0.87903,                0.37062,                0.92132,                 0.9993,                      1,                  0.995,                0.78654,                0.89034,                0.30438,                0.94333,              0.0093367,              0.0093367,              0.0093367
                     69,                0.87583,                 0.3651,                0.92315,                0.99927,                      1,                  0.995,                0.76818,                 0.9175,                0.31154,                0.95722,              0.0093268,              0.0093268,              0.0093268
                     70,                0.87747,                0.37045,                 0.9217,                0.99934,                      1,                  0.995,                0.78682,                0.88465,                 0.3153,                 0.9539,              0.0093169,              0.0093169,              0.0093169
                     71,                0.88176,                0.36852,                0.92483,                0.99932,                      1,                  0.995,                0.78481,                0.88661,                0.31295,                 0.9517,               0.009307,               0.009307,               0.009307
                     72,                0.86699,                0.36624,                 0.9203,                0.99947,                      1,                  0.995,                0.78745,                0.87146,                0.30465,                0.94881,              0.0092971,              0.0092971,              0.0092971
                     73,                0.86105,                0.36056,                 0.9171,                0.99929,                      1,                  0.995,                0.77979,                0.89632,                0.30529,                0.95288,              0.0092872,              0.0092872,              0.0092872
                     74,                0.86266,                0.36114,                0.91938,                0.99926,                      1,                  0.995,                0.78001,                 0.9151,                0.31382,                0.96284,              0.0092773,              0.0092773,              0.0092773
                     75,                0.85968,                 0.3582,                 0.9178,                0.99949,                      1,                  0.995,                0.78315,                0.89984,                0.30462,                0.95174,              0.0092674,              0.0092674,              0.0092674
                     76,                0.87271,                0.36226,                0.92556,                0.99919,                      1,                  0.995,                0.78941,                0.88053,                0.30644,                0.94627,              0.0092575,              0.0092575,              0.0092575
                     77,                0.86296,                0.36284,                0.91732,                 0.9995,                      1,                  0.995,                 0.7892,                 0.8665,                0.29967,                0.95001,              0.0092476,              0.0092476,              0.0092476
                     78,                0.85704,                0.35568,                 0.9178,                0.99938,                      1,                  0.995,                 0.7859,                0.88417,                0.30137,                0.95217,              0.0092377,              0.0092377,              0.0092377
                     79,                0.86854,                0.36046,                0.91982,                0.99916,                      1,                  0.995,                0.79607,                0.90247,                 0.3042,                0.95465,              0.0092278,              0.0092278,              0.0092278
                     80,                0.86598,                0.36177,                0.92249,                0.99912,                      1,                  0.995,                 0.7984,                0.87384,                0.31149,                0.94493,              0.0092179,              0.0092179,              0.0092179
                     81,                0.86419,                0.36084,                0.92048,                0.99942,                      1,                  0.995,                0.78905,                0.90068,                0.30442,                0.95265,               0.009208,               0.009208,               0.009208
                     82,                 0.8595,                0.36039,                0.91986,                0.99959,                      1,                  0.995,                0.78166,                0.89295,                0.30569,                0.95122,              0.0091981,              0.0091981,              0.0091981
                     83,                0.85378,                0.35676,                0.91777,                0.99937,                      1,                  0.995,                0.79391,                0.91638,                0.30614,                0.97384,              0.0091882,              0.0091882,              0.0091882
                     84,                0.86396,                0.36129,                 0.9189,                0.99925,                      1,                  0.995,                0.79135,                0.87259,                0.30523,                0.94263,              0.0091783,              0.0091783,              0.0091783
                     85,                0.85924,                0.35742,                0.91326,                0.99953,                      1,                  0.995,                0.79908,                0.86822,                 0.2968,                0.93935,              0.0091684,              0.0091684,              0.0091684
                     86,                 0.8559,                0.35744,                0.91769,                0.99932,                      1,                  0.995,                0.79904,                0.85483,                  0.296,                0.93677,              0.0091585,              0.0091585,              0.0091585
                     87,                0.85628,                0.35658,                0.91989,                0.99921,                      1,                  0.995,                0.79736,                0.85304,                0.31101,                0.93879,              0.0091486,              0.0091486,              0.0091486
                     88,                0.84961,                0.35626,                0.91652,                0.99911,                      1,                  0.995,                0.80165,                0.85225,                0.30343,                0.93593,              0.0091387,              0.0091387,              0.0091387
                     89,                0.85873,                 0.3572,                0.91624,                0.99947,                      1,                  0.995,                0.79973,                0.86011,                0.29427,                0.93684,              0.0091288,              0.0091288,              0.0091288
                     90,                0.84837,                0.35523,                0.91025,                0.99935,                      1,                  0.995,                0.79078,                0.87325,                0.30497,                0.95011,              0.0091189,              0.0091189,              0.0091189
                     91,                0.85827,                0.35806,                0.91818,                0.99941,                      1,                  0.995,                0.80399,                0.86537,                0.29855,                0.93965,               0.009109,               0.009109,               0.009109
                     92,                 0.8571,                 0.3564,                0.91871,                0.99935,                      1,                  0.995,                0.79728,                0.89156,                 0.3046,                0.95591,              0.0090991,              0.0090991,              0.0090991
                     93,                0.84951,                0.35249,                0.91741,                0.99959,                      1,                  0.995,                 0.8072,                0.87002,                0.29204,                0.94355,              0.0090892,              0.0090892,              0.0090892
                     94,                0.84949,                0.34758,                0.91516,                0.99927,                      1,                  0.995,                0.79779,                0.86549,                0.29671,                0.93789,              0.0090793,              0.0090793,              0.0090793
                     95,                0.84651,                 0.3536,                0.91776,                0.99925,                      1,                  0.995,                0.78942,                 0.8724,                 0.2961,                0.93861,              0.0090694,              0.0090694,              0.0090694
                     96,                0.85311,                0.35613,                0.91407,                0.99931,                      1,                  0.995,                 0.7932,                0.87564,                0.29687,                0.94713,              0.0090595,              0.0090595,              0.0090595
                     97,                0.84629,                0.35261,                0.91563,                0.99924,                      1,                  0.995,                0.79858,                0.85362,                0.29441,                0.93956,              0.0090496,              0.0090496,              0.0090496
                     98,                 0.8435,                0.35435,                0.91092,                0.99922,                      1,                  0.995,                  0.789,                0.89397,                0.30066,                0.95429,              0.0090397,              0.0090397,              0.0090397
                     99,                0.84648,                0.35285,                0.91616,                0.99954,                      1,                  0.995,                 0.7945,                0.85746,                0.29473,                0.94458,              0.0090298,              0.0090298,              0.0090298
                    100,                0.84422,                0.34912,                0.91123,                 0.9994,                      1,                  0.995,                0.80475,                0.87118,                 0.2903,                0.94694,              0.0090199,              0.0090199,              0.0090199
                    101,                0.84708,                0.34975,                  0.914,                0.99932,                      1,                  0.995,                0.80605,                 0.8614,                 0.2902,                0.93786,                0.00901,                0.00901,                0.00901
                    102,                0.84611,                0.34862,                0.91771,                0.99929,                      1,                  0.995,                0.79925,                0.86171,                0.29916,                0.94896,              0.0090001,              0.0090001,              0.0090001
                    103,                 0.8338,                0.34671,                0.91295,                0.99977,                      1,                  0.995,                0.80376,                0.85609,                 0.2906,                0.94148,              0.0089902,              0.0089902,              0.0089902
                    104,                0.84426,                0.35061,                0.91042,                 0.9996,                      1,                  0.995,                0.80058,                0.86832,                 0.2959,                0.94881,              0.0089803,              0.0089803,              0.0089803
                    105,                0.84332,                0.34977,                0.91192,                 0.9993,                      1,                  0.995,                0.80229,                0.86865,                0.29433,                0.94823,              0.0089704,              0.0089704,              0.0089704
                    106,                0.83509,                0.34927,                0.91013,                0.99922,                      1,                  0.995,                0.79577,                0.87182,                0.29238,                0.94681,              0.0089605,              0.0089605,              0.0089605
                    107,                0.83627,                0.34537,                0.91108,                0.99954,                      1,                  0.995,                0.79381,                0.88442,                0.29168,                 0.9473,              0.0089506,              0.0089506,              0.0089506
                    108,                0.83404,                0.34736,                0.91222,                0.99933,                      1,                  0.995,                0.79469,                0.87262,                0.29488,                0.94326,              0.0089407,              0.0089407,              0.0089407
                    109,                0.82656,                0.34276,                0.91334,                0.99938,                      1,                  0.995,                0.80054,                0.85388,                0.28965,                0.93934,              0.0089308,              0.0089308,              0.0089308
                    110,                0.83657,                 0.3469,                0.91182,                0.99921,                      1,                  0.995,                0.79308,                 0.8784,                0.29726,                0.94776,              0.0089209,              0.0089209,              0.0089209
                    111,                0.84184,                0.34857,                0.91543,                0.99947,                      1,                  0.995,                0.80333,                0.86689,                 0.2897,                0.94006,               0.008911,               0.008911,               0.008911
                    112,                0.83813,                0.34475,                0.91507,                0.99926,                      1,                  0.995,                 0.8018,                 0.8745,                0.29404,                0.94627,              0.0089011,              0.0089011,              0.0089011
                    113,                0.83699,                0.34541,                0.90952,                0.99953,                      1,                  0.995,                0.79634,                0.86441,                0.29604,                0.94692,              0.0088912,              0.0088912,              0.0088912
                    114,                0.83235,                0.34662,                0.91103,                0.99928,                      1,                  0.995,                0.79982,                0.84744,                 0.2888,                0.93876,              0.0088813,              0.0088813,              0.0088813
                    115,                 0.8302,                0.34475,                0.90961,                0.99951,                      1,                  0.995,                0.79928,                0.86454,                0.29291,                0.93952,              0.0088714,              0.0088714,              0.0088714
                    116,                0.83489,                0.34845,                0.91158,                0.99955,                      1,                  0.995,                0.79631,                0.87276,                0.29367,                0.95031,              0.0088615,              0.0088615,              0.0088615
                    117,                0.83471,                0.34554,                 0.9124,                0.99934,                      1,                  0.995,                0.79717,                0.86365,                0.29377,                0.94739,              0.0088516,              0.0088516,              0.0088516
                    118,                0.82319,                0.34242,                0.90412,                0.99921,                      1,                  0.995,                0.80178,                0.85643,                0.29081,                0.93967,              0.0088417,              0.0088417,              0.0088417
                    119,                 0.8266,                0.34482,                0.90576,                      1,                      1,                  0.995,                0.79677,                0.86832,                0.28915,                0.94598,              0.0088318,              0.0088318,              0.0088318
                    120,                0.82475,                0.34788,                0.90776,                0.99961,                      1,                  0.995,                0.79955,                0.86422,                0.28687,                0.94766,              0.0088219,              0.0088219,              0.0088219
                    121,                0.82603,                0.34141,                0.90902,                0.99978,                      1,                  0.995,                0.79604,                 0.8522,                0.28614,                0.93903,               0.008812,               0.008812,               0.008812
                    122,                0.81521,                0.33823,                0.90896,                0.99947,                      1,                  0.995,                0.79869,                0.85929,                0.29011,                0.93966,              0.0088021,              0.0088021,              0.0088021
                    123,                0.81886,                0.34264,                0.90459,                      1,                      1,                  0.995,                 0.8061,                0.84709,                0.28344,                0.94317,              0.0087922,              0.0087922,              0.0087922
                    124,                0.82738,                0.34315,                0.90992,                0.99917,                      1,                  0.995,                0.80412,                0.85454,                0.28686,                0.94314,              0.0087823,              0.0087823,              0.0087823
                    125,                0.81781,                0.33915,                0.90707,                0.99978,                      1,                  0.995,                0.80183,                0.86845,                0.29429,                0.93947,              0.0087724,              0.0087724,              0.0087724
                    126,                0.82077,                0.33981,                0.90476,                0.99943,                      1,                  0.995,                0.79985,                0.84605,                0.28323,                0.93802,              0.0087625,              0.0087625,              0.0087625
                    127,                0.82321,                0.34321,                0.91002,                 0.9993,                      1,                  0.995,                0.79807,                0.85317,                0.28917,                0.94044,              0.0087526,              0.0087526,              0.0087526
                    128,                0.82054,                0.34052,                0.90824,                0.99931,                      1,                  0.995,                0.80337,                0.85204,                0.28431,                 0.9398,              0.0087427,              0.0087427,              0.0087427
                    129,                0.81988,                0.33754,                0.90407,                      1,                      1,                  0.995,                0.80286,                0.84757,                0.28328,                0.93922,              0.0087328,              0.0087328,              0.0087328
                    130,                0.82419,                0.33964,                0.90958,                0.99978,                      1,                  0.995,                 0.7989,                0.86126,                0.28901,                0.94418,              0.0087229,              0.0087229,              0.0087229
                    131,                 0.8089,                0.33748,                0.90264,                0.99956,                      1,                  0.995,                0.79987,                0.87034,                0.28541,                  0.945,               0.008713,               0.008713,               0.008713
                    132,                0.81542,                0.33561,                0.91125,                0.99956,                      1,                  0.995,                0.79696,                0.86464,                0.29067,                0.94202,              0.0087031,              0.0087031,              0.0087031
                    133,                0.82146,                 0.3404,                0.90828,                0.99947,                      1,                  0.995,                0.80684,                0.85905,                 0.2906,                0.94297,              0.0086932,              0.0086932,              0.0086932
                    134,                0.81512,                0.33807,                 0.9069,                0.99935,                      1,                  0.995,                0.79385,                0.87474,                0.28669,                0.94583,              0.0086833,              0.0086833,              0.0086833
                    135,                0.80899,                0.33443,                0.90451,                0.99946,                      1,                  0.995,                0.80132,                  0.866,                0.28585,                0.94801,              0.0086734,              0.0086734,              0.0086734
                    136,                0.81232,                0.33456,                0.90569,                0.99931,                      1,                  0.995,                0.80146,                0.85037,                0.28549,                0.94265,              0.0086635,              0.0086635,              0.0086635
                    137,                0.81913,                0.33848,                0.90773,                0.99957,                      1,                  0.995,                 0.8089,                0.86118,                0.28654,                0.94183,              0.0086536,              0.0086536,              0.0086536
                    138,                0.80746,                0.33506,                0.90411,                0.99949,                      1,                  0.995,                0.80149,                0.86241,                0.28524,                  0.945,              0.0086437,              0.0086437,              0.0086437
                    139,                0.80489,                0.33248,                0.90357,                0.99946,                      1,                  0.995,                0.80012,                0.85288,                0.28015,                0.94072,              0.0086338,              0.0086338,              0.0086338
                    140,                0.80259,                0.33531,                0.90397,                0.99953,                      1,                  0.995,                 0.8021,                0.85973,                0.28025,                0.94421,              0.0086239,              0.0086239,              0.0086239
                    141,                0.81169,                0.33253,                0.90582,                0.99978,                      1,                  0.995,                0.80333,                0.83753,                0.27871,                0.93908,               0.008614,               0.008614,               0.008614
                    142,                0.80794,                0.33598,                0.90172,                0.99978,                      1,                  0.995,                0.80649,                0.85709,                0.28288,                0.94609,              0.0086041,              0.0086041,              0.0086041
                    143,                0.81028,                0.33424,                0.90467,                      1,                      1,                  0.995,                0.80354,                0.84529,                0.27755,                0.94231,              0.0085942,              0.0085942,              0.0085942
                    144,                0.80506,                0.33416,                0.90535,                0.99954,                      1,                  0.995,                0.79784,                0.85443,                0.27879,                0.94626,              0.0085843,              0.0085843,              0.0085843
                    145,                0.80162,                0.32927,                0.90159,                0.99931,                      1,                  0.995,                0.80982,                0.85155,                0.27554,                0.94345,              0.0085744,              0.0085744,              0.0085744
                    146,                0.80792,                0.33329,                 0.9054,                0.99956,                      1,                  0.995,                0.80492,                0.85507,                0.27599,                0.94185,              0.0085645,              0.0085645,              0.0085645
                    147,                 0.8063,                0.33423,                0.90655,                0.99947,                      1,                  0.995,                0.80249,                 0.8397,                0.28393,                0.94248,              0.0085546,              0.0085546,              0.0085546
                    148,                0.81122,                0.33656,                0.90606,                0.99933,                      1,                  0.995,                0.81105,                0.83748,                0.27636,                0.93906,              0.0085447,              0.0085447,              0.0085447
                    149,                0.80356,                0.33128,                0.90507,                0.99978,                      1,                  0.995,                0.80727,                0.84542,                0.27827,                0.94355,              0.0085348,              0.0085348,              0.0085348
                    150,                0.79509,                0.33247,                0.89855,                0.99978,                      1,                  0.995,                0.81225,                0.84066,                 0.2773,                0.94056,              0.0085249,              0.0085249,              0.0085249
                    151,                0.80353,                0.33593,                0.90311,                0.99958,                      1,                  0.995,                0.79865,                0.84981,                0.27631,                0.94464,               0.008515,               0.008515,               0.008515
                    152,                0.80246,                0.33434,                0.90243,                0.99935,                      1,                  0.995,                0.80545,                 0.8542,                0.27584,                0.94541,              0.0085051,              0.0085051,              0.0085051
                    153,                0.79819,                0.32967,                0.90237,                 0.9995,                      1,                  0.995,                0.80449,                0.83475,                0.27527,                0.93699,              0.0084952,              0.0084952,              0.0084952
                    154,                 0.8031,                0.33226,                0.90624,                0.99953,                      1,                  0.995,                0.80433,                0.84497,                0.27733,                0.93663,              0.0084853,              0.0084853,              0.0084853
                    155,                0.80145,                0.32935,                0.90216,                0.99962,                      1,                  0.995,                0.80881,                0.85242,                 0.2762,                0.93902,              0.0084754,              0.0084754,              0.0084754
                    156,                0.79881,                0.33079,                0.90335,                0.99938,                      1,                  0.995,                0.80627,                0.85098,                0.27461,                0.94358,              0.0084655,              0.0084655,              0.0084655
                    157,                0.79895,                 0.3291,                0.90146,                0.99957,                      1,                  0.995,                0.80431,                0.85038,                0.27626,                0.94073,              0.0084556,              0.0084556,              0.0084556
                    158,                0.79898,                0.32898,                0.89992,                0.99955,                      1,                  0.995,                0.80179,                0.85546,                0.27644,                0.94176,              0.0084457,              0.0084457,              0.0084457
                    159,                0.79788,                0.32941,                0.90326,                0.99948,                      1,                  0.995,                0.80796,                0.85223,                0.28275,                0.94491,              0.0084358,              0.0084358,              0.0084358
                    160,                 0.7953,                0.32983,                0.90331,                0.99922,                      1,                  0.995,                0.80541,                0.84708,                0.27957,                0.94205,              0.0084259,              0.0084259,              0.0084259
                    161,                0.79798,                0.32738,                 0.8994,                0.99948,                      1,                  0.995,                0.80467,                0.83934,                0.27422,                0.93599,               0.008416,               0.008416,               0.008416
                    162,                 0.7963,                0.33137,                 0.8995,                0.99955,                      1,                  0.995,                0.80879,                0.84491,                0.27982,                0.93972,              0.0084061,              0.0084061,              0.0084061
                    163,                0.79388,                0.32715,                0.90087,                0.99953,                      1,                  0.995,                0.80744,                0.83949,                0.27356,                0.93736,              0.0083962,              0.0083962,              0.0083962
                    164,                0.79654,                0.32689,                0.89918,                 0.9995,                      1,                  0.995,                0.80154,                0.84679,                0.27482,                0.94104,              0.0083863,              0.0083863,              0.0083863
                    165,                0.79296,                0.32809,                0.90181,                0.99955,                      1,                  0.995,                0.81029,                0.84441,                0.27727,                0.93742,              0.0083764,              0.0083764,              0.0083764
                    166,                0.80048,                0.32821,                0.90182,                 0.9995,                      1,                  0.995,                0.80246,                0.84864,                0.27562,                0.94292,              0.0083665,              0.0083665,              0.0083665
                    167,                 0.7895,                0.32826,                0.90117,                0.99952,                      1,                  0.995,                0.80438,                0.83929,                0.27254,                0.93926,              0.0083566,              0.0083566,              0.0083566
                    168,                0.79455,                0.32796,                0.90038,                0.99951,                      1,                  0.995,                0.80996,                0.82945,                0.27265,                0.93123,              0.0083467,              0.0083467,              0.0083467
                    169,                0.78896,                 0.3262,                0.89582,                0.99948,                      1,                  0.995,                0.80562,                 0.8324,                0.27161,                  0.939,              0.0083368,              0.0083368,              0.0083368
                    170,                 0.7947,                0.32801,                0.90132,                0.99935,                      1,                  0.995,                0.80825,                0.84393,                0.27596,                0.94134,              0.0083269,              0.0083269,              0.0083269
                    171,                0.78295,                 0.3266,                0.89889,                0.99959,                      1,                  0.995,                0.80671,                0.82921,                0.27101,                 0.9376,               0.008317,               0.008317,               0.008317
                    172,                0.78669,                0.32241,                0.90073,                0.99954,                      1,                  0.995,                0.80611,                0.83021,                0.27327,                0.93629,              0.0083071,              0.0083071,              0.0083071
                    173,                 0.7865,                0.32544,                0.89813,                 0.9995,                      1,                  0.995,                 0.8093,                0.84193,                 0.2745,                0.94123,              0.0082972,              0.0082972,              0.0082972
                    174,                0.78345,                0.32605,                0.89947,                0.99946,                      1,                  0.995,                0.81515,                0.83331,                0.27018,                0.93783,              0.0082873,              0.0082873,              0.0082873
                    175,                0.78742,                0.32601,                0.89851,                0.99951,                      1,                  0.995,                0.81122,                0.83309,                0.27489,                0.93646,              0.0082774,              0.0082774,              0.0082774
                    176,                0.78318,                0.32445,                0.89945,                 0.9993,                      1,                  0.995,                0.81179,                0.84291,                0.27315,                0.93867,              0.0082675,              0.0082675,              0.0082675
                    177,                0.78328,                0.32541,                0.89727,                0.99949,                      1,                  0.995,                0.80969,                0.83912,                0.26789,                 0.9405,              0.0082576,              0.0082576,              0.0082576
                    178,                0.78954,                0.32376,                 0.9013,                0.99949,                      1,                  0.995,                0.80469,                 0.8363,                0.27085,                0.94058,              0.0082477,              0.0082477,              0.0082477
                    179,                0.77871,                0.32272,                0.89615,                0.99946,                      1,                  0.995,                 0.8032,                0.84109,                 0.2724,                0.93856,              0.0082378,              0.0082378,              0.0082378
                    180,                0.78385,                0.32625,                0.89234,                0.99953,                      1,                  0.995,                0.80533,                0.84448,                0.27288,                0.94166,              0.0082279,              0.0082279,              0.0082279
                    181,                0.77758,                0.32115,                0.89559,                      1,                      1,                  0.995,                0.80578,                0.84346,                0.27141,                0.94139,               0.008218,               0.008218,               0.008218
                    182,                0.78575,                0.32462,                0.89774,                0.99951,                      1,                  0.995,                0.80471,                0.83848,                0.26665,                0.94151,              0.0082081,              0.0082081,              0.0082081
                    183,                0.78589,                0.32225,                0.90246,                0.99953,                      1,                  0.995,                0.80864,                0.83708,                0.26724,                0.94022,              0.0081982,              0.0081982,              0.0081982
                    184,                0.78737,                0.32394,                0.90137,                0.99947,                      1,                  0.995,                0.81135,                0.84178,                0.26693,                0.94028,              0.0081883,              0.0081883,              0.0081883
                    185,                0.77268,                0.32471,                0.89975,                0.99954,                      1,                  0.995,                0.80615,                0.84322,                0.27112,                0.93856,              0.0081784,              0.0081784,              0.0081784
                    186,                0.77569,                0.32119,                0.89646,                0.99954,                      1,                  0.995,                  0.808,                0.83765,                0.26808,                0.93493,              0.0081685,              0.0081685,              0.0081685
                    187,                 0.7785,                0.32555,                0.89972,                0.99978,                      1,                  0.995,                 0.8122,                0.83973,                0.26776,                0.93693,              0.0081586,              0.0081586,              0.0081586
                    188,                0.76816,                0.31865,                0.89679,                0.99978,                      1,                  0.995,                0.81035,                0.83697,                0.26896,                0.93882,              0.0081487,              0.0081487,              0.0081487
                    189,                0.77807,                0.32412,                0.89894,                0.99953,                      1,                  0.995,                0.80679,                 0.8321,                0.26947,                0.93746,              0.0081388,              0.0081388,              0.0081388
                    190,                0.78275,                0.32172,                0.89665,                0.99953,                      1,                  0.995,                0.81285,                0.82935,                0.26777,                0.93843,              0.0081289,              0.0081289,              0.0081289
                    191,                0.76882,                0.31872,                0.89356,                0.99961,                      1,                  0.995,                0.80877,                0.84048,                0.27172,                0.93937,               0.008119,               0.008119,               0.008119
                    192,                0.77354,                0.32448,                0.89536,                0.99961,                      1,                  0.995,                0.81676,                0.83432,                0.27112,                0.93722,              0.0081091,              0.0081091,              0.0081091
                    193,                0.77082,                 0.3179,                0.89815,                0.99936,                      1,                  0.995,                0.81598,                0.83705,                0.27221,                0.93842,              0.0080992,              0.0080992,              0.0080992
                    194,                0.77712,                0.32168,                0.89061,                0.99953,                      1,                  0.995,                0.80396,                0.83335,                0.27191,                0.94007,              0.0080893,              0.0080893,              0.0080893
                    195,                0.76477,                 0.3155,                0.89544,                0.99952,                      1,                  0.995,                0.81228,                0.83636,                0.27011,                0.94025,              0.0080794,              0.0080794,              0.0080794
                    196,                0.76302,                0.31668,                 0.8903,                0.99953,                      1,                  0.995,                0.80941,                0.83827,                0.27197,                0.94067,              0.0080695,              0.0080695,              0.0080695
                    197,                0.76893,                0.31809,                0.89498,                0.99951,                      1,                  0.995,                0.80331,                0.84998,                0.27109,                0.94543,              0.0080596,              0.0080596,              0.0080596
                    198,                0.76599,                0.31887,                0.89527,                0.99925,                      1,                  0.995,                0.80347,                0.83843,                0.27374,                0.94284,              0.0080497,              0.0080497,              0.0080497
                    199,                0.76312,                0.31873,                0.89188,                0.99949,                      1,                  0.995,                0.80831,                0.83281,                0.26902,                0.94029,              0.0080398,              0.0080398,              0.0080398
                    200,                0.77509,                 0.3178,                0.89901,                0.99949,                      1,                  0.995,                0.80527,                0.82916,                0.26887,                 0.9392,              0.0080299,              0.0080299,              0.0080299
                    201,                0.77162,                0.32127,                0.89461,                0.99933,                      1,                  0.995,                0.81001,                0.82761,                0.26611,                0.93667,                0.00802,                0.00802,                0.00802
                    202,                0.76382,                0.31994,                0.89505,                0.99949,                      1,                  0.995,                0.80894,                0.83481,                0.26295,                0.93847,              0.0080101,              0.0080101,              0.0080101
                    203,                0.76735,                0.31589,                0.89238,                0.99955,                      1,                  0.995,                0.81431,                0.83491,                0.26835,                0.94108,              0.0080002,              0.0080002,              0.0080002
                    204,                0.75738,                0.31693,                0.89258,                0.99952,                      1,                  0.995,                0.81461,                0.82967,                0.26499,                0.93937,              0.0079903,              0.0079903,              0.0079903
                    205,                 0.7681,                0.31744,                0.89376,                0.99955,                      1,                  0.995,                0.80909,                0.83519,                0.26849,                0.94043,              0.0079804,              0.0079804,              0.0079804
                    206,                 0.7648,                  0.318,                0.89422,                0.99935,                      1,                  0.995,                0.81383,                0.83209,                0.26624,                0.93876,              0.0079705,              0.0079705,              0.0079705
                    207,                0.76839,                0.31908,                0.89605,                0.99953,                      1,                  0.995,                0.81053,                0.83411,                0.26432,                0.94105,              0.0079606,              0.0079606,              0.0079606
                    208,                0.76413,                0.31561,                0.89354,                0.99952,                      1,                  0.995,                0.81244,                0.83032,                0.26813,                0.93852,              0.0079507,              0.0079507,              0.0079507
                    209,                0.75798,                0.31676,                0.88981,                0.99933,                      1,                  0.995,                0.81398,                0.83622,                0.27233,                0.94065,              0.0079408,              0.0079408,              0.0079408
                    210,                0.76137,                0.31788,                0.89079,                0.99934,                      1,                  0.995,                0.81198,                0.83402,                0.26868,                0.94126,              0.0079309,              0.0079309,              0.0079309
                    211,                0.75828,                0.31382,                0.88963,                0.99933,                      1,                  0.995,                0.81523,                0.83392,                0.26885,                0.94193,               0.007921,               0.007921,               0.007921
                    212,                0.76153,                0.31708,                0.89264,                0.99953,                      1,                  0.995,                0.80792,                0.83405,                0.26801,                0.94042,              0.0079111,              0.0079111,              0.0079111
                    213,                0.75416,                0.31434,                0.88774,                0.99948,                      1,                  0.995,                0.80964,                0.83479,                0.26996,                0.94069,              0.0079012,              0.0079012,              0.0079012
                    214,                0.76037,                0.31813,                 0.8892,                      1,                      1,                  0.995,                0.81265,                0.83595,                0.26758,                0.94093,              0.0078913,              0.0078913,              0.0078913
                    215,                0.75614,                0.31175,                 0.8968,                      1,                      1,                  0.995,                0.81322,                0.83547,                0.26759,                0.94009,              0.0078814,              0.0078814,              0.0078814
                    216,                0.76424,                0.31564,                0.89379,                      1,                      1,                  0.995,                0.81423,                 0.8343,                0.26696,                0.93842,              0.0078715,              0.0078715,              0.0078715
                    217,                0.75233,                0.31577,                0.89251,                0.99949,                      1,                  0.995,                0.81343,                0.83291,                0.26776,                0.93875,              0.0078616,              0.0078616,              0.0078616
                    218,                0.74771,                0.31362,                0.88935,                0.99948,                      1,                  0.995,                0.81512,                0.83468,                0.26549,                0.94041,              0.0078517,              0.0078517,              0.0078517
                    219,                0.76273,                0.31554,                0.88953,                0.99928,                      1,                  0.995,                0.81718,                0.83334,                0.26786,                0.93756,              0.0078418,              0.0078418,              0.0078418
                    220,                0.75823,                0.31414,                0.89081,                0.99933,                      1,                  0.995,                0.81581,                0.83395,                 0.2691,                0.93714,              0.0078319,              0.0078319,              0.0078319
                    221,                0.75463,                0.31279,                 0.8933,                 0.9995,                      1,                  0.995,                0.81462,                0.83473,                0.26714,                0.93845,               0.007822,               0.007822,               0.007822
                    222,                0.75215,                0.31357,                0.89272,                0.99947,                      1,                  0.995,                0.80876,                0.83974,                0.26738,                0.94204,              0.0078121,              0.0078121,              0.0078121
                    223,                 0.7444,                0.30712,                0.89162,                0.99944,                      1,                  0.995,                0.81626,                0.83792,                0.26789,                 0.9423,              0.0078022,              0.0078022,              0.0078022
                    224,                0.75173,                0.31225,                0.88917,                 0.9995,                      1,                  0.995,                 0.8181,                0.83678,                0.26995,                 0.9417,              0.0077923,              0.0077923,              0.0077923
                    225,                0.74514,                0.30873,                0.88846,                0.99949,                      1,                  0.995,                0.81597,                0.84152,                 0.2716,                0.94056,              0.0077824,              0.0077824,              0.0077824
                    226,                0.74643,                 0.3117,                0.89073,                      1,                      1,                  0.995,                0.81764,                0.83906,                0.26345,                0.93907,              0.0077725,              0.0077725,              0.0077725
                    227,                 0.7467,                0.30997,                0.89078,                      1,                      1,                  0.995,                0.81206,                0.84532,                0.26573,                0.94094,              0.0077626,              0.0077626,              0.0077626
                    228,                0.75321,                0.31132,                0.89184,                      1,                      1,                  0.995,                0.80882,                0.84385,                0.26457,                0.93953,              0.0077527,              0.0077527,              0.0077527
                    229,                0.73944,                0.31073,                0.88751,                0.99952,                      1,                  0.995,                0.81402,                0.83938,                0.26736,                0.94067,              0.0077428,              0.0077428,              0.0077428
                    230,                 0.7506,                0.31238,                0.88975,                0.99951,                      1,                  0.995,                0.82179,                0.83872,                0.26832,                0.93952,              0.0077329,              0.0077329,              0.0077329
                    231,                0.75091,                0.31174,                0.89214,                0.99958,                      1,                  0.995,                 0.8133,                0.84027,                0.26653,                0.93945,               0.007723,               0.007723,               0.007723
                    232,                0.74434,                0.30711,                0.88992,                0.99949,                      1,                  0.995,                0.80639,                0.83873,                0.27017,                0.93971,              0.0077131,              0.0077131,              0.0077131
                    233,                0.73912,                0.30474,                0.88451,                0.99947,                      1,                  0.995,                0.80768,                0.83972,                0.27074,                0.94062,              0.0077032,              0.0077032,              0.0077032
                    234,                0.74449,                0.30809,                0.89168,                0.99953,                      1,                  0.995,                0.80844,                0.83583,                  0.265,                0.94059,              0.0076933,              0.0076933,              0.0076933
                    235,                0.74111,                 0.3094,                 0.8873,                0.99953,                      1,                  0.995,                 0.8104,                0.83339,                 0.2646,                0.94085,              0.0076834,              0.0076834,              0.0076834
                    236,                0.74252,                0.30882,                 0.8912,                0.99952,                      1,                  0.995,                0.81505,                0.83492,                0.26711,                0.94097,              0.0076735,              0.0076735,              0.0076735
                    237,                0.74236,                0.31131,                0.88979,                0.99954,                      1,                  0.995,                0.81479,                0.83458,                0.26685,                0.94012,              0.0076636,              0.0076636,              0.0076636
                    238,                 0.7341,                0.30896,                0.88639,                0.99956,                      1,                  0.995,                0.81579,                0.83036,                 0.2644,                0.93907,              0.0076537,              0.0076537,              0.0076537
                    239,                  0.735,                0.30658,                0.88438,                0.99955,                      1,                  0.995,                 0.8175,                0.82733,                0.26184,                0.93712,              0.0076438,              0.0076438,              0.0076438
                    240,                0.73361,                0.30814,                0.88596,                0.99955,                      1,                  0.995,                0.81785,                0.82691,                  0.263,                0.93758,              0.0076339,              0.0076339,              0.0076339
                    241,                0.74297,                0.31003,                0.88757,                0.99952,                      1,                  0.995,                0.81737,                0.82819,                0.26527,                0.93921,               0.007624,               0.007624,               0.007624
                    242,                0.73556,                0.30771,                0.88351,                0.99949,                      1,                  0.995,                0.81972,                0.83228,                0.26637,                0.94021,              0.0076141,              0.0076141,              0.0076141
                    243,                0.73957,                0.30813,                0.88247,                0.99949,                      1,                  0.995,                0.81477,                0.83269,                0.26401,                0.94076,              0.0076042,              0.0076042,              0.0076042
                    244,                0.73454,                0.30703,                 0.8873,                0.99949,                      1,                  0.995,                0.81527,                0.83775,                 0.2653,                0.94383,              0.0075943,              0.0075943,              0.0075943
                    245,                0.73509,                0.30841,                  0.888,                0.99952,                      1,                  0.995,                0.81742,                0.83896,                0.26427,                0.94556,              0.0075844,              0.0075844,              0.0075844
                    246,                0.72865,                0.30298,                0.88705,                0.99952,                      1,                  0.995,                0.82176,                0.83611,                0.26255,                0.94349,              0.0075745,              0.0075745,              0.0075745
                    247,                0.73601,                0.30632,                 0.8841,                0.99953,                      1,                  0.995,                0.82008,                0.83765,                0.26563,                0.94259,              0.0075646,              0.0075646,              0.0075646
                    248,                0.73267,                0.30664,                0.88907,                0.99954,                      1,                  0.995,                0.82085,                0.83673,                0.26832,                 0.9423,              0.0075547,              0.0075547,              0.0075547
                    249,                0.72996,                0.30678,                0.88246,                0.99955,                      1,                  0.995,                0.82118,                 0.8339,                0.26894,                0.93997,              0.0075448,              0.0075448,              0.0075448
                    250,                0.72639,                0.30232,                0.88404,                0.99952,                      1,                  0.995,                0.81588,                0.82741,                0.26701,                0.93775,              0.0075349,              0.0075349,              0.0075349
                    251,                0.73112,                0.30665,                0.88401,                0.99952,                      1,                  0.995,                0.81737,                0.82356,                0.26578,                0.93637,               0.007525,               0.007525,               0.007525
                    252,                0.72177,                0.30382,                0.88175,                0.99953,                      1,                  0.995,                0.82286,                0.82439,                0.26227,                0.93684,              0.0075151,              0.0075151,              0.0075151
                    253,                0.72789,                0.30388,                0.88565,                0.99952,                      1,                  0.995,                0.81712,                0.82696,                0.26291,                0.93881,              0.0075052,              0.0075052,              0.0075052
                    254,                0.71935,                0.30095,                0.88218,                0.99953,                      1,                  0.995,                0.81703,                0.83171,                0.26849,                0.94008,              0.0074953,              0.0074953,              0.0074953
                    255,                0.72589,                0.30412,                0.88679,                0.99953,                      1,                  0.995,                0.81307,                0.83089,                0.26409,                0.93994,              0.0074854,              0.0074854,              0.0074854
                    256,                0.73187,                0.30543,                0.88778,                0.99954,                      1,                  0.995,                0.81467,                0.83085,                0.26473,                 0.9398,              0.0074755,              0.0074755,              0.0074755
                    257,                0.72638,                0.30223,                0.88586,                0.99961,                      1,                  0.995,                0.81581,                0.83439,                0.26269,                0.94161,              0.0074656,              0.0074656,              0.0074656
                    258,                0.72617,                0.30432,                0.88089,                0.99961,                      1,                  0.995,                0.81782,                0.83667,                0.26329,                0.94225,              0.0074557,              0.0074557,              0.0074557
                    259,                0.71804,                0.30204,                0.88381,                0.99958,                      1,                  0.995,                0.81408,                0.83516,                0.26471,                0.94146,              0.0074458,              0.0074458,              0.0074458
                    260,                0.71763,                0.30309,                0.88133,                0.99958,                      1,                  0.995,                0.81348,                0.83398,                0.26505,                0.94132,              0.0074359,              0.0074359,              0.0074359
                    261,                0.71768,                0.30147,                0.87953,                 0.9996,                      1,                  0.995,                0.81476,                0.82929,                0.26231,                0.94083,               0.007426,               0.007426,               0.007426
                    262,                0.72188,                 0.3035,                0.88258,                 0.9996,                      1,                  0.995,                0.81678,                0.82859,                0.26524,                0.94006,              0.0074161,              0.0074161,              0.0074161
                    263,                0.72015,                0.29893,                0.88601,                0.99961,                      1,                  0.995,                0.81584,                0.82715,                0.26283,                0.93997,              0.0074062,              0.0074062,              0.0074062
                    264,                0.71387,                0.29993,                0.88265,                 0.9996,                      1,                  0.995,                0.81718,                0.82631,                0.26358,                0.93918,              0.0073963,              0.0073963,              0.0073963
                    265,                0.72346,                0.30185,                0.88383,                0.99962,                      1,                  0.995,                0.81876,                0.82793,                 0.2652,                0.93998,              0.0073864,              0.0073864,              0.0073864
                    266,                0.71114,                 0.3002,                0.88163,                0.99958,                      1,                  0.995,                0.81731,                 0.8278,                0.26215,                0.93988,              0.0073765,              0.0073765,              0.0073765
                    267,                0.71913,                0.29995,                0.88202,                0.99955,                      1,                  0.995,                0.82078,                0.82752,                0.26396,                0.94085,              0.0073666,              0.0073666,              0.0073666
                    268,                0.71726,                0.29901,                0.88387,                0.99956,                      1,                  0.995,                0.81869,                0.82747,                0.26307,                0.94008,              0.0073567,              0.0073567,              0.0073567
                    269,                0.72121,                 0.3026,                0.88315,                0.99955,                      1,                  0.995,                0.81787,                0.82999,                0.26192,                0.94062,              0.0073468,              0.0073468,              0.0073468
                    270,                0.71919,                0.30144,                 0.8827,                0.99953,                      1,                  0.995,                0.81508,                0.82797,                 0.2629,                0.94045,              0.0073369,              0.0073369,              0.0073369
                    271,                0.71688,                0.29954,                 0.8802,                 0.9995,                      1,                  0.995,                0.81651,                0.82715,                0.26166,                0.94081,               0.007327,               0.007327,               0.007327
                    272,                0.70522,                0.29827,                0.88144,                 0.9995,                      1,                  0.995,                0.81655,                0.82761,                0.26223,                 0.9404,              0.0073171,              0.0073171,              0.0073171
                    273,                0.71504,                0.30117,                0.88077,                 0.9995,                      1,                  0.995,                0.82009,                0.82813,                0.26277,                0.94083,              0.0073072,              0.0073072,              0.0073072
                    274,                 0.7123,                0.30003,                 0.8801,                0.99951,                      1,                  0.995,                0.81629,                0.82718,                0.26209,                0.94019,              0.0072973,              0.0072973,              0.0072973
                    275,                0.71089,                0.29998,                0.88021,                0.99952,                      1,                  0.995,                0.81371,                 0.8273,                0.26213,                0.93912,              0.0072874,              0.0072874,              0.0072874
                    276,                0.70947,                 0.2972,                0.88246,                0.99954,                      1,                  0.995,                0.81724,                0.82663,                0.26284,                0.93852,              0.0072775,              0.0072775,              0.0072775
                    277,                0.71156,                0.29949,                0.87919,                0.99955,                      1,                  0.995,                0.81673,                0.82689,                0.26114,                0.93821,              0.0072676,              0.0072676,              0.0072676
                    278,                0.70301,                0.29971,                0.87714,                0.99954,                      1,                  0.995,                0.82089,                0.82761,                0.26101,                 0.9379,              0.0072577,              0.0072577,              0.0072577
                    279,                0.70267,                0.29638,                0.87626,                0.99953,                      1,                  0.995,                0.81968,                0.82807,                0.26078,                0.93764,              0.0072478,              0.0072478,              0.0072478
                    280,                0.70754,                0.29854,                0.88152,                0.99955,                      1,                  0.995,                0.81773,                0.83049,                0.26124,                0.93783,              0.0072379,              0.0072379,              0.0072379
                    281,                0.71157,                0.29871,                0.88256,                0.99954,                      1,                  0.995,                0.81862,                0.82841,                0.25939,                0.93695,               0.007228,               0.007228,               0.007228
                    282,                0.70521,                0.29703,                 0.8818,                0.99953,                      1,                  0.995,                 0.8174,                0.82925,                0.25961,                0.93743,              0.0072181,              0.0072181,              0.0072181
                    283,                0.71209,                0.29641,                0.88054,                0.99952,                      1,                  0.995,                 0.8146,                0.83029,                 0.2602,                0.93811,              0.0072082,              0.0072082,              0.0072082
                    284,                0.69638,                0.29716,                0.87377,                0.99951,                      1,                  0.995,                0.81479,                0.83155,                0.26139,                0.93866,              0.0071983,              0.0071983,              0.0071983
                    285,                0.69773,                0.29784,                0.87899,                 0.9995,                      1,                  0.995,                0.81531,                0.83317,                0.26156,                0.93899,              0.0071884,              0.0071884,              0.0071884
                    286,                0.70162,                0.29828,                0.87753,                0.99948,                      1,                  0.995,                0.81468,                0.83206,                0.26039,                0.93958,              0.0071785,              0.0071785,              0.0071785
                    287,                0.69401,                0.29556,                0.87569,                0.99947,                      1,                  0.995,                0.81204,                0.83254,                0.25956,                0.93926,              0.0071686,              0.0071686,              0.0071686
                    288,                0.70391,                0.29615,                0.87823,                0.99948,                      1,                  0.995,                0.81217,                0.83138,                0.26112,                 0.9395,              0.0071587,              0.0071587,              0.0071587
                    289,                0.69404,                0.29331,                0.87936,                0.99948,                      1,                  0.995,                0.81543,                0.83007,                0.26281,                0.93874,              0.0071488,              0.0071488,              0.0071488
                    290,                0.69656,                0.29422,                0.87948,                0.99947,                      1,                  0.995,                0.81573,                0.83008,                0.26048,                0.93873,              0.0071389,              0.0071389,              0.0071389
                    291,                0.69258,                 0.2938,                0.87618,                0.99949,                      1,                  0.995,                0.81681,                0.82989,                 0.2606,                0.93856,               0.007129,               0.007129,               0.007129
                    292,                0.70224,                0.29687,                0.87857,                0.99952,                      1,                  0.995,                0.81222,                0.82736,                0.25737,                0.93815,              0.0071191,              0.0071191,              0.0071191
                    293,                0.69538,                0.29401,                0.87566,                0.99953,                      1,                  0.995,                 0.8165,                0.82686,                0.26031,                 0.9389,              0.0071092,              0.0071092,              0.0071092
                    294,                0.68985,                0.29459,                0.87515,                0.99952,                      1,                  0.995,                0.82045,                0.82642,                0.25885,                0.93845,              0.0070993,              0.0070993,              0.0070993
                    295,                0.69378,                0.29362,                0.87832,                0.99955,                      1,                  0.995,                0.81784,                0.82618,                0.26034,                0.93799,              0.0070894,              0.0070894,              0.0070894
                    296,                0.68426,                 0.2895,                0.87443,                0.99956,                      1,                  0.995,                0.81689,                0.82503,                0.25965,                0.93752,              0.0070795,              0.0070795,              0.0070795
                    297,                0.69468,                0.29371,                0.87393,                0.99955,                      1,                  0.995,                0.81437,                 0.8252,                0.25933,                0.93806,              0.0070696,              0.0070696,              0.0070696
                    298,                0.68768,                0.29358,                0.87377,                0.99955,                      1,                  0.995,                0.81232,                0.82449,                0.26103,                 0.9377,              0.0070597,              0.0070597,              0.0070597
                    299,                 0.6862,                0.29149,                0.87585,                0.99954,                      1,                  0.995,                0.81259,                0.82488,                0.26252,                 0.9379,              0.0070498,              0.0070498,              0.0070498
                    300,                0.69029,                0.29352,                0.87098,                0.99954,                      1,                  0.995,                0.81356,                0.82535,                0.26178,                0.93803,              0.0070399,              0.0070399,              0.0070399
                    301,                0.69037,                0.29313,                0.87512,                0.99953,                      1,                  0.995,                0.81037,                0.82469,                0.26077,                0.93806,                0.00703,                0.00703,                0.00703
                    302,                0.68359,                0.29283,                0.87062,                0.99952,                      1,                  0.995,                0.81348,                0.82623,                0.26142,                 0.9386,              0.0070201,              0.0070201,              0.0070201
                    303,                0.67794,                0.28968,                0.86515,                0.99952,                      1,                  0.995,                0.81292,                0.82687,                0.26186,                0.93891,              0.0070102,              0.0070102,              0.0070102
                    304,                0.68364,                0.28964,                0.87398,                0.99949,                      1,                  0.995,                0.81089,                 0.8281,                0.26232,                0.93993,              0.0070003,              0.0070003,              0.0070003
                    305,                0.69039,                  0.293,                0.87341,                 0.9995,                      1,                  0.995,                 0.8111,                0.82792,                0.26306,                0.93947,              0.0069904,              0.0069904,              0.0069904
                    306,                0.67738,                0.28978,                0.87038,                0.99952,                      1,                  0.995,                 0.8115,                0.82652,                0.26233,                0.93889,              0.0069805,              0.0069805,              0.0069805
                    307,                0.68131,                0.28957,                0.87189,                0.99953,                      1,                  0.995,                0.81448,                0.82716,                 0.2635,                0.93904,              0.0069706,              0.0069706,              0.0069706
                    308,                0.68528,                0.29443,                0.87719,                0.99953,                      1,                  0.995,                0.81435,                0.82647,                0.26301,                0.93916,              0.0069607,              0.0069607,              0.0069607
                    309,                0.68272,                0.29356,                0.87336,                0.99952,                      1,                  0.995,                0.81367,                0.82575,                0.26135,                0.93832,              0.0069508,              0.0069508,              0.0069508
                    310,                0.68304,                0.29194,                0.87441,                0.99952,                      1,                  0.995,                0.81064,                0.82599,                0.26179,                0.93826,              0.0069409,              0.0069409,              0.0069409
                    311,                 0.6717,                0.28903,                0.87002,                0.99952,                      1,                  0.995,                0.81392,                0.82598,                0.26224,                0.93843,               0.006931,               0.006931,               0.006931
                    312,                0.68538,                0.29223,                0.87241,                 0.9995,                      1,                  0.995,                0.81566,                0.82659,                0.26268,                0.93823,              0.0069211,              0.0069211,              0.0069211
                    313,                0.67558,                0.28905,                0.87083,                0.99949,                      1,                  0.995,                0.81384,                0.82675,                0.26472,                0.93832,              0.0069112,              0.0069112,              0.0069112
                    314,                0.66648,                0.28893,                0.86862,                0.99949,                      1,                  0.995,                 0.8173,                0.82564,                0.26412,                0.93821,              0.0069013,              0.0069013,              0.0069013
                    315,                0.68081,                0.29138,                0.87345,                 0.9995,                      1,                  0.995,                0.81806,                0.82548,                0.26269,                0.93757,              0.0068914,              0.0068914,              0.0068914
                    316,                0.66751,                0.28517,                0.87248,                0.99951,                      1,                  0.995,                0.81828,                0.82667,                0.26375,                0.93765,              0.0068815,              0.0068815,              0.0068815
                    317,                0.67126,                0.28647,                0.86841,                0.99932,                      1,                  0.995,                 0.8164,                0.82822,                0.26232,                0.93793,              0.0068716,              0.0068716,              0.0068716
                    318,                0.67113,                0.28663,                0.86698,                0.99954,                      1,                  0.995,                0.81772,                0.83049,                0.26411,                 0.9386,              0.0068617,              0.0068617,              0.0068617
                    319,                0.67332,                 0.2884,                0.87255,                      1,                      1,                  0.995,                0.81418,                0.83117,                0.26317,                  0.939,              0.0068518,              0.0068518,              0.0068518
                    320,                0.66627,                0.28728,                0.87188,                      1,                      1,                  0.995,                0.81892,                0.83073,                0.26392,                0.93919,              0.0068419,              0.0068419,              0.0068419
                    321,                0.67077,                  0.284,                0.86891,                      1,                      1,                  0.995,                 0.8179,                0.83416,                0.26395,                0.93976,               0.006832,               0.006832,               0.006832
                    322,                0.67138,                0.28852,                0.87401,                      1,                      1,                  0.995,                 0.8166,                0.83289,                0.26388,                0.93955,              0.0068221,              0.0068221,              0.0068221
                    323,                0.66614,                0.28574,                0.86394,                      1,                      1,                  0.995,                 0.8177,                0.83162,                0.26142,                0.93964,              0.0068122,              0.0068122,              0.0068122
                    324,                0.66528,                0.28544,                0.86745,                      1,                      1,                  0.995,                0.81628,                0.82954,                0.25904,                0.93901,              0.0068023,              0.0068023,              0.0068023
                    325,                0.66486,                0.28573,                0.86915,                      1,                      1,                  0.995,                0.81626,                0.82926,                0.25974,                0.93883,              0.0067924,              0.0067924,              0.0067924
                    326,                0.66799,                0.28691,                0.87165,                0.99978,                      1,                  0.995,                0.81629,                0.82911,                0.25877,                0.93887,              0.0067825,              0.0067825,              0.0067825
                    327,                0.66414,                0.28377,                0.87083,                0.99978,                      1,                  0.995,                0.81432,                0.82866,                0.26137,                0.93883,              0.0067726,              0.0067726,              0.0067726
                    328,                0.65966,                0.28448,                0.86646,                0.99978,                      1,                  0.995,                0.81586,                0.82942,                0.26175,                0.93933,              0.0067627,              0.0067627,              0.0067627
                    329,                0.66181,                0.28422,                0.86905,                0.99978,                      1,                  0.995,                0.81766,                0.82773,                0.26062,                0.93893,              0.0067528,              0.0067528,              0.0067528
                    330,                0.65557,                 0.2857,                0.86485,                0.99978,                      1,                  0.995,                0.81653,                0.82771,                0.26103,                  0.939,              0.0067429,              0.0067429,              0.0067429
                    331,                0.65736,                0.28321,                 0.8652,                0.99978,                      1,                  0.995,                0.81601,                0.82751,                0.25948,                0.93924,               0.006733,               0.006733,               0.006733
                    332,                0.65617,                0.28526,                0.86338,                0.99978,                      1,                  0.995,                0.81642,                0.82698,                0.25775,                0.93922,              0.0067231,              0.0067231,              0.0067231
                    333,                0.66139,                0.28522,                0.87265,                      1,                      1,                  0.995,                0.81728,                0.82853,                0.25988,                 0.9402,              0.0067132,              0.0067132,              0.0067132
                    334,                0.66457,                0.28298,                0.87292,                      1,                      1,                  0.995,                0.81509,                0.82743,                0.25999,                0.94012,              0.0067033,              0.0067033,              0.0067033
                    335,                0.65633,                0.28451,                0.86386,                      1,                      1,                  0.995,                0.81385,                0.82629,                0.25812,                 0.9399,              0.0066934,              0.0066934,              0.0066934
                    336,                0.64472,                0.28156,                0.86248,                      1,                      1,                  0.995,                0.81586,                0.82566,                 0.2584,                0.93971,              0.0066835,              0.0066835,              0.0066835
                    337,                 0.6491,                0.28127,                0.86124,                      1,                      1,                  0.995,                0.81535,                0.82643,                0.25863,                0.93991,              0.0066736,              0.0066736,              0.0066736
                    338,                0.65045,                0.28177,                0.86893,                0.99954,                      1,                  0.995,                0.81396,                0.82692,                0.26002,                0.94025,              0.0066637,              0.0066637,              0.0066637
                    339,                0.64997,                0.28405,                0.86545,                0.99953,                      1,                  0.995,                0.81427,                0.82691,                0.26098,                0.93982,              0.0066538,              0.0066538,              0.0066538
                    340,                0.64544,                0.27902,                0.86411,                      1,                      1,                  0.995,                0.81588,                0.82711,                0.26066,                0.93969,              0.0066439,              0.0066439,              0.0066439
                    341,                0.65007,                0.28073,                0.86512,                      1,                      1,                  0.995,                0.81544,                0.82731,                0.26112,                0.93961,               0.006634,               0.006634,               0.006634
                    342,                0.64793,                0.28078,                0.86622,                      1,                      1,                  0.995,                0.81499,                0.82846,                0.25968,                0.94012,              0.0066241,              0.0066241,              0.0066241
                    343,                0.64389,                 0.2827,                0.86301,                0.99951,                      1,                  0.995,                0.82015,                0.82815,                 0.2582,                0.94004,              0.0066142,              0.0066142,              0.0066142
                    344,                0.64735,                0.28223,                0.86528,                 0.9995,                      1,                  0.995,                0.81684,                0.82894,                0.26051,                0.94027,              0.0066043,              0.0066043,              0.0066043
                    345,                0.63999,                0.28171,                0.86219,                0.99951,                      1,                  0.995,                0.81676,                0.82916,                0.26141,                0.94016,              0.0065944,              0.0065944,              0.0065944
                    346,                0.64615,                  0.282,                0.86114,                0.99952,                      1,                  0.995,                0.81729,                0.82758,                0.25942,                 0.9399,              0.0065845,              0.0065845,              0.0065845
                    347,                0.65158,                0.28317,                0.86683,                0.99953,                      1,                  0.995,                0.81546,                0.82742,                0.25918,                0.93931,              0.0065746,              0.0065746,              0.0065746
                    348,                0.63709,                0.27769,                0.86465,                0.99952,                      1,                  0.995,                0.81601,                0.82689,                0.25876,                0.93907,              0.0065647,              0.0065647,              0.0065647
                    349,                0.63909,                0.27738,                0.86387,                 0.9995,                      1,                  0.995,                0.81561,                0.82548,                0.25913,                0.93871,              0.0065548,              0.0065548,              0.0065548
                    350,                0.63651,                 0.2779,                0.86175,                 0.9995,                      1,                  0.995,                0.81562,                0.82533,                0.25874,                 0.9386,              0.0065449,              0.0065449,              0.0065449
                    351,                0.64399,                0.27906,                0.86335,                0.99949,                      1,                  0.995,                0.81568,                0.82576,                0.25904,                0.93871,               0.006535,               0.006535,               0.006535
                    352,                0.63809,                0.27608,                0.86093,                0.99949,                      1,                  0.995,                0.81558,                0.82688,                 0.2586,                0.93897,              0.0065251,              0.0065251,              0.0065251
